{"credit":"Made with Blockbench","texture_size":[128,128],"textures":{"0":"elitecreatures:christmas_eve_2023/axe_texture","particle":"elitecreatures:christmas_eve_2023/axe_texture"},"elements":[{"from":[7.04807,13,6.04807],"to":[9.04807,20,10.04807],"rotation":{"angle":0,"axis":"y","origin":[8,5.25,8.04807]},"faces":{"north":{"uv":[2.5,8,2.75,8.875],"texture":"#0"},"east":{"uv":[1,2.5,1.5,3.375],"texture":"#0"},"south":{"uv":[2.25,8,2.5,8.875],"texture":"#0"},"west":{"uv":[1.75,5.25,2.25,6.125],"texture":"#0"},"up":{"uv":[10.125,1.75,9.625,1.5],"rotation":90,"texture":"#0"},"down":{"uv":[10.125,2.625,9.625,2.875],"rotation":270,"texture":"#0"}}},{"from":[7.54807,13.9544,-1.72219],"to":[8.54807,15.9544,2.27781],"rotation":{"angle":22.5,"axis":"x","origin":[8,5.25,8.04807]},"faces":{"north":{"uv":[8.125,0.875,8.25,1.125],"texture":"#0"},"east":{"uv":[6.5,9.75,7,10],"texture":"#0"},"south":{"uv":[5.75,8,5.875,8.25],"texture":"#0"},"west":{"uv":[9.75,7.75,10.25,8],"texture":"#0"},"up":{"uv":[11,10.375,10.5,10.25],"rotation":90,"texture":"#0"},"down":{"uv":[11,10.375,10.5,10.5],"rotation":270,"texture":"#0"}}},{"from":[7.54807,13.48513,6.12282],"to":[8.54807,15.48513,10.12282],"rotation":{"angle":-22.5,"axis":"x","origin":[8,5.25,8.04807]},"faces":{"north":{"uv":[7.625,6.875,7.75,7.125],"texture":"#0"},"east":{"uv":[9.75,4.25,10.25,4.5],"texture":"#0"},"south":{"uv":[7.625,4.75,7.75,5],"texture":"#0"},"west":{"uv":[9.75,6.25,10.25,6.5],"texture":"#0"},"up":{"uv":[11,4.125,10.5,4],"rotation":90,"texture":"#0"},"down":{"uv":[11,7.5,10.5,7.625],"rotation":270,"texture":"#0"}}},{"from":[7.04807,13.968,-4.22218],"to":[9.04807,18.968,-1.22218],"rotation":{"angle":22.5,"axis":"x","origin":[8,5.25,8.04807]},"faces":{"north":{"uv":[9.375,1.25,9.625,1.875],"texture":"#0"},"east":{"uv":[8.75,8.875,8.375,9.5],"texture":"#0"},"south":{"uv":[1.25,9.375,1.5,10],"texture":"#0"},"west":{"uv":[8.375,8.875,8.75,9.5],"texture":"#0"},"up":{"uv":[10.625,8,10.25,7.75],"rotation":90,"texture":"#0"},"down":{"uv":[10.625,8,10.25,8.25],"rotation":270,"texture":"#0"}}},{"from":[7.07307,13,0.07307],"to":[9.02307,18,3.02307],"rotation":{"angle":0,"axis":"y","origin":[8,5.25,8.04807]},"faces":{"north":{"uv":[1,9.375,1.25,10],"texture":"#0"},"east":{"uv":[4.625,8.875,4.25,9.5],"texture":"#0"},"south":{"uv":[7.75,9.25,8,9.875],"texture":"#0"},"west":{"uv":[4.25,8.875,4.625,9.5],"texture":"#0"},"up":{"uv":[10.625,4.5,10.25,4.25],"rotation":90,"texture":"#0"},"down":{"uv":[10.625,6.25,10.25,6.5],"rotation":270,"texture":"#0"}}},{"from":[7.04807,10.47153,3.62283],"to":[9.04807,15.47153,6.62283],"rotation":{"angle":-22.5,"axis":"x","origin":[8,5.25,8.04807]},"faces":{"north":{"uv":[2.125,9.375,2.375,10],"texture":"#0"},"east":{"uv":[5,9,4.625,9.625],"texture":"#0"},"south":{"uv":[1.875,9.375,2.125,10],"texture":"#0"},"west":{"uv":[4.625,9,5,9.625],"texture":"#0"},"up":{"uv":[10.625,8.5,10.25,8.25],"rotation":90,"texture":"#0"},"down":{"uv":[10.625,8.5,10.25,8.75],"rotation":270,"texture":"#0"}}},{"from":[8.04807,6,-2.05193],"to":[8.04807,25,4.94807],"rotation":{"angle":0,"axis":"y","origin":[8,5.25,8.04807]},"faces":{"north":{"uv":[0,0,0,2.375],"texture":"#0"},"east":{"uv":[1.5,1.5,2.375,3.875],"texture":"#0"},"south":{"uv":[0,0,0,2.375],"texture":"#0"},"west":{"uv":[2.375,1.5,1.5,3.875],"texture":"#0"},"up":{"uv":[0.875,0,0,0],"rotation":90,"texture":"#0"},"down":{"uv":[0.875,0,0,0],"rotation":270,"texture":"#0"}}},{"from":[7.54807,13.9544,13.81833],"to":[8.54807,15.9544,17.81833],"rotation":{"angle":-22.5,"axis":"x","origin":[8,5.25,8.04807]},"faces":{"north":{"uv":[5.875,8,5.75,8.25],"texture":"#0"},"east":{"uv":[7,9.75,6.5,10],"texture":"#0"},"south":{"uv":[8.25,0.875,8.125,1.125],"texture":"#0"},"west":{"uv":[10.25,7.75,9.75,8],"texture":"#0"},"up":{"uv":[10.5,10.375,11,10.25],"rotation":90,"texture":"#0"},"down":{"uv":[10.5,10.375,11,10.5],"rotation":270,"texture":"#0"}}},{"from":[7.54807,13.48513,5.97332],"to":[8.54807,15.48513,9.97332],"rotation":{"angle":22.5,"axis":"x","origin":[8,5.25,8.04807]},"faces":{"north":{"uv":[7.75,4.75,7.625,5],"texture":"#0"},"east":{"uv":[10.25,4.25,9.75,4.5],"texture":"#0"},"south":{"uv":[7.75,6.875,7.625,7.125],"texture":"#0"},"west":{"uv":[10.25,6.25,9.75,6.5],"texture":"#0"},"up":{"uv":[10.5,4.125,11,4],"rotation":90,"texture":"#0"},"down":{"uv":[10.5,7.5,11,7.625],"rotation":270,"texture":"#0"}}},{"from":[7.04807,13.968,17.31832],"to":[9.04807,18.968,20.31832],"rotation":{"angle":-22.5,"axis":"x","origin":[8,5.25,8.04807]},"faces":{"north":{"uv":[1.5,9.375,1.25,10],"texture":"#0"},"east":{"uv":[8.375,8.875,8.75,9.5],"texture":"#0"},"south":{"uv":[9.625,1.25,9.375,1.875],"texture":"#0"},"west":{"uv":[8.75,8.875,8.375,9.5],"texture":"#0"},"up":{"uv":[10.25,8,10.625,7.75],"rotation":90,"texture":"#0"},"down":{"uv":[10.25,8,10.625,8.25],"rotation":270,"texture":"#0"}}},{"from":[7.07307,13,13.07307],"to":[9.02307,18,16.02307],"rotation":{"angle":0,"axis":"y","origin":[8,5.25,8.04807]},"faces":{"north":{"uv":[8,9.25,7.75,9.875],"texture":"#0"},"east":{"uv":[4.25,8.875,4.625,9.5],"texture":"#0"},"south":{"uv":[1.25,9.375,1,10],"texture":"#0"},"west":{"uv":[4.625,8.875,4.25,9.5],"texture":"#0"},"up":{"uv":[10.25,4.5,10.625,4.25],"rotation":90,"texture":"#0"},"down":{"uv":[10.25,6.25,10.625,6.5],"rotation":270,"texture":"#0"}}},{"from":[7.04807,10.47153,9.47331],"to":[9.04807,15.47153,12.47331],"rotation":{"angle":22.5,"axis":"x","origin":[8,5.25,8.04807]},"faces":{"north":{"uv":[2.125,9.375,1.875,10],"texture":"#0"},"east":{"uv":[4.625,9,5,9.625],"texture":"#0"},"south":{"uv":[2.375,9.375,2.125,10],"texture":"#0"},"west":{"uv":[5,9,4.625,9.625],"texture":"#0"},"up":{"uv":[10.25,8.5,10.625,8.25],"rotation":90,"texture":"#0"},"down":{"uv":[10.25,8.5,10.625,8.75],"rotation":270,"texture":"#0"}}},{"from":[8.04807,6,11.14807],"to":[8.04807,25,18.14807],"rotation":{"angle":0,"axis":"y","origin":[8,5.25,8.04807]},"faces":{"north":{"uv":[0,0,0,2.375],"texture":"#0"},"east":{"uv":[2.375,1.5,1.5,3.875],"texture":"#0"},"south":{"uv":[0,0,0,2.375],"texture":"#0"},"west":{"uv":[1.5,1.5,2.375,3.875],"texture":"#0"},"up":{"uv":[0,0,0.875,0],"rotation":90,"texture":"#0"},"down":{"uv":[0,0,0.875,0],"rotation":270,"texture":"#0"}}},{"from":[1.15893,14.05205,6.54807],"to":[3.15893,18.05205,9.54807],"rotation":{"angle":-22.5,"axis":"z","origin":[8,5.25,8.04807]},"faces":{"north":{"uv":[4.5,9.625,4.75,10.125],"texture":"#0"},"east":{"uv":[9.25,0,9.625,0.5],"texture":"#0"},"south":{"uv":[9.625,3.375,9.875,3.875],"texture":"#0"},"west":{"uv":[3,9.25,3.375,9.75],"texture":"#0"},"up":{"uv":[10.625,10,10.25,9.75],"rotation":90,"texture":"#0"},"down":{"uv":[10.625,10,10.25,10.25],"rotation":270,"texture":"#0"}}},{"from":[0.39356,15.89981,7.04807],"to":[2.39356,19.89981,9.04807],"rotation":{"angle":-22.5,"axis":"z","origin":[8,5.25,8.04807]},"faces":{"north":{"uv":[7.25,9.625,7.5,10.125],"texture":"#0"},"east":{"uv":[4.75,9.625,5,10.125],"texture":"#0"},"south":{"uv":[5.75,9.625,6,10.125],"texture":"#0"},"west":{"uv":[6,9.625,6.25,10.125],"texture":"#0"},"up":{"uv":[8.5,10.75,8.25,10.5],"rotation":90,"texture":"#0"},"down":{"uv":[8.75,10.5,8.5,10.75],"rotation":270,"texture":"#0"}}},{"from":[13.61837,15.92862,7.04807],"to":[15.61837,19.92862,9.04807],"rotation":{"angle":22.5,"axis":"z","origin":[8,5.25,8.04807]},"faces":{"north":{"uv":[7.5,9.625,7.25,10.125],"texture":"#0"},"east":{"uv":[6.25,9.625,6,10.125],"texture":"#0"},"south":{"uv":[6,9.625,5.75,10.125],"texture":"#0"},"west":{"uv":[5,9.625,4.75,10.125],"texture":"#0"},"up":{"uv":[8.5,10.5,8.25,10.75],"rotation":90,"texture":"#0"},"down":{"uv":[8.75,10.75,8.5,10.5],"rotation":270,"texture":"#0"}}},{"from":[12.85301,14.08086,6.54807],"to":[14.85301,18.08086,9.54807],"rotation":{"angle":22.5,"axis":"z","origin":[8,5.25,8.04807]},"faces":{"north":{"uv":[4.75,9.625,4.5,10.125],"texture":"#0"},"east":{"uv":[3.375,9.25,3,9.75],"texture":"#0"},"south":{"uv":[9.875,3.375,9.625,3.875],"texture":"#0"},"west":{"uv":[9.625,0,9.25,0.5],"texture":"#0"},"up":{"uv":[10.625,9.75,10.25,10],"rotation":90,"texture":"#0"},"down":{"uv":[10.625,10.25,10.25,10],"rotation":270,"texture":"#0"}}},{"from":[7.29807,18.11186,-0.19427],"to":[8.79807,22.11186,1.80573],"rotation":{"angle":22.5,"axis":"x","origin":[8,5.25,8.04807]},"faces":{"north":{"uv":[10.25,10.25,10.4375,10.75],"texture":"#0"},"east":{"uv":[7.5,9.625,7.75,10.125],"texture":"#0"},"south":{"uv":[6.25,10.25,6.4375,10.75],"texture":"#0"},"west":{"uv":[9.625,8.875,9.875,9.375],"texture":"#0"},"up":{"uv":[10.875,8.3125,10.625,8.125],"rotation":90,"texture":"#0"},"down":{"uv":[10.875,8.375,10.625,8.5625],"rotation":270,"texture":"#0"}}},{"from":[7.29807,18.11186,14.29041],"to":[8.79807,22.11186,16.29041],"rotation":{"angle":-22.5,"axis":"x","origin":[8,5.25,8.04807]},"faces":{"north":{"uv":[10.375,1.5,10.5625,2],"texture":"#0"},"east":{"uv":[5,9.75,5.25,10.25],"texture":"#0"},"south":{"uv":[1.5,10.375,1.6875,10.875],"texture":"#0"},"west":{"uv":[6.25,9.75,6.5,10.25],"texture":"#0"},"up":{"uv":[9.125,10.8125,8.875,10.625],"rotation":90,"texture":"#0"},"down":{"uv":[9.375,10.625,9.125,10.8125],"rotation":270,"texture":"#0"}}},{"from":[8.04807,23,6.04807],"to":[8.04807,28,10.04807],"rotation":{"angle":0,"axis":"y","origin":[8,5.25,8.04807]},"faces":{"north":{"uv":[0,0,0,0.5],"texture":"#0"},"east":{"uv":[15.5,0,15,0.6875],"texture":"#0"},"south":{"uv":[0,0,0,0.5],"texture":"#0"},"west":{"uv":[15,0,15.5,0.6875],"texture":"#0"},"up":{"uv":[0,0.5,0,0],"rotation":180,"texture":"#0"},"down":{"uv":[0,0,0,0.5],"rotation":180,"texture":"#0"}}},{"from":[7.04807,-7,7.04807],"to":[9.04807,9,9.04807],"rotation":{"angle":0,"axis":"y","origin":[8,5.25,8.04807]},"faces":{"north":{"uv":[5.875,4.5,6.125,6.5],"texture":"#0"},"east":{"uv":[4.875,5.375,5.125,7.375],"texture":"#0"},"south":{"uv":[0.75,5.5,1,7.5],"texture":"#0"},"west":{"uv":[3,5.5,3.25,7.5],"texture":"#0"},"up":{"uv":[10.75,1.5,10.5,1.25],"rotation":90,"texture":"#0"},"down":{"uv":[10.75,2.25,10.5,2.5],"rotation":270,"texture":"#0"}}},{"from":[6.04807,9,6.04807],"to":[10.04807,13,10.04807],"rotation":{"angle":0,"axis":"y","origin":[8,5.25,8.04807]},"faces":{"north":{"uv":[8.875,5,9.375,5.5],"texture":"#0"},"east":{"uv":[1,8.875,1.5,9.375],"texture":"#0"},"south":{"uv":[3.75,8.875,4.25,9.375],"texture":"#0"},"west":{"uv":[8.875,4.5,9.375,5],"texture":"#0"},"up":{"uv":[9.375,6,8.875,5.5],"rotation":90,"texture":"#0"},"down":{"uv":[6.75,8.875,6.25,9.375],"rotation":270,"texture":"#0"}}},{"from":[6.54807,7,6.54807],"to":[9.54807,8,9.54807],"rotation":{"angle":0,"axis":"y","origin":[8,5.25,8.04807]},"faces":{"north":{"uv":[9.75,10.625,10.125,10.75],"texture":"#0"},"east":{"uv":[10.625,9.375,11,9.5],"texture":"#0"},"south":{"uv":[10.625,9.5,11,9.625],"texture":"#0"},"west":{"uv":[10.625,9.625,11,9.75],"texture":"#0"},"up":{"uv":[8.75,9.875,8.375,9.5],"rotation":90,"texture":"#0"},"down":{"uv":[9.875,9.375,9.5,9.75],"rotation":270,"texture":"#0"}}},{"from":[6.54807,-8,6.54807],"to":[9.54807,-7,9.54807],"rotation":{"angle":0,"axis":"y","origin":[8,5.25,8.04807]},"faces":{"north":{"uv":[9.75,10.625,10.125,10.75],"texture":"#0"},"east":{"uv":[10.625,9.375,11,9.5],"texture":"#0"},"south":{"uv":[10.625,9.5,11,9.625],"texture":"#0"},"west":{"uv":[10.625,9.625,11,9.75],"texture":"#0"},"up":{"uv":[8.75,9.875,8.375,9.5],"rotation":90,"texture":"#0"},"down":{"uv":[9.875,9.375,9.5,9.75],"rotation":270,"texture":"#0"}}},{"from":[6.54807,-12,6.54807],"to":[9.54807,-10,9.54807],"rotation":{"angle":0,"axis":"y","origin":[8,5.25,8.04807]},"faces":{"north":{"uv":[10,6,10.375,6.25],"texture":"#0"},"east":{"uv":[8.375,3.75,8.75,4],"texture":"#0"},"south":{"uv":[10,5.5,10.375,5.75],"texture":"#0"},"west":{"uv":[10,5.75,10.375,6],"texture":"#0"},"up":{"uv":[4.125,9.75,3.75,9.375],"rotation":90,"texture":"#0"},"down":{"uv":[5.375,9.375,5,9.75],"rotation":270,"texture":"#0"}}},{"from":[6.04807,-6.82627,-4.0282],"to":[10.04807,-2.82627,-0.0282],"rotation":{"angle":-45,"axis":"x","origin":[8,5.25,8.04807]},"faces":{"north":{"uv":[8.375,5,8.875,5.5],"texture":"#0"},"east":{"uv":[4.375,3,4.875,3.5],"texture":"#0"},"south":{"uv":[4.125,8.375,4.625,8.875],"texture":"#0"},"west":{"uv":[8.375,4.5,8.875,5],"texture":"#0"},"up":{"uv":[8.875,6,8.375,5.5],"rotation":90,"texture":"#0"},"down":{"uv":[8.875,6.75,8.375,7.25],"rotation":270,"texture":"#0"}}},{"from":[6.79441,-13.5,6.81647],"to":[9.29441,-12,9.31647],"rotation":{"angle":22.5,"axis":"y","origin":[8,5.25,8.04807]},"faces":{"north":{"uv":[5.625,10.625,5.9375,10.8125],"texture":"#0"},"east":{"uv":[4.5,10.625,4.8125,10.8125],"texture":"#0"},"south":{"uv":[4.875,10.625,5.1875,10.8125],"texture":"#0"},"west":{"uv":[5.25,10.625,5.5625,10.8125],"texture":"#0"},"up":{"uv":[10.3125,5.0625,10,4.75],"rotation":90,"texture":"#0"},"down":{"uv":[10.3125,5.125,10,5.4375],"rotation":270,"texture":"#0"}}},{"from":[7.03399,-14.5,7.08206],"to":[9.03399,-13.5,9.08206],"rotation":{"angle":45,"axis":"y","origin":[8,5.25,8.04807]},"faces":{"north":{"uv":[7.375,4,7.625,4.125],"texture":"#0"},"east":{"uv":[1.5,6.25,1.75,6.375],"texture":"#0"},"south":{"uv":[6.625,7,6.875,7.125],"texture":"#0"},"west":{"uv":[7.125,2.875,7.375,3],"texture":"#0"},"up":{"uv":[3.25,7.75,3,7.5],"rotation":90,"texture":"#0"},"down":{"uv":[8.375,4.5,8.125,4.75],"rotation":270,"texture":"#0"}}},{"from":[7.54441,-15.5,7.52967],"to":[8.54441,-14.5,8.52967],"rotation":{"angle":-22.5,"axis":"y","origin":[8,5.25,8.04807]},"faces":{"north":{"uv":[3.25,8.625,3.375,8.75],"texture":"#0"},"east":{"uv":[7.5,0.375,7.625,0.5],"texture":"#0"},"south":{"uv":[0.625,8.25,0.75,8.375],"texture":"#0"},"west":{"uv":[8.25,6.75,8.375,6.875],"texture":"#0"},"up":{"uv":[0.625,8.875,0.5,8.75],"rotation":90,"texture":"#0"},"down":{"uv":[6.375,8.75,6.25,8.875],"rotation":270,"texture":"#0"}}},{"from":[8.04807,-14.91528,11.50131],"to":[8.04807,-9.91528,15.50131],"rotation":{"angle":22.5,"axis":"x","origin":[8,5.25,8.04807]},"faces":{"north":{"uv":[0.625,0,0,0],"rotation":270,"texture":"#0"},"east":{"uv":[7.625,1.125,8.25,1.625],"rotation":90,"texture":"#0"},"south":{"uv":[0.625,0,0,0],"rotation":270,"texture":"#0"},"west":{"uv":[8.25,1.125,7.625,1.625],"rotation":270,"texture":"#0"},"up":{"uv":[0,0,0,0.5],"texture":"#0"},"down":{"uv":[0,0,0,0.5],"rotation":180,"texture":"#0"}}},{"from":[8.04807,-14.91528,0.59483],"to":[8.04807,-9.91528,4.59483],"rotation":{"angle":-22.5,"axis":"x","origin":[8,5.25,8.04807]},"faces":{"north":{"uv":[0,0,0.625,0],"rotation":90,"texture":"#0"},"east":{"uv":[8.25,1.125,7.625,1.625],"rotation":270,"texture":"#0"},"south":{"uv":[0,0,0.625,0],"rotation":90,"texture":"#0"},"west":{"uv":[7.625,1.125,8.25,1.625],"rotation":90,"texture":"#0"},"up":{"uv":[0,0,0,0.5],"rotation":180,"texture":"#0"},"down":{"uv":[0,0,0,0.5],"texture":"#0"}}}],"gui_light":"front","display":{"thirdperson_righthand":{"translation":[0,5,0.5],"scale":[0.6,0.6,0.6]},"thirdperson_lefthand":{"translation":[0,5,0.5],"scale":[0.6,0.6,0.6]},"firstperson_righthand":{"rotation":[-12,15,3],"translation":[1.5,3.75,-1.75],"scale":[0.5,0.5,0.5]},"firstperson_lefthand":{"rotation":[-12,15,3],"translation":[1.5,3.75,-1.75],"scale":[0.5,0.5,0.5]},"ground":{"rotation":[0,0,90],"translation":[-3,0.25,0],"scale":[0.5,0.5,0.5]},"gui":{"rotation":[90,135,-90],"translation":[-0.5,0.25,-1.25],"scale":[0.41656,0.41656,0.41656]},"head":{"rotation":[90,-168,90],"translation":[-0.5,10.5,0],"scale":[0.56,0.56,0.56]},"fixed":{"rotation":[0,90,0],"translation":[0,3,-2.25],"scale":[1.07898,1.07898,1.07898]}}}