{
	"credit": "Made with Blockbench",
	"texture_size": [128, 128],
	"textures": {
		"0": "elitecreatures:christmas_eve_2023/crossbow_texture",
		"particle": "elitecreatures:christmas_eve_2023/crossbow_texture"
	},
	"elements": [
		{
			"from": [6, 3, -3],
			"to": [10, 7, -2],
			"rotation": {"angle": 0, "axis": "y", "origin": [0, 13, 13]},
			"faces": {
				"north": {"uv": [8.375, 8.25, 8.875, 7.75], "texture": "#0"},
				"east": {"uv": [5.125, 8, 5.625, 7.875], "rotation": 270, "texture": "#0"},
				"south": {"uv": [8.25, 8.375, 8.75, 8.875], "rotation": 180, "texture": "#0"},
				"west": {"uv": [10.5, 3.5, 11, 3.375], "rotation": 90, "texture": "#0"},
				"up": {"uv": [1, 7.375, 1.5, 7.25], "rotation": 180, "texture": "#0"},
				"down": {"uv": [10.375, 7.75, 10.875, 7.625], "texture": "#0"}
			}
		},
		{
			"from": [14.41421, 4.025, 2.26764],
			"to": [18.41421, 5.975, 4.21764],
			"rotation": {"angle": 0, "axis": "y", "origin": [13, 5, 0]},
			"faces": {
				"north": {"uv": [10, 4.5, 10.5, 4.75], "rotation": 180, "texture": "#0"},
				"east": {"uv": [10.875, 4.125, 10.625, 4.375], "rotation": 270, "texture": "#0"},
				"south": {"uv": [10, 2.5, 10.5, 2.25], "texture": "#0"},
				"west": {"uv": [10.875, 3.75, 10.625, 4], "rotation": 90, "texture": "#0"},
				"up": {"uv": [1.375, 10, 0.875, 10.25], "rotation": 180, "texture": "#0"},
				"down": {"uv": [2.25, 10, 1.75, 10.25], "texture": "#0"}
			}
		},
		{
			"from": [11, 4, 0],
			"to": [13, 6, 4],
			"rotation": {"angle": 45, "axis": "y", "origin": [13, 5, 0]},
			"faces": {
				"north": {"uv": [10.875, 3.5, 10.625, 3.75], "rotation": 90, "texture": "#0"},
				"east": {"uv": [10, 0.75, 10.5, 1], "rotation": 180, "texture": "#0"},
				"south": {"uv": [4, 10.625, 3.75, 10.875], "rotation": 270, "texture": "#0"},
				"west": {"uv": [10, 0.75, 10.5, 0.5], "texture": "#0"},
				"up": {"uv": [10.375, 9.25, 9.875, 9.5], "rotation": 270, "texture": "#0"},
				"down": {"uv": [10.375, 9.5, 9.875, 9.75], "rotation": 270, "texture": "#0"}
			}
		},
		{
			"from": [9, 4, 5],
			"to": [13, 6, 7],
			"rotation": {"angle": 0, "axis": "y", "origin": [9, 5, 5]},
			"faces": {
				"north": {"uv": [10, 0.75, 10.5, 1], "rotation": 180, "texture": "#0"},
				"east": {"uv": [4, 10.625, 3.75, 10.875], "rotation": 270, "texture": "#0"},
				"south": {"uv": [10, 0.75, 10.5, 0.5], "texture": "#0"},
				"west": {"uv": [10.875, 3.5, 10.625, 3.75], "rotation": 90, "texture": "#0"},
				"up": {"uv": [10.375, 9.25, 9.875, 9.5], "rotation": 180, "texture": "#0"},
				"down": {"uv": [10.375, 9.5, 9.875, 9.75], "texture": "#0"}
			}
		},
		{
			"from": [11.21764, 3.975, -0.41421],
			"to": [13.26764, 6.025, 3.58579],
			"rotation": {"angle": -45, "axis": "y", "origin": [9, 5, 5]},
			"faces": {
				"north": {"uv": [10.875, 4.125, 10.625, 4.375], "rotation": 270, "texture": "#0"},
				"east": {"uv": [10, 2.5, 10.5, 2.25], "texture": "#0"},
				"south": {"uv": [10.875, 3.75, 10.625, 4], "rotation": 90, "texture": "#0"},
				"west": {"uv": [10, 4.5, 10.5, 4.75], "rotation": 180, "texture": "#0"},
				"up": {"uv": [1.375, 10, 0.875, 10.25], "rotation": 90, "texture": "#0"},
				"down": {"uv": [2.25, 10, 1.75, 10.25], "rotation": 90, "texture": "#0"}
			}
		},
		{
			"from": [21.30677, 4.25, 9.05102],
			"to": [22.80677, 5.75, 13.05102],
			"rotation": {"angle": 0, "axis": "y", "origin": [13, 5, 0]},
			"faces": {
				"north": {"uv": [10.75, 0.5, 10.9375, 0.6875], "rotation": 180, "texture": "#0"},
				"east": {"uv": [7.4375, 10.125, 7.25, 10.625], "rotation": 270, "texture": "#0"},
				"south": {"uv": [10.75, 0.4375, 10.9375, 0.25], "texture": "#0"},
				"west": {"uv": [6.1875, 10.125, 6, 10.625], "rotation": 90, "texture": "#0"},
				"up": {"uv": [5.9375, 10.125, 5.75, 10.625], "rotation": 180, "texture": "#0"},
				"down": {"uv": [10.3125, 6.75, 10.125, 7.25], "texture": "#0"}
			}
		},
		{
			"from": [17.0966, 4.25, 8.11494],
			"to": [18.5966, 5.75, 12.11494],
			"rotation": {"angle": 22.5, "axis": "y", "origin": [13, 5, 0]},
			"faces": {
				"north": {"uv": [10.75, 0, 10.9375, 0.1875], "rotation": 180, "texture": "#0"},
				"east": {"uv": [5.6875, 10.125, 5.5, 10.625], "rotation": 270, "texture": "#0"},
				"south": {"uv": [10.625, 10.6875, 10.8125, 10.5], "texture": "#0"},
				"west": {"uv": [4.9375, 10.125, 4.75, 10.625], "rotation": 90, "texture": "#0"},
				"up": {"uv": [4.6875, 10.125, 4.5, 10.625], "rotation": 180, "texture": "#0"},
				"down": {"uv": [5.4375, 10.125, 5.25, 10.625], "texture": "#0"}
			}
		},
		{
			"from": [21.85006, 4.25, 6.74132],
			"to": [25.35006, 5.75, 8.24132],
			"rotation": {"angle": 0, "axis": "y", "origin": [13, 5, 0]},
			"faces": {
				"north": {"uv": [10.375, 5.5, 10.8125, 5.6875], "rotation": 180, "texture": "#0"},
				"east": {"uv": [10.9375, 1, 10.75, 1.1875], "rotation": 270, "texture": "#0"},
				"south": {"uv": [10.375, 5.4375, 10.8125, 5.25], "texture": "#0"},
				"west": {"uv": [10.9375, 0.75, 10.75, 0.9375], "rotation": 90, "texture": "#0"},
				"up": {"uv": [10.8125, 4.75, 10.375, 4.9375], "rotation": 180, "texture": "#0"},
				"down": {"uv": [10.8125, 5, 10.375, 5.1875], "texture": "#0"}
			}
		},
		{
			"from": [13.56513, 4.25, 5.63895],
			"to": [15.06513, 5.75, 9.63895],
			"rotation": {"angle": 45, "axis": "y", "origin": [13, 5, 0]},
			"faces": {
				"north": {"uv": [10.8125, 9.75, 10.625, 9.9375], "rotation": 90, "texture": "#0"},
				"east": {"uv": [10.125, 3.125, 10.625, 3.3125], "rotation": 180, "texture": "#0"},
				"south": {"uv": [10.8125, 10, 10.625, 10.1875], "rotation": 270, "texture": "#0"},
				"west": {"uv": [10.125, 3.0625, 10.625, 2.875], "texture": "#0"},
				"up": {"uv": [2.75, 10.125, 2.25, 10.3125], "rotation": 270, "texture": "#0"},
				"down": {"uv": [10.625, 2.625, 10.125, 2.8125], "rotation": 270, "texture": "#0"}
			}
		},
		{
			"from": [-2.41421, 4.025, 2.26764],
			"to": [1.58579, 5.975, 4.21764],
			"rotation": {"angle": 0, "axis": "y", "origin": [3, 5, 0]},
			"faces": {
				"north": {"uv": [10.5, 4.5, 10, 4.75], "rotation": 180, "texture": "#0"},
				"east": {"uv": [10.875, 4, 10.625, 3.75], "rotation": 90, "texture": "#0"},
				"south": {"uv": [10.5, 2.5, 10, 2.25], "texture": "#0"},
				"west": {"uv": [10.875, 4.375, 10.625, 4.125], "rotation": 270, "texture": "#0"},
				"up": {"uv": [0.875, 10, 1.375, 10.25], "rotation": 180, "texture": "#0"},
				"down": {"uv": [1.75, 10, 2.25, 10.25], "texture": "#0"}
			}
		},
		{
			"from": [3, 4, 0],
			"to": [5, 6, 4],
			"rotation": {"angle": -45, "axis": "y", "origin": [3, 5, 0]},
			"faces": {
				"north": {"uv": [10.875, 3.75, 10.625, 3.5], "rotation": 90, "texture": "#0"},
				"east": {"uv": [10.5, 0.75, 10, 0.5], "texture": "#0"},
				"south": {"uv": [4, 10.875, 3.75, 10.625], "rotation": 270, "texture": "#0"},
				"west": {"uv": [10.5, 0.75, 10, 1], "rotation": 180, "texture": "#0"},
				"up": {"uv": [10.375, 9.5, 9.875, 9.25], "rotation": 270, "texture": "#0"},
				"down": {"uv": [10.375, 9.75, 9.875, 9.5], "rotation": 270, "texture": "#0"}
			}
		},
		{
			"from": [3, 4, 5],
			"to": [7, 6, 7],
			"rotation": {"angle": 0, "axis": "y", "origin": [7, 5, 5]},
			"faces": {
				"north": {"uv": [10.5, 0.75, 10, 1], "rotation": 180, "texture": "#0"},
				"east": {"uv": [10.875, 3.75, 10.625, 3.5], "rotation": 90, "texture": "#0"},
				"south": {"uv": [10.5, 0.75, 10, 0.5], "texture": "#0"},
				"west": {"uv": [4, 10.875, 3.75, 10.625], "rotation": 270, "texture": "#0"},
				"up": {"uv": [9.875, 9.25, 10.375, 9.5], "rotation": 180, "texture": "#0"},
				"down": {"uv": [9.875, 9.5, 10.375, 9.75], "texture": "#0"}
			}
		},
		{
			"from": [2.73236, 3.975, -0.41421],
			"to": [4.78236, 6.025, 3.58579],
			"rotation": {"angle": 45, "axis": "y", "origin": [7, 5, 5]},
			"faces": {
				"north": {"uv": [10.875, 4.375, 10.625, 4.125], "rotation": 270, "texture": "#0"},
				"east": {"uv": [10.5, 4.5, 10, 4.75], "rotation": 180, "texture": "#0"},
				"south": {"uv": [10.875, 4, 10.625, 3.75], "rotation": 90, "texture": "#0"},
				"west": {"uv": [10.5, 2.5, 10, 2.25], "texture": "#0"},
				"up": {"uv": [1.375, 10.25, 0.875, 10], "rotation": 90, "texture": "#0"},
				"down": {"uv": [2.25, 10.25, 1.75, 10], "rotation": 90, "texture": "#0"}
			}
		},
		{
			"from": [-6.80677, 4.25, 9.05102],
			"to": [-5.30677, 5.75, 13.05102],
			"rotation": {"angle": 0, "axis": "y", "origin": [3, 5, 0]},
			"faces": {
				"north": {"uv": [10.9375, 0.5, 10.75, 0.6875], "rotation": 180, "texture": "#0"},
				"east": {"uv": [6.1875, 10.625, 6, 10.125], "rotation": 90, "texture": "#0"},
				"south": {"uv": [10.9375, 0.4375, 10.75, 0.25], "texture": "#0"},
				"west": {"uv": [7.4375, 10.625, 7.25, 10.125], "rotation": 270, "texture": "#0"},
				"up": {"uv": [5.75, 10.125, 5.9375, 10.625], "rotation": 180, "texture": "#0"},
				"down": {"uv": [10.125, 6.75, 10.3125, 7.25], "texture": "#0"}
			}
		},
		{
			"from": [-2.5966, 4.25, 8.11494],
			"to": [-1.0966, 5.75, 12.11494],
			"rotation": {"angle": -22.5, "axis": "y", "origin": [3, 5, 0]},
			"faces": {
				"north": {"uv": [10.9375, 0, 10.75, 0.1875], "rotation": 180, "texture": "#0"},
				"east": {"uv": [4.9375, 10.625, 4.75, 10.125], "rotation": 90, "texture": "#0"},
				"south": {"uv": [10.8125, 10.6875, 10.625, 10.5], "texture": "#0"},
				"west": {"uv": [5.6875, 10.625, 5.5, 10.125], "rotation": 270, "texture": "#0"},
				"up": {"uv": [4.5, 10.125, 4.6875, 10.625], "rotation": 180, "texture": "#0"},
				"down": {"uv": [5.25, 10.125, 5.4375, 10.625], "texture": "#0"}
			}
		},
		{
			"from": [-9.35006, 4.25, 6.74132],
			"to": [-5.85006, 5.75, 8.24132],
			"rotation": {"angle": 0, "axis": "y", "origin": [3, 5, 0]},
			"faces": {
				"north": {"uv": [10.8125, 5.5, 10.375, 5.6875], "rotation": 180, "texture": "#0"},
				"east": {"uv": [10.9375, 0.9375, 10.75, 0.75], "rotation": 90, "texture": "#0"},
				"south": {"uv": [10.8125, 5.4375, 10.375, 5.25], "texture": "#0"},
				"west": {"uv": [10.9375, 1.1875, 10.75, 1], "rotation": 270, "texture": "#0"},
				"up": {"uv": [10.375, 4.75, 10.8125, 4.9375], "rotation": 180, "texture": "#0"},
				"down": {"uv": [10.375, 5, 10.8125, 5.1875], "texture": "#0"}
			}
		},
		{
			"from": [0.93487, 4.25, 5.63895],
			"to": [2.43487, 5.75, 9.63895],
			"rotation": {"angle": -45, "axis": "y", "origin": [3, 5, 0]},
			"faces": {
				"north": {"uv": [10.8125, 9.9375, 10.625, 9.75], "rotation": 90, "texture": "#0"},
				"east": {"uv": [10.625, 3.0625, 10.125, 2.875], "texture": "#0"},
				"south": {"uv": [10.8125, 10.1875, 10.625, 10], "rotation": 270, "texture": "#0"},
				"west": {"uv": [10.625, 3.125, 10.125, 3.3125], "rotation": 180, "texture": "#0"},
				"up": {"uv": [2.75, 10.3125, 2.25, 10.125], "rotation": 270, "texture": "#0"},
				"down": {"uv": [10.625, 2.8125, 10.125, 2.625], "rotation": 270, "texture": "#0"}
			}
		},
		{
			"from": [4, 3, -2],
			"to": [12, 7, 2],
			"rotation": {"angle": 0, "axis": "y", "origin": [0, 13, 13]},
			"faces": {
				"north": {"uv": [6.125, 3, 7.125, 2.5], "texture": "#0"},
				"east": {"uv": [8.375, 7.75, 8.875, 7.25], "rotation": 270, "texture": "#0"},
				"south": {"uv": [3.25, 6.125, 4.25, 6.625], "rotation": 180, "texture": "#0"},
				"west": {"uv": [7.75, 8.875, 8.25, 8.375], "rotation": 90, "texture": "#0"},
				"up": {"uv": [5.875, 2, 6.875, 1.5], "rotation": 180, "texture": "#0"},
				"down": {"uv": [6.125, 2.5, 7.125, 2], "texture": "#0"}
			}
		},
		{
			"from": [-1, 3.5, -2],
			"to": [4, 6.5, 1.5],
			"rotation": {"angle": 22.5, "axis": "y", "origin": [4, 5, -2]},
			"faces": {
				"north": {"uv": [8.875, 7.125, 9.5, 6.75], "texture": "#0"},
				"east": {"uv": [8.75, 9.6875, 9.125, 9.25], "rotation": 270, "texture": "#0"},
				"south": {"uv": [8.875, 7.125, 9.5, 7.5], "rotation": 180, "texture": "#0"},
				"west": {"uv": [9.25, 9.3125, 9.625, 8.875], "rotation": 90, "texture": "#0"},
				"up": {"uv": [0.625, 8.8125, 1.25, 8.375], "rotation": 180, "texture": "#0"},
				"down": {"uv": [1.25, 8.8125, 1.875, 8.375], "texture": "#0"}
			}
		},
		{
			"from": [-5.6194, 4, -3.91342],
			"to": [-0.6194, 6, -0.91342],
			"rotation": {"angle": 45, "axis": "y", "origin": [4, 5, -2]},
			"faces": {
				"north": {"uv": [9.25, 4.25, 9.875, 4], "texture": "#0"},
				"east": {"uv": [10.125, 1.875, 10.375, 1.5], "rotation": 270, "texture": "#0"},
				"south": {"uv": [0.375, 9.375, 1, 9.625], "rotation": 180, "texture": "#0"},
				"west": {"uv": [10.125, 2.25, 10.375, 1.875], "rotation": 90, "texture": "#0"},
				"up": {"uv": [7.375, 9.25, 8, 8.875], "rotation": 180, "texture": "#0"},
				"down": {"uv": [8.875, 7.875, 9.5, 7.5], "texture": "#0"}
			}
		},
		{
			"from": [12, 3.5, -2],
			"to": [17, 6.5, 1.5],
			"rotation": {"angle": -22.5, "axis": "y", "origin": [12, 5, -2]},
			"faces": {
				"north": {"uv": [9.5, 7.125, 8.875, 6.75], "texture": "#0"},
				"east": {"uv": [9.625, 9.3125, 9.25, 8.875], "rotation": 270, "texture": "#0"},
				"south": {"uv": [9.5, 7.125, 8.875, 7.5], "rotation": 180, "texture": "#0"},
				"west": {"uv": [9.125, 9.6875, 8.75, 9.25], "rotation": 90, "texture": "#0"},
				"up": {"uv": [1.25, 8.8125, 0.625, 8.375], "rotation": 180, "texture": "#0"},
				"down": {"uv": [1.875, 8.8125, 1.25, 8.375], "texture": "#0"}
			}
		},
		{
			"from": [16.6194, 4, -3.91342],
			"to": [21.6194, 6, -0.91342],
			"rotation": {"angle": -45, "axis": "y", "origin": [12, 5, -2]},
			"faces": {
				"north": {"uv": [9.875, 4.25, 9.25, 4], "texture": "#0"},
				"east": {"uv": [10.375, 2.25, 10.125, 1.875], "rotation": 270, "texture": "#0"},
				"south": {"uv": [1, 9.375, 0.375, 9.625], "rotation": 180, "texture": "#0"},
				"west": {"uv": [10.375, 1.875, 10.125, 1.5], "rotation": 90, "texture": "#0"},
				"up": {"uv": [8, 9.25, 7.375, 8.875], "rotation": 180, "texture": "#0"},
				"down": {"uv": [9.5, 7.875, 8.875, 7.5], "texture": "#0"}
			}
		},
		{
			"from": [7, 4, 6],
			"to": [9, 6, 15],
			"rotation": {"angle": 0, "axis": "y", "origin": [21, 13, 25]},
			"faces": {
				"north": {"uv": [10.5, 1.5, 10.75, 1.25], "texture": "#0"},
				"east": {"uv": [0.75, 6.625, 1, 5.5], "rotation": 270, "texture": "#0"},
				"south": {"uv": [10.5, 2.25, 10.75, 2.5], "rotation": 180, "texture": "#0"},
				"west": {"uv": [5.875, 5.625, 6.125, 4.5], "rotation": 90, "texture": "#0"},
				"up": {"uv": [4.875, 6.5, 5.125, 5.375], "rotation": 180, "texture": "#0"},
				"down": {"uv": [3, 6.625, 3.25, 5.5], "texture": "#0"}
			}
		},
		{
			"from": [6, 3, 2],
			"to": [10, 7, 6],
			"rotation": {"angle": 0, "axis": "y", "origin": [21, 13, 25]},
			"faces": {
				"north": {"uv": [8.875, 6, 9.375, 5.5], "texture": "#0"},
				"east": {"uv": [3.75, 9.375, 4.25, 8.875], "rotation": 270, "texture": "#0"},
				"south": {"uv": [6.25, 8.875, 6.75, 9.375], "rotation": 180, "texture": "#0"},
				"west": {"uv": [8.875, 5.5, 9.375, 5], "rotation": 90, "texture": "#0"},
				"up": {"uv": [1, 9.375, 1.5, 8.875], "rotation": 180, "texture": "#0"},
				"down": {"uv": [8.875, 5, 9.375, 4.5], "texture": "#0"}
			}
		},
		{
			"from": [6.5, 3.5, 7],
			"to": [9.5, 6.5, 8],
			"rotation": {"angle": 0, "axis": "y", "origin": [21, 13, 25]},
			"faces": {
				"north": {"uv": [8.375, 9.875, 8.75, 9.5], "texture": "#0"},
				"east": {"uv": [10.625, 9.625, 11, 9.5], "rotation": 270, "texture": "#0"},
				"south": {"uv": [9.5, 9.375, 9.875, 9.75], "rotation": 180, "texture": "#0"},
				"west": {"uv": [9.75, 10.75, 10.125, 10.625], "rotation": 90, "texture": "#0"},
				"up": {"uv": [10.625, 9.5, 11, 9.375], "rotation": 180, "texture": "#0"},
				"down": {"uv": [10.625, 9.75, 11, 9.625], "texture": "#0"}
			}
		},
		{
			"from": [6.5, 3.5, -5],
			"to": [9.5, 6.5, -3],
			"rotation": {"angle": 0, "axis": "y", "origin": [8, 5, -8.5]},
			"faces": {
				"north": {"uv": [5.375, 9.375, 5, 9.75], "rotation": 180, "texture": "#0"},
				"east": {"uv": [10, 5.5, 10.375, 5.75], "rotation": 270, "texture": "#0"},
				"south": {"uv": [4.125, 9.75, 3.75, 9.375], "texture": "#0"},
				"west": {"uv": [10, 6, 10.375, 6.25], "rotation": 90, "texture": "#0"},
				"up": {"uv": [8.375, 3.75, 8.75, 4], "rotation": 180, "texture": "#0"},
				"down": {"uv": [10, 5.75, 10.375, 6], "texture": "#0"}
			}
		},
		{
			"from": [6.75, 3.75, -6.5],
			"to": [9.25, 6.25, -5],
			"rotation": {"angle": 22.5, "axis": "z", "origin": [8, 5, -5.75]},
			"faces": {
				"north": {"uv": [10.3125, 5.125, 10, 5.4375], "rotation": 180, "texture": "#0"},
				"east": {"uv": [4.875, 10.625, 5.1875, 10.8125], "rotation": 270, "texture": "#0"},
				"south": {"uv": [10.3125, 5.0625, 10, 4.75], "texture": "#0"},
				"west": {"uv": [5.625, 10.625, 5.9375, 10.8125], "rotation": 90, "texture": "#0"},
				"up": {"uv": [4.5, 10.625, 4.8125, 10.8125], "rotation": 180, "texture": "#0"},
				"down": {"uv": [5.25, 10.625, 5.5625, 10.8125], "texture": "#0"}
			}
		},
		{
			"from": [7, 4, -7.5],
			"to": [9, 6, -6.5],
			"rotation": {"angle": 45, "axis": "z", "origin": [8, 5, -5.75]},
			"faces": {
				"north": {"uv": [8.375, 4.5, 8.125, 4.75], "rotation": 180, "texture": "#0"},
				"east": {"uv": [6.625, 7, 6.875, 7.125], "rotation": 270, "texture": "#0"},
				"south": {"uv": [3.25, 7.75, 3, 7.5], "texture": "#0"},
				"west": {"uv": [7.375, 4, 7.625, 4.125], "rotation": 90, "texture": "#0"},
				"up": {"uv": [1.5, 6.25, 1.75, 6.375], "rotation": 180, "texture": "#0"},
				"down": {"uv": [7.125, 2.875, 7.375, 3], "texture": "#0"}
			}
		},
		{
			"from": [7.5, 4.5, -8.5],
			"to": [8.5, 5.5, -7.5],
			"rotation": {"angle": -22.5, "axis": "z", "origin": [8, 5, -5.75]},
			"faces": {
				"north": {"uv": [6.375, 8.75, 6.25, 8.875], "rotation": 180, "texture": "#0"},
				"east": {"uv": [0.625, 8.25, 0.75, 8.375], "rotation": 270, "texture": "#0"},
				"south": {"uv": [0.625, 8.875, 0.5, 8.75], "texture": "#0"},
				"west": {"uv": [3.25, 8.625, 3.375, 8.75], "rotation": 90, "texture": "#0"},
				"up": {"uv": [7.5, 0.375, 7.625, 0.5], "rotation": 180, "texture": "#0"},
				"down": {"uv": [8.25, 6.75, 8.375, 6.875], "texture": "#0"}
			}
		},
		{
			"from": [6, 5, -9],
			"to": [10, 5, -4],
			"rotation": {"angle": 22.5, "axis": "y", "origin": [8, 5, -2]},
			"faces": {
				"north": {"uv": [0, 0, 0, 0.5], "rotation": 90, "texture": "#0"},
				"east": {"uv": [0.625, 0, 0, 0], "rotation": 180, "texture": "#0"},
				"south": {"uv": [0, 0, 0, 0.5], "rotation": 270, "texture": "#0"},
				"west": {"uv": [0.625, 0, 0, 0], "texture": "#0"},
				"up": {"uv": [7.625, 1.125, 8.25, 1.625], "rotation": 270, "texture": "#0"},
				"down": {"uv": [8.25, 1.125, 7.625, 1.625], "rotation": 270, "texture": "#0"}
			}
		},
		{
			"from": [6, 5, -9],
			"to": [10, 5, -4],
			"rotation": {"angle": -22.5, "axis": "y", "origin": [8, 5, -2]},
			"faces": {
				"north": {"uv": [0, 0, 0, 0.5], "rotation": 270, "texture": "#0"},
				"east": {"uv": [0, 0, 0.625, 0], "texture": "#0"},
				"south": {"uv": [0, 0, 0, 0.5], "rotation": 90, "texture": "#0"},
				"west": {"uv": [0, 0, 0.625, 0], "rotation": 180, "texture": "#0"},
				"up": {"uv": [8.25, 1.125, 7.625, 1.625], "rotation": 90, "texture": "#0"},
				"down": {"uv": [7.625, 1.125, 8.25, 1.625], "rotation": 90, "texture": "#0"}
			}
		},
		{
			"from": [7.025, 0, 13.025],
			"to": [8.975, 6, 14.975],
			"rotation": {"angle": -45, "axis": "x", "origin": [8, 6, 15]},
			"faces": {
				"north": {"uv": [16, 0.75, 15.75, 0], "rotation": 180, "texture": "#0"},
				"east": {"uv": [16, 0.75, 15.75, 0], "rotation": 180, "texture": "#0"},
				"south": {"uv": [16, 0.75, 15.75, 0], "rotation": 180, "texture": "#0"},
				"west": {"uv": [16, 0.75, 15.75, 0], "rotation": 180, "texture": "#0"},
				"up": {"uv": [15.5, 0.25, 15.75, 0.5], "rotation": 270, "texture": "#0"},
				"down": {"uv": [15.5, 0.25, 15.75, 0], "rotation": 90, "texture": "#0"}
			}
		},
		{
			"from": [7.025, -2, 12.025],
			"to": [8.975, 0, 14.975],
			"rotation": {"angle": -45, "axis": "x", "origin": [8, 6, 15]},
			"faces": {
				"north": {"uv": [15.75, 1.25, 15.50625, 1], "rotation": 180, "texture": "#0"},
				"east": {"uv": [15.5, 1.25, 15.13125, 1], "rotation": 180, "texture": "#0"},
				"south": {"uv": [15.75, 1.875, 15.50625, 1.625], "rotation": 180, "texture": "#0"},
				"west": {"uv": [15.5, 1, 15.13125, 0.75], "rotation": 180, "texture": "#0"},
				"up": {"uv": [15.75, 1.61875, 15.50625, 1.25], "rotation": 180, "texture": "#0"},
				"down": {"uv": [15.5, 1.61875, 15.25625, 1.25], "rotation": 180, "texture": "#0"}
			}
		},
		{
			"from": [6.5, 7, -2],
			"to": [9.5, 10, -2],
			"rotation": {"angle": 0, "axis": "y", "origin": [8, 21, 13]},
			"faces": {
				"north": {"uv": [0.75, 10.875, 0.375, 11.25], "texture": "#0"},
				"east": {"uv": [0, 0, 0, 0.5], "texture": "#0"},
				"south": {"uv": [0.375, 10.875, 0.75, 11.25], "texture": "#0"},
				"west": {"uv": [0, 0, 0, 0.5], "texture": "#0"},
				"up": {"uv": [0, 0.5, 0, 0], "rotation": 90, "texture": "#0"},
				"down": {"uv": [0, 0, 0, 0.5], "rotation": 270, "texture": "#0"}
			}
		},
		{
			"from": [20, 5.75, 12],
			"to": [24, 10.75, 12],
			"rotation": {"angle": 0, "axis": "y", "origin": [8, 21, 13]},
			"faces": {
				"north": {"uv": [15.5, 0, 15, 0.6875], "texture": "#0"},
				"east": {"uv": [0, 0, 0, 0.5], "texture": "#0"},
				"south": {"uv": [15, 0, 15.5, 0.6875], "texture": "#0"},
				"west": {"uv": [0, 0, 0, 0.5], "texture": "#0"},
				"up": {"uv": [0, 0.5, 0, 0], "rotation": 90, "texture": "#0"},
				"down": {"uv": [0, 0, 0, 0.5], "rotation": 270, "texture": "#0"}
			}
		},
		{
			"from": [-8, 5.75, 12],
			"to": [-4, 10.75, 12],
			"rotation": {"angle": 0, "axis": "y", "origin": [8, 21, 13]},
			"faces": {
				"north": {"uv": [15.5, 0, 15, 0.6875], "texture": "#0"},
				"east": {"uv": [0, 0, 0, 0.5], "texture": "#0"},
				"south": {"uv": [15, 0, 15.5, 0.6875], "texture": "#0"},
				"west": {"uv": [0, 0, 0, 0.5], "texture": "#0"},
				"up": {"uv": [0, 0.5, 0, 0], "rotation": 90, "texture": "#0"},
				"down": {"uv": [0, 0, 0, 0.5], "rotation": 270, "texture": "#0"}
			}
		},
		{
			"from": [-7, 6.5, 11],
			"to": [8, 6.5, 18],
			"rotation": {"angle": 0, "axis": "y", "origin": [-5, 6.5, 12]},
			"faces": {
				"north": {"uv": [0, 2.5, 0, 0], "rotation": 90, "texture": "#missing"},
				"east": {"uv": [0, 0.25, 0, 0], "rotation": 90, "texture": "#0"},
				"south": {"uv": [0, 2.5, 0, 0], "rotation": 270, "texture": "#missing"},
				"west": {"uv": [0, 0.25, 0, 0], "rotation": 90, "texture": "#missing"},
				"up": {"uv": [14.8125, 3.8125, 15.6875, 1.9375], "rotation": 270, "texture": "#0"},
				"down": {"uv": [15.6875, 3.8125, 14.8125, 1.9375], "rotation": 270, "texture": "#0"}
			}
		},
		{
			"from": [8, 6.5, 11],
			"to": [23, 6.5, 18],
			"rotation": {"angle": 0, "axis": "y", "origin": [22, 6.5, 12]},
			"faces": {
				"north": {"uv": [0, 0, 0, 2.5], "rotation": 90, "texture": "#missing"},
				"east": {"uv": [0, 0, 0, 0.25], "rotation": 90, "texture": "#missing"},
				"south": {"uv": [0, 0, 0, 2.5], "rotation": 270, "texture": "#missing"},
				"west": {"uv": [0, 0, 0, 0.25], "rotation": 90, "texture": "#0"},
				"up": {"uv": [14.8125, 1.9375, 15.6875, 3.8125], "rotation": 270, "texture": "#0"},
				"down": {"uv": [15.6875, 1.9375, 14.8125, 3.8125], "rotation": 270, "texture": "#0"}
			}
		}
	],
	"gui_light": "front",
	"display": {
		"thirdperson_righthand": {
			"translation": [0, 2.25, -0.5],
			"scale": [0.6, 0.6, 0.6]
		},
		"thirdperson_lefthand": {
			"translation": [0, 2.25, -0.5],
			"scale": [0.6, 0.6, 0.6]
		},
		"firstperson_righthand": {
			"rotation": [45.76, 3.04, 6.38],
			"translation": [12.75, 11.5, -2.25],
			"scale": [0.8, 0.8, 0.8]
		},
		"firstperson_lefthand": {
			"rotation": [45.76, 3.04, 6.38],
			"translation": [12.75, 11.5, -2.25],
			"scale": [0.8, 0.8, 0.8]
		},
		"ground": {
			"translation": [0, 2.5, 0],
			"scale": [0.5, 0.5, 0.5]
		},
		"gui": {
			"rotation": [46, 66, 0],
			"translation": [0.5, 0.5, 0],
			"scale": [0.5, 0.5, 0.5]
		},
		"head": {
			"translation": [0, 13.5, -2]
		},
		"fixed": {
			"rotation": [-90, 0, 0],
			"translation": [0, 1.75, -6.75]
		}
	},
	"groups": [
		{
			"name": "pickaxe",
			"origin": [4, 7, -4],
			"color": 0,
			"boneType": "",
			"children": [
				0,
				{
					"name": "group",
					"origin": [8, 10, 24],
					"color": 0,
					"boneType": "",
					"children": [
						1,
						2,
						3,
						4,
						{
							"name": "group",
							"origin": [-1, -3.75, 8],
							"color": 0,
							"boneType": "",
							"children": [
								{
									"name": "group",
									"origin": [1.5, -3.75, 8],
									"color": 0,
									"boneType": "",
									"children": [5, 6, 7]
								},
								8
							]
						}
					]
				},
				{
					"name": "group",
					"origin": [8, 10, 24],
					"color": 0,
					"boneType": "",
					"children": [
						9,
						10,
						11,
						12,
						{
							"name": "group",
							"origin": [-1, -3.75, 8],
							"color": 0,
							"boneType": "",
							"children": [
								{
									"name": "group",
									"origin": [1.5, -3.75, 8],
									"color": 0,
									"boneType": "",
									"children": [13, 14, 15]
								},
								16
							]
						}
					]
				},
				17,
				{
					"name": "group",
					"origin": [-6, 7, 1],
					"color": 0,
					"boneType": "",
					"children": [18, 19]
				},
				{
					"name": "group",
					"origin": [-6, 7, 1],
					"color": 0,
					"boneType": "",
					"children": [20, 21]
				},
				{
					"name": "handle",
					"origin": [0, -8, 0],
					"color": 0,
					"boneType": "",
					"children": [
						22,
						23,
						24,
						{
							"name": "end",
							"origin": [8, -9, -8],
							"color": 0,
							"boneType": "",
							"children": [25, 26, 27, 28, 29, 30]
						}
					]
				},
				31,
				32
			]
		},
		33,
		34,
		35,
		36,
		37
	]
}