{"credit":"Made with Blockbench","texture_size":[128,128],"textures":{"0":"elitecreatures:christmas_eve_2023/hammer_texture","particle":"elitecreatures:christmas_eve_2023/hammer_texture"},"elements":[{"from":[5.04419,14,13.04419],"to":[11.04419,22,16.04419],"rotation":{"angle":0,"axis":"y","origin":[8,6.75,8.04419]},"faces":{"north":{"uv":[5,0,5.75,1],"texture":"#0"},"east":{"uv":[2,3.875,2.375,4.875],"texture":"#0"},"south":{"uv":[4.875,3,5.625,4],"texture":"#0"},"west":{"uv":[6.625,7.125,7,8.125],"texture":"#0"},"up":{"uv":[6.875,8.875,6.5,8.125],"rotation":90,"texture":"#0"},"down":{"uv":[5,8.25,4.625,9],"rotation":270,"texture":"#0"}}},{"from":[6.04419,13,12.04419],"to":[10.04419,20,13.04419],"rotation":{"angle":0,"axis":"y","origin":[8,6.75,8.04419]},"faces":{"north":{"uv":[7.125,4.125,7.625,5],"texture":"#0"},"east":{"uv":[7.125,9.875,7.25,10.75],"texture":"#0"},"south":{"uv":[5.125,7,5.625,7.875],"texture":"#0"},"west":{"uv":[1.375,10,1.5,10.875],"texture":"#0"},"up":{"uv":[10.625,11,10.5,10.5],"rotation":90,"texture":"#0"},"down":{"uv":[0.125,10.625,0,11.125],"rotation":270,"texture":"#0"}}},{"from":[6.04419,13,3.04419],"to":[10.04419,20,4.04419],"rotation":{"angle":0,"axis":"y","origin":[8,6.75,8.04419]},"faces":{"north":{"uv":[5.625,7,5.125,7.875],"texture":"#0"},"east":{"uv":[7.25,9.875,7.125,10.75],"texture":"#0"},"south":{"uv":[7.625,4.125,7.125,5],"texture":"#0"},"west":{"uv":[1.5,10,1.375,10.875],"texture":"#0"},"up":{"uv":[10.5,11,10.625,10.5],"rotation":90,"texture":"#0"},"down":{"uv":[0,10.625,0.125,11.125],"rotation":270,"texture":"#0"}}},{"from":[5.04419,14,0.04419],"to":[11.04419,22,3.04419],"rotation":{"angle":0,"axis":"y","origin":[8,6.75,8.04419]},"faces":{"north":{"uv":[5.625,3,4.875,4],"texture":"#0"},"east":{"uv":[2.375,3.875,2,4.875],"texture":"#0"},"south":{"uv":[5.75,0,5,1],"texture":"#0"},"west":{"uv":[7,7.125,6.625,8.125],"texture":"#0"},"up":{"uv":[6.5,8.875,6.875,8.125],"rotation":90,"texture":"#0"},"down":{"uv":[4.625,8.25,5,9],"rotation":270,"texture":"#0"}}},{"from":[6.04419,16,4.04419],"to":[10.04419,20,12.04419],"rotation":{"angle":0,"axis":"y","origin":[8,6.75,8.04419]},"faces":{"north":{"uv":[0,8.75,0.5,9.25],"texture":"#0"},"east":{"uv":[6.125,4.5,7.125,5],"texture":"#0"},"south":{"uv":[2.75,8.625,3.25,9.125],"texture":"#0"},"west":{"uv":[6.125,5,7.125,5.5],"texture":"#0"},"up":{"uv":[7.125,6,6.125,5.5],"rotation":90,"texture":"#0"},"down":{"uv":[7.125,6,6.125,6.5],"rotation":270,"texture":"#0"}}},{"from":[7.06919,13.55357,23.2302],"to":[9.01919,15.50357,27.2302],"rotation":{"angle":-45,"axis":"x","origin":[8,6.75,8.04419]},"faces":{"north":{"uv":[3.5,10.625,3.75,10.875],"texture":"#0"},"east":{"uv":[9.875,1,10.375,1.25],"texture":"#0"},"south":{"uv":[3.25,10.625,3.5,10.875],"texture":"#0"},"west":{"uv":[9.875,3.375,10.375,3.625],"texture":"#0"},"up":{"uv":[10.375,3.875,9.875,3.625],"rotation":90,"texture":"#0"},"down":{"uv":[10.375,3.875,9.875,4.125],"rotation":270,"texture":"#0"}}},{"from":[7.04419,20.13945,5.74528],"to":[9.04419,24.13945,7.74528],"rotation":{"angle":22.5,"axis":"x","origin":[8,6.75,8.04419]},"faces":{"north":{"uv":[9.875,2.875,10.125,3.375],"texture":"#0"},"east":{"uv":[9.875,0,10.125,0.5],"texture":"#0"},"south":{"uv":[1.5,9.875,1.75,10.375],"texture":"#0"},"west":{"uv":[9.875,1.75,10.125,2.25],"texture":"#0"},"up":{"uv":[3.25,10.875,3,10.625],"rotation":90,"texture":"#0"},"down":{"uv":[10.875,3.125,10.625,3.375],"rotation":270,"texture":"#0"}}},{"from":[7.06919,23.16528,2.62276],"to":[9.01919,27.16528,4.57276],"rotation":{"angle":22.5,"axis":"x","origin":[8,6.75,8.04419]},"faces":{"north":{"uv":[10.375,3.875,9.875,3.625],"rotation":270,"texture":"#0"},"east":{"uv":[9.875,1,10.375,1.25],"rotation":90,"texture":"#0"},"south":{"uv":[10.375,3.875,9.875,4.125],"rotation":270,"texture":"#0"},"west":{"uv":[9.875,3.375,10.375,3.625],"rotation":270,"texture":"#0"},"up":{"uv":[3.25,10.625,3.5,10.875],"texture":"#0"},"down":{"uv":[3.5,10.625,3.75,10.875],"rotation":180,"texture":"#0"}}},{"from":[7.04419,20,9.29419],"to":[9.04419,24,11.29419],"rotation":{"angle":0,"axis":"z","origin":[8,6.75,8.04419]},"faces":{"north":{"uv":[9.875,2.875,10.125,3.375],"texture":"#0"},"east":{"uv":[9.875,0,10.125,0.5],"texture":"#0"},"south":{"uv":[1.5,9.875,1.75,10.375],"texture":"#0"},"west":{"uv":[9.875,1.75,10.125,2.25],"texture":"#0"},"up":{"uv":[3.25,10.875,3,10.625],"rotation":90,"texture":"#0"},"down":{"uv":[10.875,3.125,10.625,3.375],"rotation":270,"texture":"#0"}}},{"from":[7.06919,23.16528,11.51563],"to":[9.01919,27.16528,13.46563],"rotation":{"angle":-22.5,"axis":"x","origin":[8,6.75,8.04419]},"faces":{"north":{"uv":[10.375,4.125,9.875,3.875],"rotation":270,"texture":"#0"},"east":{"uv":[9.875,1.25,10.375,1],"rotation":90,"texture":"#0"},"south":{"uv":[10.375,3.625,9.875,3.875],"rotation":270,"texture":"#0"},"west":{"uv":[9.875,3.625,10.375,3.375],"rotation":270,"texture":"#0"},"up":{"uv":[3.25,10.875,3.5,10.625],"texture":"#0"},"down":{"uv":[3.5,10.875,3.75,10.625],"rotation":180,"texture":"#0"}}},{"from":[7.04419,20,4.79419],"to":[9.04419,24,6.79419],"rotation":{"angle":0,"axis":"z","origin":[8,6.75,8.04419]},"faces":{"north":{"uv":[1.75,9.875,1.5,10.375],"texture":"#0"},"east":{"uv":[10.125,0,9.875,0.5],"texture":"#0"},"south":{"uv":[10.125,2.875,9.875,3.375],"texture":"#0"},"west":{"uv":[10.125,1.75,9.875,2.25],"texture":"#0"},"up":{"uv":[3,10.875,3.25,10.625],"rotation":90,"texture":"#0"},"down":{"uv":[10.625,3.125,10.875,3.375],"rotation":270,"texture":"#0"}}},{"from":[7.06919,13.55357,-11.14181],"to":[9.01919,15.50357,-7.14181],"rotation":{"angle":45,"axis":"x","origin":[8,6.75,8.04419]},"faces":{"north":{"uv":[3.5,10.625,3.25,10.875],"texture":"#0"},"east":{"uv":[10.375,1,9.875,1.25],"texture":"#0"},"south":{"uv":[3.75,10.625,3.5,10.875],"texture":"#0"},"west":{"uv":[10.375,3.375,9.875,3.625],"texture":"#0"},"up":{"uv":[9.875,3.875,10.375,3.625],"rotation":90,"texture":"#0"},"down":{"uv":[9.875,3.875,10.375,4.125],"rotation":270,"texture":"#0"}}},{"from":[7.04419,20.13945,8.34311],"to":[9.04419,24.13945,10.34311],"rotation":{"angle":-22.5,"axis":"x","origin":[8,6.75,8.04419]},"faces":{"north":{"uv":[1.75,9.875,1.5,10.375],"texture":"#0"},"east":{"uv":[10.125,0,9.875,0.5],"texture":"#0"},"south":{"uv":[10.125,2.875,9.875,3.375],"texture":"#0"},"west":{"uv":[10.125,1.75,9.875,2.25],"texture":"#0"},"up":{"uv":[3,10.875,3.25,10.625],"rotation":90,"texture":"#0"},"down":{"uv":[10.625,3.125,10.875,3.375],"rotation":270,"texture":"#0"}}},{"from":[7.04419,-4,7.04419],"to":[9.04419,12,9.04419],"rotation":{"angle":0,"axis":"y","origin":[8,6.75,8.04419]},"faces":{"north":{"uv":[5.875,4.5,6.125,6.5],"texture":"#0"},"east":{"uv":[4.875,5.375,5.125,7.375],"texture":"#0"},"south":{"uv":[0.75,5.5,1,7.5],"texture":"#0"},"west":{"uv":[3,5.5,3.25,7.5],"texture":"#0"},"up":{"uv":[10.75,1.5,10.5,1.25],"rotation":90,"texture":"#0"},"down":{"uv":[10.75,2.25,10.5,2.5],"rotation":270,"texture":"#0"}}},{"from":[6.04419,12,6.04419],"to":[10.04419,16,10.04419],"rotation":{"angle":0,"axis":"y","origin":[8,6.75,8.04419]},"faces":{"north":{"uv":[8.875,5,9.375,5.5],"texture":"#0"},"east":{"uv":[1,8.875,1.5,9.375],"texture":"#0"},"south":{"uv":[3.75,8.875,4.25,9.375],"texture":"#0"},"west":{"uv":[8.875,4.5,9.375,5],"texture":"#0"},"up":{"uv":[9.375,6,8.875,5.5],"rotation":90,"texture":"#0"},"down":{"uv":[6.75,8.875,6.25,9.375],"rotation":270,"texture":"#0"}}},{"from":[6.54419,10,6.54419],"to":[9.54419,11,9.54419],"rotation":{"angle":0,"axis":"y","origin":[8,6.75,8.04419]},"faces":{"north":{"uv":[9.75,10.625,10.125,10.75],"texture":"#0"},"east":{"uv":[10.625,9.375,11,9.5],"texture":"#0"},"south":{"uv":[10.625,9.5,11,9.625],"texture":"#0"},"west":{"uv":[10.625,9.625,11,9.75],"texture":"#0"},"up":{"uv":[8.75,9.875,8.375,9.5],"rotation":90,"texture":"#0"},"down":{"uv":[9.875,9.375,9.5,9.75],"rotation":270,"texture":"#0"}}},{"from":[6.54419,-5,6.54419],"to":[9.54419,-4,9.54419],"rotation":{"angle":0,"axis":"y","origin":[8,6.75,8.04419]},"faces":{"north":{"uv":[9.75,10.625,10.125,10.75],"texture":"#0"},"east":{"uv":[10.625,9.375,11,9.5],"texture":"#0"},"south":{"uv":[10.625,9.5,11,9.625],"texture":"#0"},"west":{"uv":[10.625,9.625,11,9.75],"texture":"#0"},"up":{"uv":[8.75,9.875,8.375,9.5],"rotation":90,"texture":"#0"},"down":{"uv":[9.875,9.375,9.5,9.75],"rotation":270,"texture":"#0"}}},{"from":[6.54419,-9,6.54419],"to":[9.54419,-7,9.54419],"rotation":{"angle":0,"axis":"y","origin":[8,6.75,8.04419]},"faces":{"north":{"uv":[10,6,10.375,6.25],"texture":"#0"},"east":{"uv":[8.375,3.75,8.75,4],"texture":"#0"},"south":{"uv":[10,5.5,10.375,5.75],"texture":"#0"},"west":{"uv":[10,5.75,10.375,6],"texture":"#0"},"up":{"uv":[4.125,9.75,3.75,9.375],"rotation":90,"texture":"#0"},"down":{"uv":[5.375,9.375,5,9.75],"rotation":270,"texture":"#0"}}},{"from":[6.04419,-4.26561,-2.97142],"to":[10.04419,-0.26561,1.02858],"rotation":{"angle":-45,"axis":"x","origin":[8,6.75,8.04419]},"faces":{"north":{"uv":[8.375,5,8.875,5.5],"texture":"#0"},"east":{"uv":[4.375,3,4.875,3.5],"texture":"#0"},"south":{"uv":[4.125,8.375,4.625,8.875],"texture":"#0"},"west":{"uv":[8.375,4.5,8.875,5],"texture":"#0"},"up":{"uv":[8.875,6,8.375,5.5],"rotation":90,"texture":"#0"},"down":{"uv":[8.875,6.75,8.375,7.25],"rotation":270,"texture":"#0"}}},{"from":[6.79083,-10.5,6.81111],"to":[9.29083,-9,9.31111],"rotation":{"angle":22.5,"axis":"y","origin":[8,6.75,8.04419]},"faces":{"north":{"uv":[5.625,10.625,5.9375,10.8125],"texture":"#0"},"east":{"uv":[4.5,10.625,4.8125,10.8125],"texture":"#0"},"south":{"uv":[4.875,10.625,5.1875,10.8125],"texture":"#0"},"west":{"uv":[5.25,10.625,5.5625,10.8125],"texture":"#0"},"up":{"uv":[10.3125,5.0625,10,4.75],"rotation":90,"texture":"#0"},"down":{"uv":[10.3125,5.125,10,5.4375],"rotation":270,"texture":"#0"}}},{"from":[7.03125,-11.5,7.07544],"to":[9.03125,-10.5,9.07544],"rotation":{"angle":45,"axis":"y","origin":[8,6.75,8.04419]},"faces":{"north":{"uv":[7.375,4,7.625,4.125],"texture":"#0"},"east":{"uv":[1.5,6.25,1.75,6.375],"texture":"#0"},"south":{"uv":[6.625,7,6.875,7.125],"texture":"#0"},"west":{"uv":[7.125,2.875,7.375,3],"texture":"#0"},"up":{"uv":[3.25,7.75,3,7.5],"rotation":90,"texture":"#0"},"down":{"uv":[8.375,4.5,8.125,4.75],"rotation":270,"texture":"#0"}}},{"from":[7.54083,-12.5,7.52728],"to":[8.54083,-11.5,8.52728],"rotation":{"angle":-22.5,"axis":"y","origin":[8,6.75,8.04419]},"faces":{"north":{"uv":[3.25,8.625,3.375,8.75],"texture":"#0"},"east":{"uv":[7.5,0.375,7.625,0.5],"texture":"#0"},"south":{"uv":[0.625,8.25,0.75,8.375],"texture":"#0"},"west":{"uv":[8.25,6.75,8.375,6.875],"texture":"#0"},"up":{"uv":[0.625,8.875,0.5,8.75],"rotation":90,"texture":"#0"},"down":{"uv":[6.375,8.75,6.25,8.875],"rotation":270,"texture":"#0"}}},{"from":[8.04419,-12.02946,10.92341],"to":[8.04419,-7.02946,14.92341],"rotation":{"angle":22.5,"axis":"x","origin":[8,6.75,8.04419]},"faces":{"north":{"uv":[0.625,0,0,0],"rotation":270,"texture":"#0"},"east":{"uv":[7.625,1.125,8.25,1.625],"rotation":90,"texture":"#0"},"south":{"uv":[0.625,0,0,0],"rotation":270,"texture":"#0"},"west":{"uv":[8.25,1.125,7.625,1.625],"rotation":270,"texture":"#0"},"up":{"uv":[0,0,0,0.5],"texture":"#0"},"down":{"uv":[0,0,0,0.5],"rotation":180,"texture":"#0"}}},{"from":[8.04419,-12.02946,1.16498],"to":[8.04419,-7.02946,5.16498],"rotation":{"angle":-22.5,"axis":"x","origin":[8,6.75,8.04419]},"faces":{"north":{"uv":[0,0,0.625,0],"rotation":90,"texture":"#0"},"east":{"uv":[8.25,1.125,7.625,1.625],"rotation":270,"texture":"#0"},"south":{"uv":[0,0,0.625,0],"rotation":90,"texture":"#0"},"west":{"uv":[7.625,1.125,8.25,1.625],"rotation":90,"texture":"#0"},"up":{"uv":[0,0,0,0.5],"rotation":180,"texture":"#0"},"down":{"uv":[0,0,0,0.5],"texture":"#0"}}},{"from":[6.25092,20,7.48261],"to":[9.75092,23,8.48261],"rotation":{"angle":-45,"axis":"y","origin":[8,6.75,8.04419]},"faces":{"north":{"uv":[9.25,8.5,9.6875,8.875],"texture":"#0"},"east":{"uv":[0.875,9.625,1,10],"texture":"#0"},"south":{"uv":[9.25,8.125,9.6875,8.5],"texture":"#0"},"west":{"uv":[10.625,6.25,10.75,6.625],"texture":"#0"},"up":{"uv":[6.125,11.0625,6,10.625],"rotation":90,"texture":"#0"},"down":{"uv":[6.25,10.625,6.125,11.0625],"rotation":270,"texture":"#0"}}},{"from":[6.06158,20,7.54511],"to":[9.81158,23,8.54511],"rotation":{"angle":45,"axis":"y","origin":[8,6.75,8.04419]},"faces":{"north":{"uv":[5,9,5.5,9.375],"texture":"#0"},"east":{"uv":[6.75,10.625,6.875,11],"texture":"#0"},"south":{"uv":[6.625,4.125,7.125,4.5],"texture":"#0"},"west":{"uv":[6.875,10.625,7,11],"texture":"#0"},"up":{"uv":[4.75,8.25,4.625,7.75],"rotation":90,"texture":"#0"},"down":{"uv":[10.5,7.125,10.375,7.625],"rotation":270,"texture":"#0"}}},{"from":[8.04419,23,6.04419],"to":[8.04419,28,10.04419],"rotation":{"angle":0,"axis":"y","origin":[8,6.75,8.04419]},"faces":{"north":{"uv":[0,0,0,0.5],"texture":"#0"},"east":{"uv":[15.5,0,15,0.6875],"texture":"#0"},"south":{"uv":[0,0,0,0.5],"texture":"#0"},"west":{"uv":[15,0,15.5,0.6875],"texture":"#0"},"up":{"uv":[0,0.5,0,0],"rotation":180,"texture":"#0"},"down":{"uv":[0,0,0,0.5],"rotation":180,"texture":"#0"}}}],"gui_light":"front","display":{"thirdperson_righthand":{"translation":[0,3,1.25],"scale":[0.6,0.6,0.6]},"thirdperson_lefthand":{"translation":[0,3,1.25],"scale":[0.6,0.6,0.6]},"firstperson_righthand":{"rotation":[-12,15,3],"translation":[2.5,3.75,-1.75],"scale":[0.53125,0.53125,0.53125]},"firstperson_lefthand":{"rotation":[-12,15,3],"translation":[2.5,3.75,-1.75],"scale":[0.53125,0.53125,0.53125]},"ground":{"rotation":[0,0,90],"translation":[-3,0.25,0],"scale":[0.5,0.5,0.5]},"gui":{"rotation":[90,135,-90],"translation":[0,-0.25,-1.25],"scale":[0.41656,0.41656,0.41656]},"head":{"rotation":[90,-168,90],"translation":[-0.5,10.5,0],"scale":[0.56,0.56,0.56]},"fixed":{"rotation":[0,90,0],"translation":[0,3,-2.25],"scale":[1.07898,1.07898,1.07898]}}}