{"credit":"Made with Blockbench","texture_size":[64,64],"textures":{"1":"elitecreatures:christmas_eve_2023/mace_texture"},"elements":[{"from":[5,19,5],"to":[11,27,11],"rotation":{"angle":0,"axis":"y","origin":[8,8,8]},"faces":{"north":{"uv":[0,4,1.5,6],"texture":"#1"},"east":{"uv":[2,3.5,3.5,5.5],"texture":"#1"},"south":{"uv":[3.5,3.5,5,5.5],"texture":"#1"},"west":{"uv":[3.75,0,5.25,2],"texture":"#1"},"up":{"uv":[5.25,3.5,3.75,2],"rotation":90,"texture":"#1"},"down":{"uv":[6.5,3.5,5,5],"rotation":270,"texture":"#1"}}},{"from":[4,27,4],"to":[12,30,12],"rotation":{"angle":0,"axis":"y","origin":[8,8,8]},"faces":{"north":{"uv":[1.5,7.5,3.5,8.25],"texture":"#1"},"east":{"uv":[5.5,7,7.5,7.75],"texture":"#1"},"south":{"uv":[7.25,0,9.25,0.75],"texture":"#1"},"west":{"uv":[7.25,0.75,9.25,1.5],"texture":"#1"},"up":{"uv":[2,2,0,0],"rotation":90,"texture":"#1"},"down":{"uv":[2,2,0,4],"rotation":270,"texture":"#1"}}},{"from":[5.5,30,5.5],"to":[10.5,32,10.5],"rotation":{"angle":-45,"axis":"y","origin":[8,8,8]},"faces":{"north":{"uv":[9.75,5,11,5.5],"texture":"#1"},"east":{"uv":[9.5,8.5,10.75,9],"texture":"#1"},"south":{"uv":[9.5,9,10.75,9.5],"texture":"#1"},"west":{"uv":[9.75,4.5,11,5],"texture":"#1"},"up":{"uv":[6.5,3.25,5.25,2],"rotation":90,"texture":"#1"},"down":{"uv":[8.25,5.25,7,6.5],"rotation":270,"texture":"#1"}}},{"from":[4.5,17,4.5],"to":[11.5,19,11.5],"rotation":{"angle":0,"axis":"y","origin":[8,8,8]},"faces":{"north":{"uv":[8.5,9.5,10.25,10],"texture":"#1"},"east":{"uv":[9.25,1,11,1.5],"texture":"#1"},"south":{"uv":[9.5,3.5,11.25,4],"texture":"#1"},"west":{"uv":[9.5,4,11.25,4.5],"texture":"#1"},"up":{"uv":[3.75,1.75,2,0],"rotation":90,"texture":"#1"},"down":{"uv":[3.75,1.75,2,3.5],"rotation":270,"texture":"#1"}}},{"from":[6,19,3],"to":[10,27,5],"rotation":{"angle":0,"axis":"y","origin":[8,8,8]},"faces":{"north":{"uv":[5.25,0,6.25,2],"texture":"#1"},"east":{"uv":[6.5,2,7,4],"texture":"#1"},"south":{"uv":[5,5,6,7],"texture":"#1"},"west":{"uv":[1.5,8.25,2,10.25],"texture":"#1"},"up":{"uv":[2,5,1.5,4],"rotation":90,"texture":"#1"},"down":{"uv":[7,4,6.5,5],"rotation":270,"texture":"#1"}}},{"from":[13,23.5,7],"to":[15,25.5,9],"rotation":{"angle":0,"axis":"y","origin":[8,8,8]},"faces":{"north":{"uv":[5.25,5.375,5.75,5.875],"texture":"#1"},"east":{"uv":[5.25,5.375,5.75,5.875],"texture":"#1"},"south":{"uv":[5.25,5.375,5.75,5.875],"texture":"#1"},"west":{"uv":[5.25,5.375,5.75,5.875],"texture":"#1"},"up":{"uv":[5.25,5.375,5.75,5.875],"rotation":90,"texture":"#1"},"down":{"uv":[5.25,5.375,5.75,5.875],"rotation":270,"texture":"#1"}}},{"from":[13,20.5,7],"to":[15,22.5,9],"rotation":{"angle":0,"axis":"y","origin":[8,8,8]},"faces":{"north":{"uv":[5.25,5.375,5.75,5.875],"texture":"#1"},"east":{"uv":[5.25,5.375,5.75,5.875],"texture":"#1"},"south":{"uv":[5.25,5.375,5.75,5.875],"texture":"#1"},"west":{"uv":[5.25,5.375,5.75,5.875],"texture":"#1"},"up":{"uv":[5.25,5.375,5.75,5.875],"rotation":90,"texture":"#1"},"down":{"uv":[5.25,5.375,5.75,5.875],"rotation":270,"texture":"#1"}}},{"from":[7,20.5,1],"to":[9,22.5,3],"rotation":{"angle":0,"axis":"y","origin":[8,8,8]},"faces":{"north":{"uv":[5.25,5.375,5.75,5.875],"texture":"#1"},"east":{"uv":[5.25,5.375,5.75,5.875],"texture":"#1"},"south":{"uv":[5.25,5.375,5.75,5.875],"texture":"#1"},"west":{"uv":[5.25,5.375,5.75,5.875],"texture":"#1"},"up":{"uv":[5.25,5.375,5.75,5.875],"rotation":90,"texture":"#1"},"down":{"uv":[5.25,5.375,5.75,5.875],"rotation":270,"texture":"#1"}}},{"from":[7,23.5,1],"to":[9,25.5,3],"rotation":{"angle":0,"axis":"y","origin":[8,8,8]},"faces":{"north":{"uv":[5.25,5.375,5.75,5.875],"texture":"#1"},"east":{"uv":[5.25,5.375,5.75,5.875],"texture":"#1"},"south":{"uv":[5.25,5.375,5.75,5.875],"texture":"#1"},"west":{"uv":[5.25,5.375,5.75,5.875],"texture":"#1"},"up":{"uv":[5.25,5.375,5.75,5.875],"rotation":90,"texture":"#1"},"down":{"uv":[5.25,5.375,5.75,5.875],"rotation":270,"texture":"#1"}}},{"from":[11,19,6],"to":[13,27,10],"rotation":{"angle":0,"axis":"y","origin":[8,8,8]},"faces":{"north":{"uv":[8.5,6.5,9,8.5],"texture":"#1"},"east":{"uv":[6,5,7,7],"texture":"#1"},"south":{"uv":[8.5,1.5,9,3.5],"texture":"#1"},"west":{"uv":[6.25,0,7.25,2],"texture":"#1"},"up":{"uv":[11,7.25,10,6.75],"rotation":90,"texture":"#1"},"down":{"uv":[11,7.25,10,7.75],"rotation":270,"texture":"#1"}}},{"from":[6,19,11],"to":[10,27,13],"rotation":{"angle":0,"axis":"y","origin":[8,8,8]},"faces":{"north":{"uv":[5,5,6,7],"texture":"#1"},"east":{"uv":[1.5,8.25,2,10.25],"texture":"#1"},"south":{"uv":[5.25,0,6.25,2],"texture":"#1"},"west":{"uv":[6.5,2,7,4],"texture":"#1"},"up":{"uv":[2,5,1.5,4],"rotation":270,"texture":"#1"},"down":{"uv":[7,4,6.5,5],"rotation":90,"texture":"#1"}}},{"from":[1,23.5,7],"to":[3,25.5,9],"rotation":{"angle":0,"axis":"y","origin":[8,8,8]},"faces":{"north":{"uv":[5.25,5.375,5.75,5.875],"texture":"#1"},"east":{"uv":[5.25,5.375,5.75,5.875],"texture":"#1"},"south":{"uv":[5.25,5.375,5.75,5.875],"texture":"#1"},"west":{"uv":[5.25,5.375,5.75,5.875],"texture":"#1"},"up":{"uv":[5.25,5.375,5.75,5.875],"rotation":270,"texture":"#1"},"down":{"uv":[5.25,5.375,5.75,5.875],"rotation":90,"texture":"#1"}}},{"from":[1,20.5,7],"to":[3,22.5,9],"rotation":{"angle":0,"axis":"y","origin":[8,8,8]},"faces":{"north":{"uv":[5.25,5.375,5.75,5.875],"texture":"#1"},"east":{"uv":[5.25,5.375,5.75,5.875],"texture":"#1"},"south":{"uv":[5.25,5.375,5.75,5.875],"texture":"#1"},"west":{"uv":[5.25,5.375,5.75,5.875],"texture":"#1"},"up":{"uv":[5.25,5.375,5.75,5.875],"rotation":270,"texture":"#1"},"down":{"uv":[5.25,5.375,5.75,5.875],"rotation":90,"texture":"#1"}}},{"from":[7,20.5,13],"to":[9,22.5,15],"rotation":{"angle":0,"axis":"y","origin":[8,8,8]},"faces":{"north":{"uv":[5.25,5.375,5.75,5.875],"texture":"#1"},"east":{"uv":[5.25,5.375,5.75,5.875],"texture":"#1"},"south":{"uv":[5.25,5.375,5.75,5.875],"texture":"#1"},"west":{"uv":[5.25,5.375,5.75,5.875],"texture":"#1"},"up":{"uv":[5.25,5.375,5.75,5.875],"rotation":270,"texture":"#1"},"down":{"uv":[5.25,5.375,5.75,5.875],"rotation":90,"texture":"#1"}}},{"from":[7,23.5,13],"to":[9,25.5,15],"rotation":{"angle":0,"axis":"y","origin":[8,8,8]},"faces":{"north":{"uv":[5.25,5.375,5.75,5.875],"texture":"#1"},"east":{"uv":[5.25,5.375,5.75,5.875],"texture":"#1"},"south":{"uv":[5.25,5.375,5.75,5.875],"texture":"#1"},"west":{"uv":[5.25,5.375,5.75,5.875],"texture":"#1"},"up":{"uv":[5.25,5.375,5.75,5.875],"rotation":270,"texture":"#1"},"down":{"uv":[5.25,5.375,5.75,5.875],"rotation":90,"texture":"#1"}}},{"from":[3,19,6],"to":[5,27,10],"rotation":{"angle":0,"axis":"y","origin":[8,8,8]},"faces":{"north":{"uv":[8.5,1.5,9,3.5],"texture":"#1"},"east":{"uv":[6.25,0,7.25,2],"texture":"#1"},"south":{"uv":[8.5,6.5,9,8.5],"texture":"#1"},"west":{"uv":[6,5,7,7],"texture":"#1"},"up":{"uv":[11,7.25,10,6.75],"rotation":270,"texture":"#1"},"down":{"uv":[11,7.25,10,7.75],"rotation":90,"texture":"#1"}}},{"from":[6,11,6],"to":[10,17,10],"rotation":{"angle":0,"axis":"y","origin":[8,8,8]},"faces":{"north":{"uv":[7.5,6.5,8.5,8],"texture":"#1"},"east":{"uv":[7.5,1.5,8.5,3],"texture":"#1"},"south":{"uv":[7.5,3,8.5,4.5],"texture":"#1"},"west":{"uv":[3.5,7.5,4.5,9],"texture":"#1"},"up":{"uv":[9.5,4.5,8.5,3.5],"rotation":90,"texture":"#1"},"down":{"uv":[9.5,8.5,8.5,9.5],"rotation":270,"texture":"#1"}}},{"from":[7,-7,7],"to":[9,6,9],"rotation":{"angle":0,"axis":"y","origin":[8,8,8]},"faces":{"north":{"uv":[5,7,5.5,10.25],"texture":"#1"},"east":{"uv":[4.5,5.5,5,8.75],"texture":"#1"},"south":{"uv":[1,6,1.5,9.25],"texture":"#1"},"west":{"uv":[7,2,7.5,5.25],"texture":"#1"},"up":{"uv":[2,5.5,1.5,5],"rotation":90,"texture":"#1"},"down":{"uv":[7.5,6.5,7,7],"rotation":270,"texture":"#1"}}},{"from":[6,6,6],"to":[10,10,10],"rotation":{"angle":0,"axis":"y","origin":[8,8,8]},"faces":{"north":{"uv":[9,2.5,10,3.5],"texture":"#1"},"east":{"uv":[8.75,4.5,9.75,5.5],"texture":"#1"},"south":{"uv":[8.75,5.5,9.75,6.5],"texture":"#1"},"west":{"uv":[9,1.5,10,2.5],"texture":"#1"},"up":{"uv":[4.5,10,3.5,9],"rotation":90,"texture":"#1"},"down":{"uv":[6.5,9,5.5,10],"rotation":270,"texture":"#1"}}},{"from":[6.5,4,6.5],"to":[9.5,5,9.5],"rotation":{"angle":0,"axis":"y","origin":[8,8,8]},"faces":{"north":{"uv":[0,10.75,0.75,11],"texture":"#1"},"east":{"uv":[5.25,3.25,6,3.5],"texture":"#1"},"south":{"uv":[10.5,6,11.25,6.25],"texture":"#1"},"west":{"uv":[10,10.5,10.75,10.75],"texture":"#1"},"up":{"uv":[8.25,5.25,7.5,4.5],"rotation":90,"texture":"#1"},"down":{"uv":[10.5,5.5,9.75,6.25],"rotation":270,"texture":"#1"}}},{"from":[6.5,10,6.5],"to":[9.5,11,9.5],"rotation":{"angle":0,"axis":"y","origin":[8,8,8]},"faces":{"north":{"uv":[10.75,1.75,11.5,2],"texture":"#1"},"east":{"uv":[0.75,10.75,1.5,11],"texture":"#1"},"south":{"uv":[1.5,10.75,2.25,11],"texture":"#1"},"west":{"uv":[10.75,1.5,11.5,1.75],"texture":"#1"},"up":{"uv":[10.75,2.25,10,1.5],"rotation":90,"texture":"#1"},"down":{"uv":[10.75,2.25,10,3],"rotation":270,"texture":"#1"}}},{"from":[6.5,-12,6.5],"to":[9.5,-10,9.5],"rotation":{"angle":0,"axis":"y","origin":[8,8,8]},"faces":{"north":{"uv":[10.25,0,11,0.5],"texture":"#1"},"east":{"uv":[9.25,10,10,10.5],"texture":"#1"},"south":{"uv":[10,10,10.75,10.5],"texture":"#1"},"west":{"uv":[0,10.25,0.75,10.75],"texture":"#1"},"up":{"uv":[4.25,10.75,3.5,10],"rotation":90,"texture":"#1"},"down":{"uv":[5,10,4.25,10.75],"rotation":270,"texture":"#1"}}},{"from":[6,-6.02082,-6.02082],"to":[10,-2.02082,-2.02082],"rotation":{"angle":-45,"axis":"x","origin":[8,8,8]},"faces":{"north":{"uv":[0,9.25,1,10.25],"texture":"#1"},"east":{"uv":[6.5,9,7.5,10],"texture":"#1"},"south":{"uv":[9,6.5,10,7.5],"texture":"#1"},"west":{"uv":[9,7.5,10,8.5],"texture":"#1"},"up":{"uv":[10.25,1,9.25,0],"rotation":90,"texture":"#1"},"down":{"uv":[8.5,9.25,7.5,10.25],"rotation":270,"texture":"#1"}}},{"from":[6.75,-13.5,6.75],"to":[9.25,-12,9.25],"rotation":{"angle":22.5,"axis":"y","origin":[8,8,8]},"faces":{"north":{"uv":[9.25,10.5,9.875,10.875],"texture":"#1"},"east":{"uv":[7.5,10.25,8.125,10.625],"texture":"#1"},"south":{"uv":[10.25,9.5,10.875,9.875],"texture":"#1"},"west":{"uv":[10.5,5.5,11.125,5.875],"texture":"#1"},"up":{"uv":[10.625,8.375,10,7.75],"rotation":90,"texture":"#1"},"down":{"uv":[9.125,10,8.5,10.625],"rotation":270,"texture":"#1"}}},{"from":[7,-14.5,7],"to":[9,-13.5,9],"rotation":{"angle":45,"axis":"y","origin":[8,8,8]},"faces":{"north":{"uv":[5,10.5,5.5,10.75],"texture":"#1"},"east":{"uv":[6,3.25,6.5,3.5],"texture":"#1"},"south":{"uv":[4.5,9.75,5,10],"texture":"#1"},"west":{"uv":[5,10.25,5.5,10.5],"texture":"#1"},"up":{"uv":[7.5,10.5,7,10],"rotation":90,"texture":"#1"},"down":{"uv":[3.5,10.25,3,10.75],"rotation":270,"texture":"#1"}}},{"from":[7.5,-15.5,7.5],"to":[8.5,-14.5,8.5],"rotation":{"angle":-22.5,"axis":"y","origin":[8,8,8]},"faces":{"north":{"uv":[8.25,10.25,8.5,10.5],"texture":"#1"},"east":{"uv":[7.25,1.5,7.5,1.75],"texture":"#1"},"south":{"uv":[7.25,1.75,7.5,2],"texture":"#1"},"west":{"uv":[9.75,6.25,10,6.5],"texture":"#1"},"up":{"uv":[7.25,10.75,7,10.5],"rotation":90,"texture":"#1"},"down":{"uv":[7.5,10.5,7.25,10.75],"rotation":270,"texture":"#1"}}},{"from":[8,-11.02082,18.02082],"to":[8,-6.02082,22.02082],"rotation":{"angle":45,"axis":"x","origin":[8,8,8]},"faces":{"north":{"uv":[0,0,0,1.25],"texture":"#1"},"east":{"uv":[5.5,7.75,6.5,9],"texture":"#1"},"south":{"uv":[0,0,0,1.25],"texture":"#1"},"west":{"uv":[6.5,7.75,5.5,9],"texture":"#1"},"up":{"uv":[1,0,0,0],"rotation":90,"texture":"#1"},"down":{"uv":[1,0,0,0],"rotation":270,"texture":"#1"}}},{"from":[8,-11.02082,-6.02082],"to":[8,-6.02082,-2.02082],"rotation":{"angle":-45,"axis":"x","origin":[8,8,8]},"faces":{"north":{"uv":[0,0,0,1.25],"texture":"#1"},"east":{"uv":[6.5,7.75,5.5,9],"texture":"#1"},"south":{"uv":[0,0,0,1.25],"texture":"#1"},"west":{"uv":[5.5,7.75,6.5,9],"texture":"#1"},"up":{"uv":[0,0,1,0],"rotation":90,"texture":"#1"},"down":{"uv":[0,0,1,0],"rotation":270,"texture":"#1"}}},{"from":[6.5,-8,6.5],"to":[9.5,-6,9.5],"rotation":{"angle":0,"axis":"y","origin":[8,8,8]},"faces":{"north":{"uv":[2.25,10.25,3,10.75],"texture":"#1"},"east":{"uv":[10.25,0.5,11,1],"texture":"#1"},"south":{"uv":[0.75,10.25,1.5,10.75],"texture":"#1"},"west":{"uv":[1.5,10.25,2.25,10.75],"texture":"#1"},"up":{"uv":[6.25,10.75,5.5,10],"rotation":90,"texture":"#1"},"down":{"uv":[7,10,6.25,10.75],"rotation":270,"texture":"#1"}}}],"gui_light":"front","display":{"thirdperson_righthand":{"translation":[0,3,1.25],"scale":[0.6,0.6,0.6]},"thirdperson_lefthand":{"translation":[0,3,1.25],"scale":[0.6,0.6,0.6]},"firstperson_righthand":{"rotation":[-12,15,3],"translation":[3.5,3.75,-1.75],"scale":[0.53125,0.53125,0.53125]},"firstperson_lefthand":{"rotation":[-12,15,3],"translation":[3.5,3.75,-1.75],"scale":[0.53125,0.53125,0.53125]},"ground":{"rotation":[0,0,90],"translation":[-3,0.25,0],"scale":[0.5,0.5,0.5]},"gui":{"rotation":[90,135,-90],"translation":[0,-0.25,-1.25],"scale":[0.41656,0.41656,0.41656]},"head":{"rotation":[90,-168,90],"translation":[-0.5,10.5,0],"scale":[0.56,0.56,0.56]},"fixed":{"rotation":[0,90,0],"translation":[0,3,-2.25],"scale":[1.07898,1.07898,1.07898]}}}