{"credit":"Made with Blockbench","texture_size":[128,128],"textures":{"0":"elitecreatures:christmas_eve_2023/shield_texture","particle":"elitecreatures:christmas_eve_2023/shield_texture"},"elements":[{"from":[8,-6,5],"to":[16,10,7],"rotation":{"angle":-22.5,"axis":"y","origin":[8,2,5]},"faces":{"north":{"uv":[2.375,1.5,3.375,3.5],"texture":"#0"},"east":{"uv":[5.625,6,5.875,8],"texture":"#0"},"south":{"uv":[0,2.5,1,4.5],"texture":"#0"},"west":{"uv":[0.5,6.25,0.75,8.25],"texture":"#0"},"up":{"uv":[9.375,6.25,8.375,6],"texture":"#0"},"down":{"uv":[9.5,2.375,8.5,2.625],"texture":"#0"}}},{"from":[0,-6,5],"to":[8,10,7],"rotation":{"angle":22.5,"axis":"y","origin":[8,2,5]},"faces":{"north":{"uv":[3.375,1.5,4.375,3.5],"texture":"#0"},"east":{"uv":[2.75,6.25,3,8.25],"texture":"#0"},"south":{"uv":[2.375,3.5,3.375,5.5],"texture":"#0"},"west":{"uv":[2,6.375,2.25,8.375],"texture":"#0"},"up":{"uv":[9.75,4.5,8.75,4.25],"texture":"#0"},"down":{"uv":[9.875,1,8.875,1.25],"texture":"#0"}}},{"from":[7,-1.5,10],"to":[9,5.5,12],"rotation":{"angle":0,"axis":"y","origin":[8,2,5]},"faces":{"north":{"uv":[3.4375,10.875,3.6875,11.75],"texture":"#0"},"east":{"uv":[2.6875,10.875,2.9375,11.75],"texture":"#0"},"south":{"uv":[3.1875,10.875,3.4375,11.75],"texture":"#0"},"west":{"uv":[2.9375,10.875,3.1875,11.75],"texture":"#0"},"up":{"uv":[2.6875,11.75,2.9375,12],"texture":"#0"},"down":{"uv":[2.9375,11.75,3.1875,12],"texture":"#0"}}},{"from":[7,10,5],"to":[9,13,7],"rotation":{"angle":0,"axis":"y","origin":[8,10,6]},"faces":{"north":{"uv":[6.875,1.625,7.125,2],"texture":"#0"},"east":{"uv":[0.75,7.5,1,7.875],"texture":"#0"},"south":{"uv":[2.75,8.25,3,8.625],"texture":"#0"},"west":{"uv":[8.5,0,8.75,0.375],"texture":"#0"},"up":{"uv":[8.5,1.625,8.25,1.375],"texture":"#0"},"down":{"uv":[9.125,10.375,8.875,10.625],"texture":"#0"}}},{"from":[4.87868,11.12132,4],"to":[6.87868,13.12132,8],"rotation":{"angle":-45,"axis":"z","origin":[8,10,6]},"faces":{"north":{"uv":[9.375,10.375,9.625,10.625],"texture":"#0"},"east":{"uv":[1,3.625,1.5,3.875],"texture":"#0"},"south":{"uv":[10.375,9.5,10.625,9.75],"texture":"#0"},"west":{"uv":[7.125,6.25,7.625,6.5],"texture":"#0"},"up":{"uv":[7.25,9.875,7,9.375],"texture":"#0"},"down":{"uv":[9.875,0,9.625,0.5],"texture":"#0"}}},{"from":[5,8,4],"to":[8,11,8],"rotation":{"angle":45,"axis":"z","origin":[8,11,6]},"faces":{"north":{"uv":[2,4.875,2.375,5.25],"texture":"#0"},"east":{"uv":[6.75,9,7.25,9.375],"texture":"#0"},"south":{"uv":[7.375,8.5,7.75,8.875],"texture":"#0"},"west":{"uv":[9.125,2.625,9.625,3],"texture":"#0"},"up":{"uv":[9.5,3.5,9.125,3],"texture":"#0"},"down":{"uv":[0.375,9.25,0,9.75],"texture":"#0"}}},{"from":[5,11,5],"to":[7,14,7],"rotation":{"angle":45,"axis":"z","origin":[8,11,6]},"faces":{"north":{"uv":[6.5,10,6.75,10.375],"texture":"#0"},"east":{"uv":[6.75,10,7,10.375],"texture":"#0"},"south":{"uv":[8.75,10,9,10.375],"texture":"#0"},"west":{"uv":[9,10,9.25,10.375],"texture":"#0"},"up":{"uv":[9.375,10.625,9.125,10.375],"texture":"#0"},"down":{"uv":[10.625,9.25,10.375,9.5],"texture":"#0"}}},{"from":[9,11,5],"to":[11,14,7],"rotation":{"angle":-45,"axis":"z","origin":[8,11,6]},"faces":{"north":{"uv":[9.25,10,9.5,10.375],"texture":"#0"},"east":{"uv":[9.5,10,9.75,10.375],"texture":"#0"},"south":{"uv":[9.75,10,10,10.375],"texture":"#0"},"west":{"uv":[10,10,10.25,10.375],"texture":"#0"},"up":{"uv":[10.75,0.25,10.5,0],"texture":"#0"},"down":{"uv":[10.75,0.25,10.5,0.5],"texture":"#0"}}},{"from":[10.53553,10.70711,4.975],"to":[12.53553,12.70711,7.025],"rotation":{"angle":0,"axis":"y","origin":[11.53553,11.70711,6]},"faces":{"north":{"uv":[10.75,0.5,10.5,0.75],"texture":"#0"},"east":{"uv":[9.5,2.375,9.75,2.625],"texture":"#0"},"south":{"uv":[10.5,0.75,10.75,1],"texture":"#0"},"west":{"uv":[9.625,1.25,9.875,1.5],"texture":"#0"},"up":{"uv":[2.625,10.125,2.375,9.875],"rotation":90,"texture":"#0"},"down":{"uv":[2.875,9.625,2.625,9.875],"texture":"#0"}}},{"from":[3.46447,10.70711,4.975],"to":[5.46447,12.70711,7.025],"rotation":{"angle":0,"axis":"y","origin":[4.46447,11.70711,6]},"faces":{"north":{"uv":[10.5,0.5,10.75,0.75],"texture":"#0"},"east":{"uv":[9.875,1.25,9.625,1.5],"texture":"#0"},"south":{"uv":[10.75,0.75,10.5,1],"texture":"#0"},"west":{"uv":[9.75,2.375,9.5,2.625],"texture":"#0"},"up":{"uv":[2.625,9.875,2.375,10.125],"rotation":90,"texture":"#0"},"down":{"uv":[2.625,9.625,2.875,9.875],"texture":"#0"}}},{"from":[5,10,5.5],"to":[11,15,6.5],"rotation":{"angle":0,"axis":"y","origin":[8,10,6]},"faces":{"north":{"uv":[3.25,6.625,4,7.25],"texture":"#0"},"east":{"uv":[3.25,5.5,3.375,6.125],"texture":"#0"},"south":{"uv":[6.625,3.5,7.375,4.125],"texture":"#0"},"west":{"uv":[6.375,8.25,6.5,8.875],"texture":"#0"},"up":{"uv":[10.625,4.25,9.875,4.125],"texture":"#0"},"down":{"uv":[10.75,2.5,10,2.625],"texture":"#0"}}},{"from":[6.75,10.75,5.475],"to":[11,15,6.525],"rotation":{"angle":-45,"axis":"z","origin":[11,15,6]},"faces":{"north":{"uv":[3.375,7.75,3.9375,8.3125],"texture":"#0"},"east":{"uv":[6.5,10.375,6.625,10.9375],"texture":"#0"},"south":{"uv":[4,7.75,4.5625,8.3125],"texture":"#0"},"west":{"uv":[10.375,6.5,10.5,7.0625],"texture":"#0"},"up":{"uv":[10.9375,5.875,10.375,5.75],"texture":"#0"},"down":{"uv":[10.9375,5.875,10.375,6],"texture":"#0"}}},{"from":[6.75,-8.5,6.475],"to":[11,-4.25,7.525],"rotation":{"angle":45,"axis":"z","origin":[11,-8.5,7]},"faces":{"north":{"uv":[3.375,8.3125,3.9375,7.75],"texture":"#0"},"east":{"uv":[6.5,10.9375,6.625,10.375],"texture":"#0"},"south":{"uv":[4,8.3125,4.5625,7.75],"texture":"#0"},"west":{"uv":[10.375,7.0625,10.5,6.5],"texture":"#0"},"up":{"uv":[10.9375,6,10.375,5.875],"texture":"#0"},"down":{"uv":[10.9375,5.75,10.375,5.875],"texture":"#0"}}},{"from":[5,-8.5,6.5],"to":[11,-3.5,7.5],"rotation":{"angle":0,"axis":"y","origin":[8,-3.5,7]},"faces":{"north":{"uv":[3.25,7.25,4,6.625],"texture":"#0"},"east":{"uv":[3.25,6.125,3.375,5.5],"texture":"#0"},"south":{"uv":[6.625,4.125,7.375,3.5],"texture":"#0"},"west":{"uv":[6.375,8.875,6.5,8.25],"texture":"#0"},"up":{"uv":[10.75,2.625,10,2.5],"texture":"#0"},"down":{"uv":[10.625,4.125,9.875,4.25],"texture":"#0"}}},{"from":[1.5,-9,7.5],"to":[3.5,-6,9.5],"rotation":{"angle":-45,"axis":"z","origin":[2.5,-4,8.5]},"faces":{"north":{"uv":[6.875,2,7.125,1.625],"texture":"#0"},"east":{"uv":[0.75,7.875,1,7.5],"texture":"#0"},"south":{"uv":[2.75,8.625,3,8.25],"texture":"#0"},"west":{"uv":[8.5,0.375,8.75,0],"texture":"#0"},"up":{"uv":[9.125,10.625,8.875,10.375],"texture":"#0"},"down":{"uv":[8.5,1.375,8.25,1.625],"texture":"#0"}}},{"from":[-2.03553,-8.53553,6.5],"to":[-0.03553,-6.53553,10.5],"rotation":{"angle":0,"axis":"z","origin":[2.5,-4,8.5]},"faces":{"north":{"uv":[9.375,10.625,9.625,10.375],"texture":"#0"},"east":{"uv":[1,3.875,1.5,3.625],"texture":"#0"},"south":{"uv":[10.375,9.75,10.625,9.5],"texture":"#0"},"west":{"uv":[7.125,6.5,7.625,6.25],"texture":"#0"},"up":{"uv":[9.875,0.5,9.625,0],"texture":"#0"},"down":{"uv":[7.25,9.375,7,9.875],"texture":"#0"}}},{"from":[0.37868,-6.12132,6.5],"to":[3.37868,-3.12132,10.5],"rotation":{"angle":0,"axis":"z","origin":[2.5,-4,8.5]},"faces":{"north":{"uv":[2.375,4.875,2,5.25],"rotation":90,"texture":"#0"},"east":{"uv":[0,9.25,0.375,9.75],"rotation":270,"texture":"#0"},"south":{"uv":[7.75,8.5,7.375,8.875],"rotation":270,"texture":"#0"},"west":{"uv":[9.125,3.5,9.5,3],"rotation":270,"texture":"#0"},"up":{"uv":[9.625,2.625,9.125,3],"rotation":270,"texture":"#0"},"down":{"uv":[7.25,9,6.75,9.375],"rotation":270,"texture":"#0"}}},{"from":[-2.62132,-5.12132,7.5],"to":[0.37868,-3.12132,9.5],"rotation":{"angle":0,"axis":"z","origin":[2.5,-4,8.5]},"faces":{"north":{"uv":[6.75,10,6.5,10.375],"rotation":90,"texture":"#0"},"east":{"uv":[10.375,9.25,10.625,9.5],"rotation":270,"texture":"#0"},"south":{"uv":[9,10,8.75,10.375],"rotation":270,"texture":"#0"},"west":{"uv":[9.125,10.625,9.375,10.375],"rotation":270,"texture":"#0"},"up":{"uv":[9.25,10,9,10.375],"rotation":270,"texture":"#0"},"down":{"uv":[7,10,6.75,10.375],"rotation":270,"texture":"#0"}}},{"from":[1.37868,-9.12132,7.5],"to":[3.37868,-6.12132,9.5],"rotation":{"angle":0,"axis":"z","origin":[2.5,-4,8.5]},"faces":{"north":{"uv":[9.25,10.375,9.5,10],"texture":"#0"},"east":{"uv":[9.5,10.375,9.75,10],"texture":"#0"},"south":{"uv":[9.75,10.375,10,10],"texture":"#0"},"west":{"uv":[10,10.375,10.25,10],"texture":"#0"},"up":{"uv":[10.75,0.5,10.5,0.25],"texture":"#0"},"down":{"uv":[10.75,0,10.5,0.25],"texture":"#0"}}},{"from":[5.03553,-8.70711,7.475],"to":[7.03553,-6.70711,9.525],"rotation":{"angle":-45,"axis":"z","origin":[2.5,-4,8.5]},"faces":{"north":{"uv":[10.75,0.75,10.5,0.5],"texture":"#0"},"east":{"uv":[9.5,2.625,9.75,2.375],"texture":"#0"},"south":{"uv":[10.5,1,10.75,0.75],"texture":"#0"},"west":{"uv":[9.625,1.5,9.875,1.25],"texture":"#0"},"up":{"uv":[2.875,9.875,2.625,9.625],"texture":"#0"},"down":{"uv":[2.375,10.125,2.625,9.875],"rotation":90,"texture":"#0"}}},{"from":[-2.03553,-8.70711,7.475],"to":[-0.03553,-6.70711,9.525],"rotation":{"angle":-45,"axis":"z","origin":[2.5,-4,8.5]},"faces":{"north":{"uv":[10.5,0.75,10.75,0.5],"texture":"#0"},"east":{"uv":[9.875,1.5,9.625,1.25],"texture":"#0"},"south":{"uv":[10.75,1,10.5,0.75],"texture":"#0"},"west":{"uv":[9.75,2.625,9.5,2.375],"texture":"#0"},"up":{"uv":[2.625,9.875,2.875,9.625],"texture":"#0"},"down":{"uv":[2.375,9.875,2.625,10.125],"rotation":90,"texture":"#0"}}},{"from":[12.5,-9,7.5],"to":[14.5,-6,9.5],"rotation":{"angle":45,"axis":"z","origin":[13.5,-4,8.5]},"faces":{"north":{"uv":[7.125,2,6.875,1.625],"texture":"#0"},"east":{"uv":[8.75,0.375,8.5,0],"texture":"#0"},"south":{"uv":[3,8.625,2.75,8.25],"texture":"#0"},"west":{"uv":[1,7.875,0.75,7.5],"texture":"#0"},"up":{"uv":[8.875,10.625,9.125,10.375],"texture":"#0"},"down":{"uv":[8.25,1.375,8.5,1.625],"texture":"#0"}}},{"from":[16.03553,-8.53553,6.5],"to":[18.03553,-6.53553,10.5],"rotation":{"angle":0,"axis":"z","origin":[13.5,-4,8.5]},"faces":{"north":{"uv":[9.625,10.625,9.375,10.375],"texture":"#0"},"east":{"uv":[7.625,6.5,7.125,6.25],"texture":"#0"},"south":{"uv":[10.625,9.75,10.375,9.5],"texture":"#0"},"west":{"uv":[1.5,3.875,1,3.625],"texture":"#0"},"up":{"uv":[9.625,0.5,9.875,0],"texture":"#0"},"down":{"uv":[7,9.375,7.25,9.875],"texture":"#0"}}},{"from":[12.62132,-6.12132,6.5],"to":[15.62132,-3.12132,10.5],"rotation":{"angle":0,"axis":"z","origin":[13.5,-4,8.5]},"faces":{"north":{"uv":[2.375,5.25,2,4.875],"rotation":90,"texture":"#0"},"east":{"uv":[9.125,3,9.5,3.5],"rotation":270,"texture":"#0"},"south":{"uv":[7.75,8.875,7.375,8.5],"rotation":270,"texture":"#0"},"west":{"uv":[0,9.75,0.375,9.25],"rotation":270,"texture":"#0"},"up":{"uv":[9.625,3,9.125,2.625],"rotation":270,"texture":"#0"},"down":{"uv":[7.25,9.375,6.75,9],"rotation":270,"texture":"#0"}}},{"from":[15.62132,-5.12132,7.5],"to":[18.62132,-3.12132,9.5],"rotation":{"angle":0,"axis":"z","origin":[13.5,-4,8.5]},"faces":{"north":{"uv":[6.75,10.375,6.5,10],"rotation":90,"texture":"#0"},"east":{"uv":[9.125,10.375,9.375,10.625],"rotation":270,"texture":"#0"},"south":{"uv":[9,10.375,8.75,10],"rotation":270,"texture":"#0"},"west":{"uv":[10.375,9.5,10.625,9.25],"rotation":270,"texture":"#0"},"up":{"uv":[9.25,10.375,9,10],"rotation":270,"texture":"#0"},"down":{"uv":[7,10.375,6.75,10],"rotation":270,"texture":"#0"}}},{"from":[12.62132,-9.12132,7.5],"to":[14.62132,-6.12132,9.5],"rotation":{"angle":0,"axis":"z","origin":[13.5,-4,8.5]},"faces":{"north":{"uv":[9.5,10.375,9.25,10],"texture":"#0"},"east":{"uv":[10.25,10.375,10,10],"texture":"#0"},"south":{"uv":[10,10.375,9.75,10],"texture":"#0"},"west":{"uv":[9.75,10.375,9.5,10],"texture":"#0"},"up":{"uv":[10.5,0.5,10.75,0.25],"texture":"#0"},"down":{"uv":[10.5,0,10.75,0.25],"texture":"#0"}}},{"from":[8.96447,-8.70711,7.475],"to":[10.96447,-6.70711,9.525],"rotation":{"angle":45,"axis":"z","origin":[13.5,-4,8.5]},"faces":{"north":{"uv":[10.5,0.75,10.75,0.5],"texture":"#0"},"east":{"uv":[9.875,1.5,9.625,1.25],"texture":"#0"},"south":{"uv":[10.75,1,10.5,0.75],"texture":"#0"},"west":{"uv":[9.75,2.625,9.5,2.375],"texture":"#0"},"up":{"uv":[2.625,9.875,2.875,9.625],"texture":"#0"},"down":{"uv":[2.375,9.875,2.625,10.125],"rotation":90,"texture":"#0"}}},{"from":[16.03553,-8.70711,7.475],"to":[18.03553,-6.70711,9.525],"rotation":{"angle":45,"axis":"z","origin":[13.5,-4,8.5]},"faces":{"north":{"uv":[10.75,0.75,10.5,0.5],"texture":"#0"},"east":{"uv":[9.5,2.625,9.75,2.375],"texture":"#0"},"south":{"uv":[10.5,1,10.75,0.75],"texture":"#0"},"west":{"uv":[9.625,1.5,9.875,1.25],"texture":"#0"},"up":{"uv":[2.875,9.875,2.625,9.625],"texture":"#0"},"down":{"uv":[2.375,10.125,2.625,9.875],"rotation":90,"texture":"#0"}}},{"from":[12.5,10,7.5],"to":[14.5,13,9.5],"rotation":{"angle":-45,"axis":"z","origin":[13.5,8,8.5]},"faces":{"north":{"uv":[7.125,1.625,6.875,2],"texture":"#0"},"east":{"uv":[8.75,0,8.5,0.375],"texture":"#0"},"south":{"uv":[3,8.25,2.75,8.625],"texture":"#0"},"west":{"uv":[1,7.5,0.75,7.875],"texture":"#0"},"up":{"uv":[8.25,1.625,8.5,1.375],"texture":"#0"},"down":{"uv":[8.875,10.375,9.125,10.625],"texture":"#0"}}},{"from":[16.03553,10.53553,6.5],"to":[18.03553,12.53553,10.5],"rotation":{"angle":0,"axis":"z","origin":[13.5,8,8.5]},"faces":{"north":{"uv":[9.625,10.375,9.375,10.625],"texture":"#0"},"east":{"uv":[7.625,6.25,7.125,6.5],"texture":"#0"},"south":{"uv":[10.625,9.5,10.375,9.75],"texture":"#0"},"west":{"uv":[1.5,3.625,1,3.875],"texture":"#0"},"up":{"uv":[7,9.875,7.25,9.375],"texture":"#0"},"down":{"uv":[9.625,0,9.875,0.5],"texture":"#0"}}},{"from":[12.62132,7.12132,6.5],"to":[15.62132,10.12132,10.5],"rotation":{"angle":0,"axis":"z","origin":[13.5,8,8.5]},"faces":{"north":{"uv":[2,5.25,2.375,4.875],"rotation":90,"texture":"#0"},"east":{"uv":[9.5,3,9.125,3.5],"rotation":270,"texture":"#0"},"south":{"uv":[7.375,8.875,7.75,8.5],"rotation":270,"texture":"#0"},"west":{"uv":[0.375,9.75,0,9.25],"rotation":270,"texture":"#0"},"up":{"uv":[6.75,9.375,7.25,9],"rotation":270,"texture":"#0"},"down":{"uv":[9.125,3,9.625,2.625],"rotation":270,"texture":"#0"}}},{"from":[15.62132,7.12132,7.5],"to":[18.62132,9.12132,9.5],"rotation":{"angle":0,"axis":"z","origin":[13.5,8,8.5]},"faces":{"north":{"uv":[6.5,10.375,6.75,10],"rotation":90,"texture":"#0"},"east":{"uv":[9.375,10.375,9.125,10.625],"rotation":270,"texture":"#0"},"south":{"uv":[8.75,10.375,9,10],"rotation":270,"texture":"#0"},"west":{"uv":[10.625,9.5,10.375,9.25],"rotation":270,"texture":"#0"},"up":{"uv":[6.75,10.375,7,10],"rotation":270,"texture":"#0"},"down":{"uv":[9,10.375,9.25,10],"rotation":270,"texture":"#0"}}},{"from":[12.62132,10.12132,7.5],"to":[14.62132,13.12132,9.5],"rotation":{"angle":0,"axis":"z","origin":[13.5,8,8.5]},"faces":{"north":{"uv":[9.5,10,9.25,10.375],"texture":"#0"},"east":{"uv":[10.25,10,10,10.375],"texture":"#0"},"south":{"uv":[10,10,9.75,10.375],"texture":"#0"},"west":{"uv":[9.75,10,9.5,10.375],"texture":"#0"},"up":{"uv":[10.5,0.25,10.75,0],"texture":"#0"},"down":{"uv":[10.5,0.25,10.75,0.5],"texture":"#0"}}},{"from":[8.96447,10.70711,7.475],"to":[10.96447,12.70711,9.525],"rotation":{"angle":-45,"axis":"z","origin":[13.5,8,8.5]},"faces":{"north":{"uv":[10.5,0.5,10.75,0.75],"texture":"#0"},"east":{"uv":[9.875,1.25,9.625,1.5],"texture":"#0"},"south":{"uv":[10.75,0.75,10.5,1],"texture":"#0"},"west":{"uv":[9.75,2.375,9.5,2.625],"texture":"#0"},"up":{"uv":[2.625,9.875,2.375,10.125],"rotation":90,"texture":"#0"},"down":{"uv":[2.625,9.625,2.875,9.875],"texture":"#0"}}},{"from":[16.03553,10.70711,7.475],"to":[18.03553,12.70711,9.525],"rotation":{"angle":-45,"axis":"z","origin":[13.5,8,8.5]},"faces":{"north":{"uv":[10.75,0.5,10.5,0.75],"texture":"#0"},"east":{"uv":[9.5,2.375,9.75,2.625],"texture":"#0"},"south":{"uv":[10.5,0.75,10.75,1],"texture":"#0"},"west":{"uv":[9.625,1.25,9.875,1.5],"texture":"#0"},"up":{"uv":[2.625,10.125,2.375,9.875],"rotation":90,"texture":"#0"},"down":{"uv":[2.875,9.625,2.625,9.875],"texture":"#0"}}},{"from":[1.5,10,7.5],"to":[3.5,13,9.5],"rotation":{"angle":45,"axis":"z","origin":[2.5,8,8.5]},"faces":{"north":{"uv":[6.875,1.625,7.125,2],"texture":"#0"},"east":{"uv":[0.75,7.5,1,7.875],"texture":"#0"},"south":{"uv":[2.75,8.25,3,8.625],"texture":"#0"},"west":{"uv":[8.5,0,8.75,0.375],"texture":"#0"},"up":{"uv":[8.5,1.625,8.25,1.375],"texture":"#0"},"down":{"uv":[9.125,10.375,8.875,10.625],"texture":"#0"}}},{"from":[-2.03553,10.53553,6.5],"to":[-0.03553,12.53553,10.5],"rotation":{"angle":0,"axis":"z","origin":[2.5,8,8.5]},"faces":{"north":{"uv":[9.375,10.375,9.625,10.625],"texture":"#0"},"east":{"uv":[1,3.625,1.5,3.875],"texture":"#0"},"south":{"uv":[10.375,9.5,10.625,9.75],"texture":"#0"},"west":{"uv":[7.125,6.25,7.625,6.5],"texture":"#0"},"up":{"uv":[7.25,9.875,7,9.375],"texture":"#0"},"down":{"uv":[9.875,0,9.625,0.5],"texture":"#0"}}},{"from":[0.37868,7.12132,6.5],"to":[3.37868,10.12132,10.5],"rotation":{"angle":0,"axis":"z","origin":[2.5,8,8.5]},"faces":{"north":{"uv":[2,4.875,2.375,5.25],"rotation":90,"texture":"#0"},"east":{"uv":[0.375,9.25,0,9.75],"rotation":270,"texture":"#0"},"south":{"uv":[7.375,8.5,7.75,8.875],"rotation":270,"texture":"#0"},"west":{"uv":[9.5,3.5,9.125,3],"rotation":270,"texture":"#0"},"up":{"uv":[6.75,9,7.25,9.375],"rotation":270,"texture":"#0"},"down":{"uv":[9.125,2.625,9.625,3],"rotation":270,"texture":"#0"}}},{"from":[-2.62132,7.12132,7.5],"to":[0.37868,9.12132,9.5],"rotation":{"angle":0,"axis":"z","origin":[2.5,8,8.5]},"faces":{"north":{"uv":[6.5,10,6.75,10.375],"rotation":90,"texture":"#0"},"east":{"uv":[10.625,9.25,10.375,9.5],"rotation":270,"texture":"#0"},"south":{"uv":[8.75,10,9,10.375],"rotation":270,"texture":"#0"},"west":{"uv":[9.375,10.625,9.125,10.375],"rotation":270,"texture":"#0"},"up":{"uv":[6.75,10,7,10.375],"rotation":270,"texture":"#0"},"down":{"uv":[9,10,9.25,10.375],"rotation":270,"texture":"#0"}}},{"from":[1.37868,10.12132,7.5],"to":[3.37868,13.12132,9.5],"rotation":{"angle":0,"axis":"z","origin":[2.5,8,8.5]},"faces":{"north":{"uv":[9.25,10,9.5,10.375],"texture":"#0"},"east":{"uv":[9.5,10,9.75,10.375],"texture":"#0"},"south":{"uv":[9.75,10,10,10.375],"texture":"#0"},"west":{"uv":[10,10,10.25,10.375],"texture":"#0"},"up":{"uv":[10.75,0.25,10.5,0],"texture":"#0"},"down":{"uv":[10.75,0.25,10.5,0.5],"texture":"#0"}}},{"from":[5.03553,10.70711,7.475],"to":[7.03553,12.70711,9.525],"rotation":{"angle":45,"axis":"z","origin":[2.5,8,8.5]},"faces":{"north":{"uv":[10.75,0.5,10.5,0.75],"texture":"#0"},"east":{"uv":[9.5,2.375,9.75,2.625],"texture":"#0"},"south":{"uv":[10.5,0.75,10.75,1],"texture":"#0"},"west":{"uv":[9.625,1.25,9.875,1.5],"texture":"#0"},"up":{"uv":[2.625,10.125,2.375,9.875],"rotation":90,"texture":"#0"},"down":{"uv":[2.875,9.625,2.625,9.875],"texture":"#0"}}},{"from":[-2.03553,10.70711,7.475],"to":[-0.03553,12.70711,9.525],"rotation":{"angle":45,"axis":"z","origin":[2.5,8,8.5]},"faces":{"north":{"uv":[10.5,0.5,10.75,0.75],"texture":"#0"},"east":{"uv":[9.875,1.25,9.625,1.5],"texture":"#0"},"south":{"uv":[10.75,0.75,10.5,1],"texture":"#0"},"west":{"uv":[9.75,2.375,9.5,2.625],"texture":"#0"},"up":{"uv":[2.625,9.875,2.375,10.125],"rotation":90,"texture":"#0"},"down":{"uv":[2.625,9.625,2.875,9.875],"texture":"#0"}}},{"from":[7,5.5,7],"to":[9,7.5,13],"rotation":{"angle":0,"axis":"y","origin":[8,2,5]},"faces":{"north":{"uv":[1.4375,10.875,1.6875,11.125],"texture":"#0"},"east":{"uv":[1.9375,10.875,2.6875,11.125],"texture":"#0"},"south":{"uv":[1.6875,10.875,1.9375,11.125],"texture":"#0"},"west":{"uv":[1.9375,11.125,2.6875,11.375],"texture":"#0"},"up":{"uv":[1.4375,11.125,1.6875,11.875],"texture":"#0"},"down":{"uv":[1.6875,11.125,1.9375,11.875],"texture":"#0"}}},{"from":[7,-3.5,7],"to":[9,-1.5,13],"rotation":{"angle":0,"axis":"y","origin":[8,14,5]},"faces":{"north":{"uv":[1.4375,11.125,1.6875,10.875],"texture":"#0"},"east":{"uv":[1.9375,11.125,2.6875,10.875],"texture":"#0"},"south":{"uv":[1.6875,11.125,1.9375,10.875],"texture":"#0"},"west":{"uv":[1.9375,11.375,2.6875,11.125],"texture":"#0"},"up":{"uv":[1.6875,11.875,1.9375,11.125],"texture":"#0"},"down":{"uv":[1.4375,11.875,1.6875,11.125],"texture":"#0"}}}],"gui_light":"front","display":{"thirdperson_righthand":{"rotation":[0,-90,0],"translation":[4.25,2.75,1.5],"scale":[0.8,0.8,0.8]},"thirdperson_lefthand":{"rotation":[0,-90,0],"translation":[4.25,2.75,1.5],"scale":[0.8,0.8,0.8]},"firstperson_righthand":{"translation":[1.13,3.2,1],"scale":[0.6,0.6,0.6]},"firstperson_lefthand":{"translation":[1.13,3.2,1],"scale":[0.6,0.6,0.6]},"ground":{"rotation":[86,0,0],"translation":[0,0,3.5],"scale":[0.5,0.5,0.5]},"gui":{"rotation":[28,157,0],"translation":[0,2.5,0],"scale":[0.55867,0.55867,0.55867]},"head":{"rotation":[0,180,0],"translation":[0,0,7.25]},"fixed":{"translation":[0,7.25,-0.75],"scale":[1.32031,1.32031,1.32031]}}}