{"credit":"Made with Blockbench","texture_size":[32,32],"textures":{"0":"aceroset:axe","particle":"aceroset:axe"},"elements":[{"from":[3.18629,-9.5,7],"to":[6.18629,-6.5,9],"rotation":{"angle":45,"axis":"z","origin":[-3.31371,0,0.5]},"faces":{"north":{"uv":[9,3.5,10,4.5],"texture":"#0"},"east":{"uv":[8.5,3.5,9,4.5],"texture":"#0"},"south":{"uv":[10.5,3.5,11.5,4.5],"texture":"#0"},"west":{"uv":[10,3.5,10.5,4.5],"texture":"#0"},"up":{"uv":[10,3.5,9,3],"texture":"#0"},"down":{"uv":[11,3,10,3.5],"texture":"#0"}}},{"from":[17.12132,10,7],"to":[21.12132,14,9],"rotation":{"angle":45,"axis":"z","origin":[10.12132,0,0]},"faces":{"north":{"uv":[4,4.5,6,6.5],"texture":"#0"},"east":{"uv":[3,4.5,4,6.5],"texture":"#0"},"south":{"uv":[7,4.5,9,6.5],"texture":"#0"},"west":{"uv":[6,4.5,7,6.5],"texture":"#0"},"up":{"uv":[6,4.5,4,3.5],"texture":"#0"},"down":{"uv":[8,3.5,6,4.5],"texture":"#0"}}},{"from":[6.75,-0.05761,7.25],"to":[9.25,13.44239,8.75],"rotation":{"angle":0,"axis":"y","origin":[2,3.19239,-1.5]},"faces":{"north":{"uv":[0.5,0.5,1.5,7],"texture":"#0"},"east":{"uv":[0,0.5,0.5,7],"texture":"#0"},"south":{"uv":[2,0.5,3,7],"texture":"#0"},"west":{"uv":[1.5,0.5,2,7],"texture":"#0"},"up":{"uv":[1.5,0.5,0.5,0],"texture":"#0"},"down":{"uv":[2.5,0,1.5,0.5],"texture":"#0"}}},{"from":[8,11,7.805],"to":[13,17,8.305],"rotation":{"angle":0,"axis":"y","origin":[16,0,-0.195]},"faces":{"north":{"uv":[6,0.5,3.5,3.5],"texture":"#0"},"east":{"uv":[6.5,0.5,6,3.5],"texture":"#0"},"south":{"uv":[9,0.5,6.5,3.5],"texture":"#0"},"west":{"uv":[3.5,0.5,3,3.5],"texture":"#0"},"up":{"uv":[3.5,0.5,6,0],"texture":"#0"},"down":{"uv":[6,0,8.5,0.5],"texture":"#0"}}},{"from":[17.9,12.9,7.705],"to":[22.1,19.1,8.205],"rotation":{"angle":22.5,"axis":"z","origin":[17,0,-0.195]},"faces":{"north":{"uv":[10,7,8,10],"texture":"#0"},"east":{"uv":[10.5,7,10,10],"texture":"#0"},"south":{"uv":[12.5,7,10.5,10],"texture":"#0"},"west":{"uv":[8,7,7.5,10],"texture":"#0"},"up":{"uv":[8,7,10,6.5],"texture":"#0"},"down":{"uv":[10,6.5,12,7],"texture":"#0"}}},{"from":[7.56171,6.81388,7.695],"to":[11.78171,13.03388,8.195],"rotation":{"angle":-22.5,"axis":"z","origin":[16.67171,0.92388,-0.195]},"faces":{"north":{"uv":[5,7,3,10],"texture":"#0"},"east":{"uv":[5.5,7,5,10],"texture":"#0"},"south":{"uv":[7.5,7,5.5,10],"texture":"#0"},"west":{"uv":[3,7,2.5,10],"texture":"#0"},"up":{"uv":[3,7,5,6.5],"texture":"#0"},"down":{"uv":[5,6.5,7,7],"texture":"#0"}}}],"gui_light":"front","display":{"thirdperson_righthand":{"rotation":[0,90,0],"translation":[0,1,2]},"thirdperson_lefthand":{"rotation":[0,-90,0],"translation":[0,1,2]},"firstperson_righthand":{"rotation":[20,90,0],"translation":[2.5,-1.5,-0.25]},"firstperson_lefthand":{"rotation":[20,-80,0],"translation":[2.5,-1.5,-0.25]},"ground":{"rotation":[-90,0,0]},"gui":{"rotation":[0,-180,45],"translation":[0,-2.25,0],"scale":[0.8,0.8,0.8]},"fixed":{"translation":[0,-0.25,0]}}}