{"credit":"Made By Geastre [Slime Studio] ","texture_size":[32,32],"textures":{"0":"aceroset:bow","particle":"aceroset:bow"},"elements":[{"from":[7.18688,23.6192,2.99544],"to":[8.81312,25.78752,5.16376],"rotation":{"angle":-45,"axis":"x","origin":[8,28.49792,6.79]},"faces":{"north":{"uv":[7,6,7.75,7],"texture":"#0"},"east":{"uv":[7,5,8,6],"texture":"#0"},"south":{"uv":[7,7,7.75,8],"texture":"#0"},"west":{"uv":[6,7,7,8],"texture":"#0"},"up":{"uv":[8.75,1,8,0],"texture":"#0"},"down":{"uv":[8.75,1,8,2],"texture":"#0"}}},{"from":[7.45792,9.91733,10.43527],"to":[8.54208,15.41056,11.74014],"rotation":{"angle":0,"axis":"y","origin":[8,12.62773,11.00639]},"faces":{"north":{"uv":[5,6,5.5,8.75],"texture":"#0"},"east":{"uv":[3,6,3.75,8.75],"texture":"#0"},"south":{"uv":[5.5,6,6,8.75],"texture":"#0"},"west":{"uv":[4,6,4.75,8.75],"texture":"#0"}}},{"from":[8,20.4467,9.87452],"to":[8,26.32542,15.75324],"rotation":{"angle":-45,"axis":"x","origin":[8,19.08792,6.427]},"faces":{"east":{"uv":[4,0,7,3],"texture":"#0"},"west":{"uv":[4,3,7,6],"texture":"#0"}}},{"from":[7.40371,23.8612,1.20658],"to":[8.59629,25.08282,2.99544],"rotation":{"angle":-45,"axis":"x","origin":[8,28.49792,6.79]},"faces":{"north":{"uv":[8,5,8.5,5.5],"texture":"#0"},"east":{"uv":[8,2,9,2.5],"texture":"#0"},"west":{"uv":[8,2.5,9,3],"texture":"#0"},"up":{"uv":[8.5,4,8,3],"texture":"#0"},"down":{"uv":[8.5,4,8,5],"texture":"#0"}}},{"from":[7.45792,15.63549,8.54777],"to":[8.54208,24.30877,9.63193],"rotation":{"angle":-22.5,"axis":"x","origin":[8,21.05629,9.08985]},"faces":{"north":{"uv":[1,6,1.5,10.25],"texture":"#0"},"east":{"uv":[1.5,6,2,10.25],"texture":"#0"},"south":{"uv":[2,6,2.5,10.25],"texture":"#0"},"west":{"uv":[2.5,6,3,10.25],"texture":"#0"}}},{"from":[7.99129,3.54897,5.84348],"to":[7.99129,22.27784,6.3391],"rotation":{"angle":0,"axis":"y","origin":[8,4.44341,5.12329]},"faces":{"east":{"uv":[0,6,0.25,15.25],"texture":"#0"},"west":{"uv":[0.5,6,0.75,15.25],"texture":"#0"}}},{"from":[7.99129,3.04897,-3.15652],"to":[7.99129,21.77784,6.3391],"rotation":{"angle":0,"axis":"y","origin":[8.02771,12.55,8.71344]},"faces":{"east":{"uv":[10.75,0,15.5,9.25],"texture":"#0"},"west":{"uv":[15.5,0,10.75,9.25],"texture":"#0"}}},{"from":[7.11813,12.35168,-4.3181],"to":[8.87263,14.10618,-2.5636],"rotation":{"angle":45,"axis":"x","origin":[8,-3.08792,6.79]},"faces":{"north":{"uv":[6,6,7,7],"texture":"#0"},"east":{"uv":[7,0,8,1],"texture":"#0"},"south":{"uv":[7,1,8,2],"texture":"#0"},"west":{"uv":[7,2,8,3],"texture":"#0"},"up":{"uv":[8,4,7,3],"texture":"#0"},"down":{"uv":[8,4,7,5],"texture":"#0"}}},{"from":[8,14.33645,8.03376],"to":[8,26.21517,12.11248],"rotation":{"angle":-22.5,"axis":"x","origin":[8,22.65706,12.17312]},"faces":{"east":{"uv":[0,0,2,6],"texture":"#0"},"west":{"uv":[2,0,4,6],"texture":"#0"}}},{"from":[8,-0.91517,8.03376],"to":[8,10.96355,12.11248],"rotation":{"angle":22.5,"axis":"x","origin":[8,2.64294,12.17312]},"faces":{"east":{"uv":[0,6,2,0],"texture":"#0"},"west":{"uv":[2,6,4,0],"texture":"#0"}}},{"from":[7.11813,11.19382,-4.3181],"to":[8.87263,12.94832,-2.5636],"rotation":{"angle":-45,"axis":"x","origin":[8,28.38792,6.79]},"faces":{"north":{"uv":[6,7,7,6],"texture":"#0"},"east":{"uv":[7,1,8,0],"texture":"#0"},"south":{"uv":[7,2,8,1],"texture":"#0"},"west":{"uv":[7,3,8,2],"texture":"#0"},"up":{"uv":[8,5,7,4],"texture":"#0"},"down":{"uv":[8,3,7,4],"texture":"#0"}}},{"from":[7.45792,0.99123,8.54777],"to":[8.54208,9.66451,9.63193],"rotation":{"angle":22.5,"axis":"x","origin":[8,4.24371,9.08985]},"faces":{"north":{"uv":[1,10.25,1.5,6],"texture":"#0"},"east":{"uv":[1.5,10.25,2,6],"texture":"#0"},"south":{"uv":[2,10.25,2.5,6],"texture":"#0"},"west":{"uv":[2.5,10.25,3,6],"texture":"#0"}}},{"from":[7.40371,0.21718,1.20658],"to":[8.59629,1.4388,2.99544],"rotation":{"angle":45,"axis":"x","origin":[8,-3.19792,6.79]},"faces":{"north":{"uv":[8,5.5,8.5,5],"texture":"#0"},"east":{"uv":[8,2.5,9,2],"texture":"#0"},"west":{"uv":[8,3,9,2.5],"texture":"#0"},"up":{"uv":[8.5,5,8,4],"texture":"#0"},"down":{"uv":[8.5,3,8,4],"texture":"#0"}}},{"from":[8,-1.02542,9.87452],"to":[8,4.8533,15.75324],"rotation":{"angle":45,"axis":"x","origin":[8,6.21208,6.427]},"faces":{"east":{"uv":[4,3,7,0],"texture":"#0"},"west":{"uv":[4,6,7,3],"texture":"#0"}}},{"from":[7.18688,-0.48752,2.99544],"to":[8.81312,1.6808,5.16376],"rotation":{"angle":45,"axis":"x","origin":[8,-3.19792,6.79]},"faces":{"north":{"uv":[7,7,7.75,6],"texture":"#0"},"east":{"uv":[7,6,8,5],"texture":"#0"},"south":{"uv":[7,8,7.75,7],"texture":"#0"},"west":{"uv":[6,8,7,7],"texture":"#0"},"up":{"uv":[8.75,2,8,1],"texture":"#0"},"down":{"uv":[8.75,0,8,1],"texture":"#0"}}}],"gui_light":"front","display":{"thirdperson_righthand":{"rotation":[0,180,0],"translation":[0,-6.5,4.25]},"thirdperson_lefthand":{"rotation":[0,180,0],"translation":[0,-6.5,4.25]},"firstperson_righthand":{"rotation":[-162,-22,-175],"translation":[0.75,-2.5,-2.5],"scale":[0.89,0.89,0.89]},"firstperson_lefthand":{"rotation":[-162,-22,-175],"translation":[0.75,-2.5,-2.5],"scale":[0.89,0.89,0.89]},"gui":{"rotation":[-128,-36,-118],"translation":[-2.25,-2,0],"scale":[0.61,0.61,0.61]},"fixed":{"rotation":[0,90,0],"translation":[0,-4.25,-1.25]}}}