{"credit":"Made with Blockbench","texture_size":[32,32],"textures":{"2":"aceroset:pickaxe","particle":"aceroset:pickaxe"},"elements":[{"from":[3.18629,-9.5,7],"to":[6.18629,-6.5,9],"rotation":{"angle":45,"axis":"z","origin":[-3.31371,0,0.5]},"faces":{"north":{"uv":[3.5,5,4.5,6],"texture":"#2"},"east":{"uv":[3,5,3.5,6],"texture":"#2"},"south":{"uv":[5,5,6,6],"texture":"#2"},"west":{"uv":[4.5,5,5,6],"texture":"#2"},"up":{"uv":[4.5,5,3.5,4.5],"texture":"#2"},"down":{"uv":[5.5,4.5,4.5,5],"texture":"#2"}}},{"from":[17.12132,10,7],"to":[21.12132,14,9],"rotation":{"angle":45,"axis":"z","origin":[10.12132,0,0]},"faces":{"north":{"uv":[4,1,6,3],"texture":"#2"},"east":{"uv":[3,1,4,3],"texture":"#2"},"south":{"uv":[7,1,9,3],"texture":"#2"},"west":{"uv":[6,1,7,3],"texture":"#2"},"up":{"uv":[6,1,4,0],"texture":"#2"},"down":{"uv":[8,0,6,1],"texture":"#2"}}},{"from":[6.75,-0.05761,7.25],"to":[9.25,13.44239,8.75],"rotation":{"angle":0,"axis":"y","origin":[2,3.19239,-1.5]},"faces":{"north":{"uv":[0.5,0.5,1.5,7],"texture":"#2"},"east":{"uv":[0,0.5,0.5,7],"texture":"#2"},"south":{"uv":[2,0.5,3,7],"texture":"#2"},"west":{"uv":[1.5,0.5,2,7],"texture":"#2"},"up":{"uv":[1.5,0.5,0.5,0],"texture":"#2"},"down":{"uv":[2.5,0,1.5,0.5],"texture":"#2"}}},{"from":[8,14,7.5],"to":[13,16,8.5],"rotation":{"angle":-22.5,"axis":"z","origin":[10,14,7.5]},"faces":{"north":{"uv":[3.5,3.5,6,4.5],"texture":"#2"},"east":{"uv":[3,3.5,3.5,4.5],"texture":"#2"},"south":{"uv":[6.5,3.5,9,4.5],"texture":"#2"},"west":{"uv":[6,3.5,6.5,4.5],"texture":"#2"},"up":{"uv":[6,3.5,3.5,3],"texture":"#2"},"down":{"uv":[8.5,3,6,3.5],"texture":"#2"}}},{"from":[-0.70513,18.45757,7.4],"to":[4.49487,20.65757,8.6],"rotation":{"angle":-45,"axis":"z","origin":[-0.60513,0.55757,-0.5]},"faces":{"north":{"uv":[3.5,3.5,6,4.5],"texture":"#2"},"east":{"uv":[3,3.5,3.5,4.5],"texture":"#2"},"south":{"uv":[6.5,3.5,9,4.5],"texture":"#2"},"west":{"uv":[6,3.5,6.5,4.5],"texture":"#2"},"up":{"uv":[6,3.5,3.5,3],"texture":"#2"},"down":{"uv":[8.5,3,6,3.5],"texture":"#2"}}},{"from":[3,14,7.5],"to":[8,16,8.5],"rotation":{"angle":22.5,"axis":"z","origin":[6,14,7.5]},"faces":{"north":{"uv":[6,3.5,3.5,4.5],"texture":"#2"},"east":{"uv":[6.5,3.5,6,4.5],"texture":"#2"},"south":{"uv":[9,3.5,6.5,4.5],"texture":"#2"},"west":{"uv":[3.5,3.5,3,4.5],"texture":"#2"},"up":{"uv":[3.5,3.5,6,3],"texture":"#2"},"down":{"uv":[6,3,8.5,3.5],"texture":"#2"}}},{"from":[11.50513,18.45757,7.4],"to":[16.70513,20.65757,8.6],"rotation":{"angle":45,"axis":"z","origin":[16.60513,0.55757,-0.5]},"faces":{"north":{"uv":[6,3.5,3.5,4.5],"texture":"#2"},"east":{"uv":[6.5,3.5,6,4.5],"texture":"#2"},"south":{"uv":[9,3.5,6.5,4.5],"texture":"#2"},"west":{"uv":[3.5,3.5,3,4.5],"texture":"#2"},"up":{"uv":[3.5,3.5,6,3],"texture":"#2"},"down":{"uv":[6,3,8.5,3.5],"texture":"#2"}}}],"gui_light":"front","display":{"thirdperson_righthand":{"rotation":[0,90,0],"translation":[0,1,2]},"thirdperson_lefthand":{"rotation":[0,90,0],"translation":[0,1,2]},"firstperson_righthand":{"rotation":[20,-90,0],"translation":[1.5,1.75,0]},"firstperson_lefthand":{"rotation":[20,-90,0],"translation":[1.5,1.75,0]},"ground":{"rotation":[-90,0,0]},"gui":{"rotation":[0,180,45],"translation":[-0.5,-0.75,0],"scale":[0.8,0.8,0.8]},"fixed":{"translation":[0,-0.25,0]}}}