{"credit":"Made with Blockbench","texture_size":[32,32],"textures":{"0":"aceroset:shovel","particle":"aceroset:shovel"},"elements":[{"from":[3.18629,-9.5,7],"to":[6.18629,-6.5,9],"rotation":{"angle":45,"axis":"z","origin":[-3.31371,0,0.5]},"faces":{"north":{"uv":[1,7.5,2.5,9],"texture":"#0"},"east":{"uv":[0,7.5,1,9],"texture":"#0"},"south":{"uv":[3.5,7.5,5,9],"texture":"#0"},"west":{"uv":[2.5,7.5,3.5,9],"texture":"#0"},"up":{"uv":[2.5,7.5,1,6.5],"texture":"#0"},"down":{"uv":[4,6.5,2.5,7.5],"texture":"#0"}}},{"from":[15.12132,8,7],"to":[19.12132,12,9],"rotation":{"angle":45,"axis":"z","origin":[10.12132,0,0]},"faces":{"north":{"uv":[1,4.5,3,6.5],"texture":"#0"},"east":{"uv":[0,4.5,1,6.5],"texture":"#0"},"south":{"uv":[4,4.5,6,6.5],"texture":"#0"},"west":{"uv":[3,4.5,4,6.5],"texture":"#0"},"up":{"uv":[3,4.5,1,3.5],"texture":"#0"},"down":{"uv":[5,3.5,3,4.5],"texture":"#0"}}},{"from":[6.75,-0.05761,7.25],"to":[9.25,10.44239,8.75],"rotation":{"angle":0,"axis":"y","origin":[2,3.19239,-1.5]},"faces":{"north":{"uv":[6.5,4,7.5,9],"texture":"#0"},"east":{"uv":[6,4,6.5,9],"texture":"#0"},"south":{"uv":[8,4,9,9],"texture":"#0"},"west":{"uv":[7.5,4,8,9],"texture":"#0"},"up":{"uv":[7.5,4,6.5,3.5],"texture":"#0"},"down":{"uv":[8.5,3.5,7.5,4],"texture":"#0"}}},{"from":[4.75,11.94239,7.75],"to":[11.25,18.44239,8.25],"rotation":{"angle":0,"axis":"y","origin":[2,3.19239,-1]},"faces":{"north":{"uv":[0.5,0.5,3.5,3.5],"texture":"#0"},"east":{"uv":[0,0.5,0.5,3.5],"texture":"#0"},"south":{"uv":[4,0.5,7,3.5],"texture":"#0"},"west":{"uv":[3.5,0.5,4,3.5],"texture":"#0"},"up":{"uv":[3.5,0.5,0.5,0],"texture":"#0"},"down":{"uv":[6.5,0,3.5,0.5],"texture":"#0"}}},{"from":[19.22142,2.28208,7.76],"to":[22.70142,6.76208,8.24],"rotation":{"angle":45,"axis":"z","origin":[-2.53858,-3.47792,-1]},"faces":{"north":{"uv":[9,9,10.5,11],"texture":"#0"},"east":{"uv":[8.5,9,9,11],"texture":"#0"},"south":{"uv":[11,9,12.5,11],"texture":"#0"},"west":{"uv":[10.5,9,11,11],"texture":"#0"},"up":{"uv":[10.5,9,9,8.5],"texture":"#0"},"down":{"uv":[12,8.5,10.5,9],"texture":"#0"}}},{"from":[-6.70942,2.27408,7.752],"to":[-3.21342,6.77008,8.248],"rotation":{"angle":-45,"axis":"z","origin":[18.53858,-3.47792,-1]},"faces":{"north":{"uv":[7.5,0.5,9,2.5],"texture":"#0"},"east":{"uv":[7,0.5,7.5,2.5],"texture":"#0"},"south":{"uv":[9.5,0.5,11,2.5],"texture":"#0"},"west":{"uv":[9,0.5,9.5,2.5],"texture":"#0"},"up":{"uv":[9,0.5,7.5,0],"texture":"#0"},"down":{"uv":[10.5,0,9,0.5],"texture":"#0"}}}],"gui_light":"front","display":{"thirdperson_righthand":{"rotation":[0,90,0],"translation":[0,1,2]},"thirdperson_lefthand":{"rotation":[0,-90,0],"translation":[0,1,2]},"firstperson_righthand":{"rotation":[20,90,0],"translation":[2.5,-1.5,-0.25]},"firstperson_lefthand":{"rotation":[20,-80,0],"translation":[2.5,-1.5,-0.25]},"ground":{"rotation":[-90,0,0]},"gui":{"rotation":[0,0,-45],"translation":[-1,-1,0],"scale":[0.8,0.8,0.8]},"fixed":{"translation":[0,-0.25,0]}}}