{"display":{"thirdperson_righthand":{"translation":[0,2.5,1.25]},"thirdperson_lefthand":{"translation":[0,2.5,1.25]},"firstperson_righthand":{"rotation":[10,0,0],"translation":[2.25,2.5,-0.75]},"firstperson_lefthand":{"rotation":[10,0,0],"translation":[2.25,2.5,-0.75]},"ground":{"rotation":[-45,0,0],"translation":[0,5,0],"scale":[0.7,0.7,0.7]},"gui":{"rotation":[-90,45,90],"translation":[2.5,-1,0]},"head":{"rotation":[0,-90,0]},"fixed":{"rotation":[0,-90,0],"translation":[0,0,-1],"scale":[2,2,2]}},"texture_size":[20,20],"textures":{"1":"autumnset:animations/animation_1","5":"autumnset:animations/animation_leaf1","6":"autumnset:animations/animation_leaf2","7":"autumnset:animations/animation_leaf3","8":"autumnset:axe"},"elements":[{"from":[7.5,1.22837,7.4],"to":[8.5,2.72837,8.4],"rotation":{"angle":22.5,"axis":"x","origin":[7.5,1.22837,8.4]},"faces":{"north":{"uv":[10.4,4.8,11.2,6],"texture":"#8"},"east":{"uv":[10.4,6.4,11.2,7.6],"texture":"#8"},"south":{"uv":[10.4,8,11.2,9.2],"texture":"#8"},"west":{"uv":[0,11.2,0.8,12.4],"texture":"#8"},"up":{"uv":[12.8,4,12,3.2],"texture":"#8"},"down":{"uv":[4.8,12,4,12.8],"texture":"#8"}}},{"from":[7.25,1.30337,7.325],"to":[8.75,1.80337,8.825],"rotation":{"angle":0,"axis":"x","origin":[7.5,1.80337,8.575]},"faces":{"north":{"uv":[12,10.4,13.2,10.8],"texture":"#8"},"east":{"uv":[12,11.2,13.2,11.6],"texture":"#8"},"south":{"uv":[12,12,13.2,12.4],"texture":"#8"},"west":{"uv":[0,12.8,1.2,13.2],"texture":"#8"},"up":{"uv":[8.4,7.6,7.2,6.4],"texture":"#8"},"down":{"uv":[9.2,0,8,1.2],"texture":"#8"}}},{"from":[7.275,5.15337,7.275],"to":[8.725,5.65337,8.725],"rotation":{"angle":0,"axis":"x","origin":[8,5.40337,7.75]},"faces":{"north":{"uv":[12.8,0,14,0.4],"texture":"#8"},"east":{"uv":[12.8,0.8,14,1.2],"texture":"#8"},"south":{"uv":[1.6,12.8,2.8,13.2],"texture":"#8"},"west":{"uv":[12.8,1.6,14,2],"texture":"#8"},"up":{"uv":[9.2,2.8,8,1.6],"texture":"#8"},"down":{"uv":[9.2,3.2,8,4.4],"texture":"#8"}}},{"from":[7.5,3.97837,7.5],"to":[8.5,5.47837,8.5],"rotation":{"angle":-22.5,"axis":"x","origin":[8,5.27837,8.25]},"faces":{"north":{"uv":[11.2,0,12,1.2],"texture":"#8"},"east":{"uv":[0.8,11.2,1.6,12.4],"texture":"#8"},"south":{"uv":[1.6,11.2,2.4,12.4],"texture":"#8"},"west":{"uv":[2.4,11.2,3.2,12.4],"texture":"#8"},"up":{"uv":[12.8,4.8,12,4],"texture":"#8"},"down":{"uv":[5.6,12,4.8,12.8],"texture":"#8"}}},{"from":[7.6,2.57837,8.125],"to":[8.4,4.17837,8.925],"rotation":{"angle":0,"axis":"y","origin":[8,3.37837,8.75]},"faces":{"north":{"uv":[11.2,11.2,11.8,12.4],"texture":"#8"},"east":{"uv":[12,0,12.6,1.2],"texture":"#8"},"south":{"uv":[12,1.6,12.6,2.8],"texture":"#8"},"west":{"uv":[3.2,12,3.8,13.2],"texture":"#8"},"up":{"uv":[13.4,3,12.8,2.4],"texture":"#8"},"down":{"uv":[13.4,3.2,12.8,3.8],"texture":"#8"}}},{"from":[7.275,10.65337,7.15],"to":[8.725,11.15337,8.6],"rotation":{"angle":0,"axis":"x","origin":[8,10.90337,7.625]},"faces":{"north":{"uv":[12.8,0,14,0.4],"texture":"#8"},"east":{"uv":[12.8,0.8,14,1.2],"texture":"#8"},"south":{"uv":[1.6,12.8,2.8,13.2],"texture":"#8"},"west":{"uv":[12.8,1.6,14,2],"texture":"#8"},"up":{"uv":[9.2,2.8,8,1.6],"texture":"#8"},"down":{"uv":[9.2,3.2,8,4.4],"texture":"#8"}}},{"from":[7.5,9.32837,7.4],"to":[8.5,10.82837,8.4],"rotation":{"angle":22.5,"axis":"x","origin":[8,10.62837,8.15]},"faces":{"north":{"uv":[11.2,0,12,1.2],"texture":"#8"},"east":{"uv":[0.8,11.2,1.6,12.4],"texture":"#8"},"south":{"uv":[1.6,11.2,2.4,12.4],"texture":"#8"},"west":{"uv":[2.4,11.2,3.2,12.4],"texture":"#8"},"up":{"uv":[12.8,4.8,12,4],"texture":"#8"},"down":{"uv":[5.6,12,4.8,12.8],"texture":"#8"}}},{"from":[7.6,8.15337,7.05],"to":[8.4,9.75337,7.85],"rotation":{"angle":0,"axis":"x","origin":[8,8.95337,7.675]},"faces":{"north":{"uv":[11.2,11.2,11.8,12.4],"texture":"#8"},"east":{"uv":[12,0,12.6,1.2],"texture":"#8"},"south":{"uv":[12,1.6,12.6,2.8],"texture":"#8"},"west":{"uv":[3.2,12,3.8,13.2],"texture":"#8"},"up":{"uv":[13.4,3,12.8,2.4],"texture":"#8"},"down":{"uv":[13.4,3.2,12.8,3.8],"texture":"#8"}}},{"from":[7.5,7.15337,7.5],"to":[8.5,8.65337,8.5],"rotation":{"angle":-22.5,"axis":"x","origin":[7.5,7.15337,8.5]},"faces":{"north":{"uv":[10.4,4.8,11.2,6],"texture":"#8"},"east":{"uv":[10.4,6.4,11.2,7.6],"texture":"#8"},"south":{"uv":[10.4,8,11.2,9.2],"texture":"#8"},"west":{"uv":[0,11.2,0.8,12.4],"texture":"#8"},"up":{"uv":[12.8,4,12,3.2],"texture":"#8"},"down":{"uv":[4.8,12,4,12.8],"texture":"#8"}}},{"from":[7.25,6.65337,7.25],"to":[8.75,7.15337,8.75],"rotation":{"angle":0,"axis":"x","origin":[7.5,7.15337,8.5]},"faces":{"north":{"uv":[12,10.4,13.2,10.8],"texture":"#8"},"east":{"uv":[12,11.2,13.2,11.6],"texture":"#8"},"south":{"uv":[12,12,13.2,12.4],"texture":"#8"},"west":{"uv":[0,12.8,1.2,13.2],"texture":"#8"},"up":{"uv":[8.4,7.6,7.2,6.4],"texture":"#8"},"down":{"uv":[9.2,0,8,1.2],"texture":"#8"}}},{"from":[7.36,1.21608,6.91688],"to":[8.64,2.49608,8.19688],"rotation":{"angle":45,"axis":"x","origin":[8,0.85625,6.64717]},"faces":{"north":{"uv":[4.8,9.6,5.8,10.6],"texture":"#8"},"east":{"uv":[6.4,9.6,7.4,10.6],"texture":"#8"},"south":{"uv":[8,9.6,9,10.6],"texture":"#8"},"west":{"uv":[9.6,9.6,10.6,10.6],"texture":"#8"},"up":{"uv":[11.4,2.6,10.4,1.6],"texture":"#8"},"down":{"uv":[11.4,3.2,10.4,4.2],"texture":"#8"}}},{"from":[7.5,10.88946,6.84571],"to":[8.5,12.88946,8.84571],"rotation":{"angle":45,"axis":"x","origin":[8,11.88946,7.94571]},"faces":{"north":{"uv":[9.6,1.6,10.4,3.2],"texture":"#8"},"east":{"uv":[5.6,4.8,7.2,6.4],"texture":"#8"},"south":{"uv":[3.2,9.6,4,11.2],"texture":"#8"},"west":{"uv":[5.6,6.4,7.2,8],"texture":"#8"},"up":{"uv":[10.4,4.8,9.6,3.2],"texture":"#8"},"down":{"uv":[4.8,9.6,4,11.2],"texture":"#8"}}},{"from":[7.25,11.13946,7.09571],"to":[8.75,12.63946,8.59571],"rotation":{"angle":45,"axis":"x","origin":[8,11.88946,7.94571]},"faces":{"north":{"uv":[5.6,8,6.8,9.2],"texture":"#8"},"east":{"uv":[7.2,8,8.4,9.2],"texture":"#8"},"south":{"uv":[8.8,4.8,10,6],"texture":"#8"},"west":{"uv":[8.8,6.4,10,7.6],"texture":"#8"},"up":{"uv":[10,9.2,8.8,8],"texture":"#8"},"down":{"uv":[1.2,9.6,0,10.8],"texture":"#8"}}},{"from":[7.10858,5.65337,7.30858],"to":[8.60858,6.65337,8.80858],"rotation":{"angle":45,"axis":"y","origin":[7.85858,6.10337,7.85858]},"faces":{"north":{"uv":[3.2,11.2,4.4,12],"texture":"#8"},"east":{"uv":[4.8,11.2,6,12],"texture":"#8"},"south":{"uv":[11.2,4.8,12.4,5.6],"texture":"#8"},"west":{"uv":[11.2,5.6,12.4,6.4],"texture":"#8"},"up":{"uv":[10.8,1.2,9.6,0],"texture":"#8"},"down":{"uv":[2.8,9.6,1.6,10.8],"texture":"#8"}}},{"from":[7.985,-0.53392,7.16688],"to":[8.015,1.46608,9.16688],"rotation":{"angle":45,"axis":"x","origin":[8,0.85625,6.64717]},"faces":{"east":{"uv":[1.6,14.2,0,15.8],"texture":"#8"},"west":{"uv":[0,14.2,1.6,15.8],"texture":"#8"}}},{"from":[7.985,12.74571,8.04119],"to":[8.015,15.24571,11.04119],"rotation":{"angle":-22.5,"axis":"x","origin":[8,13.99571,9.54119]},"faces":{"east":{"uv":[0,14,10,2],"rotation":270,"texture":"#6"},"west":{"uv":[0,2,10,14],"rotation":270,"texture":"#6"}}},{"from":[8.135,-1.13985,3.44383],"to":[8.165,2.11015,6.94383],"rotation":{"angle":45,"axis":"x","origin":[8,0.70625,6.74717]},"faces":{"east":{"uv":[0,14,14,1],"texture":"#7"},"west":{"uv":[14,14,0,1],"texture":"#7"}}},{"from":[7.835,-1.45247,3.86014],"to":[7.865,1.79753,7.36014],"rotation":{"angle":22.5,"axis":"x","origin":[8,0.70625,6.74717]},"faces":{"east":{"uv":[0,14,14,1],"texture":"#7"},"west":{"uv":[14,14,0,1],"texture":"#7"}}},{"from":[8.085,7.74716,8.48543],"to":[8.115,11.74716,16.48543],"rotation":{"angle":0,"axis":"x","origin":[8,10.80559,13.03728]},"faces":{"east":{"uv":[16,5,0,13],"texture":"#5"},"west":{"uv":[0,5,16,13],"texture":"#5"}}},{"from":[7.885,9.57227,9.95217],"to":[7.915,13.57227,17.95217],"rotation":{"angle":-22.5,"axis":"x","origin":[8,10.80559,13.03728]},"faces":{"east":{"uv":[16,5,0,13],"texture":"#5"},"west":{"uv":[0,5,16,13],"texture":"#5"}}},{"from":[7.985,6.46017,0.21079],"to":[8.015,17.9,6.71079],"rotation":{"angle":0,"axis":"y","origin":[7.985,6.46017,0.71079]},"faces":{"east":{"uv":[5.2,0,0,9.2],"texture":"#8"},"west":{"uv":[0,0,5.2,9.2],"texture":"#8"}}},{"from":[7.53,12.74948,8.40564],"to":[8.47,13.68948,9.81564],"rotation":{"angle":-45,"axis":"x","origin":[8,12.74461,10.58053]},"faces":{"north":{"uv":[5.6,12,6.4,12.8],"texture":"#8"},"east":{"uv":[6.4,11.2,7.6,12],"texture":"#8"},"south":{"uv":[6.4,12,7.2,12.8],"texture":"#8"},"west":{"uv":[11.2,6.4,12.4,7.2],"texture":"#8"},"up":{"uv":[12,8.4,11.2,7.2],"texture":"#8"},"down":{"uv":[8.8,11.2,8,12.4],"texture":"#8"}}},{"from":[7.6099,12.48831,9.52333],"to":[8.3901,13.26851,10.69363],"rotation":{"angle":-22.5,"axis":"x","origin":[8,12.74461,10.58053]},"faces":{"east":{"uv":[12,7.2,13,7.8],"texture":"#8"},"south":{"uv":[4,12.8,4.6,13.4],"texture":"#8"},"west":{"uv":[12,8,13,8.6],"texture":"#8"},"up":{"uv":[7.8,13,7.2,12],"texture":"#8"},"down":{"uv":[12.6,8.8,12,9.8],"texture":"#8"}}},{"from":[7.70352,12.62925,10.47555],"to":[8.29648,13.22221,11.36498],"rotation":{"angle":0,"axis":"y","origin":[8,12.74461,10.58053]},"faces":{"east":{"uv":[12.8,4,13.6,4.4],"texture":"#8"},"south":{"uv":[12.8,8.8,13.2,9.2],"texture":"#8"},"west":{"uv":[4.8,12.8,5.6,13.2],"texture":"#8"},"up":{"uv":[13.2,5.6,12.8,4.8],"texture":"#8"},"down":{"uv":[6,12.8,5.6,13.6],"texture":"#8"}}},{"from":[7.76578,12.3766,11.26051],"to":[8.23422,12.84503,11.96316],"rotation":{"angle":-22.5,"axis":"x","origin":[8,12.74461,10.58053]},"faces":{"east":{"uv":[12.8,5.6,13.4,6],"texture":"#8"},"south":{"uv":[12.8,9.6,13.2,10],"texture":"#8"},"west":{"uv":[6.4,12.8,7,13.2],"texture":"#8"},"up":{"uv":[13.2,7,12.8,6.4],"texture":"#8"},"down":{"uv":[8.4,12.8,8,13.4],"texture":"#8"}}},{"from":[7.82434,11.91056,11.71091],"to":[8.17566,12.26188,12.2379],"rotation":{"angle":-45,"axis":"x","origin":[8,12.74461,10.58053]},"faces":{"east":{"uv":[11.2,12.8,11.6,13],"texture":"#8"},"south":{"uv":[0.8,13.6,1,13.8],"texture":"#8"},"west":{"uv":[12,12.8,12.4,13],"texture":"#8"},"up":{"uv":[13,13.2,12.8,12.8],"texture":"#8"},"down":{"uv":[0.2,13.6,0,14],"texture":"#8"}}},{"from":[7.985,2.9,8.875],"to":[8.015,12.4,15.875],"rotation":{"angle":0,"axis":"y","origin":[7.485,0.9,12.375]},"faces":{"east":{"uv":[4.66667,0,0,6.16666],"texture":"#1"},"west":{"uv":[0,0,4.66667,6.16666],"texture":"#1"}}},{"from":[7.75,7.71753,7.21815],"to":[8.25,10.71753,10.21815],"rotation":{"angle":-45,"axis":"x","origin":[7.75,7.71753,4.21815]},"faces":{"north":{"uv":[8.8,11.2,9.2,13.6],"texture":"#8"},"east":{"uv":[5.6,0,8,2.4],"texture":"#8"},"south":{"uv":[11.2,8.8,11.6,11.2],"texture":"#8"},"west":{"uv":[5.6,2.4,8,4.8],"texture":"#8"},"up":{"uv":[10,13.6,9.6,11.2],"texture":"#8"},"down":{"uv":[10.8,11.2,10.4,13.6],"texture":"#8"}}}],"gui_light":"front"}