{"textures":{"1":"autumnset:animations/animation_1","6":"autumnset:animations/animation_leaf2","7":"autumnset:animations/animation_leaf3","8":"autumnset:pickaxe"},"elements":[{"from":[7.5,1.90145,9.31764],"to":[8.5,3.40145,10.31764],"rotation":{"angle":22.5,"axis":"x","origin":[8,6.38522,7.66692]},"faces":{"north":{"uv":[0,12,1,13.5],"texture":"#8"},"east":{"uv":[12,0,13,1.5],"texture":"#8"},"south":{"uv":[1,12,2,13.5],"texture":"#8"},"west":{"uv":[2,12,3,13.5],"texture":"#8"},"up":{"uv":[14,13,13,12],"texture":"#8"},"down":{"uv":[14,13,13,14],"texture":"#8"}}},{"from":[7.25,1.30337,7.325],"to":[8.75,1.80337,8.825],"rotation":{"angle":0,"axis":"y","origin":[8,6.38522,7.66692]},"faces":{"north":{"uv":[14,5,15.5,5.5],"texture":"#8"},"east":{"uv":[14,6,15.5,6.5],"texture":"#8"},"south":{"uv":[14,7,15.5,7.5],"texture":"#8"},"west":{"uv":[14,8,15.5,8.5],"texture":"#8"},"up":{"uv":[9.5,1.5,8,0],"texture":"#8"},"down":{"uv":[3.5,8,2,9.5],"texture":"#8"}}},{"from":[7.275,5.15337,7.275],"to":[8.725,5.65337,8.725],"rotation":{"angle":0,"axis":"y","origin":[8,6.38522,7.66692]},"faces":{"north":{"uv":[14,9,15.5,9.5],"texture":"#8"},"east":{"uv":[14,10,15.5,10.5],"texture":"#8"},"south":{"uv":[14,11,15.5,11.5],"texture":"#8"},"west":{"uv":[12,14,13.5,14.5],"texture":"#8"},"up":{"uv":[9.5,3.5,8,2],"texture":"#8"},"down":{"uv":[5.5,8,4,9.5],"texture":"#8"}}},{"from":[7.5,3.83949,7.03204],"to":[8.5,5.33949,8.03204],"rotation":{"angle":-22.5,"axis":"x","origin":[8,6.38522,7.66692]},"faces":{"north":{"uv":[12,2,13,3.5],"texture":"#8"},"east":{"uv":[3,12,4,13.5],"texture":"#8"},"south":{"uv":[4,12,5,13.5],"texture":"#8"},"west":{"uv":[5,12,6,13.5],"texture":"#8"},"up":{"uv":[1,15,0,14],"texture":"#8"},"down":{"uv":[15,0,14,1],"texture":"#8"}}},{"from":[7.6,2.57837,8.125],"to":[8.4,4.17837,8.925],"rotation":{"angle":0,"axis":"y","origin":[8,6.38522,7.66692]},"faces":{"north":{"uv":[8,13,8.75,14.5],"texture":"#8"},"east":{"uv":[9,13,9.75,14.5],"texture":"#8"},"south":{"uv":[10,13,10.75,14.5],"texture":"#8"},"west":{"uv":[11,13,11.75,14.5],"texture":"#8"},"up":{"uv":[5.75,14.75,5,14],"texture":"#8"},"down":{"uv":[14.75,12,14,12.75],"texture":"#8"}}},{"from":[7.275,10.65337,7.275],"to":[8.725,11.15337,8.725],"rotation":{"angle":0,"axis":"y","origin":[8,6.38522,7.79192]},"faces":{"north":{"uv":[14,9,15.5,9.5],"texture":"#8"},"east":{"uv":[14,10,15.5,10.5],"texture":"#8"},"south":{"uv":[14,11,15.5,11.5],"texture":"#8"},"west":{"uv":[12,14,13.5,14.5],"texture":"#8"},"up":{"uv":[9.5,3.5,8,2],"texture":"#8"},"down":{"uv":[5.5,8,4,9.5],"texture":"#8"}}},{"from":[7.5,9.19025,5.78944],"to":[8.5,10.69025,6.78944],"rotation":{"angle":22.5,"axis":"x","origin":[8,6.38522,7.71692]},"faces":{"north":{"uv":[12,2,13,3.5],"texture":"#8"},"east":{"uv":[3,12,4,13.5],"texture":"#8"},"south":{"uv":[4,12,5,13.5],"texture":"#8"},"west":{"uv":[5,12,6,13.5],"texture":"#8"},"up":{"uv":[1,15,0,14],"texture":"#8"},"down":{"uv":[15,0,14,1],"texture":"#8"}}},{"from":[7.6,8.15337,7.1],"to":[8.4,9.75337,7.9],"rotation":{"angle":0,"axis":"y","origin":[8,6.38522,7.71692]},"faces":{"north":{"uv":[8,13,8.75,14.5],"texture":"#8"},"east":{"uv":[9,13,9.75,14.5],"texture":"#8"},"south":{"uv":[10,13,10.75,14.5],"texture":"#8"},"west":{"uv":[11,13,11.75,14.5],"texture":"#8"},"up":{"uv":[5.75,14.75,5,14],"texture":"#8"},"down":{"uv":[14.75,12,14,12.75],"texture":"#8"}}},{"from":[7.5,6.77609,7.78054],"to":[8.5,8.27609,8.78054],"rotation":{"angle":-22.5,"axis":"x","origin":[8,6.38522,7.71692]},"faces":{"north":{"uv":[0,12,1,13.5],"texture":"#8"},"east":{"uv":[12,0,13,1.5],"texture":"#8"},"south":{"uv":[1,12,2,13.5],"texture":"#8"},"west":{"uv":[2,12,3,13.5],"texture":"#8"},"up":{"uv":[14,13,13,12],"texture":"#8"},"down":{"uv":[14,13,13,14],"texture":"#8"}}},{"from":[7.25,6.65337,7.25],"to":[8.75,7.15337,8.75],"rotation":{"angle":0,"axis":"y","origin":[8,6.38522,7.66692]},"faces":{"north":{"uv":[14,5,15.5,5.5],"texture":"#8"},"east":{"uv":[14,6,15.5,6.5],"texture":"#8"},"south":{"uv":[14,7,15.5,7.5],"texture":"#8"},"west":{"uv":[14,8,15.5,8.5],"texture":"#8"},"up":{"uv":[9.5,1.5,8,0],"texture":"#8"},"down":{"uv":[3.5,8,2,9.5],"texture":"#8"}}},{"from":[7.36,2.11441,11.12513],"to":[8.64,3.39441,12.40513],"rotation":{"angle":45,"axis":"x","origin":[8,6.38522,7.66692]},"faces":{"north":{"uv":[8,10,9.25,11.25],"texture":"#8"},"east":{"uv":[10,8,11.25,9.25],"texture":"#8"},"south":{"uv":[10,10,11.25,11.25],"texture":"#8"},"west":{"uv":[11,4,12.25,5.25],"texture":"#8"},"up":{"uv":[7.25,12.25,6,11],"texture":"#8"},"down":{"uv":[12.25,6,11,7.25],"texture":"#8"}}},{"from":[7.5,9.47444,2.99697],"to":[8.5,11.47444,4.99697],"rotation":{"angle":45,"axis":"x","origin":[8,6.38522,7.79192]},"faces":{"north":{"uv":[4,10,5,12],"texture":"#8"},"east":{"uv":[6,5,8,7],"texture":"#8"},"south":{"uv":[10,4,11,6],"texture":"#8"},"west":{"uv":[6,7,8,9],"texture":"#8"},"up":{"uv":[6,12,5,10],"texture":"#8"},"down":{"uv":[11,6,10,8],"texture":"#8"}}},{"from":[7.25,9.72444,3.24697],"to":[8.75,11.22444,4.74697],"rotation":{"angle":45,"axis":"x","origin":[8,6.38522,7.79192]},"faces":{"north":{"uv":[8,4,9.5,5.5],"texture":"#8"},"east":{"uv":[8,6,9.5,7.5],"texture":"#8"},"south":{"uv":[8,8,9.5,9.5],"texture":"#8"},"west":{"uv":[6,9,7.5,10.5],"texture":"#8"},"up":{"uv":[1.5,11.5,0,10],"texture":"#8"},"down":{"uv":[11.5,0,10,1.5],"texture":"#8"}}},{"from":[7.01447,5.65337,7.15244],"to":[8.51447,6.65337,8.65244],"rotation":{"angle":45,"axis":"y","origin":[8,6.38522,7.66692]},"faces":{"north":{"uv":[8,12,9.5,13],"texture":"#8"},"east":{"uv":[12,8,13.5,9],"texture":"#8"},"south":{"uv":[12,9,13.5,10],"texture":"#8"},"west":{"uv":[10,12,11.5,13],"texture":"#8"},"up":{"uv":[3.5,11.5,2,10],"texture":"#8"},"down":{"uv":[11.5,2,10,3.5],"texture":"#8"}}},{"from":[7.985,0.36441,11.37513],"to":[8.015,2.36441,13.37513],"rotation":{"angle":45,"axis":"x","origin":[8,6.38522,7.66692]},"faces":{"east":{"uv":[2,8,0,10],"texture":"#8"},"west":{"uv":[0,8,2,10],"texture":"#8"}}},{"from":[7.96,12.56693,10.07403],"to":[8.04,15.06693,13.07403],"rotation":{"angle":22.5,"axis":"x","origin":[8,15.31693,12.07403]},"faces":{"east":{"uv":[0,14,10,2],"rotation":270,"texture":"#6"},"west":{"uv":[0,2,10,14],"rotation":270,"texture":"#6"}}},{"from":[7.96,12.56693,2.92597],"to":[8.04,15.06693,5.92597],"rotation":{"angle":-22.5,"axis":"x","origin":[8,15.31693,3.92597]},"faces":{"east":{"uv":[0,2,10,14],"rotation":270,"texture":"#6"},"west":{"uv":[0,14,10,2],"rotation":270,"texture":"#6"}}},{"from":[8.135,-1.13985,3.44383],"to":[8.165,2.11015,6.94383],"rotation":{"angle":45,"axis":"x","origin":[8,0.70625,6.74717]},"faces":{"east":{"uv":[0,14,14,1],"texture":"#7"},"west":{"uv":[14,14,0,1],"texture":"#7"}}},{"from":[7.835,-1.45247,3.86014],"to":[7.865,1.79753,7.36014],"rotation":{"angle":22.5,"axis":"x","origin":[8,0.70625,6.74717]},"faces":{"east":{"uv":[0,14,14,1],"texture":"#7"},"west":{"uv":[14,14,0,1],"texture":"#7"}}},{"from":[7.985,9.74185,-0.69787],"to":[8.015,14.18168,7.30213],"rotation":{"angle":0,"axis":"x","origin":[8,12.46176,3.30213]},"faces":{"east":{"uv":[8,0,0,4.5],"texture":"#8"},"west":{"uv":[0,0,8,4.5],"texture":"#8"}}},{"from":[7.885,3.9,9.875],"to":[8.115,13.4,16.875],"rotation":{"angle":0,"axis":"y","origin":[7.485,1.9,21.875]},"faces":{"east":{"uv":[4.66667,0,0,6.16666],"texture":"#1"},"west":{"uv":[0,0,4.66667,6.16666],"texture":"#1"}}},{"from":[7.885,3.9,-0.875],"to":[8.115,13.4,6.125],"rotation":{"angle":0,"axis":"y","origin":[7.485,1.9,-5.875]},"faces":{"east":{"uv":[0,0,4.66667,6.16666],"texture":"#1"},"west":{"uv":[4.66667,0,0,6.16666],"texture":"#1"}}},{"from":[7.75,9.76595,9.67035],"to":[8.25,12.26595,12.17035],"rotation":{"angle":-45,"axis":"x","origin":[8,6.38522,7.66692]},"faces":{"north":{"uv":[13,2,13.5,4.5],"texture":"#8"},"east":{"uv":[0,5,2.5,7.5],"texture":"#8"},"south":{"uv":[13,5,13.5,7.5],"texture":"#8"},"west":{"uv":[3,5,5.5,7.5],"texture":"#8"},"up":{"uv":[6.5,15.5,6,13],"texture":"#8"},"down":{"uv":[7.5,13,7,15.5],"texture":"#8"}}},{"from":[7.53,11.90228,6.78633],"to":[8.47,13.31228,7.72633],"rotation":{"angle":0,"axis":"x","origin":[8,14.07717,6.78146]},"faces":{"north":{"uv":[14,1.5,13,0],"rotation":180,"texture":"#8"},"east":{"uv":[13.5,10,12,11],"rotation":270,"texture":"#8"},"south":{"uv":[13,12,12,13.5],"texture":"#8"},"west":{"uv":[13.5,11,12,12],"rotation":90,"texture":"#8"},"up":{"uv":[15,1,14,2],"rotation":180,"texture":"#8"},"down":{"uv":[2,14,1,15],"texture":"#8"}}},{"from":[7.6099,13.01997,6.52516],"to":[8.3901,14.19027,7.30536],"rotation":{"angle":-22.5,"axis":"x","origin":[8,14.07717,6.78146]},"faces":{"north":{"uv":[4.75,15.25,4,14],"rotation":180,"texture":"#8"},"east":{"uv":[3.25,14,2,14.75],"rotation":270,"texture":"#8"},"south":{"uv":[14.75,3,14,4.25],"texture":"#8"},"west":{"uv":[15.25,2,14,2.75],"rotation":90,"texture":"#8"},"up":{"uv":[14.75,13,14,13.75],"rotation":180,"texture":"#8"}}},{"from":[7.70352,13.96181,5.99701],"to":[8.29648,14.55477,6.88644],"rotation":{"angle":45,"axis":"x","origin":[8,14.07717,6.78146]},"faces":{"north":{"uv":[5.5,15,5,15.5],"texture":"#8"},"east":{"uv":[15,14,14,14.5],"texture":"#8"},"west":{"uv":[1,15,0,15.5],"texture":"#8"},"up":{"uv":[15.5,0,15,1],"texture":"#8"},"down":{"uv":[1.5,16,1,15],"texture":"#8"}}},{"from":[7.76578,14.75715,6.41345],"to":[8.23422,15.4598,6.88188],"rotation":{"angle":-22.5,"axis":"x","origin":[8,14.07717,6.78146]},"faces":{"north":{"uv":[15.5,3.75,15,3],"rotation":180,"texture":"#8"},"east":{"uv":[15.75,1,15,1.5],"rotation":270,"texture":"#8"},"south":{"uv":[3.5,15,3,15.75],"texture":"#8"},"west":{"uv":[2.75,15,2,15.5],"rotation":90,"texture":"#8"},"up":{"uv":[15.5,4,15,4.5],"rotation":180,"texture":"#8"}}},{"from":[7.82434,15.20755,5.94741],"to":[8.17566,15.73454,6.29873],"rotation":{"angle":0,"axis":"x","origin":[8,14.07717,6.78146]},"faces":{"north":{"uv":[11.25,15.5,11,15],"rotation":180,"texture":"#8"},"east":{"uv":[8.5,15,8,15.25],"rotation":270,"texture":"#8"},"south":{"uv":[10.25,15,10,15.5],"texture":"#8"},"west":{"uv":[9.5,15,9,15.25],"rotation":90,"texture":"#8"},"up":{"uv":[12.25,15,12,15.25],"rotation":180,"texture":"#8"}}},{"from":[7.985,9.74185,8.69787],"to":[8.015,14.18168,16.69787],"rotation":{"angle":0,"axis":"x","origin":[8,12.46176,12.69787]},"faces":{"east":{"uv":[0,0,8,4.5],"texture":"#8"},"west":{"uv":[8,0,0,4.5],"texture":"#8"}}},{"from":[7.75,9.76595,3.82965],"to":[8.25,12.26595,6.32965],"rotation":{"angle":45,"axis":"x","origin":[8,6.38522,8.33308]},"faces":{"north":{"uv":[13.5,5,13,7.5],"texture":"#8"},"east":{"uv":[2.5,5,0,7.5],"texture":"#8"},"south":{"uv":[13.5,2,13,4.5],"texture":"#8"},"west":{"uv":[5.5,5,3,7.5],"texture":"#8"},"up":{"uv":[6.5,13,6,15.5],"texture":"#8"},"down":{"uv":[7.5,15.5,7,13],"texture":"#8"}}},{"from":[7.82434,15.20755,9.70127],"to":[8.17566,15.73454,10.05259],"rotation":{"angle":0,"axis":"x","origin":[8,14.07717,9.21854]},"faces":{"north":{"uv":[10,15,10.25,15.5],"texture":"#8"},"east":{"uv":[8.5,15.25,8,15],"rotation":270,"texture":"#8"},"south":{"uv":[11,15.5,11.25,15],"rotation":180,"texture":"#8"},"west":{"uv":[9.5,15.25,9,15],"rotation":90,"texture":"#8"},"up":{"uv":[12.25,15.25,12,15],"rotation":180,"texture":"#8"}}},{"from":[7.76578,14.75715,9.11812],"to":[8.23422,15.4598,9.58655],"rotation":{"angle":22.5,"axis":"x","origin":[8,14.07717,9.21854]},"faces":{"north":{"uv":[3,15,3.5,15.75],"texture":"#8"},"east":{"uv":[15.75,1.5,15,1],"rotation":270,"texture":"#8"},"south":{"uv":[15,3.75,15.5,3],"rotation":180,"texture":"#8"},"west":{"uv":[2.75,15.5,2,15],"rotation":90,"texture":"#8"},"up":{"uv":[15.5,4.5,15,4],"rotation":180,"texture":"#8"}}},{"from":[7.70352,13.96181,9.11356],"to":[8.29648,14.55477,10.00299],"rotation":{"angle":-45,"axis":"x","origin":[8,14.07717,9.21854]},"faces":{"east":{"uv":[14,14,15,14.5],"texture":"#8"},"south":{"uv":[5,15,5.5,15.5],"texture":"#8"},"west":{"uv":[0,15,1,15.5],"texture":"#8"},"up":{"uv":[15.5,1,15,0],"texture":"#8"},"down":{"uv":[1.5,15,1,16],"texture":"#8"}}},{"from":[7.6099,13.01997,8.69464],"to":[8.3901,14.19027,9.47484],"rotation":{"angle":22.5,"axis":"x","origin":[8,14.07717,9.21854]},"faces":{"north":{"uv":[14,3,14.75,4.25],"texture":"#8"},"east":{"uv":[3.25,14.75,2,14],"rotation":270,"texture":"#8"},"south":{"uv":[4,15.25,4.75,14],"rotation":180,"texture":"#8"},"west":{"uv":[15.25,2.75,14,2],"rotation":90,"texture":"#8"},"up":{"uv":[14.75,13.75,14,13],"rotation":180,"texture":"#8"}}},{"from":[7.53,11.90228,8.27367],"to":[8.47,13.31228,9.21367],"rotation":{"angle":0,"axis":"x","origin":[8,14.07717,9.21854]},"faces":{"north":{"uv":[12,12,13,13.5],"texture":"#8"},"east":{"uv":[13.5,11,12,10],"rotation":270,"texture":"#8"},"south":{"uv":[13,1.5,14,0],"rotation":180,"texture":"#8"},"west":{"uv":[13.5,12,12,11],"rotation":90,"texture":"#8"},"up":{"uv":[15,2,14,1],"rotation":180,"texture":"#8"},"down":{"uv":[2,15,1,14],"texture":"#8"}}}],"gui_light":"front","display":{"thirdperson_righthand":{"translation":[0,2.5,1.25]},"thirdperson_lefthand":{"translation":[0,2.5,1.25]},"firstperson_righthand":{"rotation":[10,0,0],"translation":[2.25,2.5,-0.75]},"firstperson_lefthand":{"rotation":[10,0,0],"translation":[2.25,2.5,-0.75]},"ground":{"rotation":[-45,0,0],"translation":[0,5,0],"scale":[0.7,0.7,0.7]},"gui":{"rotation":[-90,45,90],"translation":[1,-0.75,0]},"head":{"rotation":[0,-90,0]},"fixed":{"rotation":[0,-90,0],"translation":[0,0,-1],"scale":[2,2,2]}}}