{"display":{"thirdperson_righthand":{"translation":[0,2.5,1.25]},"thirdperson_lefthand":{"translation":[0,2.5,1.25]},"firstperson_righthand":{"rotation":[10,0,0],"translation":[2.25,2.5,-0.75]},"firstperson_lefthand":{"rotation":[10,0,0],"translation":[2.25,2.5,-0.75]},"ground":{"rotation":[-45,0,0],"translation":[0,5,0],"scale":[0.7,0.7,0.7]},"gui":{"rotation":[-90,45,90],"translation":[1,-0.75,0]},"head":{"rotation":[0,-90,0]},"fixed":{"rotation":[0,-90,0],"translation":[0,0,-1],"scale":[2,2,2]}},"texture_size":[20,20],"textures":{"1":"autumnset:animations/animation_1","5":"autumnset:shovel","6":"autumnset:animations/animation_leaf2","7":"autumnset:animations/animation_leaf3"},"elements":[{"from":[7.5,1.90145,9.31764],"to":[8.5,3.40145,10.31764],"rotation":{"angle":22.5,"axis":"x","origin":[8,6.38522,7.66692]},"faces":{"north":{"uv":[2.4,8.8,3.2,10],"texture":"#5"},"east":{"uv":[9.6,0,10.4,1.2],"texture":"#5"},"south":{"uv":[3.2,9.6,4,10.8],"texture":"#5"},"west":{"uv":[4,9.6,4.8,10.8],"texture":"#5"},"up":{"uv":[16,11.4,15.2,10.6],"texture":"#5"},"down":{"uv":[6.4,11.2,5.6,12],"texture":"#5"}}},{"from":[7.25,1.30337,7.325],"to":[8.75,1.80337,8.825],"rotation":{"angle":0,"axis":"y","origin":[8,6.38522,7.66692]},"faces":{"north":{"uv":[12,4.8,13.2,5.2],"texture":"#5"},"east":{"uv":[5.6,12,6.8,12.4],"texture":"#5"},"south":{"uv":[12,5.6,13.2,6],"texture":"#5"},"west":{"uv":[12,6.4,13.2,6.8],"texture":"#5"},"up":{"uv":[6.8,1.2,5.6,0],"texture":"#5"},"down":{"uv":[16,9,14.8,10.2],"texture":"#5"}}},{"from":[7.275,5.15337,7.275],"to":[8.725,5.65337,8.725],"rotation":{"angle":0,"axis":"y","origin":[8,6.38522,7.66692]},"faces":{"north":{"uv":[7.2,12,8.4,12.4],"texture":"#5"},"east":{"uv":[12,7.2,13.2,7.6],"texture":"#5"},"south":{"uv":[12,8,13.2,8.4],"texture":"#5"},"west":{"uv":[12,8.8,13.2,9.2],"texture":"#5"},"up":{"uv":[6.8,2.8,5.6,1.6],"texture":"#5"},"down":{"uv":[6.8,3.2,5.6,4.4],"texture":"#5"}}},{"from":[7.5,3.83949,7.03204],"to":[8.5,5.33949,8.03204],"rotation":{"angle":-22.5,"axis":"x","origin":[8,6.38522,7.66692]},"faces":{"north":{"uv":[4.8,9.6,5.6,10.8],"texture":"#5"},"east":{"uv":[5.6,9.6,6.4,10.8],"texture":"#5"},"south":{"uv":[6.4,9.6,7.2,10.8],"texture":"#5"},"west":{"uv":[7.2,9.6,8,10.8],"texture":"#5"},"up":{"uv":[12,6.4,11.2,5.6],"texture":"#5"},"down":{"uv":[7.2,11.2,6.4,12],"texture":"#5"}}},{"from":[7.6,2.57837,8.125],"to":[8.4,4.17837,8.925],"rotation":{"angle":0,"axis":"y","origin":[8,6.38522,7.66692]},"faces":{"north":{"uv":[3.2,11.2,3.8,12.4],"texture":"#5"},"east":{"uv":[4,11.2,4.6,12.4],"texture":"#5"},"south":{"uv":[11.2,4,11.8,5.2],"texture":"#5"},"west":{"uv":[4.8,11.2,5.4,12.4],"texture":"#5"},"up":{"uv":[13.4,3,12.8,2.4],"texture":"#5"},"down":{"uv":[3.8,12.8,3.2,13.4],"texture":"#5"}}},{"from":[7.275,9.80337,7.275],"to":[8.725,10.30337,8.725],"rotation":{"angle":0,"axis":"y","origin":[8,5.53522,7.79192]},"faces":{"north":{"uv":[12,9.6,13.2,10],"texture":"#5"},"east":{"uv":[10.4,12,11.6,12.4],"texture":"#5"},"south":{"uv":[12,10.4,13.2,10.8],"texture":"#5"},"west":{"uv":[12,11.2,13.2,11.6],"texture":"#5"},"up":{"uv":[6.8,6,5.6,4.8],"texture":"#5"},"down":{"uv":[4.4,6.4,3.2,7.6],"texture":"#5"}}},{"from":[7.5035,7.54854,7.33147],"to":[8.4965,9.39854,8.23147],"rotation":{"angle":45,"axis":"x","origin":[8.0035,8.19932,7.93199]},"faces":{"north":{"uv":[0,8.8,0.8,10.2],"texture":"#5"},"east":{"uv":[1.6,11.2,2.2,12.6],"texture":"#5"},"south":{"uv":[8.8,0,9.6,1.4],"texture":"#5"},"west":{"uv":[11.2,2.4,11.8,3.8],"texture":"#5"},"up":{"uv":[9.6,12.6,8.8,12],"texture":"#5"},"down":{"uv":[12.8,12,12,12.6],"texture":"#5"}}},{"from":[7.5,7.05711,7.00579],"to":[8.5,8.55711,8.00579],"rotation":{"angle":-22.5,"axis":"x","origin":[8,8.46451,8.01517]},"faces":{"north":{"uv":[8,9.6,8.8,10.8],"texture":"#5"},"east":{"uv":[8.8,9.6,9.6,10.8],"texture":"#5"},"south":{"uv":[9.6,9.6,10.4,10.8],"texture":"#5"},"west":{"uv":[0,10.4,0.8,11.6],"texture":"#5"},"up":{"uv":[12,7.2,11.2,6.4],"texture":"#5"},"down":{"uv":[8,11.2,7.2,12],"texture":"#5"}}},{"from":[7.5,8.42413,8.40471],"to":[8.5,9.92413,9.40471],"rotation":{"angle":-22.5,"axis":"x","origin":[8,7.59173,8.16409]},"faces":{"north":{"uv":[10.4,7.2,11.2,8.4],"texture":"#5"},"east":{"uv":[10.4,8.8,11.2,10],"texture":"#5"},"south":{"uv":[10.4,10.4,11.2,11.6],"texture":"#5"},"west":{"uv":[0.8,11.2,1.6,12.4],"texture":"#5"},"up":{"uv":[12,8.8,11.2,8],"texture":"#5"},"down":{"uv":[9.6,11.2,8.8,12],"texture":"#5"}}},{"from":[7.25,6.65337,7.25],"to":[8.75,7.15337,8.75],"rotation":{"angle":0,"axis":"y","origin":[8,6.38522,7.66692]},"faces":{"north":{"uv":[12.8,0,14,0.4],"texture":"#5"},"east":{"uv":[0.8,12.8,2,13.2],"texture":"#5"},"south":{"uv":[12.8,0.8,14,1.2],"texture":"#5"},"west":{"uv":[12.8,1.6,14,2],"texture":"#5"},"up":{"uv":[6,7.6,4.8,6.4],"texture":"#5"},"down":{"uv":[7.6,6.4,6.4,7.6],"texture":"#5"}}},{"from":[7.36,2.11441,11.12513],"to":[8.64,3.39441,12.40513],"rotation":{"angle":45,"axis":"x","origin":[8,6.38522,7.66692]},"faces":{"north":{"uv":[0.8,8.8,1.8,9.8],"texture":"#5"},"east":{"uv":[8.8,1.6,9.8,2.6],"texture":"#5"},"south":{"uv":[8.8,3.2,9.8,4.2],"texture":"#5"},"west":{"uv":[8.8,4.8,9.8,5.8],"texture":"#5"},"up":{"uv":[9.8,7.4,8.8,6.4],"texture":"#5"},"down":{"uv":[9.8,8,8.8,9],"texture":"#5"}}},{"from":[7.5,8.62444,2.99697],"to":[8.5,10.62444,4.99697],"rotation":{"angle":45,"axis":"x","origin":[8,5.53522,7.79192]},"faces":{"north":{"uv":[6.4,8,7.2,9.6],"texture":"#5"},"east":{"uv":[14.4,2.2,16,3.8],"texture":"#5"},"south":{"uv":[8,6.4,8.8,8],"texture":"#5"},"west":{"uv":[14.4,3.8,16,5.4],"texture":"#5"},"up":{"uv":[8,9.6,7.2,8],"texture":"#5"},"down":{"uv":[8.8,8,8,9.6],"texture":"#5"}}},{"from":[7.25,8.87444,3.24697],"to":[8.75,10.37444,4.74697],"rotation":{"angle":45,"axis":"x","origin":[8,5.53522,7.79192]},"faces":{"north":{"uv":[0,7.2,1.2,8.4],"texture":"#5"},"east":{"uv":[7.2,0,8.4,1.2],"texture":"#5"},"south":{"uv":[1.6,7.2,2.8,8.4],"texture":"#5"},"west":{"uv":[7.2,1.6,8.4,2.8],"texture":"#5"},"up":{"uv":[8.4,4.4,7.2,3.2],"texture":"#5"},"down":{"uv":[8.4,4.8,7.2,6],"texture":"#5"}}},{"from":[7.01447,5.65337,7.15244],"to":[8.51447,6.65337,8.65244],"rotation":{"angle":45,"axis":"y","origin":[8,6.38522,7.66692]},"faces":{"north":{"uv":[10.4,0,11.6,0.8],"texture":"#5"},"east":{"uv":[0.8,10.4,2,11.2],"texture":"#5"},"south":{"uv":[10.4,0.8,11.6,1.6],"texture":"#5"},"west":{"uv":[10.4,1.6,11.6,2.4],"texture":"#5"},"up":{"uv":[4.4,9.2,3.2,8],"texture":"#5"},"down":{"uv":[6,8,4.8,9.2],"texture":"#5"}}},{"from":[7.985,0.36441,11.37513],"to":[8.015,2.36441,13.37513],"rotation":{"angle":45,"axis":"x","origin":[8,6.38522,7.66692]},"faces":{"east":{"uv":[16,0,14.4,1.6],"texture":"#5"},"west":{"uv":[14.4,0,16,1.6],"texture":"#5"}}},{"from":[7.96,11.71693,10.07403],"to":[8.04,14.21693,13.07403],"rotation":{"angle":22.5,"axis":"x","origin":[8,14.46693,12.07403]},"faces":{"east":{"uv":[0,14,10,2],"rotation":270,"texture":"#6"},"west":{"uv":[0,2,10,14],"rotation":270,"texture":"#6"}}},{"from":[7.96,11.71693,2.92597],"to":[8.04,14.21693,5.92597],"rotation":{"angle":-22.5,"axis":"x","origin":[8,14.46693,3.92597]},"faces":{"east":{"uv":[0,2,10,14],"rotation":270,"texture":"#6"},"west":{"uv":[0,14,10,2],"rotation":270,"texture":"#6"}}},{"from":[8.135,-1.13985,3.44383],"to":[8.165,2.11015,6.94383],"rotation":{"angle":45,"axis":"x","origin":[8,0.70625,6.74717]},"faces":{"east":{"uv":[0,14,14,1],"texture":"#7"},"west":{"uv":[14,14,0,1],"texture":"#7"}}},{"from":[7.835,-1.45247,3.86014],"to":[7.865,1.79753,7.36014],"rotation":{"angle":22.5,"axis":"x","origin":[8,0.70625,6.74717]},"faces":{"east":{"uv":[0,14,14,1],"texture":"#7"},"west":{"uv":[14,14,0,1],"texture":"#7"}}},{"from":[7.885,3.05,9.875],"to":[8.115,12.55,16.875],"rotation":{"angle":0,"axis":"y","origin":[7.485,1.05,21.875]},"faces":{"east":{"uv":[4.66667,0,0,6.16666],"texture":"#1"},"west":{"uv":[0,0,4.66667,6.16666],"texture":"#1"}}},{"from":[7.885,3.05,-0.875],"to":[8.115,12.55,6.125],"rotation":{"angle":0,"axis":"y","origin":[7.485,1.05,-5.875]},"faces":{"east":{"uv":[0,0,4.66667,6.16666],"texture":"#1"},"west":{"uv":[4.66667,0,0,6.16666],"texture":"#1"}}},{"from":[7.82434,14.35755,9.70127],"to":[8.17566,14.88454,10.05259],"rotation":{"angle":0,"axis":"y","origin":[8,13.22717,9.21854]},"faces":{"north":{"uv":[11.2,12.8,11.4,13.2],"texture":"#5"},"east":{"uv":[12,12.8,12.2,13.2],"texture":"#5"},"south":{"uv":[12.8,12,13,12.4],"texture":"#5"},"west":{"uv":[12.8,12.8,13,13.2],"texture":"#5"},"up":{"uv":[0.2,13.8,0,13.6],"texture":"#5"}}},{"from":[7.76578,13.90715,9.11812],"to":[8.23422,14.6098,9.58655],"rotation":{"angle":22.5,"axis":"x","origin":[8,13.22717,9.21854]},"faces":{"north":{"uv":[6.4,12.8,6.8,13.4],"texture":"#5"},"east":{"uv":[7.2,12.8,7.6,13.4],"texture":"#5"},"south":{"uv":[8,12.8,8.4,13.4],"texture":"#5"},"west":{"uv":[8.8,12.8,9.2,13.4],"texture":"#5"},"up":{"uv":[10,13.2,9.6,12.8],"texture":"#5"}}},{"from":[7.70352,13.11181,9.11356],"to":[8.29648,13.70477,10.00299],"rotation":{"angle":-45,"axis":"x","origin":[8,13.22717,9.21854]},"faces":{"east":{"uv":[4,12.8,4.8,13.2],"texture":"#5"},"south":{"uv":[10.4,12.8,10.8,13.2],"texture":"#5"},"west":{"uv":[12.8,4,13.6,4.4],"texture":"#5"},"up":{"uv":[5.2,13.6,4.8,12.8],"texture":"#5"},"down":{"uv":[6,12.8,5.6,13.6],"texture":"#5"}}},{"from":[7.6099,12.16997,8.69464],"to":[8.3901,13.34027,9.47484],"rotation":{"angle":22.5,"axis":"x","origin":[8,13.22717,9.21854]},"faces":{"north":{"uv":[11.2,8.8,11.8,9.8],"texture":"#5"},"east":{"uv":[9.6,11.2,10.2,12.2],"texture":"#5"},"south":{"uv":[11.2,10.4,11.8,11.4],"texture":"#5"},"west":{"uv":[0,12,0.6,13],"texture":"#5"},"up":{"uv":[13.4,3.8,12.8,3.2],"texture":"#5"}}},{"from":[7.53,11.05228,8.27367],"to":[8.47,12.46228,9.21367],"rotation":{"angle":0,"axis":"y","origin":[8,13.22717,9.21854]},"faces":{"north":{"uv":[2.4,10.4,3.2,11.6],"texture":"#5"},"east":{"uv":[10.4,2.4,11.2,3.6],"texture":"#5"},"south":{"uv":[10.4,4,11.2,5.2],"texture":"#5"},"west":{"uv":[10.4,5.6,11.2,6.8],"texture":"#5"},"up":{"uv":[12,8,11.2,7.2],"texture":"#5"},"down":{"uv":[8.8,11.2,8,12],"texture":"#5"}}},{"from":[7.82434,14.35755,5.94741],"to":[8.17566,14.88454,6.29873],"rotation":{"angle":0,"axis":"y","origin":[8,13.22717,6.78146]},"faces":{"north":{"uv":[13,12,12.8,12.4],"texture":"#5"},"east":{"uv":[12.2,12.8,12,13.2],"texture":"#5"},"south":{"uv":[11.4,12.8,11.2,13.2],"texture":"#5"},"west":{"uv":[13,12.8,12.8,13.2],"texture":"#5"},"up":{"uv":[0.2,13.6,0,13.8],"texture":"#5"}}},{"from":[7.76578,13.90715,6.41345],"to":[8.23422,14.6098,6.88188],"rotation":{"angle":-22.5,"axis":"x","origin":[8,13.22717,6.78146]},"faces":{"north":{"uv":[8.4,12.8,8,13.4],"texture":"#5"},"east":{"uv":[7.6,12.8,7.2,13.4],"texture":"#5"},"south":{"uv":[6.8,12.8,6.4,13.4],"texture":"#5"},"west":{"uv":[9.2,12.8,8.8,13.4],"texture":"#5"},"up":{"uv":[10,12.8,9.6,13.2],"texture":"#5"}}},{"from":[7.70352,13.11181,5.99701],"to":[8.29648,13.70477,6.88644],"rotation":{"angle":45,"axis":"x","origin":[8,13.22717,6.78146]},"faces":{"north":{"uv":[10.8,12.8,10.4,13.2],"texture":"#5"},"east":{"uv":[4.8,12.8,4,13.2],"texture":"#5"},"west":{"uv":[13.6,4,12.8,4.4],"texture":"#5"},"up":{"uv":[5.2,12.8,4.8,13.6],"texture":"#5"},"down":{"uv":[6,13.6,5.6,12.8],"texture":"#5"}}},{"from":[7.6099,12.16997,6.52516],"to":[8.3901,13.34027,7.30536],"rotation":{"angle":-22.5,"axis":"x","origin":[8,13.22717,6.78146]},"faces":{"north":{"uv":[11.8,10.4,11.2,11.4],"texture":"#5"},"east":{"uv":[10.2,11.2,9.6,12.2],"texture":"#5"},"south":{"uv":[11.8,8.8,11.2,9.8],"texture":"#5"},"west":{"uv":[0.6,12,0,13],"texture":"#5"},"up":{"uv":[13.4,3.2,12.8,3.8],"texture":"#5"}}},{"from":[7.53,11.05228,6.78633],"to":[8.47,12.46228,7.72633],"rotation":{"angle":0,"axis":"y","origin":[8,13.22717,6.78146]},"faces":{"north":{"uv":[11.2,4,10.4,5.2],"texture":"#5"},"east":{"uv":[11.2,2.4,10.4,3.6],"texture":"#5"},"south":{"uv":[3.2,10.4,2.4,11.6],"texture":"#5"},"west":{"uv":[11.2,5.6,10.4,6.8],"texture":"#5"},"up":{"uv":[12,7.2,11.2,8],"texture":"#5"},"down":{"uv":[8.8,12,8,11.2],"texture":"#5"}}},{"from":[7.75,11.58579,8],"to":[8.25,13.33579,9.75],"rotation":{"angle":-45,"axis":"x","origin":[7.75,11.58579,8]},"faces":{"north":{"uv":[12,0,12.4,1.4],"texture":"#5"},"east":{"uv":[14.6,5.6,16,7],"texture":"#5"},"south":{"uv":[12,1.6,12.4,3],"texture":"#5"},"west":{"uv":[14.6,7.2,16,8.6],"texture":"#5"},"up":{"uv":[2.8,13.4,2.4,12],"texture":"#5"},"down":{"uv":[12.4,3.2,12,4.6],"texture":"#5"}}},{"from":[7.985,12,5.5],"to":[8.015,19,10.5],"rotation":{"angle":0,"axis":"y","origin":[7.985,12,5]},"faces":{"east":{"uv":[4,0,0,5.6],"texture":"#5"},"west":{"uv":[0,0,4,5.6],"texture":"#5"}}}],"gui_light":"front"}