{"texture_size":[24,24],"textures":{"1":"autumnset:animations/animation_1","4":"autumnset:sword","6":"autumnset:animations/animation_leaf2","7":"autumnset:animations/animation_leaf3","particle":"autumnset:sword"},"elements":[{"from":[7.5,1.55337,7.5],"to":[8.5,3.05337,8.5],"rotation":{"angle":0,"axis":"x","origin":[8,2.30337,8]},"faces":{"north":{"uv":[12,0,12.66667,1],"texture":"#4"},"east":{"uv":[4,12,4.66667,13],"texture":"#4"},"south":{"uv":[4.66667,12,5.33333,13],"texture":"#4"},"west":{"uv":[5.33333,12,6,13],"texture":"#4"},"up":{"uv":[8.83333,2,8.16667,1.33333],"texture":"#4"},"down":{"uv":[12.66667,10,12,10.66667],"texture":"#4"}}},{"from":[7.25,1.30337,7.325],"to":[8.75,1.80337,8.825],"rotation":{"angle":0,"axis":"y","origin":[8,6.38522,7.66692]},"faces":{"north":{"uv":[13.33333,5.33333,14.33333,5.66667],"texture":"#4"},"east":{"uv":[6,13.33333,7,13.66667],"texture":"#4"},"south":{"uv":[13.33333,6,14.33333,6.33333],"texture":"#4"},"west":{"uv":[13.33333,6.66667,14.33333,7],"texture":"#4"},"up":{"uv":[10.5,1,9.5,0],"texture":"#4"},"down":{"uv":[5,9.33333,4,10.33333],"texture":"#4"}}},{"from":[7.275,5.15337,7.275],"to":[8.725,5.65337,8.725],"rotation":{"angle":0,"axis":"y","origin":[8,6.38522,7.66692]},"faces":{"north":{"uv":[13.33333,7.33333,14.33333,7.66667],"texture":"#4"},"east":{"uv":[13.33333,8,14.33333,8.33333],"texture":"#4"},"south":{"uv":[8.66667,13.33333,9.66667,13.66667],"texture":"#4"},"west":{"uv":[13.33333,8.66667,14.33333,9],"texture":"#4"},"up":{"uv":[6.33333,10.33333,5.33333,9.33333],"texture":"#4"},"down":{"uv":[10.33333,5.33333,9.33333,6.33333],"texture":"#4"}}},{"from":[7.5,3.65337,7.5],"to":[8.5,5.15337,8.5],"rotation":{"angle":0,"axis":"x","origin":[8,4.40337,8]},"faces":{"north":{"uv":[12,5.33333,12.66667,6.33333],"texture":"#4"},"east":{"uv":[6,12,6.66667,13],"texture":"#4"},"south":{"uv":[6.66667,12,7.33333,13],"texture":"#4"},"west":{"uv":[12,6.66667,12.66667,7.66667],"texture":"#4"},"up":{"uv":[9.33333,13.33333,8.66667,12.66667],"texture":"#4"},"down":{"uv":[10,12.66667,9.33333,13.33333],"texture":"#4"}}},{"from":[7.6,3.05337,7.6],"to":[8.4,3.65337,8.4],"rotation":{"angle":0,"axis":"y","origin":[8,6.36022,7.14192]},"faces":{"north":{"uv":[8,14,8.5,14.33333],"texture":"#4"},"east":{"uv":[8.66667,14,9.16667,14.33333],"texture":"#4"},"south":{"uv":[9.33333,14,9.83333,14.33333],"texture":"#4"},"west":{"uv":[10,14,10.5,14.33333],"texture":"#4"},"up":{"uv":[14.5,0.5,14,0],"texture":"#4"},"down":{"uv":[14.5,0.66667,14,1.16667],"texture":"#4"}}},{"from":[7.275,6.65337,7.275],"to":[8.725,7.15337,8.725],"rotation":{"angle":0,"axis":"y","origin":[8,6.38522,7.66692]},"faces":{"north":{"uv":[13.33333,9.33333,14.33333,9.66667],"texture":"#4"},"east":{"uv":[10,13.33333,11,13.66667],"texture":"#4"},"south":{"uv":[13.33333,10,14.33333,10.33333],"texture":"#4"},"west":{"uv":[13.33333,10.66667,14.33333,11],"texture":"#4"},"up":{"uv":[10.33333,7.66667,9.33333,6.66667],"texture":"#4"},"down":{"uv":[10.33333,8,9.33333,9],"texture":"#4"}}},{"from":[7.36,2.11441,11.12513],"to":[8.64,3.39441,12.40513],"rotation":{"angle":45,"axis":"x","origin":[8,6.38522,7.66692]},"faces":{"north":{"uv":[10.66667,9.33333,11.5,10.16667],"texture":"#4"},"east":{"uv":[10,10.66667,10.83333,11.5],"texture":"#4"},"south":{"uv":[11.33333,1.33333,12.16667,2.16667],"texture":"#4"},"west":{"uv":[11.33333,2.66667,12.16667,3.5],"texture":"#4"},"up":{"uv":[12.16667,4.83333,11.33333,4],"texture":"#4"},"down":{"uv":[12.16667,10.66667,11.33333,11.5],"texture":"#4"}}},{"from":[7.5,5.47444,2.99697],"to":[8.5,7.47444,4.99697],"rotation":{"angle":45,"axis":"x","origin":[8,2.38522,7.79192]},"faces":{"north":{"uv":[6.66667,9.33333,7.33333,10.66667],"texture":"#4"},"east":{"uv":[7.33333,7.33333,8.66667,8.66667],"texture":"#4"},"south":{"uv":[6.66667,10.66667,7.33333,12],"texture":"#4"},"west":{"uv":[8.16667,0,9.5,1.33333],"texture":"#4"},"up":{"uv":[9.33333,12,8.66667,10.66667],"texture":"#4"},"down":{"uv":[10,10.66667,9.33333,12],"texture":"#4"}}},{"from":[7.25,5.72444,3.24697],"to":[8.75,7.22444,4.74697],"rotation":{"angle":45,"axis":"x","origin":[8,2.38522,7.79192]},"faces":{"north":{"uv":[9.33333,9.33333,10.33333,10.33333],"texture":"#4"},"east":{"uv":[10,1.33333,11,2.33333],"texture":"#4"},"south":{"uv":[10,2.66667,11,3.66667],"texture":"#4"},"west":{"uv":[10,4,11,5],"texture":"#4"},"up":{"uv":[11.66667,1,10.66667,0],"texture":"#4"},"down":{"uv":[5,10.66667,4,11.66667],"texture":"#4"}}},{"from":[7.01447,5.65337,7.15244],"to":[8.51447,6.65337,8.65244],"rotation":{"angle":45,"axis":"y","origin":[8,6.38522,7.66692]},"faces":{"north":{"uv":[12,8,13,8.66667],"texture":"#4"},"east":{"uv":[8.66667,12,9.66667,12.66667],"texture":"#4"},"south":{"uv":[12,8.66667,13,9.33333],"texture":"#4"},"west":{"uv":[12,9.33333,13,10],"texture":"#4"},"up":{"uv":[6.33333,11.66667,5.33333,10.66667],"texture":"#4"},"down":{"uv":[11.66667,5.33333,10.66667,6.33333],"texture":"#4"}}},{"from":[7.985,-1.64933,6.99742],"to":[8.015,0.35067,8.99742],"rotation":{"angle":45,"axis":"x","origin":[8,-0.64933,7.99742]},"faces":{"east":{"uv":[15.83333,3.5,14.5,4.83333],"texture":"#4"},"west":{"uv":[15.83333,4.83333,14.5,3.5],"rotation":180,"texture":"#4"}}},{"from":[7.96,8.56693,10.07403],"to":[8.04,11.06693,13.07403],"rotation":{"angle":22.5,"axis":"x","origin":[8,11.31693,12.07403]},"faces":{"east":{"uv":[0,14,10,2],"rotation":270,"texture":"#6"},"west":{"uv":[0,2,10,14],"rotation":270,"texture":"#6"}}},{"from":[7.96,8.56693,2.92597],"to":[8.04,11.06693,5.92597],"rotation":{"angle":-22.5,"axis":"x","origin":[8,11.31693,3.92597]},"faces":{"east":{"uv":[0,2,10,14],"rotation":270,"texture":"#6"},"west":{"uv":[0,14,10,2],"rotation":270,"texture":"#6"}}},{"from":[7.96,-1.45247,3.86014],"to":[8.04,1.79753,7.36014],"rotation":{"angle":22.5,"axis":"x","origin":[8.15,0.70625,6.74717]},"faces":{"east":{"uv":[0,14,14,1],"texture":"#7"},"west":{"uv":[14,14,0,1],"texture":"#7"}}},{"from":[7.96,-1.45247,8.63986],"to":[8.04,1.79753,12.13986],"rotation":{"angle":-22.5,"axis":"x","origin":[8.15,0.70625,9.25283]},"faces":{"east":{"uv":[14,14,0,1],"texture":"#7"},"west":{"uv":[0,14,14,1],"texture":"#7"}}},{"from":[7.985,6.64185,0.80213],"to":[8.015,9.08168,7.55213],"rotation":{"angle":0,"axis":"y","origin":[8,8.61176,3.55213]},"faces":{"east":{"uv":[8,0,3.5,1.66667],"texture":"#4"},"west":{"uv":[3.5,0,8,1.66667],"texture":"#4"}}},{"from":[7.885,-0.6,9.875],"to":[8.115,8.9,16.875],"rotation":{"angle":0,"axis":"y","origin":[7.485,-2.6,21.875]},"faces":{"east":{"uv":[4.66667,0,0,6.16666],"texture":"#1"},"west":{"uv":[0,0,4.66667,6.16666],"texture":"#1"}}},{"from":[7.885,-0.6,-0.875],"to":[8.115,8.9,6.125],"rotation":{"angle":0,"axis":"y","origin":[7.485,-2.6,-5.875]},"faces":{"east":{"uv":[0,0,4.66667,6.16666],"texture":"#1"},"west":{"uv":[4.66667,0,0,6.16666],"texture":"#1"}}},{"from":[7.75,5.76595,9.67035],"to":[8.25,8.26595,12.17035],"rotation":{"angle":-45,"axis":"x","origin":[8,2.38522,7.66692]},"faces":{"north":{"uv":[12.66667,0,13,1.66667],"texture":"#4"},"east":{"uv":[3.66667,7.33333,5.33333,9],"texture":"#4"},"south":{"uv":[12.66667,2,13,3.66667],"texture":"#4"},"west":{"uv":[5.5,7.33333,7.16667,9],"texture":"#4"},"up":{"uv":[13,5.66667,12.66667,4],"texture":"#4"},"down":{"uv":[13,6,12.66667,7.66667],"texture":"#4"}}},{"from":[7.985,6.64185,8.44787],"to":[8.015,9.08168,15.19787],"rotation":{"angle":0,"axis":"y","origin":[8,8.61176,12.44787]},"faces":{"east":{"uv":[3.5,0,8,1.66667],"texture":"#4"},"west":{"uv":[8,0,3.5,1.66667],"texture":"#4"}}},{"from":[7.75,5.76595,3.82965],"to":[8.25,8.26595,6.32965],"rotation":{"angle":45,"axis":"x","origin":[8,2.38522,8.33308]},"faces":{"north":{"uv":[13,2,12.66667,3.66667],"texture":"#4"},"east":{"uv":[5.33333,7.33333,3.66667,9],"texture":"#4"},"south":{"uv":[13,0,12.66667,1.66667],"texture":"#4"},"west":{"uv":[7.16667,7.33333,5.5,9],"texture":"#4"},"up":{"uv":[13,4,12.66667,5.66667],"texture":"#4"},"down":{"uv":[13,7.66667,12.66667,6],"texture":"#4"}}},{"from":[7.82434,11.20755,9.70127],"to":[8.17566,11.73454,10.05259],"rotation":{"angle":0,"axis":"y","origin":[8,10.07717,9.21854]},"faces":{"north":{"uv":[14,13.33333,14.16667,13.66667],"texture":"#4"},"east":{"uv":[14,14,14.16667,14.33333],"texture":"#4"},"south":{"uv":[0,14.66667,0.16667,15],"texture":"#4"},"west":{"uv":[14.66667,0,14.83333,0.33333],"texture":"#4"},"up":{"uv":[0.83333,14.83333,0.66667,14.66667],"texture":"#4"}}},{"from":[7.76578,10.75715,9.11812],"to":[8.23422,11.4598,9.58655],"rotation":{"angle":22.5,"axis":"x","origin":[8,10.07717,9.21854]},"faces":{"north":{"uv":[10.66667,14,11,14.5],"texture":"#4"},"east":{"uv":[14,11.33333,14.33333,11.83333],"texture":"#4"},"south":{"uv":[14,12,14.33333,12.5],"texture":"#4"},"west":{"uv":[12.66667,14,13,14.5],"texture":"#4"},"up":{"uv":[14.33333,13,14,12.66667],"texture":"#4"}}},{"from":[7.70352,9.96181,9.11356],"to":[8.29648,10.55477,10.00299],"rotation":{"angle":-45,"axis":"x","origin":[8,10.07717,9.21854]},"faces":{"east":{"uv":[14,2,14.66667,2.33333],"texture":"#4"},"south":{"uv":[13.33333,14,13.66667,14.33333],"texture":"#4"},"west":{"uv":[14,2.66667,14.66667,3],"texture":"#4"},"up":{"uv":[14.33333,4,14,3.33333],"texture":"#4"},"down":{"uv":[14.33333,4,14,4.66667],"texture":"#4"}}},{"from":[7.6099,9.01997,8.69464],"to":[8.3901,10.19027,9.47484],"rotation":{"angle":22.5,"axis":"x","origin":[8,10.07717,9.21854]},"faces":{"north":{"uv":[4,13.33333,4.5,14.16667],"texture":"#4"},"east":{"uv":[13.33333,4,13.83333,4.83333],"texture":"#4"},"south":{"uv":[4.66667,13.33333,5.16667,14.16667],"texture":"#4"},"west":{"uv":[5.33333,13.33333,5.83333,14.16667],"texture":"#4"},"up":{"uv":[14.5,1.83333,14,1.33333],"texture":"#4"}}},{"from":[7.53,7.90228,8.27367],"to":[8.47,9.31228,9.21367],"rotation":{"angle":0,"axis":"y","origin":[8,10.07717,9.21854]},"faces":{"north":{"uv":[10,12,10.66667,13],"texture":"#4"},"east":{"uv":[10.66667,12,11.33333,13],"texture":"#4"},"south":{"uv":[11.33333,12,12,13],"texture":"#4"},"west":{"uv":[12,12,12.66667,13],"texture":"#4"},"up":{"uv":[13.33333,10.66667,12.66667,10],"texture":"#4"},"down":{"uv":[13.33333,10.66667,12.66667,11.33333],"texture":"#4"}}},{"from":[7.53,7.90228,6.78633],"to":[8.47,9.31228,7.72633],"rotation":{"angle":0,"axis":"y","origin":[8,10.07717,6.78146]},"faces":{"north":{"uv":[12,12,11.33333,13],"texture":"#4"},"east":{"uv":[11.33333,12,10.66667,13],"texture":"#4"},"south":{"uv":[10.66667,12,10,13],"texture":"#4"},"west":{"uv":[12.66667,12,12,13],"texture":"#4"},"up":{"uv":[13.33333,10,12.66667,10.66667],"texture":"#4"},"down":{"uv":[13.33333,11.33333,12.66667,10.66667],"texture":"#4"}}},{"from":[7.6099,9.01997,6.52516],"to":[8.3901,10.19027,7.30536],"rotation":{"angle":-22.5,"axis":"x","origin":[8,10.07717,6.78146]},"faces":{"north":{"uv":[5.16667,13.33333,4.66667,14.16667],"texture":"#4"},"east":{"uv":[13.83333,4,13.33333,4.83333],"texture":"#4"},"south":{"uv":[4.5,13.33333,4,14.16667],"texture":"#4"},"west":{"uv":[5.83333,13.33333,5.33333,14.16667],"texture":"#4"},"up":{"uv":[14.5,1.33333,14,1.83333],"texture":"#4"}}},{"from":[7.70352,9.96181,5.99701],"to":[8.29648,10.55477,6.88644],"rotation":{"angle":45,"axis":"x","origin":[8,10.07717,6.78146]},"faces":{"north":{"uv":[13.66667,14,13.33333,14.33333],"texture":"#4"},"east":{"uv":[14.66667,2,14,2.33333],"texture":"#4"},"west":{"uv":[14.66667,2.66667,14,3],"texture":"#4"},"up":{"uv":[14.33333,3.33333,14,4],"texture":"#4"},"down":{"uv":[14.33333,4.66667,14,4],"texture":"#4"}}},{"from":[7.76578,10.75715,6.41345],"to":[8.23422,11.4598,6.88188],"rotation":{"angle":-22.5,"axis":"x","origin":[8,10.07717,6.78146]},"faces":{"north":{"uv":[14.33333,12,14,12.5],"texture":"#4"},"east":{"uv":[14.33333,11.33333,14,11.83333],"texture":"#4"},"south":{"uv":[11,14,10.66667,14.5],"texture":"#4"},"west":{"uv":[13,14,12.66667,14.5],"texture":"#4"},"up":{"uv":[14.33333,12.66667,14,13],"texture":"#4"}}},{"from":[7.82434,11.20755,5.94741],"to":[8.17566,11.73454,6.29873],"rotation":{"angle":0,"axis":"y","origin":[8,10.07717,6.78146]},"faces":{"north":{"uv":[0.16667,14.66667,0,15],"texture":"#4"},"east":{"uv":[14.16667,14,14,14.33333],"texture":"#4"},"south":{"uv":[14.16667,13.33333,14,13.66667],"texture":"#4"},"west":{"uv":[14.83333,0,14.66667,0.33333],"texture":"#4"},"up":{"uv":[0.83333,14.66667,0.66667,14.83333],"texture":"#4"}}},{"from":[7.75,8.81372,8],"to":[8.25,10.81372,10],"rotation":{"angle":-45,"axis":"x","origin":[7.75,8.81372,8]},"faces":{"north":{"uv":[12.66667,11.33333,13,12.66667],"texture":"#4"},"east":{"uv":[8.66667,2.66667,10,4],"texture":"#4"},"south":{"uv":[12.66667,12.66667,13,14],"texture":"#4"},"west":{"uv":[8.66667,4,10,5.33333],"texture":"#4"},"up":{"uv":[13.66667,1.33333,13.33333,0],"texture":"#4"},"down":{"uv":[13.66667,1.33333,13.33333,2.66667],"texture":"#4"}}},{"from":[7.75,17.22737,8],"to":[8.25,18.64237,9.415],"rotation":{"angle":-45,"axis":"x","origin":[7.75,17.22737,8]},"faces":{"north":{"uv":[11.33333,13.33333,11.66667,14.33333],"texture":"#4"},"east":{"uv":[10.66667,6.66667,11.66667,7.66667],"texture":"#4"},"south":{"uv":[13.33333,11.33333,13.66667,12.33333],"texture":"#4"},"west":{"uv":[10.66667,8,11.66667,9],"texture":"#4"},"up":{"uv":[12.33333,14.33333,12,13.33333],"texture":"#4"},"down":{"uv":[13.66667,12.66667,13.33333,13.66667],"texture":"#4"}}},{"from":[7.75,25.47486,8],"to":[8.25,26.53986,9.065],"rotation":{"angle":-45,"axis":"x","origin":[7.75,25.47486,8]},"faces":{"north":{"uv":[14,4.66667,14.33333,5.33333],"texture":"#4"},"east":{"uv":[13.33333,2.66667,14,3.33333],"texture":"#4"},"south":{"uv":[6,14,6.33333,14.66667],"texture":"#4"},"west":{"uv":[13.33333,3.33333,14,4],"texture":"#4"},"up":{"uv":[7,14.66667,6.66667,14],"texture":"#4"},"down":{"uv":[7.66667,14,7.33333,14.66667],"texture":"#4"}}},{"from":[7.7535,10.22793,7],"to":[8.2465,18.22793,9],"rotation":{"angle":0,"axis":"x","origin":[8.0035,11.22793,8]},"faces":{"north":{"uv":[8.66667,5.33333,9,10.66667],"texture":"#4"},"east":{"uv":[3.66667,2,5,7.33333],"texture":"#4"},"south":{"uv":[7.33333,8.66667,7.66667,14],"texture":"#4"},"west":{"uv":[5,2,6.33333,7.33333],"texture":"#4"}}},{"from":[7.985,10.22793,5.5],"to":[8.015,32,10.5],"rotation":{"angle":0,"axis":"x","origin":[8.235,11.22793,8]},"faces":{"east":{"uv":[3.33333,0,0,14.5],"texture":"#4"},"west":{"uv":[0,0,3.33333,14.5],"texture":"#4"}}},{"from":[7.7535,18.22793,7.25],"to":[8.2465,26.22793,8.75],"rotation":{"angle":0,"axis":"x","origin":[8.0035,19.22793,8]},"faces":{"north":{"uv":[8,8.66667,8.33333,14],"texture":"#4"},"east":{"uv":[6.33333,2,7.33333,7.33333],"texture":"#4"},"south":{"uv":[3.66667,9.33333,4,14.66667],"texture":"#4"},"west":{"uv":[7.33333,2,8.33333,7.33333],"texture":"#4"}}}],"gui_light":"front","display":{"thirdperson_righthand":{"translation":[0,2.5,1.25]},"thirdperson_lefthand":{"translation":[0,2.5,1.25]},"firstperson_righthand":{"rotation":[10,0,0],"translation":[2.25,1.5,-0.75]},"firstperson_lefthand":{"rotation":[10,0,0],"translation":[2.25,1.5,-0.75]},"ground":{"rotation":[-45,0,0],"translation":[0,5,0],"scale":[0.7,0.7,0.7]},"gui":{"rotation":[-90,45,90],"translation":[3.25,-3.25,0],"scale":[0.7,0.7,0.7]},"head":{"rotation":[0,-90,0]},"fixed":{"rotation":[0,-90,0],"translation":[0,0,-1],"scale":[2,2,2]}}}