{"credit":"Made by PolygonMC","texture_size":[24,24],"textures":{"0":"bonitaset:backpack","1":"bonitaset:animations/animations_1","2":"bonitaset:animations/animations_4","particle":"bonitaset:backpack"},"elements":[{"from":[5,0,6],"to":[11,5,10],"rotation":{"angle":0,"axis":"y","origin":[5,0,0]},"faces":{"north":{"uv":[0,0,4,3.33333],"texture":"#0"},"east":{"uv":[4,5.33333,6.66667,8.66667],"texture":"#0"},"south":{"uv":[0,3.33333,4,6.66667],"texture":"#0"},"west":{"uv":[0,6.66667,2.66667,10],"texture":"#0"},"up":{"uv":[8,2.66667,4,0],"texture":"#0"},"down":{"uv":[8,2.66667,4,5.33333],"texture":"#0"}}},{"from":[5,5,6],"to":[11,8,9],"rotation":{"angle":0,"axis":"y","origin":[5,0,0]},"faces":{"north":{"uv":[6.66667,5.33333,10.66667,7.33333],"texture":"#0"},"east":{"uv":[2.66667,8.66667,4.66667,10.66667],"texture":"#0"},"south":{"uv":[6.66667,7.33333,10.66667,9.33333],"texture":"#0"},"west":{"uv":[4.66667,8.66667,6.66667,10.66667],"texture":"#0"},"up":{"uv":[12,2,8,0],"texture":"#0"}}},{"from":[5,5.5,9],"to":[11,8,9.5],"rotation":{"angle":0,"axis":"y","origin":[5,0,0]},"faces":{"east":{"uv":[8,10,8.33333,11.66667],"texture":"#0"},"south":{"uv":[8,2,12,3.66667],"texture":"#0"},"west":{"uv":[8.66667,10,9,11.66667],"texture":"#0"},"up":{"uv":[11.33333,9.66667,7.33333,9.33333],"texture":"#0"},"down":{"uv":[14,4,10,4.33333],"texture":"#0"}}},{"from":[4,1,7],"to":[5,3,9],"rotation":{"angle":0,"axis":"y","origin":[4,0,8]},"faces":{"north":{"uv":[0.66667,10,1.33333,11.33333],"texture":"#0"},"south":{"uv":[1.33333,10,2,11.33333],"texture":"#0"},"west":{"uv":[2.66667,6.66667,4,8],"texture":"#0"},"up":{"uv":[2.66667,11.33333,2,10],"texture":"#0"},"down":{"uv":[8,10,7.33333,11.33333],"texture":"#0"}}},{"from":[11,1,7],"to":[12,3,9],"rotation":{"angle":0,"axis":"y","origin":[12,0,8]},"faces":{"north":{"uv":[1.33333,10,0.66667,11.33333],"texture":"#0"},"east":{"uv":[4,6.66667,2.66667,8],"texture":"#0"},"south":{"uv":[2,10,1.33333,11.33333],"texture":"#0"},"up":{"uv":[2,11.33333,2.66667,10],"texture":"#0"},"down":{"uv":[7.33333,10,8,11.33333],"texture":"#0"}}},{"from":[6.5,8,7.949],"to":[9.5,9.5,7.999],"rotation":{"angle":0,"axis":"y","origin":[6.5,8,7.949]},"faces":{"north":{"uv":[10,4,8,5],"texture":"#0"},"south":{"uv":[8,4,10,5],"texture":"#0"}}},{"from":[5.5,8.999,3],"to":[6.5,8.999,6],"rotation":{"angle":0,"axis":"x","origin":[6,8.999,5]},"faces":{"up":{"uv":[0.66667,12,0,10],"texture":"#0"},"down":{"uv":[0.66667,10,0,12],"texture":"#0"}}},{"from":[5.5,1.999,3],"to":[6.5,1.999,6],"rotation":{"angle":0,"axis":"x","origin":[6,1.999,5]},"faces":{"up":{"uv":[0.66667,12,0,10],"texture":"#0"},"down":{"uv":[0.66667,10,0,12],"texture":"#0"}}},{"from":[5.5,2,3],"to":[6.5,9,3],"rotation":{"angle":0,"axis":"y","origin":[6.5,7,3]},"faces":{"north":{"uv":[6.66667,9.33333,7.33333,14],"texture":"#0"},"south":{"uv":[7.33333,9.33333,6.66667,14],"texture":"#0"}}},{"from":[5.5,8,6],"to":[6.5,9,6],"rotation":{"angle":0,"axis":"y","origin":[6.5,8,6]},"faces":{"north":{"uv":[3.33333,8,2.66667,8.66667],"texture":"#0"},"south":{"uv":[2.66667,8,3.33333,8.66667],"texture":"#0"}}},{"from":[9.5,1.999,3],"to":[10.5,1.999,6],"rotation":{"angle":0,"axis":"x","origin":[10,1.999,5]},"faces":{"up":{"uv":[0,12,0.66667,10],"texture":"#0"},"down":{"uv":[0,10,0.66667,12],"texture":"#0"}}},{"from":[9.5,2,3],"to":[10.5,9,3],"rotation":{"angle":0,"axis":"y","origin":[9.5,7,3]},"faces":{"north":{"uv":[7.33333,9.33333,6.66667,14],"texture":"#0"},"south":{"uv":[6.66667,9.33333,7.33333,14],"texture":"#0"}}},{"from":[9.5,8.999,3],"to":[10.5,8.999,6],"rotation":{"angle":0,"axis":"x","origin":[10,8.999,5]},"faces":{"up":{"uv":[0,12,0.66667,10],"texture":"#0"},"down":{"uv":[0,10,0.66667,12],"texture":"#0"}}},{"from":[9.5,8,6],"to":[10.5,9,6],"rotation":{"angle":0,"axis":"y","origin":[9.5,8,6]},"faces":{"north":{"uv":[2.66667,8,3.33333,8.66667],"texture":"#0"},"south":{"uv":[3.33333,8,2.66667,8.66667],"texture":"#0"}}},{"from":[7.5,5.5,9],"to":[8.5,6.5,9.75],"rotation":{"angle":45,"axis":"z","origin":[8,6,9.5]},"faces":{"north":{"uv":[3.33333,8,4,8.66667],"texture":"#0"},"east":{"uv":[10,4.66667,10.66667,5.33333],"texture":"#0"},"south":{"uv":[9.33333,10,10,10.66667],"texture":"#0"},"west":{"uv":[10,10,10.66667,10.66667],"texture":"#0"},"up":{"uv":[3.33333,11.33333,2.66667,10.66667],"texture":"#0"},"down":{"uv":[4,10.66667,3.33333,11.33333],"texture":"#0"}}},{"from":[6.25,4.75,10.27064],"to":[9.75,8.25,10.30064],"rotation":{"angle":45,"axis":"z","origin":[8,6.5,10.27064]},"faces":{"north":{"uv":[7,0,0,7],"rotation":270,"texture":"#1"},"south":{"uv":[7,7,0,0],"rotation":270,"texture":"#1"}}},{"from":[3.75,0,10.5],"to":[5.6,1.5,10.5],"rotation":{"angle":0,"axis":"y","origin":[3.75,0,10.5]},"faces":{"south":{"uv":[10,11.99167,15.00833,16],"texture":"#2"}}},{"from":[10.75,0.5,10.5],"to":[12.6,2,10.5],"rotation":{"angle":0,"axis":"y","origin":[10.75,0.5,10.5]},"faces":{"south":{"uv":[10,11.99167,15.00833,16],"texture":"#2"}}},{"from":[10.25,4,10.5],"to":[12.1,5.5,10.5],"rotation":{"angle":0,"axis":"y","origin":[10.25,4,10.5]},"faces":{"south":{"uv":[1,5.99167,6.00833,10],"texture":"#2"}}},{"from":[4.25,6.25,10.5],"to":[6.1,7.75,10.5],"rotation":{"angle":0,"axis":"y","origin":[4.25,6.25,10.5]},"faces":{"south":{"uv":[1,5.99167,6.00833,10],"texture":"#2"}}}],"gui_light":"front","display":{"thirdperson_righthand":{"rotation":[-122,0,-180],"translation":[0,-0.75,-1.75]},"thirdperson_lefthand":{"rotation":[66.75,0,0],"translation":[-5.5,-5.75,12.5],"scale":[1.32422,1.32422,1.32422]},"firstperson_righthand":{"rotation":[-26.25,0,0],"translation":[-1.5,7.75,0]},"firstperson_lefthand":{"rotation":[-26.25,0,0],"translation":[-1.5,7.75,0]},"ground":{"rotation":[-40,0,0],"translation":[0,7.5,-1.5]},"gui":{"rotation":[30,-45,0],"translation":[-1.25,3.5,0],"scale":[1.33984,1.33984,1.33984]},"head":{"translation":[0,-8.5,7.5],"scale":[2.17773,2.17773,2.17773]},"fixed":{"rotation":[-90,180,0],"translation":[0,0,-26.5],"scale":[3.31641,3.31641,3.31641]}}}