{"credit":"Made by PolygonMC","textures":{"1":"bonitaset:animations/animations_1","3":"bonitaset:animations/animations_4","4":"bonitaset:fishing_rod","particle":"bonitaset:animations/animations_1","main":"bonitaset:animations/animations_3"},"elements":[{"from":[7.5,1.07897,7.5],"to":[8.5,2.07897,8.5],"rotation":{"angle":0,"axis":"y","origin":[7.5,-3.39603,8.55]},"faces":{"north":{"uv":[6,10,7,11],"texture":"#4"},"east":{"uv":[9,10,10,11],"texture":"#4"},"south":{"uv":[10,10,11,11],"texture":"#4"},"west":{"uv":[11,2,12,3],"texture":"#4"},"up":{"uv":[12,4,11,3],"texture":"#4"}}},{"from":[7.5,5.225,7.5],"to":[8.5,6.225,8.5],"rotation":{"angle":0,"axis":"y","origin":[8,6.725,8.15]},"faces":{"north":{"uv":[11,4,12,5],"texture":"#4"},"east":{"uv":[11,5,12,6],"texture":"#4"},"south":{"uv":[6,11,7,12],"texture":"#4"},"west":{"uv":[11,6,12,7],"texture":"#4"},"down":{"uv":[8,11,7,12],"texture":"#4"}}},{"from":[7.5,7.475,7.5],"to":[8.5,10.475,8.5],"rotation":{"angle":0,"axis":"y","origin":[8,6.725,8.15]},"faces":{"north":{"uv":[5,4,6,7],"texture":"#4"},"east":{"uv":[6,4,7,7],"texture":"#4"},"south":{"uv":[7,0,8,3],"texture":"#4"},"west":{"uv":[7,3,8,6],"texture":"#4"},"up":{"uv":[7,13,6,12],"texture":"#4"}}},{"from":[7.565,10.475,7.565],"to":[8.435,13.085,8.435],"rotation":{"angle":0,"axis":"y","origin":[8,7.3425,8.1305]},"faces":{"north":{"uv":[5,7,6,9.5],"texture":"#4"},"east":{"uv":[6,7,7,9.5],"texture":"#4"},"south":{"uv":[7,6,8,8.5],"texture":"#4"},"west":{"uv":[8,0,9,2.5],"texture":"#4"},"up":{"uv":[13,7,12,6],"texture":"#4"}}},{"from":[7.62155,13.085,7.62155],"to":[8.37845,15.3557,8.37845],"rotation":{"angle":0,"axis":"y","origin":[8,8.24972,8.11353]},"faces":{"north":{"uv":[8,3,9,5.5],"texture":"#4"},"east":{"uv":[8,6,9,8.5],"texture":"#4"},"south":{"uv":[9,0,10,2.5],"texture":"#4"},"west":{"uv":[9,3,10,5.5],"texture":"#4"}}},{"from":[7.5,4.225,7.5],"to":[8.5,4.725,8.5],"rotation":{"angle":0,"axis":"y","origin":[8,3.65199,8.00452]},"faces":{"north":{"uv":[13,6,14,6.5],"texture":"#4"},"east":{"uv":[7,13,8,13.5],"texture":"#4"},"south":{"uv":[13,7,14,7.5],"texture":"#4"},"west":{"uv":[8,13,9,13.5],"texture":"#4"},"up":{"uv":[12,8,11,7],"texture":"#4"},"down":{"uv":[9,11,8,12],"texture":"#4"}}},{"from":[7.5,2.57897,7.5],"to":[8.5,3.07897,8.5],"rotation":{"angle":0,"axis":"y","origin":[8,3.65199,7.99548]},"faces":{"north":{"uv":[13,8,14,8.5],"texture":"#4"},"east":{"uv":[9,13,10,13.5],"texture":"#4"},"south":{"uv":[13,9,14,9.5],"texture":"#4"},"west":{"uv":[10,13,11,13.5],"texture":"#4"},"up":{"uv":[12,9,11,8],"texture":"#4"},"down":{"uv":[10,11,9,12],"texture":"#4"}}},{"from":[7.4,3.047,7.39637],"to":[8.6,4.247,8.59637],"rotation":{"angle":-45,"axis":"x","origin":[8,3.65199,7.99672]},"faces":{"north":{"uv":[11,9,12,10],"texture":"#4"},"east":{"uv":[10,11,11,12],"texture":"#4"},"south":{"uv":[11,10,12,11],"texture":"#4"},"west":{"uv":[11,11,12,12],"texture":"#4"},"up":{"uv":[1,13,0,12],"texture":"#4"},"down":{"uv":[13,0,12,1],"texture":"#4"}}},{"from":[7.4,15.047,7.39637],"to":[8.6,16.247,8.59637],"rotation":{"angle":-45,"axis":"x","origin":[8,15.65199,7.99672]},"faces":{"north":{"uv":[7,12,8,13],"texture":"#4"},"east":{"uv":[12,7,13,8],"texture":"#4"},"south":{"uv":[8,12,9,13],"texture":"#4"},"west":{"uv":[12,8,13,9],"texture":"#4"},"up":{"uv":[10,13,9,12],"texture":"#4"},"down":{"uv":[13,9,12,10],"texture":"#4"}}},{"from":[7.6,2.07897,7.6],"to":[8.4,2.57897,8.4],"rotation":{"angle":0,"axis":"y","origin":[8,3.65199,7.99548]},"faces":{"north":{"uv":[11,13,12,13.5],"texture":"#4"},"east":{"uv":[13,11,14,11.5],"texture":"#4"},"south":{"uv":[12,13,13,13.5],"texture":"#4"},"west":{"uv":[13,12,14,12.5],"texture":"#4"}}},{"from":[7.6,4.725,7.6],"to":[8.4,5.225,8.4],"rotation":{"angle":0,"axis":"y","origin":[8,3.65199,8.00452]},"faces":{"north":{"uv":[13,13,14,13.5],"texture":"#4"},"east":{"uv":[1,14,2,14.5],"texture":"#4"},"south":{"uv":[14,1,15,1.5],"texture":"#4"},"west":{"uv":[2,14,3,14.5],"texture":"#4"}}},{"from":[7.75,0.11254,6.94818],"to":[8.25,1.11254,7.94818],"rotation":{"angle":22.5,"axis":"x","origin":[8,1.23632,7.98062]},"faces":{"north":{"uv":[14,2,14.5,3],"texture":"#4"},"east":{"uv":[1,12,2,13],"texture":"#4"},"south":{"uv":[14,3,14.5,4],"texture":"#4"},"west":{"uv":[12,1,13,2],"texture":"#4"},"up":{"uv":[4.5,15,4,14],"texture":"#4"},"down":{"uv":[14.5,4,14,5],"texture":"#4"}}},{"from":[7.752,1.17173,6.45595],"to":[8.248,2.22173,7.18095],"rotation":{"angle":-22.5,"axis":"x","origin":[8,1.23632,7.98062]},"faces":{"north":{"uv":[5,14,5.5,15],"texture":"#4"},"east":{"uv":[14,5,14.5,6],"texture":"#4"},"south":{"uv":[6,14,6.5,15],"texture":"#4"},"west":{"uv":[14,6,14.5,7],"texture":"#4"},"up":{"uv":[15.5,0.5,15,0],"texture":"#4"}}},{"from":[7.752,1.17173,8.81905],"to":[8.248,2.22173,9.54405],"rotation":{"angle":22.5,"axis":"x","origin":[8,1.23632,8.01938]},"faces":{"north":{"uv":[7,14,7.5,15],"texture":"#4"},"east":{"uv":[14,7,14.5,8],"texture":"#4"},"south":{"uv":[8,14,8.5,15],"texture":"#4"},"west":{"uv":[14,8,14.5,9],"texture":"#4"},"up":{"uv":[1.5,15.5,1,15],"texture":"#4"}}},{"from":[7.75,0.11254,8.05182],"to":[8.25,1.11254,9.05182],"rotation":{"angle":-22.5,"axis":"x","origin":[8,1.23632,8.01938]},"faces":{"north":{"uv":[9,14,9.5,15],"texture":"#4"},"east":{"uv":[2,12,3,13],"texture":"#4"},"south":{"uv":[14,9,14.5,10],"texture":"#4"},"west":{"uv":[12,2,13,3],"texture":"#4"},"up":{"uv":[10.5,15,10,14],"texture":"#4"},"down":{"uv":[14.5,10,14,11],"texture":"#4"}}},{"from":[7.405,0.3916,7.66275],"to":[8.595,1.5816,8.85275],"rotation":{"angle":45,"axis":"x","origin":[8,1.23632,7.98062]},"faces":{"north":{"uv":[3,12,4,13],"texture":"#4"},"east":{"uv":[12,3,13,4],"texture":"#4"},"south":{"uv":[4,12,5,13],"texture":"#4"},"west":{"uv":[12,4,13,5],"texture":"#4"},"up":{"uv":[6,13,5,12],"texture":"#4"},"down":{"uv":[13,5,12,6],"texture":"#4"}}},{"from":[7.4,5.975,7.25],"to":[8.6,7.725,9],"rotation":{"angle":-45,"axis":"x","origin":[8,6.725,8]},"faces":{"north":{"uv":[10,2,11,4],"texture":"#4"},"east":{"uv":[5,0,7,2],"texture":"#4"},"south":{"uv":[4,10,5,12],"texture":"#4"},"west":{"uv":[5,2,7,4],"texture":"#4"},"up":{"uv":[11,6,10,4],"texture":"#4"},"down":{"uv":[6,10,5,12],"texture":"#4"}}},{"from":[7.15,6.225,7.5],"to":[8.85,7.475,8.75],"rotation":{"angle":-45,"axis":"x","origin":[8,6.725,8]},"faces":{"north":{"uv":[9,6,10.5,7.5],"texture":"#4"},"east":{"uv":[7,9,8.5,10.5],"texture":"#4"},"south":{"uv":[9,8,10.5,9.5],"texture":"#4"},"west":{"uv":[0,10,1.5,11.5],"texture":"#4"},"up":{"uv":[11.5,1.5,10,0],"texture":"#4"},"down":{"uv":[3.5,10,2,11.5],"texture":"#4"}}},{"from":[7,5.51053,6.25],"to":[7,9.01053,9.75],"rotation":{"angle":45,"axis":"x","origin":[7,7.26053,8]},"faces":{"west":{"uv":[0,0,7,7],"texture":"#1"}}},{"from":[9,5.51053,6.25],"to":[9,9.01053,9.75],"rotation":{"angle":45,"axis":"x","origin":[9,7.26053,8]},"faces":{"east":{"uv":[7,0,0,7],"texture":"#1"}}},{"from":[7.77411,4.625,8.80068],"to":[7.80411,9.625,13.30068],"rotation":{"angle":-45,"axis":"y","origin":[7.80411,4.625,8.80068]},"faces":{"east":{"uv":[4.5,0,0,5],"texture":"#main"},"west":{"uv":[0,0,4.5,5],"texture":"#main"}}},{"from":[7.77411,4.625,8.80068],"to":[7.80411,9.625,13.30068],"rotation":{"angle":-22.5,"axis":"y","origin":[7.80411,4.625,8.80068]},"faces":{"east":{"uv":[12.5,0,8,5],"texture":"#main"},"west":{"uv":[8,0,12.5,5],"texture":"#main"}}},{"from":[7.77411,4.625,8.80068],"to":[7.80411,9.625,13.30068],"rotation":{"angle":0,"axis":"y","origin":[7.80411,4.625,8.80068]},"faces":{"east":{"uv":[4.5,8,0,13],"texture":"#main"},"west":{"uv":[0,8,4.5,13],"texture":"#main"}}},{"from":[8.19589,4.625,8.80068],"to":[8.22589,9.625,13.30068],"rotation":{"angle":45,"axis":"y","origin":[8.19589,4.625,8.80068]},"faces":{"east":{"uv":[4.5,0,0,5],"texture":"#main"},"west":{"uv":[0,0,4.5,5],"texture":"#main"}}},{"from":[8.19589,4.625,8.80068],"to":[8.22589,9.625,13.30068],"rotation":{"angle":22.5,"axis":"y","origin":[8.19589,4.625,8.80068]},"faces":{"east":{"uv":[12.5,0,8,5],"texture":"#main"},"west":{"uv":[8,0,12.5,5],"texture":"#main"}}},{"from":[8.19589,4.625,8.80068],"to":[8.22589,9.625,13.30068],"rotation":{"angle":0,"axis":"y","origin":[8.19589,4.625,8.80068]},"faces":{"east":{"uv":[4.5,8,0,13],"texture":"#main"},"west":{"uv":[0,8,4.5,13],"texture":"#main"}}},{"from":[7,8.675,5.825],"to":[7.5,9.175,7.825],"rotation":{"angle":0,"axis":"y","origin":[7,8.675,5.825]},"faces":{"north":{"uv":[15,1,15.5,1.5],"texture":"#4"},"east":{"uv":[10,12,12,12.5],"texture":"#4"},"south":{"uv":[2,15,2.5,15.5],"texture":"#4"},"west":{"uv":[12,10,14,10.5],"texture":"#4"},"up":{"uv":[12.5,13,12,11],"texture":"#4"},"down":{"uv":[0.5,13,0,15],"texture":"#4"}}},{"from":[8.5,8.675,5.825],"to":[9,9.175,7.825],"rotation":{"angle":0,"axis":"y","origin":[8.5,8.675,5.825]},"faces":{"north":{"uv":[15,2,15.5,2.5],"texture":"#4"},"east":{"uv":[13,0,15,0.5],"texture":"#4"},"south":{"uv":[3,15,3.5,15.5],"texture":"#4"},"west":{"uv":[1,13,3,13.5],"texture":"#4"},"up":{"uv":[13.5,3,13,1],"texture":"#4"},"down":{"uv":[3.5,13,3,15],"texture":"#4"}}},{"from":[7.5,8.675,7.325],"to":[8.5,9.175,7.825],"rotation":{"angle":0,"axis":"y","origin":[8,8.675,5.825]},"faces":{"north":{"uv":[11,14,12,14.5],"texture":"#4"},"south":{"uv":[14,11,15,11.5],"texture":"#4"},"up":{"uv":[13,14.5,12,14],"texture":"#4"},"down":{"uv":[15,12,14,12.5],"texture":"#4"}}},{"from":[7.5,8.675,5.825],"to":[8.5,9.175,6.325],"rotation":{"angle":0,"axis":"y","origin":[8,8.675,4.325]},"faces":{"north":{"uv":[13,14,14,14.5],"texture":"#4"},"south":{"uv":[14,13,15,13.5],"texture":"#4"},"up":{"uv":[15,14.5,14,14],"texture":"#4"},"down":{"uv":[1,15,0,15.5],"texture":"#4"}}},{"from":[7.5,11.6,7.325],"to":[8.5,12.1,7.825],"rotation":{"angle":0,"axis":"y","origin":[8,11.6,5.825]},"faces":{"north":{"uv":[11,14,12,14.5],"texture":"#4"},"south":{"uv":[14,11,15,11.5],"texture":"#4"},"up":{"uv":[13,14.5,12,14],"texture":"#4"},"down":{"uv":[15,12,14,12.5],"texture":"#4"}}},{"from":[7,11.6,5.825],"to":[7.5,12.1,7.825],"rotation":{"angle":0,"axis":"y","origin":[7,11.6,5.825]},"faces":{"north":{"uv":[15,1,15.5,1.5],"texture":"#4"},"east":{"uv":[10,12,12,12.5],"texture":"#4"},"south":{"uv":[2,15,2.5,15.5],"texture":"#4"},"west":{"uv":[12,10,14,10.5],"texture":"#4"},"up":{"uv":[12.5,13,12,11],"texture":"#4"},"down":{"uv":[0.5,13,0,15],"texture":"#4"}}},{"from":[7.5,11.6,5.825],"to":[8.5,12.1,6.325],"rotation":{"angle":0,"axis":"y","origin":[8,11.6,4.325]},"faces":{"north":{"uv":[13,14,14,14.5],"texture":"#4"},"south":{"uv":[14,13,15,13.5],"texture":"#4"},"up":{"uv":[15,14.5,14,14],"texture":"#4"},"down":{"uv":[1,15,0,15.5],"texture":"#4"}}},{"from":[8.5,11.6,5.825],"to":[9,12.1,7.825],"rotation":{"angle":0,"axis":"y","origin":[8.5,11.6,5.825]},"faces":{"north":{"uv":[15,2,15.5,2.5],"texture":"#4"},"east":{"uv":[13,0,15,0.5],"texture":"#4"},"south":{"uv":[3,15,3.5,15.5],"texture":"#4"},"west":{"uv":[1,13,3,13.5],"texture":"#4"},"up":{"uv":[13.5,3,13,1],"texture":"#4"},"down":{"uv":[3.5,13,3,15],"texture":"#4"}}},{"from":[7.5,14.525,7.325],"to":[8.5,15.025,7.825],"rotation":{"angle":0,"axis":"y","origin":[8,14.525,5.825]},"faces":{"north":{"uv":[11,14,12,14.5],"texture":"#4"},"south":{"uv":[14,11,15,11.5],"texture":"#4"},"up":{"uv":[13,14.5,12,14],"texture":"#4"},"down":{"uv":[15,12,14,12.5],"texture":"#4"}}},{"from":[7,14.525,5.825],"to":[7.5,15.025,7.825],"rotation":{"angle":0,"axis":"y","origin":[7,14.525,5.825]},"faces":{"north":{"uv":[15,1,15.5,1.5],"texture":"#4"},"east":{"uv":[10,12,12,12.5],"texture":"#4"},"south":{"uv":[2,15,2.5,15.5],"texture":"#4"},"west":{"uv":[12,10,14,10.5],"texture":"#4"},"up":{"uv":[12.5,13,12,11],"texture":"#4"},"down":{"uv":[0.5,13,0,15],"texture":"#4"}}},{"from":[7.5,14.525,5.825],"to":[8.5,15.025,6.325],"rotation":{"angle":0,"axis":"y","origin":[8,14.525,4.325]},"faces":{"north":{"uv":[13,14,14,14.5],"texture":"#4"},"south":{"uv":[14,13,15,13.5],"texture":"#4"},"up":{"uv":[15,14.5,14,14],"texture":"#4"},"down":{"uv":[1,15,0,15.5],"texture":"#4"}}},{"from":[8.5,14.525,5.825],"to":[9,15.025,7.825],"rotation":{"angle":0,"axis":"y","origin":[8.5,14.525,5.825]},"faces":{"north":{"uv":[15,2,15.5,2.5],"texture":"#4"},"east":{"uv":[13,0,15,0.5],"texture":"#4"},"south":{"uv":[3,15,3.5,15.5],"texture":"#4"},"west":{"uv":[1,13,3,13.5],"texture":"#4"},"up":{"uv":[13.5,3,13,1],"texture":"#4"},"down":{"uv":[3.5,13,3,15],"texture":"#4"}}},{"from":[7.985,6.75,3.475],"to":[8.015,16,7.725],"rotation":{"angle":0,"axis":"y","origin":[7.985,6,2.725]},"faces":{"east":{"uv":[4.5,0,0,9.5],"texture":"#4"},"west":{"uv":[0,0,4.5,9.5],"texture":"#4"}}},{"from":[7.5,12.25,4.15],"to":[8.5,13.25,5.15],"rotation":{"angle":0,"axis":"y","origin":[7.5,12.25,4.15]},"faces":{"north":{"uv":[13,3,14,4],"texture":"#4"},"east":{"uv":[4,13,5,14],"texture":"#4"},"south":{"uv":[13,4,14,5],"texture":"#4"},"west":{"uv":[5,13,6,14],"texture":"#4"},"up":{"uv":[14,6,13,5],"texture":"#4"},"down":{"uv":[7,13,6,14],"texture":"#4"}}},{"from":[6.8,7.5,1],"to":[6.8,15.5,9],"rotation":{"angle":0,"axis":"y","origin":[6.8,7.5,1]},"faces":{"west":{"uv":[0,0,16,16],"texture":"#3"}}},{"from":[9.2,7.5,1],"to":[9.2,15.5,9],"rotation":{"angle":0,"axis":"y","origin":[9.2,7.5,1]},"faces":{"east":{"uv":[16,0,0,16],"texture":"#3"}}}],"gui_light":"front","display":{"thirdperson_righthand":{"translation":[0,2.25,1]},"thirdperson_lefthand":{"translation":[0,2.25,1]},"firstperson_righthand":{"rotation":[-10,0,0],"translation":[0,4.25,1.75]},"firstperson_lefthand":{"rotation":[-10,0,0],"translation":[0,4.25,1.75]},"ground":{"rotation":[-45,0,0],"translation":[0,8.25,0]},"gui":{"rotation":[-90,45,90],"translation":[1,0,0]},"head":{"rotation":[90,-90,90]},"fixed":{"rotation":[0,-90,0],"translation":[0,0.5,-1.5],"scale":[2.5,2.5,2.5]}}}