{"credit":"Made by PolygonMC","texture_size":[24,24],"textures":{"1":"bonitaset:animations/animations_1","3":"bonitaset:animations/animations_2","5":"bonitaset:greatsword","particle":"bonitaset:animations/animations_1","main":"bonitaset:animations/animations_3"},"elements":[{"from":[7.5,0.75,7.5],"to":[8.5,1.75,8.5],"rotation":{"angle":0,"axis":"y","origin":[7.5,-0.25,7.5]},"faces":{"north":{"uv":[7.33333,9.33333,8,10],"texture":"#5"},"east":{"uv":[9.33333,7.33333,10,8],"texture":"#5"},"south":{"uv":[8,9.33333,8.66667,10],"texture":"#5"},"west":{"uv":[9.33333,8,10,8.66667],"texture":"#5"},"up":{"uv":[10,9.33333,9.33333,8.66667],"texture":"#5"}}},{"from":[7.5,4.75,7.5],"to":[8.5,5.75,8.5],"rotation":{"angle":0,"axis":"y","origin":[7.5,3.75,7.5]},"faces":{"north":{"uv":[9.33333,9.33333,10,10],"texture":"#5"},"east":{"uv":[10,0,10.66667,0.66667],"texture":"#5"},"south":{"uv":[10,0.66667,10.66667,1.33333],"texture":"#5"},"west":{"uv":[10,1.33333,10.66667,2],"texture":"#5"},"down":{"uv":[10.66667,2,10,2.66667],"texture":"#5"}}},{"from":[7.5,3.75,7.5],"to":[8.5,4.25,8.5],"rotation":{"angle":0,"axis":"y","origin":[7.5,0.25,7.5]},"faces":{"north":{"uv":[10,10.66667,10.66667,11],"texture":"#5"},"east":{"uv":[10.66667,10.66667,11.33333,11],"texture":"#5"},"south":{"uv":[11.33333,0,12,0.33333],"texture":"#5"},"west":{"uv":[11.33333,0.66667,12,1],"texture":"#5"},"up":{"uv":[10.66667,3.33333,10,2.66667],"texture":"#5"},"down":{"uv":[10.66667,3.33333,10,4],"texture":"#5"}}},{"from":[7.5,2.25,7.5],"to":[8.5,2.75,8.5],"rotation":{"angle":0,"axis":"y","origin":[7.5,1.25,7.5]},"faces":{"north":{"uv":[11.33333,1.33333,12,1.66667],"texture":"#5"},"east":{"uv":[11.33333,2,12,2.33333],"texture":"#5"},"south":{"uv":[11.33333,2.66667,12,3],"texture":"#5"},"west":{"uv":[3.33333,11.33333,4,11.66667],"texture":"#5"},"up":{"uv":[10.66667,4.66667,10,4],"texture":"#5"},"down":{"uv":[10.66667,4.66667,10,5.33333],"texture":"#5"}}},{"from":[7.4,2.65,7.4],"to":[8.6,3.85,8.6],"rotation":{"angle":45,"axis":"x","origin":[8,3.25,8]},"faces":{"north":{"uv":[10,5.33333,10.66667,6],"texture":"#5"},"east":{"uv":[10,6,10.66667,6.66667],"texture":"#5"},"south":{"uv":[10,6.66667,10.66667,7.33333],"texture":"#5"},"west":{"uv":[7.33333,10,8,10.66667],"texture":"#5"},"up":{"uv":[10.66667,8,10,7.33333],"texture":"#5"},"down":{"uv":[8.66667,10,8,10.66667],"texture":"#5"}}},{"from":[7.6,1.75,7.6],"to":[8.4,2.25,8.4],"rotation":{"angle":0,"axis":"y","origin":[7.5,0.75,7.5]},"faces":{"north":{"uv":[11.33333,3.33333,12,3.66667],"texture":"#5"},"east":{"uv":[4,11.33333,4.66667,11.66667],"texture":"#5"},"south":{"uv":[11.33333,4,12,4.33333],"texture":"#5"},"west":{"uv":[11.33333,4.66667,12,5],"texture":"#5"}}},{"from":[7.6,4.25,7.6],"to":[8.4,4.75,8.4],"rotation":{"angle":0,"axis":"y","origin":[7.5,3.25,7.5]},"faces":{"north":{"uv":[5.33333,11.33333,6,11.66667],"texture":"#5"},"east":{"uv":[11.33333,5.33333,12,5.66667],"texture":"#5"},"south":{"uv":[6,11.33333,6.66667,11.66667],"texture":"#5"},"west":{"uv":[11.33333,6,12,6.33333],"texture":"#5"}}},{"from":[7.75,0,6.75],"to":[8.25,1,7.75],"rotation":{"angle":22.5,"axis":"x","origin":[8,0.5,7.25]},"faces":{"north":{"uv":[11.33333,6.66667,11.66667,7.33333],"texture":"#5"},"east":{"uv":[10,8,10.66667,8.66667],"texture":"#5"},"south":{"uv":[11.33333,7.33333,11.66667,8],"texture":"#5"},"west":{"uv":[8.66667,10,9.33333,10.66667],"texture":"#5"},"up":{"uv":[11.66667,8.66667,11.33333,8],"texture":"#5"},"down":{"uv":[11.66667,8.66667,11.33333,9.33333],"texture":"#5"}}},{"from":[7.752,0.19134,6.40538],"to":[8.248,1.24134,7.13038],"rotation":{"angle":-22.5,"axis":"x","origin":[8.002,0.69134,6.40538]},"faces":{"north":{"uv":[11.33333,9.33333,11.66667,10],"texture":"#5"},"east":{"uv":[10,11.33333,10.33333,12],"texture":"#5"},"south":{"uv":[11.33333,10,11.66667,10.66667],"texture":"#5"},"west":{"uv":[10.66667,11.33333,11,12],"texture":"#5"},"up":{"uv":[8.33333,12.33333,8,12],"texture":"#5"}}},{"from":[7.75,0,8.25],"to":[8.25,1,9.25],"rotation":{"angle":-22.5,"axis":"x","origin":[8,0.5,8.75]},"faces":{"north":{"uv":[11.33333,10.66667,11.66667,11.33333],"texture":"#5"},"east":{"uv":[10,8.66667,10.66667,9.33333],"texture":"#5"},"south":{"uv":[11.33333,11.33333,11.66667,12],"texture":"#5"},"west":{"uv":[9.33333,10,10,10.66667],"texture":"#5"},"up":{"uv":[12.33333,0.66667,12,0],"texture":"#5"},"down":{"uv":[12.33333,0.66667,12,1.33333],"texture":"#5"}}},{"from":[7.752,0.19134,8.86962],"to":[8.248,1.24134,9.59462],"rotation":{"angle":22.5,"axis":"x","origin":[8.002,0.69134,9.59462]},"faces":{"north":{"uv":[12,1.33333,12.33333,2],"texture":"#5"},"east":{"uv":[12,2,12.33333,2.66667],"texture":"#5"},"south":{"uv":[12,11,12.33333,11.66667],"texture":"#5"},"west":{"uv":[12,2.66667,12.33333,3.33333],"texture":"#5"},"up":{"uv":[12.33333,8.33333,12,8],"texture":"#5"}}},{"from":[7.405,-0.095,7.405],"to":[8.595,1.095,8.595],"rotation":{"angle":-45,"axis":"x","origin":[8,0.5,8]},"faces":{"north":{"uv":[10,9.33333,10.66667,10],"texture":"#5"},"east":{"uv":[10,10,10.66667,10.66667],"texture":"#5"},"south":{"uv":[10.66667,0,11.33333,0.66667],"texture":"#5"},"west":{"uv":[10.66667,0.66667,11.33333,1.33333],"texture":"#5"},"up":{"uv":[11.33333,2,10.66667,1.33333],"texture":"#5"},"down":{"uv":[11.33333,2,10.66667,2.66667],"texture":"#5"}}},{"from":[7.4,5.5,7.25],"to":[8.6,7.25,9],"rotation":{"angle":-45,"axis":"x","origin":[8,6.25,8]},"faces":{"north":{"uv":[8,8,8.66667,9.33333],"texture":"#5"},"east":{"uv":[5.33333,0,6.66667,1.33333],"texture":"#5"},"south":{"uv":[8.66667,2.66667,9.33333,4],"texture":"#5"},"west":{"uv":[5.33333,1.33333,6.66667,2.66667],"texture":"#5"},"up":{"uv":[9.33333,5.33333,8.66667,4],"texture":"#5"},"down":{"uv":[9.33333,5.33333,8.66667,6.66667],"texture":"#5"}}},{"from":[7.15,5.75,7.5],"to":[8.85,7,8.75],"rotation":{"angle":-45,"axis":"x","origin":[8,6.25,8]},"faces":{"north":{"uv":[5.33333,6.66667,6.33333,7.66667],"texture":"#5"},"east":{"uv":[6.66667,6.66667,7.66667,7.66667],"texture":"#5"},"south":{"uv":[7.33333,2.66667,8.33333,3.66667],"texture":"#5"},"west":{"uv":[7.33333,4,8.33333,5],"texture":"#5"},"up":{"uv":[8.33333,6.33333,7.33333,5.33333],"texture":"#5"},"down":{"uv":[9,0,8,1],"texture":"#5"}}},{"from":[7.775,6.69194,8],"to":[8.225,8.16694,9.475],"rotation":{"angle":-45,"axis":"x","origin":[7.75,6.69194,8]},"faces":{"north":{"uv":[10.66667,4,11,5],"texture":"#5"},"east":{"uv":[8,1.33333,9,2.33333],"texture":"#5"},"south":{"uv":[4.66667,10.66667,5,11.66667],"texture":"#5"},"west":{"uv":[5.33333,8,6.33333,9],"texture":"#5"},"up":{"uv":[11,6.33333,10.66667,5.33333],"texture":"#5"},"down":{"uv":[7,10.66667,6.66667,11.66667],"texture":"#5"}}},{"from":[7.775,12.69194,8],"to":[8.225,14.16694,9.475],"rotation":{"angle":-45,"axis":"x","origin":[7.75,12.69194,8]},"faces":{"north":{"uv":[10.66667,6.66667,11,7.66667],"texture":"#5"},"east":{"uv":[6.66667,8,7.66667,9],"texture":"#5"},"south":{"uv":[7.33333,10.66667,7.66667,11.66667],"texture":"#5"},"west":{"uv":[8,6.66667,9,7.66667],"texture":"#5"},"up":{"uv":[8.33333,11.66667,8,10.66667],"texture":"#5"},"down":{"uv":[11,8,10.66667,9],"texture":"#5"}}},{"from":[7.777,7.73492,6.9625],"to":[8.223,13.73492,9.0375],"rotation":{"angle":0,"axis":"y","origin":[8.002,8.73492,8.1375]},"faces":{"north":{"uv":[5.33333,2.66667,5.66667,6.66667],"texture":"#5"},"east":{"uv":[12.66667,0,14,4],"texture":"#5"},"south":{"uv":[6,2.66667,6.33333,6.66667],"texture":"#5"},"west":{"uv":[14,0,15.33333,4],"texture":"#5"}}},{"from":[7.827,8.98492,8.9625],"to":[8.173,11.98492,9.5375],"rotation":{"angle":0,"axis":"y","origin":[8.002,6.98492,9.8625]},"faces":{"north":{"uv":[9.66667,2,9.33333,4],"texture":"#5"},"east":{"uv":[9.66667,0,9.33333,2],"texture":"#5"},"south":{"uv":[9,8,8.66667,10],"texture":"#5"},"west":{"uv":[9.66667,4,9.33333,6],"texture":"#5"}}},{"from":[7.827,12.50762,9.57442],"to":[8.173,13.40762,10.14942],"rotation":{"angle":-45,"axis":"x","origin":[8.002,11.50762,10.47442]},"faces":{"north":{"uv":[4.33333,12,4,12.66667],"texture":"#5"},"east":{"uv":[12.33333,3.33333,12,4],"texture":"#5"},"south":{"uv":[3.66667,12,3.33333,12.66667],"texture":"#5"},"west":{"uv":[12.33333,4,12,4.66667],"texture":"#5"}}},{"from":[7.827,7.56222,9.57442],"to":[8.173,8.46222,10.14942],"rotation":{"angle":45,"axis":"x","origin":[8.002,9.46222,10.47442]},"faces":{"north":{"uv":[5.66667,12,5.33333,12.66667],"texture":"#5"},"east":{"uv":[12.33333,4.66667,12,5.33333],"texture":"#5"},"south":{"uv":[5,12,4.66667,12.66667],"texture":"#5"},"west":{"uv":[12.33333,5.33333,12,6],"texture":"#5"}}},{"from":[7.777,13.73492,8.4625],"to":[8.223,23.73492,9.0375],"rotation":{"angle":0,"axis":"y","origin":[8.002,14.73492,9.8875]},"faces":{"north":{"uv":[13,4.33333,13.33333,11],"texture":"#5"},"east":{"uv":[13.66667,4.33333,14,11],"texture":"#5"},"south":{"uv":[14.33333,4.33333,14.66667,11],"texture":"#5"},"west":{"uv":[15,4.33333,15.33333,11],"texture":"#5"}}},{"from":[7.777,23.38518,8.73185],"to":[8.223,23.88518,9.30685],"rotation":{"angle":45,"axis":"x","origin":[8,23.88518,9.01935]},"faces":{"north":{"uv":[8.66667,12,9,12.33333],"texture":"#5"},"east":{"uv":[12,8.66667,12.33333,9],"texture":"#5"},"south":{"uv":[9.33333,12,9.66667,12.33333],"texture":"#5"},"west":{"uv":[12,9.33333,12.33333,9.66667],"texture":"#5"},"up":{"uv":[10.33333,12.33333,10,12],"texture":"#5"}}},{"from":[7.985,7.25,5.875],"to":[8.015,26.25,9.625],"rotation":{"angle":0,"axis":"y","origin":[7.985,7.25,5.375]},"faces":{"east":{"uv":[2.66667,0,0,12.66667],"texture":"#5"},"west":{"uv":[0,0,2.66667,12.66667],"texture":"#5"}}},{"from":[7,5.15,6.25],"to":[7,8.65,9.75],"rotation":{"angle":45,"axis":"x","origin":[7,6.9,8]},"faces":{"west":{"uv":[0,0,7,7],"texture":"#1"}}},{"from":[9,5.15,6.25],"to":[9,8.65,9.75],"rotation":{"angle":45,"axis":"x","origin":[9,6.9,8]},"faces":{"east":{"uv":[7,0,0,7],"texture":"#1"}}},{"from":[7.5,9.5,5.5],"to":[7.5,23.5,10],"rotation":{"angle":0,"axis":"y","origin":[7.5,9.5,5.5]},"faces":{"west":{"uv":[0,0,4.5,14],"texture":"#3"}}},{"from":[8.5,9.5,5.5],"to":[8.5,23.5,10],"rotation":{"angle":0,"axis":"y","origin":[8.5,9.5,5.5]},"faces":{"east":{"uv":[4.5,0,0,14],"texture":"#3"}}},{"from":[7.77411,4.175,8.80068],"to":[7.80411,9.175,13.30068],"rotation":{"angle":-45,"axis":"y","origin":[7.80411,4.175,8.80068]},"faces":{"east":{"uv":[4.5,0,0,5],"texture":"#main"},"west":{"uv":[0,0,4.5,5],"texture":"#main"}}},{"from":[7.77411,4.175,8.80068],"to":[7.80411,9.175,13.30068],"rotation":{"angle":-22.5,"axis":"y","origin":[7.80411,4.175,8.80068]},"faces":{"east":{"uv":[12.5,0,8,5],"texture":"#main"},"west":{"uv":[8,0,12.5,5],"texture":"#main"}}},{"from":[7.77411,4.175,8.80068],"to":[7.80411,9.175,13.30068],"rotation":{"angle":0,"axis":"y","origin":[7.80411,4.175,8.80068]},"faces":{"east":{"uv":[4.5,8,0,13],"texture":"#main"},"west":{"uv":[0,8,4.5,13],"texture":"#main"}}},{"from":[8.19589,4.175,8.80068],"to":[8.22589,9.175,13.30068],"rotation":{"angle":45,"axis":"y","origin":[8.19589,4.175,8.80068]},"faces":{"east":{"uv":[4.5,0,0,5],"texture":"#main"},"west":{"uv":[0,0,4.5,5],"texture":"#main"}}},{"from":[8.19589,4.175,8.80068],"to":[8.22589,9.175,13.30068],"rotation":{"angle":22.5,"axis":"y","origin":[8.19589,4.175,8.80068]},"faces":{"east":{"uv":[12.5,0,8,5],"texture":"#main"},"west":{"uv":[8,0,12.5,5],"texture":"#main"}}},{"from":[8.19589,4.175,8.80068],"to":[8.22589,9.175,13.30068],"rotation":{"angle":0,"axis":"y","origin":[8.19589,4.175,8.80068]},"faces":{"east":{"uv":[4.5,8,0,13],"texture":"#main"},"west":{"uv":[0,8,4.5,13],"texture":"#main"}}}],"gui_light":"front","display":{"thirdperson_righthand":{"translation":[0,2.25,1]},"thirdperson_lefthand":{"translation":[0,2.25,1]},"firstperson_righthand":{"rotation":[-10,0,0],"translation":[0,4.25,1.75]},"firstperson_lefthand":{"rotation":[-10,0,0],"translation":[0,4.25,1.75]},"ground":{"rotation":[-45,0,0],"translation":[0,8.25,0]},"gui":{"rotation":[-90,45,90],"translation":[2.5,-2.75,0],"scale":[0.79883,0.79883,0.79883]},"head":{"rotation":[90,-90,90]},"fixed":{"rotation":[0,-90,0],"translation":[0,-12,-1.5],"scale":[2.5,2.5,2.5]}}}