{"credit":"Made by PolygonMC","texture_size":[24,24],"textures":{"1":"bonitaset:animations/animations_1","3":"bonitaset:hammer","4":"bonitaset:animations/animations_4","particle":"bonitaset:animations/animations_1","main":"bonitaset:animations/animations_3"},"elements":[{"from":[7.5,1.07897,7.5],"to":[8.5,2.07897,8.5],"rotation":{"angle":0,"axis":"y","origin":[7.5,-3.39603,8.55]},"faces":{"north":{"uv":[6.66667,5.33333,7.33333,6],"texture":"#3"},"east":{"uv":[8.66667,6.66667,9.33333,7.33333],"texture":"#3"},"south":{"uv":[9.33333,4.66667,10,5.33333],"texture":"#3"},"west":{"uv":[10.66667,3.33333,11.33333,4],"texture":"#3"},"up":{"uv":[11.33333,4.66667,10.66667,4],"texture":"#3"}}},{"from":[7.5,5.225,7.5],"to":[8.5,6.225,8.5],"rotation":{"angle":0,"axis":"y","origin":[8,6.725,8.15]},"faces":{"north":{"uv":[5.33333,10.66667,6,11.33333],"texture":"#3"},"east":{"uv":[6,10.66667,6.66667,11.33333],"texture":"#3"},"south":{"uv":[6.66667,10.66667,7.33333,11.33333],"texture":"#3"},"west":{"uv":[10.66667,6.66667,11.33333,7.33333],"texture":"#3"},"down":{"uv":[8,10.66667,7.33333,11.33333],"texture":"#3"}}},{"from":[7.5,17.225,7.5],"to":[8.5,18.225,8.5],"rotation":{"angle":0,"axis":"y","origin":[8,18.725,8.15]},"faces":{"north":{"uv":[11.33333,5.33333,12,6],"texture":"#3"},"east":{"uv":[6,11.33333,6.66667,12],"texture":"#3"},"south":{"uv":[11.33333,6,12,6.66667],"texture":"#3"},"west":{"uv":[6.66667,11.33333,7.33333,12],"texture":"#3"}}},{"from":[7.5,4.225,7.5],"to":[8.5,4.725,8.5],"rotation":{"angle":0,"axis":"y","origin":[8,3.65199,8.00452]},"faces":{"north":{"uv":[12,3.33333,12.66667,3.66667],"texture":"#3"},"east":{"uv":[12,4,12.66667,4.33333],"texture":"#3"},"south":{"uv":[12,4.66667,12.66667,5],"texture":"#3"},"west":{"uv":[5.33333,12,6,12.33333],"texture":"#3"},"up":{"uv":[11.33333,8,10.66667,7.33333],"texture":"#3"},"down":{"uv":[8.66667,10.66667,8,11.33333],"texture":"#3"}}},{"from":[7.5,2.57897,7.5],"to":[8.5,3.07897,8.5],"rotation":{"angle":0,"axis":"y","origin":[8,3.65199,7.99548]},"faces":{"north":{"uv":[12,5.33333,12.66667,5.66667],"texture":"#3"},"east":{"uv":[6,12,6.66667,12.33333],"texture":"#3"},"south":{"uv":[12,6,12.66667,6.33333],"texture":"#3"},"west":{"uv":[6.66667,12,7.33333,12.33333],"texture":"#3"},"up":{"uv":[11.33333,8.66667,10.66667,8],"texture":"#3"},"down":{"uv":[9.33333,10.66667,8.66667,11.33333],"texture":"#3"}}},{"from":[7.4,3.047,7.39637],"to":[8.6,4.247,8.59637],"rotation":{"angle":-45,"axis":"x","origin":[8,3.65199,7.99672]},"faces":{"north":{"uv":[10.66667,8.66667,11.33333,9.33333],"texture":"#3"},"east":{"uv":[9.33333,10.66667,10,11.33333],"texture":"#3"},"south":{"uv":[10.66667,9.33333,11.33333,10],"texture":"#3"},"west":{"uv":[10.66667,10,11.33333,10.66667],"texture":"#3"},"up":{"uv":[11.33333,11.33333,10.66667,10.66667],"texture":"#3"},"down":{"uv":[12,0,11.33333,0.66667],"texture":"#3"}}},{"from":[7.6,2.07897,7.6],"to":[8.4,2.57897,8.4],"rotation":{"angle":0,"axis":"y","origin":[8,3.65199,7.99548]},"faces":{"north":{"uv":[12,6.66667,12.66667,7],"texture":"#3"},"east":{"uv":[7.33333,12,8,12.33333],"texture":"#3"},"south":{"uv":[12,7.33333,12.66667,7.66667],"texture":"#3"},"west":{"uv":[8,12,8.66667,12.33333],"texture":"#3"}}},{"from":[7.6,4.725,7.6],"to":[8.4,5.225,8.4],"rotation":{"angle":0,"axis":"y","origin":[8,3.65199,8.00452]},"faces":{"north":{"uv":[12,8,12.66667,8.33333],"texture":"#3"},"east":{"uv":[8.66667,12,9.33333,12.33333],"texture":"#3"},"south":{"uv":[12,8.66667,12.66667,9],"texture":"#3"},"west":{"uv":[9.33333,12,10,12.33333],"texture":"#3"}}},{"from":[7.5,13.225,7.5],"to":[8.5,14.225,8.5],"rotation":{"angle":0,"axis":"y","origin":[8,11.65199,8]},"faces":{"north":{"uv":[0.66667,12,1.33333,12.66667],"texture":"#3"},"east":{"uv":[12,0.66667,12.66667,1.33333],"texture":"#3"},"south":{"uv":[1.33333,12,2,12.66667],"texture":"#3"},"west":{"uv":[12,1.33333,12.66667,2],"texture":"#3"},"down":{"uv":[12.66667,2,12,2.66667],"texture":"#3"}}},{"from":[7.5,9.07897,7.5],"to":[8.5,10.07897,8.5],"rotation":{"angle":0,"axis":"y","origin":[8,11.65199,8]},"faces":{"north":{"uv":[10.66667,11.33333,11.33333,12],"texture":"#3"},"east":{"uv":[11.33333,10.66667,12,11.33333],"texture":"#3"},"south":{"uv":[11.33333,11.33333,12,12],"texture":"#3"},"west":{"uv":[0,12,0.66667,12.66667],"texture":"#3"},"up":{"uv":[12.66667,0.66667,12,0],"texture":"#3"}}},{"from":[7.5,10.57897,7.5],"to":[8.5,11.07897,8.5],"rotation":{"angle":0,"axis":"y","origin":[8,11.65199,8]},"faces":{"north":{"uv":[12.66667,7.33333,13.33333,7.66667],"texture":"#3"},"east":{"uv":[8,12.66667,8.66667,13],"texture":"#3"},"south":{"uv":[12.66667,8,13.33333,8.33333],"texture":"#3"},"west":{"uv":[8.66667,12.66667,9.33333,13],"texture":"#3"},"up":{"uv":[12,10,11.33333,9.33333],"texture":"#3"},"down":{"uv":[12,10,11.33333,10.66667],"texture":"#3"}}},{"from":[7.5,12.225,7.5],"to":[8.5,12.725,8.5],"rotation":{"angle":0,"axis":"y","origin":[8,11.65199,8]},"faces":{"north":{"uv":[12.66667,6,13.33333,6.33333],"texture":"#3"},"east":{"uv":[6.66667,12.66667,7.33333,13],"texture":"#3"},"south":{"uv":[12.66667,6.66667,13.33333,7],"texture":"#3"},"west":{"uv":[7.33333,12.66667,8,13],"texture":"#3"},"up":{"uv":[12,9.33333,11.33333,8.66667],"texture":"#3"},"down":{"uv":[10,11.33333,9.33333,12],"texture":"#3"}}},{"from":[7.4,11.05576,7.4],"to":[8.6,12.25576,8.6],"rotation":{"angle":45,"axis":"x","origin":[8,11.65576,8]},"faces":{"north":{"uv":[11.33333,6.66667,12,7.33333],"texture":"#3"},"east":{"uv":[7.33333,11.33333,8,12],"texture":"#3"},"south":{"uv":[11.33333,7.33333,12,8],"texture":"#3"},"west":{"uv":[8,11.33333,8.66667,12],"texture":"#3"},"up":{"uv":[12,8.66667,11.33333,8],"texture":"#3"},"down":{"uv":[9.33333,11.33333,8.66667,12],"texture":"#3"}}},{"from":[7.6,12.725,7.6],"to":[8.4,13.225,8.4],"rotation":{"angle":0,"axis":"y","origin":[8,11.65199,8]},"faces":{"north":{"uv":[12.66667,4.66667,13.33333,5],"texture":"#3"},"east":{"uv":[5.33333,12.66667,6,13],"texture":"#3"},"south":{"uv":[12.66667,5.33333,13.33333,5.66667],"texture":"#3"},"west":{"uv":[6,12.66667,6.66667,13],"texture":"#3"}}},{"from":[7.6,10.07897,7.6],"to":[8.4,10.57897,8.4],"rotation":{"angle":0,"axis":"y","origin":[8,11.65199,8]},"faces":{"north":{"uv":[3.33333,12.66667,4,13],"texture":"#3"},"east":{"uv":[12.66667,3.33333,13.33333,3.66667],"texture":"#3"},"south":{"uv":[12.66667,4,13.33333,4.33333],"texture":"#3"},"west":{"uv":[4.66667,12.66667,5.33333,13],"texture":"#3"}}},{"from":[7.75,0.11254,6.94818],"to":[8.25,1.11254,7.94818],"rotation":{"angle":22.5,"axis":"x","origin":[8,1.23632,7.98062]},"faces":{"north":{"uv":[12,9.33333,12.33333,10],"texture":"#3"},"east":{"uv":[11.33333,0.66667,12,1.33333],"texture":"#3"},"south":{"uv":[12,10,12.33333,10.66667],"texture":"#3"},"west":{"uv":[11.33333,1.33333,12,2],"texture":"#3"},"up":{"uv":[11,12.66667,10.66667,12],"texture":"#3"},"down":{"uv":[12.33333,10.66667,12,11.33333],"texture":"#3"}}},{"from":[7.752,1.17173,6.45595],"to":[8.248,2.22173,7.18095],"rotation":{"angle":-22.5,"axis":"x","origin":[8,1.23632,7.98062]},"faces":{"north":{"uv":[11.33333,12,11.66667,12.66667],"texture":"#3"},"east":{"uv":[12,11.33333,12.33333,12],"texture":"#3"},"south":{"uv":[12,12,12.33333,12.66667],"texture":"#3"},"west":{"uv":[0,12.66667,0.33333,13.33333],"texture":"#3"},"up":{"uv":[13,9,12.66667,8.66667],"texture":"#3"}}},{"from":[7.752,1.17173,8.81905],"to":[8.248,2.22173,9.54405],"rotation":{"angle":22.5,"axis":"x","origin":[8,1.23632,8.01938]},"faces":{"north":{"uv":[12.66667,0,13,0.66667],"texture":"#3"},"east":{"uv":[0.66667,12.66667,1,13.33333],"texture":"#3"},"south":{"uv":[12.66667,0.66667,13,1.33333],"texture":"#3"},"west":{"uv":[1.33333,12.66667,1.66667,13.33333],"texture":"#3"},"up":{"uv":[9.66667,13,9.33333,12.66667],"texture":"#3"}}},{"from":[7.75,0.11254,8.05182],"to":[8.25,1.11254,9.05182],"rotation":{"angle":-22.5,"axis":"x","origin":[8,1.23632,8.01938]},"faces":{"north":{"uv":[12.66667,1.33333,13,2],"texture":"#3"},"east":{"uv":[11.33333,2,12,2.66667],"texture":"#3"},"south":{"uv":[2,12.66667,2.33333,13.33333],"texture":"#3"},"west":{"uv":[2.66667,11.33333,3.33333,12],"texture":"#3"},"up":{"uv":[13,2.66667,12.66667,2],"texture":"#3"},"down":{"uv":[3,12.66667,2.66667,13.33333],"texture":"#3"}}},{"from":[7.405,0.3916,7.66275],"to":[8.595,1.5816,8.85275],"rotation":{"angle":45,"axis":"x","origin":[8,1.23632,7.98062]},"faces":{"north":{"uv":[11.33333,2.66667,12,3.33333],"texture":"#3"},"east":{"uv":[3.33333,11.33333,4,12],"texture":"#3"},"south":{"uv":[11.33333,3.33333,12,4],"texture":"#3"},"west":{"uv":[11.33333,4,12,4.66667],"texture":"#3"},"up":{"uv":[12,5.33333,11.33333,4.66667],"texture":"#3"},"down":{"uv":[6,11.33333,5.33333,12],"texture":"#3"}}},{"from":[7.4,17.725,7.25],"to":[8.6,19.475,9],"rotation":{"angle":-45,"axis":"x","origin":[8,18.475,8]},"faces":{"north":{"uv":[3.33333,5.33333,4,6.66667],"texture":"#3"},"east":{"uv":[8.66667,2,10,3.33333],"texture":"#3"},"south":{"uv":[4.66667,8,5.33333,9.33333],"texture":"#3"},"west":{"uv":[8.66667,5.33333,10,6.66667],"texture":"#3"},"up":{"uv":[3.33333,10,2.66667,8.66667],"texture":"#3"},"down":{"uv":[0.66667,10.66667,0,12],"texture":"#3"}}},{"from":[7.15,17.975,7.5],"to":[8.85,19.225,8.75],"rotation":{"angle":-45,"axis":"x","origin":[8,18.475,8]},"faces":{"north":{"uv":[4.66667,9.33333,5.66667,10.33333],"texture":"#3"},"east":{"uv":[6,9.33333,7,10.33333],"texture":"#3"},"south":{"uv":[9.33333,6.66667,10.33333,7.66667],"texture":"#3"},"west":{"uv":[7.33333,9.33333,8.33333,10.33333],"texture":"#3"},"up":{"uv":[10.33333,9,9.33333,8],"texture":"#3"},"down":{"uv":[9.66667,9.33333,8.66667,10.33333],"texture":"#3"}}},{"from":[7.35,14.225,7.35],"to":[8.65,17.225,8.65],"rotation":{"angle":0,"axis":"y","origin":[8,14.725,8.15]},"faces":{"north":{"uv":[8,7.33333,9,9.33333],"texture":"#3"},"east":{"uv":[0,8.66667,1,10.66667],"texture":"#3"},"south":{"uv":[8.66667,0,9.66667,2],"texture":"#3"},"west":{"uv":[1.33333,8.66667,2.33333,10.66667],"texture":"#3"},"up":{"uv":[3.66667,11,2.66667,10],"texture":"#3"},"down":{"uv":[11,4.66667,10,5.66667],"texture":"#3"}}},{"from":[7.35,6.225,7.35],"to":[8.65,9.225,8.65],"rotation":{"angle":0,"axis":"y","origin":[8,6.725,8.15]},"faces":{"north":{"uv":[7.33333,5.33333,8.33333,7.33333],"texture":"#3"},"east":{"uv":[6.66667,7.33333,7.66667,9.33333],"texture":"#3"},"south":{"uv":[3.33333,8,4.33333,10],"texture":"#3"},"west":{"uv":[8,3.33333,9,5.33333],"texture":"#3"},"up":{"uv":[11,1,10,0],"texture":"#3"},"down":{"uv":[11,1.33333,10,2.33333],"texture":"#3"}}},{"from":[6.75,17.26053,6.25],"to":[6.75,20.76053,9.75],"rotation":{"angle":45,"axis":"x","origin":[6,19.01053,8]},"faces":{"west":{"uv":[0,0,7,7],"texture":"#1"}}},{"from":[9.25,17.26053,6.25],"to":[9.25,20.76053,9.75],"rotation":{"angle":45,"axis":"x","origin":[10,19.01053,8]},"faces":{"east":{"uv":[7,0,0,7],"texture":"#1"}}},{"from":[7.77411,16.425,9.70068],"to":[7.80411,21.425,14.20068],"rotation":{"angle":-45,"axis":"y","origin":[7.80411,16.425,9.70068]},"faces":{"east":{"uv":[4.5,0,0,5],"texture":"#main"},"west":{"uv":[0,0,4.5,5],"texture":"#main"}}},{"from":[7.77411,16.425,9.70068],"to":[7.80411,21.425,14.20068],"rotation":{"angle":-22.5,"axis":"y","origin":[7.80411,16.425,9.70068]},"faces":{"east":{"uv":[12.5,0,8,5],"texture":"#main"},"west":{"uv":[8,0,12.5,5],"texture":"#main"}}},{"from":[7.77411,16.425,9.70068],"to":[7.80411,21.425,14.20068],"rotation":{"angle":0,"axis":"y","origin":[7.80411,16.425,9.70068]},"faces":{"east":{"uv":[4.5,8,0,13],"texture":"#main"},"west":{"uv":[0,8,4.5,13],"texture":"#main"}}},{"from":[8.19589,16.425,9.70068],"to":[8.22589,21.425,14.20068],"rotation":{"angle":45,"axis":"y","origin":[8.19589,16.425,9.70068]},"faces":{"east":{"uv":[4.5,0,0,5],"texture":"#main"},"west":{"uv":[0,0,4.5,5],"texture":"#main"}}},{"from":[8.19589,16.425,9.70068],"to":[8.22589,21.425,14.20068],"rotation":{"angle":22.5,"axis":"y","origin":[8.19589,16.425,9.70068]},"faces":{"east":{"uv":[12.5,0,8,5],"texture":"#main"},"west":{"uv":[8,0,12.5,5],"texture":"#main"}}},{"from":[8.19589,16.425,9.70068],"to":[8.22589,21.425,14.20068],"rotation":{"angle":0,"axis":"y","origin":[8.19589,16.425,9.70068]},"faces":{"east":{"uv":[4.5,8,0,13],"texture":"#main"},"west":{"uv":[0,8,4.5,13],"texture":"#main"}}},{"from":[7,17.65,6.25],"to":[9,19.65,7.25],"rotation":{"angle":0,"axis":"y","origin":[7,0,0]},"faces":{"east":{"uv":[0.66667,10.66667,1.33333,12],"texture":"#3"},"south":{"uv":[9.33333,3.33333,10.66667,4.66667],"texture":"#3"},"west":{"uv":[1.33333,10.66667,2,12],"texture":"#3"},"up":{"uv":[11.33333,3.33333,10,2.66667],"texture":"#3"},"down":{"uv":[11.33333,6,10,6.66667],"texture":"#3"}}},{"from":[6.5,17.15,4.25],"to":[9.5,20.15,6.25],"rotation":{"angle":0,"axis":"y","origin":[7,0,0]},"faces":{"north":{"uv":[0,3.33333,2,5.33333],"texture":"#3"},"east":{"uv":[5.33333,2,6.66667,4],"texture":"#3"},"south":{"uv":[2,3.33333,4,5.33333],"texture":"#3"},"west":{"uv":[5.33333,4,6.66667,6],"texture":"#3"},"up":{"uv":[7.33333,7.33333,5.33333,6],"texture":"#3"},"down":{"uv":[8.66667,2,6.66667,3.33333],"texture":"#3"}}},{"from":[6.65,14.84619,3.58087],"to":[9.35,19.44619,5.38087],"rotation":{"angle":-22.5,"axis":"x","origin":[8,17.69619,3.73087]},"faces":{"north":{"uv":[0,0,1.66667,3],"texture":"#3"},"east":{"uv":[4,0,5.33333,3],"texture":"#3"},"south":{"uv":[2,0,3.66667,3],"texture":"#3"},"west":{"uv":[4,3.33333,5.33333,6.33333],"texture":"#3"},"down":{"uv":[5,6.66667,3.33333,8],"texture":"#3"}}},{"from":[6.9,15.19186,3.31184],"to":[9.1,19.54186,3.61184],"rotation":{"angle":-22.5,"axis":"x","origin":[8,17.79186,3.71184]},"faces":{"north":{"uv":[0,5.33333,1.33333,8.33333],"texture":"#3"},"east":{"uv":[4,10,4.33333,13],"texture":"#3"},"west":{"uv":[10,9.33333,10.33333,12.33333],"texture":"#3"},"down":{"uv":[13.33333,2.66667,12,3],"texture":"#3"}}},{"from":[6.65,19.25558,2.92259],"to":[9.35,21.85558,4.72259],"rotation":{"angle":0,"axis":"x","origin":[8,20.55558,3.82259]},"faces":{"north":{"uv":[5.33333,0,7,1.66667],"texture":"#3"},"east":{"uv":[6.66667,3.33333,8,5],"texture":"#3"},"south":{"uv":[1.33333,5.33333,3,7],"texture":"#3"},"west":{"uv":[7.33333,0,8.66667,1.66667],"texture":"#3"},"up":{"uv":[3,8.66667,1.33333,7.33333],"texture":"#3"}}},{"from":[6.9,19.25558,2.67259],"to":[9.1,21.60558,2.92259],"rotation":{"angle":0,"axis":"x","origin":[8,20.30558,3.82259]},"faces":{"north":{"uv":[5.33333,7.33333,6.66667,9],"texture":"#3"},"east":{"uv":[2,10.66667,2.33333,12.33333],"texture":"#3"},"west":{"uv":[4.66667,10.66667,5,12.33333],"texture":"#3"},"up":{"uv":[4,12.33333,2.66667,12],"texture":"#3"}}},{"from":[7,17.65,8.75],"to":[9,19.65,9.75],"rotation":{"angle":0,"axis":"y","origin":[7,0,16]},"faces":{"north":{"uv":[10.66667,3.33333,9.33333,4.66667],"texture":"#3"},"east":{"uv":[1.33333,10.66667,0.66667,12],"texture":"#3"},"south":{"uv":[14.66667,0,13.33333,1.33333],"texture":"#3"},"west":{"uv":[2,10.66667,1.33333,12],"texture":"#3"},"up":{"uv":[11.33333,2.66667,10,3.33333],"texture":"#3"},"down":{"uv":[11.33333,6.66667,10,6],"texture":"#3"}}},{"from":[6.25,14.5,-0.75],"to":[6.25,22.5,7.25],"rotation":{"angle":0,"axis":"y","origin":[6.25,14.5,-0.75]},"faces":{"west":{"uv":[0,0,16,16],"texture":"#4"}}},{"from":[9.75,14.5,-0.75],"to":[9.75,22.5,7.25],"rotation":{"angle":0,"axis":"y","origin":[9.75,14.5,-0.75]},"faces":{"east":{"uv":[16,0,0,16],"texture":"#4"}}}],"gui_light":"front","display":{"thirdperson_righthand":{"translation":[0,-1.75,1]},"thirdperson_lefthand":{"translation":[0,-1.75,1]},"firstperson_righthand":{"rotation":[-10,0,0],"translation":[0,0.25,1.75]},"firstperson_lefthand":{"rotation":[-10,0,0],"translation":[0,0.25,1.75]},"ground":{"rotation":[-45,0,0],"translation":[0,8.25,3]},"gui":{"rotation":[-90,45,90],"translation":[2.75,-2.5,0],"scale":[0.74609,0.74609,0.74609]},"head":{"rotation":[90,-90,90]},"fixed":{"rotation":[0,-90,0],"translation":[0,-5.75,-1.5],"scale":[2.5,2.5,2.5]}}}