{"credit":"Made by PolygonMC","textures":{"1":"bonitaset:animations/animations_1","3":"bonitaset:shovel","4":"bonitaset:animations/animations_4","particle":"bonitaset:animations/animations_1","main":"bonitaset:animations/animations_3"},"elements":[{"from":[7.5,1.07897,7.5],"to":[8.5,2.07897,8.5],"rotation":{"angle":0,"axis":"y","origin":[7.5,-3.39603,8.55]},"faces":{"north":{"uv":[5,6,6,7],"texture":"#3"},"east":{"uv":[1,10,2,11],"texture":"#3"},"south":{"uv":[2,10,3,11],"texture":"#3"},"west":{"uv":[3,10,4,11],"texture":"#3"},"up":{"uv":[11,4,10,3],"texture":"#3"},"down":{"uv":[11,4,10,5],"texture":"#3"}}},{"from":[7.5,5.225,7.5],"to":[8.5,6.225,8.5],"rotation":{"angle":0,"axis":"y","origin":[8,6.725,8.15]},"faces":{"north":{"uv":[10,5,11,6],"texture":"#3"},"east":{"uv":[10,6,11,7],"texture":"#3"},"south":{"uv":[7,10,8,11],"texture":"#3"},"west":{"uv":[10,7,11,8],"texture":"#3"},"down":{"uv":[9,10,8,11],"texture":"#3"}}},{"from":[7.5,9.225,7.5],"to":[8.5,10.225,8.5],"rotation":{"angle":0,"axis":"y","origin":[7.5,8.225,7.5]},"faces":{"north":{"uv":[10,8,11,9],"texture":"#3"},"east":{"uv":[9,10,10,11],"texture":"#3"},"south":{"uv":[10,9,11,10],"texture":"#3"},"west":{"uv":[10,10,11,11],"texture":"#3"}}},{"from":[7.5,4.225,7.5],"to":[8.5,4.725,8.5],"rotation":{"angle":0,"axis":"y","origin":[8,3.65199,8.00452]},"faces":{"north":{"uv":[3,12,4,12.5],"texture":"#3"},"east":{"uv":[12,3,13,3.5],"texture":"#3"},"south":{"uv":[4,12,5,12.5],"texture":"#3"},"west":{"uv":[12,4,13,4.5],"texture":"#3"},"up":{"uv":[12,1,11,0],"texture":"#3"},"down":{"uv":[2,11,1,12],"texture":"#3"}}},{"from":[7.5,2.57897,7.5],"to":[8.5,3.07897,8.5],"rotation":{"angle":0,"axis":"y","origin":[8,3.65199,7.99548]},"faces":{"north":{"uv":[5,12,6,12.5],"texture":"#3"},"east":{"uv":[12,5,13,5.5],"texture":"#3"},"south":{"uv":[6,12,7,12.5],"texture":"#3"},"west":{"uv":[12,6,13,6.5],"texture":"#3"},"up":{"uv":[12,2,11,1],"texture":"#3"},"down":{"uv":[3,11,2,12],"texture":"#3"}}},{"from":[7.4,3.047,7.39637],"to":[8.6,4.247,8.59637],"rotation":{"angle":-45,"axis":"x","origin":[8,3.65199,7.99672]},"faces":{"north":{"uv":[11,2,12,3],"texture":"#3"},"east":{"uv":[3,11,4,12],"texture":"#3"},"south":{"uv":[11,3,12,4],"texture":"#3"},"west":{"uv":[4,11,5,12],"texture":"#3"},"up":{"uv":[12,5,11,4],"texture":"#3"},"down":{"uv":[6,11,5,12],"texture":"#3"}}},{"from":[7.6,2.07897,7.6],"to":[8.4,2.57897,8.4],"rotation":{"angle":0,"axis":"y","origin":[8,3.65199,7.99548]},"faces":{"north":{"uv":[7,12,8,12.5],"texture":"#3"},"east":{"uv":[12,7,13,7.5],"texture":"#3"},"south":{"uv":[8,12,9,12.5],"texture":"#3"},"west":{"uv":[12,8,13,8.5],"texture":"#3"}}},{"from":[7.6,4.725,7.6],"to":[8.4,5.225,8.4],"rotation":{"angle":0,"axis":"y","origin":[8,3.65199,8.00452]},"faces":{"north":{"uv":[9,12,10,12.5],"texture":"#3"},"east":{"uv":[12,9,13,9.5],"texture":"#3"},"south":{"uv":[10,12,11,12.5],"texture":"#3"},"west":{"uv":[12,10,13,10.5],"texture":"#3"}}},{"from":[7.75,0.11254,6.94818],"to":[8.25,1.11254,7.94818],"rotation":{"angle":22.5,"axis":"x","origin":[8,1.23632,7.98062]},"faces":{"north":{"uv":[11,12,11.5,13],"texture":"#3"},"east":{"uv":[11,5,12,6],"texture":"#3"},"south":{"uv":[12,11,12.5,12],"texture":"#3"},"west":{"uv":[6,11,7,12],"texture":"#3"},"up":{"uv":[12.5,13,12,12],"texture":"#3"},"down":{"uv":[0.5,13,0,14],"texture":"#3"}}},{"from":[7.752,1.17173,6.45595],"to":[8.248,2.22173,7.18095],"rotation":{"angle":-22.5,"axis":"x","origin":[8,1.23632,7.98062]},"faces":{"north":{"uv":[13,0,13.5,1],"texture":"#3"},"east":{"uv":[1,13,1.5,14],"texture":"#3"},"south":{"uv":[13,1,13.5,2],"texture":"#3"},"west":{"uv":[13,2,13.5,3],"texture":"#3"},"up":{"uv":[13.5,9.5,13,9],"texture":"#3"}}},{"from":[7.752,1.17173,8.81905],"to":[8.248,2.22173,9.54405],"rotation":{"angle":22.5,"axis":"x","origin":[8,1.23632,8.01938]},"faces":{"north":{"uv":[3,13,3.5,14],"texture":"#3"},"east":{"uv":[13,3,13.5,4],"texture":"#3"},"south":{"uv":[4,13,4.5,14],"texture":"#3"},"west":{"uv":[13,4,13.5,5],"texture":"#3"},"up":{"uv":[10.5,13.5,10,13],"texture":"#3"}}},{"from":[7.75,0.11254,8.05182],"to":[8.25,1.11254,9.05182],"rotation":{"angle":-22.5,"axis":"x","origin":[8,1.23632,8.01938]},"faces":{"north":{"uv":[5,13,5.5,14],"texture":"#3"},"east":{"uv":[11,6,12,7],"texture":"#3"},"south":{"uv":[13,5,13.5,6],"texture":"#3"},"west":{"uv":[7,11,8,12],"texture":"#3"},"up":{"uv":[6.5,14,6,13],"texture":"#3"},"down":{"uv":[13.5,6,13,7],"texture":"#3"}}},{"from":[7.405,0.3916,7.66275],"to":[8.595,1.5816,8.85275],"rotation":{"angle":45,"axis":"x","origin":[8,1.23632,7.98062]},"faces":{"north":{"uv":[11,7,12,8],"texture":"#3"},"east":{"uv":[8,11,9,12],"texture":"#3"},"south":{"uv":[11,8,12,9],"texture":"#3"},"west":{"uv":[9,11,10,12],"texture":"#3"},"up":{"uv":[12,10,11,9],"texture":"#3"},"down":{"uv":[11,11,10,12],"texture":"#3"}}},{"from":[7.4,9.975,7.25],"to":[8.6,11.725,9],"rotation":{"angle":-45,"axis":"x","origin":[8,10.725,8]},"faces":{"north":{"uv":[4,9,5,11],"texture":"#3"},"east":{"uv":[6,0,8,2],"texture":"#3"},"south":{"uv":[9,4,10,6],"texture":"#3"},"west":{"uv":[6,2,8,4],"texture":"#3"},"up":{"uv":[6,11,5,9],"texture":"#3"},"down":{"uv":[7,9,6,11],"texture":"#3"}}},{"from":[7.15,10.225,7.5],"to":[8.85,11.475,8.75],"rotation":{"angle":-45,"axis":"x","origin":[8,10.725,8]},"faces":{"north":{"uv":[7,4,8.5,5.5],"texture":"#3"},"east":{"uv":[5,7,6.5,8.5],"texture":"#3"},"south":{"uv":[7,6,8.5,7.5],"texture":"#3"},"west":{"uv":[0,8,1.5,9.5],"texture":"#3"},"up":{"uv":[9.5,1.5,8,0],"texture":"#3"},"down":{"uv":[3.5,8,2,9.5],"texture":"#3"}}},{"from":[7.35,6.225,7.35],"to":[8.65,9.225,8.65],"rotation":{"angle":0,"axis":"y","origin":[8,6.725,8.15]},"faces":{"north":{"uv":[4,0,5.5,3],"texture":"#3"},"east":{"uv":[4,3,5.5,6],"texture":"#3"},"south":{"uv":[0,5,1.5,8],"texture":"#3"},"west":{"uv":[2,5,3.5,8],"texture":"#3"},"up":{"uv":[9.5,3.5,8,2],"texture":"#3"},"down":{"uv":[8.5,8,7,9.5],"texture":"#3"}}},{"from":[7.75,11.19825,7.65643],"to":[8.25,12.19825,8.65643],"rotation":{"angle":-22.5,"axis":"x","origin":[8,13.6286,9.68088]},"faces":{"east":{"uv":[11,10,12,11],"texture":"#3"},"west":{"uv":[11,11,12,12],"texture":"#3"},"up":{"uv":[7.5,14,7,13],"texture":"#3"},"down":{"uv":[13.5,7,13,8],"texture":"#3"}}},{"from":[7.75,13.30091,9.62117],"to":[8.25,14.80091,10.62117],"rotation":{"angle":0,"axis":"x","origin":[8,12.70471,9.2982]},"faces":{"north":{"uv":[12,1,12.5,2.5],"texture":"#3"},"east":{"uv":[9,6,10,7.5],"texture":"#3"},"south":{"uv":[2,12,2.5,13.5],"texture":"#3"},"west":{"uv":[9,8,10,9.5],"texture":"#3"}}},{"from":[7.75,11.18569,9.675],"to":[8.25,13.68569,10.675],"rotation":{"angle":22.5,"axis":"x","origin":[8,13.6286,9.68088]},"faces":{"north":{"uv":[0,10,0.5,12.5],"texture":"#3"},"east":{"uv":[4,6,5,8.5],"texture":"#3"},"south":{"uv":[10,0,10.5,2.5],"texture":"#3"},"west":{"uv":[6,4,7,6.5],"texture":"#3"}}},{"from":[7.75,14.13506,10.32265],"to":[8.25,15.13506,11.32265],"rotation":{"angle":-22.5,"axis":"x","origin":[8,12.70471,9.2982]},"faces":{"north":{"uv":[8,13,8.5,14],"texture":"#3"},"east":{"uv":[12,0,13,1],"texture":"#3"},"south":{"uv":[13,8,13.5,9],"texture":"#3"},"west":{"uv":[1,12,2,13],"texture":"#3"},"up":{"uv":[9.5,14,9,13],"texture":"#3"}}},{"from":[7.75,14.13506,4.67735],"to":[8.25,15.13506,5.67735],"rotation":{"angle":22.5,"axis":"x","origin":[8,12.70471,6.7018]},"faces":{"north":{"uv":[13.5,8,13,9],"texture":"#3"},"east":{"uv":[13,0,12,1],"texture":"#3"},"south":{"uv":[8.5,13,8,14],"texture":"#3"},"west":{"uv":[2,12,1,13],"texture":"#3"},"up":{"uv":[9.5,13,9,14],"texture":"#3"}}},{"from":[7.75,13.30091,5.37883],"to":[8.25,14.80091,6.37883],"rotation":{"angle":0,"axis":"x","origin":[8,12.70471,6.7018]},"faces":{"north":{"uv":[2.5,12,2,13.5],"texture":"#3"},"east":{"uv":[10,6,9,7.5],"texture":"#3"},"south":{"uv":[12.5,1,12,2.5],"texture":"#3"},"west":{"uv":[10,8,9,9.5],"texture":"#3"}}},{"from":[7.75,11.18569,5.325],"to":[8.25,13.68569,6.325],"rotation":{"angle":-22.5,"axis":"x","origin":[8,13.6286,6.31912]},"faces":{"north":{"uv":[10.5,0,10,2.5],"texture":"#3"},"east":{"uv":[5,6,4,8.5],"texture":"#3"},"south":{"uv":[0.5,10,0,12.5],"texture":"#3"},"west":{"uv":[7,4,6,6.5],"texture":"#3"}}},{"from":[7.75,11.19825,7.34357],"to":[8.25,12.19825,8.34357],"rotation":{"angle":22.5,"axis":"x","origin":[8,13.6286,6.31912]},"faces":{"east":{"uv":[12,10,11,11],"texture":"#3"},"west":{"uv":[12,11,11,12],"texture":"#3"},"up":{"uv":[7.5,13,7,14],"texture":"#3"},"down":{"uv":[13.5,8,13,7],"texture":"#3"}}},{"from":[7,9.51053,6.25],"to":[7,13.01053,9.75],"rotation":{"angle":45,"axis":"x","origin":[7,11.26053,8]},"faces":{"west":{"uv":[0,0,7,7],"texture":"#1"}}},{"from":[9,9.51053,6.25],"to":[9,13.01053,9.75],"rotation":{"angle":45,"axis":"x","origin":[9,11.26053,8]},"faces":{"east":{"uv":[7,0,0,7],"texture":"#1"}}},{"from":[7.77411,8.625,8.80068],"to":[7.80411,13.625,13.30068],"rotation":{"angle":-45,"axis":"y","origin":[7.80411,8.625,8.80068]},"faces":{"east":{"uv":[4.5,0,0,5],"texture":"#main"},"west":{"uv":[0,0,4.5,5],"texture":"#main"}}},{"from":[7.77411,8.625,8.80068],"to":[7.80411,13.625,13.30068],"rotation":{"angle":-22.5,"axis":"y","origin":[7.80411,8.625,8.80068]},"faces":{"east":{"uv":[12.5,0,8,5],"texture":"#main"},"west":{"uv":[8,0,12.5,5],"texture":"#main"}}},{"from":[7.77411,8.625,8.80068],"to":[7.80411,13.625,13.30068],"rotation":{"angle":0,"axis":"y","origin":[7.80411,8.625,8.80068]},"faces":{"east":{"uv":[4.5,8,0,13],"texture":"#main"},"west":{"uv":[0,8,4.5,13],"texture":"#main"}}},{"from":[8.19589,8.625,8.80068],"to":[8.22589,13.625,13.30068],"rotation":{"angle":45,"axis":"y","origin":[8.19589,8.625,8.80068]},"faces":{"east":{"uv":[4.5,0,0,5],"texture":"#main"},"west":{"uv":[0,0,4.5,5],"texture":"#main"}}},{"from":[8.19589,8.625,8.80068],"to":[8.22589,13.625,13.30068],"rotation":{"angle":22.5,"axis":"y","origin":[8.19589,8.625,8.80068]},"faces":{"east":{"uv":[12.5,0,8,5],"texture":"#main"},"west":{"uv":[8,0,12.5,5],"texture":"#main"}}},{"from":[8.19589,8.625,8.80068],"to":[8.22589,13.625,13.30068],"rotation":{"angle":0,"axis":"y","origin":[8.19589,8.625,8.80068]},"faces":{"east":{"uv":[4.5,8,0,13],"texture":"#main"},"west":{"uv":[0,8,4.5,13],"texture":"#main"}}},{"from":[7.985,11.25,6],"to":[8.015,16.25,10],"rotation":{"angle":0,"axis":"y","origin":[7.985,0,6]},"faces":{"east":{"uv":[4,0,0,5],"texture":"#3"},"west":{"uv":[0,0,4,5],"texture":"#3"}}},{"from":[7.55,12.85,6.75],"to":[7.55,14.85,9.25],"rotation":{"angle":0,"axis":"y","origin":[7.55,12.85,1.75]},"faces":{"west":{"uv":[10,12,15,16],"texture":"#4"}}},{"from":[8.45,12.85,6.75],"to":[8.45,14.85,9.25],"rotation":{"angle":0,"axis":"y","origin":[8.45,12.85,1.75]},"faces":{"east":{"uv":[15,12,10,16],"texture":"#4"}}}],"gui_light":"front","display":{"thirdperson_righthand":{"translation":[0,2.25,1]},"thirdperson_lefthand":{"translation":[0,2.25,1]},"firstperson_righthand":{"rotation":[-10,0,0],"translation":[0,4.25,1.75]},"firstperson_lefthand":{"rotation":[-10,0,0],"translation":[0,4.25,1.75]},"ground":{"rotation":[-45,0,0],"translation":[0,8.25,0]},"gui":{"rotation":[-90,45,90],"translation":[0.25,-0.5,0]},"head":{"rotation":[90,-90,90]},"fixed":{"rotation":[0,-90,0],"translation":[0,0.5,-1.5],"scale":[2.5,2.5,2.5]}}}