{"credit":"Made by PolygonMC","texture_size":[24,24],"textures":{"1":"bonitaset:animations/animations_1","3":"bonitaset:trident","4":"bonitaset:animations/animations_4","particle":"bonitaset:animations/animations_1","main":"bonitaset:animations/animations_3"},"elements":[{"from":[7.5,1.07897,7.5],"to":[8.5,2.07897,8.5],"rotation":{"angle":0,"axis":"y","origin":[7.5,-3.39603,8.55]},"faces":{"north":{"uv":[7.33333,2.66667,8,3.33333],"texture":"#3"},"east":{"uv":[8.66667,1.33333,9.33333,2],"texture":"#3"},"south":{"uv":[8.66667,2,9.33333,2.66667],"texture":"#3"},"west":{"uv":[2.66667,8.66667,3.33333,9.33333],"texture":"#3"},"up":{"uv":[7.33333,9.33333,6.66667,8.66667],"texture":"#3"},"down":{"uv":[9.33333,6.66667,8.66667,7.33333],"texture":"#3"}}},{"from":[7.5,5.225,7.5],"to":[8.5,6.225,8.5],"rotation":{"angle":0,"axis":"y","origin":[8,6.725,8.15]},"faces":{"north":{"uv":[7.33333,8.66667,8,9.33333],"texture":"#3"},"east":{"uv":[8.66667,7.33333,9.33333,8],"texture":"#3"},"south":{"uv":[8.66667,8,9.33333,8.66667],"texture":"#3"},"west":{"uv":[8.66667,8.66667,9.33333,9.33333],"texture":"#3"},"down":{"uv":[10,0,9.33333,0.66667],"texture":"#3"}}},{"from":[7.5,17.225,7.5],"to":[8.5,18.225,8.5],"rotation":{"angle":0,"axis":"y","origin":[8,18.725,8.15]},"faces":{"north":{"uv":[9.33333,8.66667,10,9.33333],"texture":"#3"},"east":{"uv":[9.33333,9.33333,10,10],"texture":"#3"},"south":{"uv":[10,0,10.66667,0.66667],"texture":"#3"},"west":{"uv":[10,0.66667,10.66667,1.33333],"texture":"#3"},"down":{"uv":[2,10,1.33333,10.66667],"texture":"#3"}}},{"from":[7.5,21.225,7.5],"to":[8.5,22.225,8.5],"rotation":{"angle":0,"axis":"y","origin":[7.5,20.225,7.5]},"faces":{"north":{"uv":[9.33333,0.66667,10,1.33333],"texture":"#3"},"east":{"uv":[1.33333,9.33333,2,10],"texture":"#3"},"south":{"uv":[9.33333,1.33333,10,2],"texture":"#3"},"west":{"uv":[2,9.33333,2.66667,10],"texture":"#3"}}},{"from":[7.5,4.225,7.5],"to":[8.5,4.725,8.5],"rotation":{"angle":0,"axis":"y","origin":[8,3.65199,8.00452]},"faces":{"north":{"uv":[9.33333,10,10,10.33333],"texture":"#3"},"east":{"uv":[10,9.33333,10.66667,9.66667],"texture":"#3"},"south":{"uv":[10,10,10.66667,10.33333],"texture":"#3"},"west":{"uv":[0,10.66667,0.66667,11],"texture":"#3"},"up":{"uv":[10,2.66667,9.33333,2],"texture":"#3"},"down":{"uv":[3.33333,9.33333,2.66667,10],"texture":"#3"}}},{"from":[7.5,2.57897,7.5],"to":[8.5,3.07897,8.5],"rotation":{"angle":0,"axis":"y","origin":[8,3.65199,7.99548]},"faces":{"north":{"uv":[10.66667,0,11.33333,0.33333],"texture":"#3"},"east":{"uv":[0.66667,10.66667,1.33333,11],"texture":"#3"},"south":{"uv":[10.66667,0.66667,11.33333,1],"texture":"#3"},"west":{"uv":[1.33333,10.66667,2,11],"texture":"#3"},"up":{"uv":[10,3.33333,9.33333,2.66667],"texture":"#3"},"down":{"uv":[4,9.33333,3.33333,10],"texture":"#3"}}},{"from":[7.4,3.047,7.39637],"to":[8.6,4.247,8.59637],"rotation":{"angle":-45,"axis":"x","origin":[8,3.65199,7.99672]},"faces":{"north":{"uv":[9.33333,3.33333,10,4],"texture":"#3"},"east":{"uv":[4,9.33333,4.66667,10],"texture":"#3"},"south":{"uv":[9.33333,4,10,4.66667],"texture":"#3"},"west":{"uv":[4.66667,9.33333,5.33333,10],"texture":"#3"},"up":{"uv":[10,5.33333,9.33333,4.66667],"texture":"#3"},"down":{"uv":[6,9.33333,5.33333,10],"texture":"#3"}}},{"from":[7.6,2.07897,7.6],"to":[8.4,2.57897,8.4],"rotation":{"angle":0,"axis":"y","origin":[8,3.65199,7.99548]},"faces":{"north":{"uv":[10.66667,1.33333,11.33333,1.66667],"texture":"#3"},"east":{"uv":[2,10.66667,2.66667,11],"texture":"#3"},"south":{"uv":[10.66667,2,11.33333,2.33333],"texture":"#3"},"west":{"uv":[2.66667,10.66667,3.33333,11],"texture":"#3"}}},{"from":[7.6,4.725,7.6],"to":[8.4,5.225,8.4],"rotation":{"angle":0,"axis":"y","origin":[8,3.65199,8.00452]},"faces":{"north":{"uv":[10.66667,2.66667,11.33333,3],"texture":"#3"},"east":{"uv":[3.33333,10.66667,4,11],"texture":"#3"},"south":{"uv":[10.66667,3.33333,11.33333,3.66667],"texture":"#3"},"west":{"uv":[4,10.66667,4.66667,11],"texture":"#3"}}},{"from":[7.5,13.225,7.5],"to":[8.5,14.225,8.5],"rotation":{"angle":0,"axis":"y","origin":[8,11.65199,8]},"faces":{"north":{"uv":[6.66667,10,7.33333,10.66667],"texture":"#3"},"east":{"uv":[10,6.66667,10.66667,7.33333],"texture":"#3"},"south":{"uv":[7.33333,10,8,10.66667],"texture":"#3"},"west":{"uv":[10,7.33333,10.66667,8],"texture":"#3"},"up":{"uv":[8.66667,10.66667,8,10],"texture":"#3"},"down":{"uv":[10.66667,8,10,8.66667],"texture":"#3"}}},{"from":[7.5,9.07897,7.5],"to":[8.5,10.07897,8.5],"rotation":{"angle":0,"axis":"y","origin":[8,11.65199,8]},"faces":{"north":{"uv":[10,4.66667,10.66667,5.33333],"texture":"#3"},"east":{"uv":[5.33333,10,6,10.66667],"texture":"#3"},"south":{"uv":[10,5.33333,10.66667,6],"texture":"#3"},"west":{"uv":[6,10,6.66667,10.66667],"texture":"#3"},"up":{"uv":[10.66667,6.66667,10,6],"texture":"#3"}}},{"from":[7.5,10.57897,7.5],"to":[8.5,11.07897,8.5],"rotation":{"angle":0,"axis":"y","origin":[8,11.65199,8]},"faces":{"north":{"uv":[2.66667,11.33333,3.33333,11.66667],"texture":"#3"},"east":{"uv":[11.33333,2.66667,12,3],"texture":"#3"},"south":{"uv":[3.33333,11.33333,4,11.66667],"texture":"#3"},"west":{"uv":[11.33333,3.33333,12,3.66667],"texture":"#3"},"up":{"uv":[10.66667,4.66667,10,4],"texture":"#3"},"down":{"uv":[5.33333,10,4.66667,10.66667],"texture":"#3"}}},{"from":[7.5,12.225,7.5],"to":[8.5,12.725,8.5],"rotation":{"angle":0,"axis":"y","origin":[8,11.65199,8]},"faces":{"north":{"uv":[1.33333,11.33333,2,11.66667],"texture":"#3"},"east":{"uv":[11.33333,1.33333,12,1.66667],"texture":"#3"},"south":{"uv":[2,11.33333,2.66667,11.66667],"texture":"#3"},"west":{"uv":[11.33333,2,12,2.33333],"texture":"#3"},"up":{"uv":[10.66667,4,10,3.33333],"texture":"#3"},"down":{"uv":[4.66667,10,4,10.66667],"texture":"#3"}}},{"from":[7.4,11.05576,7.4],"to":[8.6,12.25576,8.6],"rotation":{"angle":45,"axis":"x","origin":[8,11.65576,8]},"faces":{"north":{"uv":[10,1.33333,10.66667,2],"texture":"#3"},"east":{"uv":[2,10,2.66667,10.66667],"texture":"#3"},"south":{"uv":[10,2,10.66667,2.66667],"texture":"#3"},"west":{"uv":[2.66667,10,3.33333,10.66667],"texture":"#3"},"up":{"uv":[10.66667,3.33333,10,2.66667],"texture":"#3"},"down":{"uv":[4,10,3.33333,10.66667],"texture":"#3"}}},{"from":[7.6,12.725,7.6],"to":[8.4,13.225,8.4],"rotation":{"angle":0,"axis":"y","origin":[8,11.65199,8]},"faces":{"north":{"uv":[0,11.33333,0.66667,11.66667],"texture":"#3"},"east":{"uv":[11.33333,0,12,0.33333],"texture":"#3"},"south":{"uv":[0.66667,11.33333,1.33333,11.66667],"texture":"#3"},"west":{"uv":[11.33333,0.66667,12,1],"texture":"#3"}}},{"from":[7.6,10.07897,7.6],"to":[8.4,10.57897,8.4],"rotation":{"angle":0,"axis":"y","origin":[8,11.65199,8]},"faces":{"north":{"uv":[10.66667,9.33333,11.33333,9.66667],"texture":"#3"},"east":{"uv":[10,10.66667,10.66667,11],"texture":"#3"},"south":{"uv":[10.66667,10,11.33333,10.33333],"texture":"#3"},"west":{"uv":[10.66667,10.66667,11.33333,11],"texture":"#3"}}},{"from":[7.75,0.11254,6.94818],"to":[8.25,1.11254,7.94818],"rotation":{"angle":22.5,"axis":"x","origin":[8,1.23632,7.98062]},"faces":{"north":{"uv":[10.66667,4,11,4.66667],"texture":"#3"},"east":{"uv":[9.33333,5.33333,10,6],"texture":"#3"},"south":{"uv":[4.66667,10.66667,5,11.33333],"texture":"#3"},"west":{"uv":[6,9.33333,6.66667,10],"texture":"#3"},"up":{"uv":[11,5.33333,10.66667,4.66667],"texture":"#3"},"down":{"uv":[5.66667,10.66667,5.33333,11.33333],"texture":"#3"}}},{"from":[7.752,1.17173,6.45595],"to":[8.248,2.22173,7.18095],"rotation":{"angle":-22.5,"axis":"x","origin":[8,1.23632,7.98062]},"faces":{"north":{"uv":[10.66667,5.33333,11,6],"texture":"#3"},"east":{"uv":[6,10.66667,6.33333,11.33333],"texture":"#3"},"south":{"uv":[10.66667,6,11,6.66667],"texture":"#3"},"west":{"uv":[6.66667,10.66667,7,11.33333],"texture":"#3"},"up":{"uv":[5.66667,11.66667,5.33333,11.33333],"texture":"#3"}}},{"from":[7.752,1.17173,8.81905],"to":[8.248,2.22173,9.54405],"rotation":{"angle":22.5,"axis":"x","origin":[8,1.23632,8.01938]},"faces":{"north":{"uv":[10.66667,6.66667,11,7.33333],"texture":"#3"},"east":{"uv":[7.33333,10.66667,7.66667,11.33333],"texture":"#3"},"south":{"uv":[10.66667,7.33333,11,8],"texture":"#3"},"west":{"uv":[8,10.66667,8.33333,11.33333],"texture":"#3"},"up":{"uv":[11.66667,5.66667,11.33333,5.33333],"texture":"#3"}}},{"from":[7.75,0.11254,8.05182],"to":[8.25,1.11254,9.05182],"rotation":{"angle":-22.5,"axis":"x","origin":[8,1.23632,8.01938]},"faces":{"north":{"uv":[10.66667,8,11,8.66667],"texture":"#3"},"east":{"uv":[9.33333,6,10,6.66667],"texture":"#3"},"south":{"uv":[8.66667,10.66667,9,11.33333],"texture":"#3"},"west":{"uv":[6.66667,9.33333,7.33333,10],"texture":"#3"},"up":{"uv":[11,9.33333,10.66667,8.66667],"texture":"#3"},"down":{"uv":[9.66667,10.66667,9.33333,11.33333],"texture":"#3"}}},{"from":[7.405,0.3916,7.66275],"to":[8.595,1.5816,8.85275],"rotation":{"angle":45,"axis":"x","origin":[8,1.23632,7.98062]},"faces":{"north":{"uv":[9.33333,6.66667,10,7.33333],"texture":"#3"},"east":{"uv":[7.33333,9.33333,8,10],"texture":"#3"},"south":{"uv":[9.33333,7.33333,10,8],"texture":"#3"},"west":{"uv":[8,9.33333,8.66667,10],"texture":"#3"},"up":{"uv":[10,8.66667,9.33333,8],"texture":"#3"},"down":{"uv":[9.33333,9.33333,8.66667,10],"texture":"#3"}}},{"from":[7.4,21.975,7.25],"to":[8.6,23.725,9],"rotation":{"angle":-45,"axis":"x","origin":[8,22.725,8]},"faces":{"north":{"uv":[3.33333,6.66667,4,8],"texture":"#3"},"east":{"uv":[6.66667,0,8,1.33333],"texture":"#3"},"south":{"uv":[6,8,6.66667,9.33333],"texture":"#3"},"west":{"uv":[1.33333,6.66667,2.66667,8],"texture":"#3"},"up":{"uv":[8.66667,8,8,6.66667],"texture":"#3"},"down":{"uv":[8.66667,8,8,9.33333],"texture":"#3"}}},{"from":[7.15,22.225,7.5],"to":[8.85,23.475,8.75],"rotation":{"angle":-45,"axis":"x","origin":[8,22.725,8]},"faces":{"north":{"uv":[6.66667,3.33333,7.66667,4.33333],"texture":"#3"},"east":{"uv":[6.66667,4.66667,7.66667,5.66667],"texture":"#3"},"south":{"uv":[6.66667,6,7.66667,7],"texture":"#3"},"west":{"uv":[7.33333,1.33333,8.33333,2.33333],"texture":"#3"},"up":{"uv":[7.66667,8.33333,6.66667,7.33333],"texture":"#3"},"down":{"uv":[9,0,8,1],"texture":"#3"}}},{"from":[7.35,18.225,7.35],"to":[8.65,21.225,8.65],"rotation":{"angle":0,"axis":"y","origin":[8,18.725,8.15]},"faces":{"north":{"uv":[4,0,5,2],"texture":"#3"},"east":{"uv":[4,2,5,4],"texture":"#3"},"south":{"uv":[4,4,5,6],"texture":"#3"},"west":{"uv":[15,0,16,2],"texture":"#3"},"up":{"uv":[2.33333,9,1.33333,8],"texture":"#3"},"down":{"uv":[9,2.66667,8,3.66667],"texture":"#3"}}},{"from":[7.35,14.225,7.35],"to":[8.65,17.225,8.65],"rotation":{"angle":0,"axis":"y","origin":[8,14.725,8.15]},"faces":{"north":{"uv":[5.33333,4,6.33333,6],"texture":"#3"},"east":{"uv":[4,6,5,8],"texture":"#3"},"south":{"uv":[5.33333,6,6.33333,8],"texture":"#3"},"west":{"uv":[0,6.66667,1,8.66667],"texture":"#3"},"up":{"uv":[5.66667,9,4.66667,8],"texture":"#3"},"down":{"uv":[9,5.33333,8,6.33333],"texture":"#3"}}},{"from":[7.35,6.225,7.35],"to":[8.65,9.225,8.65],"rotation":{"angle":0,"axis":"y","origin":[8,6.725,8.15]},"faces":{"north":{"uv":[12.33333,0,13.33333,2],"texture":"#3"},"east":{"uv":[13.66667,0,14.66667,2],"texture":"#3"},"south":{"uv":[5.33333,0,6.33333,2],"texture":"#3"},"west":{"uv":[5.33333,2,6.33333,4],"texture":"#3"},"up":{"uv":[4.33333,9,3.33333,8],"texture":"#3"},"down":{"uv":[9,4,8,5],"texture":"#3"}}},{"from":[7.75,23.40178,7.5],"to":[8.25,25.90178,8.5],"rotation":{"angle":0,"axis":"y","origin":[8,24.65178,8]},"faces":{"north":{"uv":[0,8.66667,0.33333,10.33333],"texture":"#3"},"east":{"uv":[6.66667,1.33333,7.33333,3],"texture":"#3"},"south":{"uv":[0.66667,8.66667,1,10.33333],"texture":"#3"},"west":{"uv":[2.66667,6.66667,3.33333,8.33333],"texture":"#3"}}},{"from":[7.7,25.52678,7.5],"to":[8.3,26.52678,8.5],"rotation":{"angle":-45,"axis":"x","origin":[8,26.02678,8]},"faces":{"north":{"uv":[4,11.33333,4.33333,12],"texture":"#3"},"east":{"uv":[8.66667,10,9.33333,10.66667],"texture":"#3"},"south":{"uv":[11.33333,4,11.66667,4.66667],"texture":"#3"},"west":{"uv":[10,8.66667,10.66667,9.33333],"texture":"#3"},"up":{"uv":[5,12,4.66667,11.33333],"texture":"#3"},"down":{"uv":[11.66667,4.66667,11.33333,5.33333],"texture":"#3"}}},{"from":[7,21.51053,6.25],"to":[7,25.01053,9.75],"rotation":{"angle":45,"axis":"x","origin":[7,23.26053,8]},"faces":{"west":{"uv":[0,0,7,7],"texture":"#1"}}},{"from":[9,21.51053,6.25],"to":[9,25.01053,9.75],"rotation":{"angle":45,"axis":"x","origin":[9,23.26053,8]},"faces":{"east":{"uv":[7,0,0,7],"texture":"#1"}}},{"from":[7.77411,20.625,8.80068],"to":[7.80411,25.625,13.30068],"rotation":{"angle":-45,"axis":"y","origin":[7.80411,20.625,8.80068]},"faces":{"east":{"uv":[4.5,0,0,5],"texture":"#main"},"west":{"uv":[0,0,4.5,5],"texture":"#main"}}},{"from":[7.77411,20.625,8.80068],"to":[7.80411,25.625,13.30068],"rotation":{"angle":-22.5,"axis":"y","origin":[7.80411,20.625,8.80068]},"faces":{"east":{"uv":[12.5,0,8,5],"texture":"#main"},"west":{"uv":[8,0,12.5,5],"texture":"#main"}}},{"from":[7.77411,20.625,8.80068],"to":[7.80411,25.625,13.30068],"rotation":{"angle":0,"axis":"y","origin":[7.80411,20.625,8.80068]},"faces":{"east":{"uv":[4.5,8,0,13],"texture":"#main"},"west":{"uv":[0,8,4.5,13],"texture":"#main"}}},{"from":[8.19589,20.625,8.80068],"to":[8.22589,25.625,13.30068],"rotation":{"angle":45,"axis":"y","origin":[8.19589,20.625,8.80068]},"faces":{"east":{"uv":[4.5,0,0,5],"texture":"#main"},"west":{"uv":[0,0,4.5,5],"texture":"#main"}}},{"from":[8.19589,20.625,8.80068],"to":[8.22589,25.625,13.30068],"rotation":{"angle":22.5,"axis":"y","origin":[8.19589,20.625,8.80068]},"faces":{"east":{"uv":[12.5,0,8,5],"texture":"#main"},"west":{"uv":[8,0,12.5,5],"texture":"#main"}}},{"from":[8.19589,20.625,8.80068],"to":[8.22589,25.625,13.30068],"rotation":{"angle":0,"axis":"y","origin":[8.19589,20.625,8.80068]},"faces":{"east":{"uv":[4.5,8,0,13],"texture":"#main"},"west":{"uv":[0,8,4.5,13],"texture":"#main"}}},{"from":[7.985,23.25,5.25],"to":[8.015,30.25,10.75],"rotation":{"angle":0,"axis":"y","origin":[7.985,12,6.75]},"faces":{"east":{"uv":[3.66667,0,0,4.66667],"texture":"#3"},"west":{"uv":[0,0,3.66667,4.66667],"texture":"#3"}}},{"from":[7.5,23.75,4],"to":[7.5,31.75,12],"rotation":{"angle":0,"axis":"y","origin":[7.5,23.75,4]},"faces":{"west":{"uv":[0,0,16,16],"texture":"#4"}}},{"from":[8.5,23.75,4],"to":[8.5,31.75,12],"rotation":{"angle":0,"axis":"y","origin":[8.5,23.75,4]},"faces":{"east":{"uv":[16,0,0,16],"texture":"#4"}}}],"gui_light":"front","display":{"thirdperson_righthand":{"translation":[0,-5.5,1]},"thirdperson_lefthand":{"translation":[0,-5.5,1]},"firstperson_righthand":{"rotation":[-10,0,0],"translation":[0,-5,1.75]},"firstperson_lefthand":{"rotation":[-10,0,0],"translation":[0,-5,1.75]},"ground":{"rotation":[-45,0,0],"translation":[0,8.25,5.25]},"gui":{"rotation":[-90,45,90],"translation":[3.5,-3.5,0],"scale":[0.74609,0.74609,0.74609]},"head":{"rotation":[90,-90,90]},"fixed":{"rotation":[0,-90,0],"translation":[0,-14.5,-1.5],"scale":[2.5,2.5,2.5]}}}