{"credit":"MadewithBlockbench","texture_size":[64,64],"textures":{"0":"dark_queen:dark_queen/bow_dark_queen","particle":"dark_queen:dark_queen/bow_dark_queen"},"elements":[{"from":[8.83463,12.84776,6.75],"to":[11.33463,13.84776,9.25],"rotation":{"angle":0,"axis":"y","origin":[4.50258,9.41642,8]},"faces":{"north":{"uv":[7,1,7.75,1.25],"texture":"#0"},"east":{"uv":[7,1.25,7.75,1.5],"texture":"#0"},"south":{"uv":[7,3,7.75,3.25],"texture":"#0"},"west":{"uv":[7,3.25,7.75,3.5],"texture":"#0"},"up":{"uv":[3,2.25,2.25,1.5],"texture":"#0"},"down":{"uv":[3,2.25,2.25,3],"texture":"#0"}}},{"from":[9.33463,6.84776,7.25],"to":[10.83463,12.84776,8.75],"rotation":{"angle":0,"axis":"y","origin":[4.50258,9.41642,8]},"faces":{"north":{"uv":[0,0,0.5,1.5],"texture":"#0"},"east":{"uv":[0.5,0,1,1.5],"texture":"#0"},"south":{"uv":[1,0,1.5,1.5],"texture":"#0"},"west":{"uv":[0,1.5,0.5,3],"texture":"#0"},"up":{"uv":[5.25,2,4.75,1.5],"texture":"#0"},"down":{"uv":[4,4.75,3.5,5.25],"texture":"#0"}}},{"from":[1.00963,8.34776,7.5001],"to":[3.83463,11.34776,8.4999],"rotation":{"angle":0,"axis":"y","origin":[6.50258,9.41642,8.0001]},"faces":{"north":{"uv":[2.25,3,3,3.75],"texture":"#0"},"east":{"uv":[5.75,7,6,7.75],"texture":"#0"},"south":{"uv":[3,2.25,3.75,3],"texture":"#0"},"west":{"uv":[6,7,6.25,7.75],"texture":"#0"},"up":{"uv":[7.75,5.25,7,5],"texture":"#0"},"down":{"uv":[7.75,5.75,7,6],"texture":"#0"}}},{"from":[1.45703,10.25937,7.5],"to":[3.45703,12.25937,8.5],"rotation":{"angle":45,"axis":"z","origin":[2.33203,11.25937,8]},"faces":{"north":{"uv":[1,6,1.5,6.5],"texture":"#0"},"east":{"uv":[1.25,7.5,1.5,8],"texture":"#0"},"south":{"uv":[4,6,4.5,6.5],"texture":"#0"},"west":{"uv":[7.5,6.75,7.75,7.25],"texture":"#0"},"up":{"uv":[8,6.25,7.5,6],"texture":"#0"},"down":{"uv":[8,7.25,7.5,7.5],"texture":"#0"}}},{"from":[0.04281,6.67359,7.5],"to":[2.04281,8.67359,8.5],"rotation":{"angle":45,"axis":"z","origin":[0.91781,9.67359,8]},"faces":{"north":{"uv":[0,6.5,0.5,7],"texture":"#0"},"east":{"uv":[7.5,7.5,7.75,8],"texture":"#0"},"south":{"uv":[6.5,0,7,0.5],"texture":"#0"},"west":{"uv":[0,7.75,0.25,8.25],"texture":"#0"},"up":{"uv":[1.25,8,0.75,7.75],"texture":"#0"},"down":{"uv":[8.25,1,7.75,1.25],"texture":"#0"}}},{"from":[0.75627,7.62584,7.275],"to":[2.15627,9.02584,8.725],"rotation":{"angle":45,"axis":"z","origin":[1.36877,9.72584,8]},"faces":{"north":{"uv":[1,8.25,1.25,8.5],"texture":"#0"},"east":{"uv":[8.25,1,8.5,1.25],"texture":"#0"},"south":{"uv":[1.25,8.25,1.5,8.5],"texture":"#0"},"west":{"uv":[8.25,1.25,8.5,1.5],"texture":"#0"},"up":{"uv":[1.75,8.5,1.5,8.25],"texture":"#0"},"down":{"uv":[2,8.25,1.75,8.5],"texture":"#0"}}},{"from":[1.43304,8.79776,7.3001],"to":[3.41054,10.89776,8.6999],"rotation":{"angle":0,"axis":"y","origin":[5.2781,9.54582,8.0001]},"faces":{"north":{"uv":[0.5,6.5,1,7],"texture":"#0"},"east":{"uv":[0.25,7.75,0.5,8.25],"texture":"#0"},"south":{"uv":[1,6.5,1.5,7],"texture":"#0"},"west":{"uv":[1.5,7.75,1.75,8.25],"texture":"#0"},"up":{"uv":[8.25,1.5,7.75,1.25],"texture":"#0"},"down":{"uv":[8.25,2,7.75,2.25],"texture":"#0"}}},{"from":[1.74622,10.13589,7.275],"to":[3.14622,11.53589,8.725],"rotation":{"angle":45,"axis":"z","origin":[2.35872,10.83589,8]},"faces":{"north":{"uv":[7.75,8,8,8.25],"texture":"#0"},"east":{"uv":[8,8,8.25,8.25],"texture":"#0"},"south":{"uv":[0,8.25,0.25,8.5],"texture":"#0"},"west":{"uv":[0.25,8.25,0.5,8.5],"texture":"#0"},"up":{"uv":[0.75,8.5,0.5,8.25],"texture":"#0"},"down":{"uv":[1,8.25,0.75,8.5],"texture":"#0"}}},{"from":[0.08921,18.11022,7.72],"to":[1.20921,19.23022,8.28],"rotation":{"angle":45,"axis":"z","origin":[0.57921,19.79022,8]},"faces":{"north":{"uv":[8.25,5.5,8.5,5.75],"texture":"#0"},"east":{"uv":[5.75,8.25,6,8.5],"texture":"#0"},"south":{"uv":[8.25,5.75,8.5,6],"texture":"#0"},"west":{"uv":[6,8.25,6.25,8.5],"texture":"#0"},"up":{"uv":[8.5,6.25,8.25,6],"texture":"#0"},"down":{"uv":[6.5,8.25,6.25,8.5],"texture":"#0"}}},{"from":[1.04312,20.04911,7.594],"to":[1.82712,20.83311,8.406],"rotation":{"angle":45,"axis":"z","origin":[1.38612,20.44111,8]},"faces":{"north":{"uv":[8.25,4.75,8.5,5],"texture":"#0"},"east":{"uv":[5,8.25,5.25,8.5],"texture":"#0"},"south":{"uv":[8.25,5,8.5,5.25],"texture":"#0"},"west":{"uv":[5.25,8.25,5.5,8.5],"texture":"#0"},"up":{"uv":[8.5,5.5,8.25,5.25],"texture":"#0"},"down":{"uv":[5.75,8.25,5.5,8.5],"texture":"#0"}}},{"from":[0.86774,19.29976,7.6191],"to":[1.97514,20.47576,8.3809],"rotation":{"angle":0,"axis":"y","origin":[3.02097,19.71867,8.0001]},"faces":{"north":{"uv":[8.25,4,8.5,4.25],"texture":"#0"},"east":{"uv":[4.25,8.25,4.5,8.5],"texture":"#0"},"south":{"uv":[8.25,4.25,8.5,4.5],"texture":"#0"},"west":{"uv":[4.5,8.25,4.75,8.5],"texture":"#0"},"up":{"uv":[8.5,4.75,8.25,4.5],"texture":"#0"},"down":{"uv":[5,8.25,4.75,8.5],"texture":"#0"}}},{"from":[0.63063,19.04776,7.7201],"to":[2.21263,20.72776,8.2799],"rotation":{"angle":0,"axis":"y","origin":[3.70668,19.64621,8.0001]},"faces":{"north":{"uv":[6.5,1,7,1.5],"texture":"#0"},"east":{"uv":[1.75,7.75,2,8.25],"texture":"#0"},"south":{"uv":[1.5,6.5,2,7],"texture":"#0"},"west":{"uv":[2.5,7.75,2.75,8.25],"texture":"#0"},"up":{"uv":[8.25,2.5,7.75,2.25],"texture":"#0"},"down":{"uv":[3.25,7.75,2.75,8],"texture":"#0"}}},{"from":[0.48874,18.64348,7.594],"to":[1.27274,19.42748,8.406],"rotation":{"angle":45,"axis":"z","origin":[0.83174,19.81948,8]},"faces":{"north":{"uv":[3.25,8.25,3.5,8.5],"texture":"#0"},"east":{"uv":[8.25,3.25,8.5,3.5],"texture":"#0"},"south":{"uv":[8.25,3.5,8.5,3.75],"texture":"#0"},"west":{"uv":[3.75,8.25,4,8.5],"texture":"#0"},"up":{"uv":[8.5,4,8.25,3.75],"texture":"#0"},"down":{"uv":[4.25,8.25,4,8.5],"texture":"#0"}}},{"from":[0.88117,20.11826,7.72],"to":[2.00117,21.23826,8.28],"rotation":{"angle":45,"axis":"z","origin":[1.37117,20.67826,8]},"faces":{"north":{"uv":[8.25,2,8.5,2.25],"texture":"#0"},"east":{"uv":[8.25,2.25,8.5,2.5],"texture":"#0"},"south":{"uv":[2.5,8.25,2.75,8.5],"texture":"#0"},"west":{"uv":[2.75,8.25,3,8.5],"texture":"#0"},"up":{"uv":[3.25,8.5,3,8.25],"texture":"#0"},"down":{"uv":[8.5,3,8.25,3.25],"texture":"#0"}}},{"from":[0.08921,-1.96978,7.72],"to":[1.20921,-0.84978,8.28],"rotation":{"angle":45,"axis":"z","origin":[0.57921,-0.28978,8]},"faces":{"north":{"uv":[1,8.5,1.25,8.75],"texture":"#0"},"east":{"uv":[8.5,1,8.75,1.25],"texture":"#0"},"south":{"uv":[1.25,8.5,1.5,8.75],"texture":"#0"},"west":{"uv":[8.5,1.25,8.75,1.5],"texture":"#0"},"up":{"uv":[1.75,8.75,1.5,8.5],"texture":"#0"},"down":{"uv":[8.75,1.5,8.5,1.75],"texture":"#0"}}},{"from":[1.04312,-0.03089,7.594],"to":[1.82712,0.75311,8.406],"rotation":{"angle":45,"axis":"z","origin":[1.38612,0.36111,8]},"faces":{"north":{"uv":[0.25,8.5,0.5,8.75],"texture":"#0"},"east":{"uv":[8.5,0.25,8.75,0.5],"texture":"#0"},"south":{"uv":[0.5,8.5,0.75,8.75],"texture":"#0"},"west":{"uv":[8.5,0.5,8.75,0.75],"texture":"#0"},"up":{"uv":[1,8.75,0.75,8.5],"texture":"#0"},"down":{"uv":[8.75,0.75,8.5,1],"texture":"#0"}}},{"from":[0.86774,-0.78024,7.6191],"to":[1.97514,0.39576,8.3809],"rotation":{"angle":0,"axis":"y","origin":[3.02097,-0.36133,8.0001]},"faces":{"north":{"uv":[8.25,7.75,8.5,8],"texture":"#0"},"east":{"uv":[8,8.25,8.25,8.5],"texture":"#0"},"south":{"uv":[8.25,8,8.5,8.25],"texture":"#0"},"west":{"uv":[8.25,8.25,8.5,8.5],"texture":"#0"},"up":{"uv":[0.25,8.75,0,8.5],"texture":"#0"},"down":{"uv":[8.75,0,8.5,0.25],"texture":"#0"}}},{"from":[0.63063,-1.03224,7.7201],"to":[2.21263,0.64776,8.2799],"rotation":{"angle":0,"axis":"y","origin":[3.70668,-0.43379,8.0001]},"faces":{"north":{"uv":[2,6.5,2.5,7],"texture":"#0"},"east":{"uv":[7.75,3,8,3.5],"texture":"#0"},"south":{"uv":[2.5,6.5,3,7],"texture":"#0"},"west":{"uv":[3.25,7.75,3.5,8.25],"texture":"#0"},"up":{"uv":[4,8,3.5,7.75],"texture":"#0"},"down":{"uv":[8.25,3.5,7.75,3.75],"texture":"#0"}}},{"from":[0.48874,-1.43652,7.594],"to":[1.27274,-0.65252,8.406],"rotation":{"angle":45,"axis":"z","origin":[0.83174,-0.26052,8]},"faces":{"north":{"uv":[8.25,7,8.5,7.25],"texture":"#0"},"east":{"uv":[7.25,8.25,7.5,8.5],"texture":"#0"},"south":{"uv":[8.25,7.25,8.5,7.5],"texture":"#0"},"west":{"uv":[7.5,8.25,7.75,8.5],"texture":"#0"},"up":{"uv":[8.5,7.75,8.25,7.5],"texture":"#0"},"down":{"uv":[8,8.25,7.75,8.5],"texture":"#0"}}},{"from":[0.88117,0.03826,7.72],"to":[2.00117,1.15826,8.28],"rotation":{"angle":45,"axis":"z","origin":[1.37117,0.59826,8]},"faces":{"north":{"uv":[8.25,6.25,8.5,6.5],"texture":"#0"},"east":{"uv":[6.5,8.25,6.75,8.5],"texture":"#0"},"south":{"uv":[8.25,6.5,8.5,6.75],"texture":"#0"},"west":{"uv":[6.75,8.25,7,8.5],"texture":"#0"},"up":{"uv":[8.5,7,8.25,6.75],"texture":"#0"},"down":{"uv":[7.25,8.25,7,8.5],"texture":"#0"}}},{"from":[9.36356,13.69832,7.025],"to":[11.36356,15.69832,8.975],"rotation":{"angle":22.5,"axis":"z","origin":[10.86159,13.13792,8]},"faces":{"north":{"uv":[4,4.75,4.5,5.25],"texture":"#0"},"east":{"uv":[4.5,4.75,5,5.25],"texture":"#0"},"south":{"uv":[0,5,0.5,5.5],"texture":"#0"},"west":{"uv":[5,0.5,5.5,1],"texture":"#0"},"up":{"uv":[5.5,1.5,5,1],"texture":"#0"},"down":{"uv":[2,5,1.5,5.5],"texture":"#0"}}},{"from":[10.82921,12.80158,7.55],"to":[14.82921,13.55158,8.45],"rotation":{"angle":-22.5,"axis":"z","origin":[12.12496,13.9134,8]},"faces":{"north":{"uv":[6,3.25,7,3.5],"texture":"#0"},"east":{"uv":[5.25,8,5.5,8.25],"texture":"#0"},"south":{"uv":[6,3.5,7,3.75],"texture":"#0"},"west":{"uv":[8,5.25,8.25,5.5],"texture":"#0"},"up":{"uv":[7,4,6,3.75],"texture":"#0"},"down":{"uv":[7,5,6,5.25],"texture":"#0"}}},{"from":[11.04884,13.92108,7.525],"to":[15.04884,14.67108,8.475],"rotation":{"angle":-45,"axis":"z","origin":[12.12496,13.9134,8]},"faces":{"north":{"uv":[6,0.5,7,0.75],"texture":"#0"},"east":{"uv":[8,4.75,8.25,5],"texture":"#0"},"south":{"uv":[6,0.75,7,1],"texture":"#0"},"west":{"uv":[5,8,5.25,8.25],"texture":"#0"},"up":{"uv":[3,6.25,2,6],"texture":"#0"},"down":{"uv":[7,3,6,3.25],"texture":"#0"}}},{"from":[9.42071,14.27522,7.525],"to":[11.42071,15.02522,8.475],"rotation":{"angle":-22.5,"axis":"z","origin":[12.12496,13.9134,8]},"faces":{"north":{"uv":[7.5,1.75,8,2],"texture":"#0"},"east":{"uv":[8,4.5,8.25,4.75],"texture":"#0"},"south":{"uv":[7.5,2.5,8,2.75],"texture":"#0"},"west":{"uv":[4.75,8,5,8.25],"texture":"#0"},"up":{"uv":[8,3,7.5,2.75],"texture":"#0"},"down":{"uv":[4,7.5,3.5,7.75],"texture":"#0"}}},{"from":[5.17071,-4.27522,7.55],"to":[7.17071,-3.52522,8.45],"rotation":{"angle":0,"axis":"z","origin":[5.17071,-3.90022,8]},"faces":{"north":{"uv":[7.5,4.75,8,5],"texture":"#0"},"east":{"uv":[8,7.25,8.25,7.5],"texture":"#0"},"south":{"uv":[5,7.5,5.5,7.75],"texture":"#0"},"west":{"uv":[7.5,8,7.75,8.25],"texture":"#0"},"up":{"uv":[8,5.5,7.5,5.25],"texture":"#0"},"down":{"uv":[8,5.5,7.5,5.75],"texture":"#0"}}},{"from":[6.57921,-2.80158,7.575],"to":[10.57921,-2.05158,8.425],"rotation":{"angle":0,"axis":"z","origin":[8.57921,-2.42658,8]},"faces":{"north":{"uv":[6.25,4.5,7.25,4.75],"texture":"#0"},"east":{"uv":[8,7,8.25,7.25],"texture":"#0"},"south":{"uv":[4.75,6.25,5.75,6.5],"texture":"#0"},"west":{"uv":[7.25,8,7.5,8.25],"texture":"#0"},"up":{"uv":[7.25,5,6.25,4.75],"texture":"#0"},"down":{"uv":[6.75,6.25,5.75,6.5],"texture":"#0"}}},{"from":[6.87496,-3.5384,7.55],"to":[10.87496,-2.7884,8.45],"rotation":{"angle":22.5,"axis":"z","origin":[8.87496,-3.1634,8]},"faces":{"north":{"uv":[6.25,2.75,7.25,3],"texture":"#0"},"east":{"uv":[8,6.75,8.25,7],"texture":"#0"},"south":{"uv":[3,6.25,4,6.5],"texture":"#0"},"west":{"uv":[7,8,7.25,8.25],"texture":"#0"},"up":{"uv":[7.25,4.25,6.25,4],"texture":"#0"},"down":{"uv":[7.25,4.25,6.25,4.5],"texture":"#0"}}},{"from":[9.42071,4.97478,7.525],"to":[11.42071,5.72478,8.475],"rotation":{"angle":22.5,"axis":"z","origin":[12.12496,6.0866,8]},"faces":{"north":{"uv":[4,7.5,4.5,7.75],"texture":"#0"},"east":{"uv":[8,6.25,8.25,6.5],"texture":"#0"},"south":{"uv":[7.5,4,8,4.25],"texture":"#0"},"west":{"uv":[8,6.5,8.25,6.75],"texture":"#0"},"up":{"uv":[8,4.5,7.5,4.25],"texture":"#0"},"down":{"uv":[8,4.5,7.5,4.75],"texture":"#0"}}},{"from":[11.04884,5.32892,7.525],"to":[15.04884,6.07892,8.475],"rotation":{"angle":45,"axis":"z","origin":[12.12496,6.0866,8]},"faces":{"north":{"uv":[2,6.25,3,6.5],"texture":"#0"},"east":{"uv":[5.75,8,6,8.25],"texture":"#0"},"south":{"uv":[6.25,2,7.25,2.25],"texture":"#0"},"west":{"uv":[8,6,8.25,6.25],"texture":"#0"},"up":{"uv":[7.25,2.5,6.25,2.25],"texture":"#0"},"down":{"uv":[7.25,2.5,6.25,2.75],"texture":"#0"}}},{"from":[10.82921,6.44842,7.55],"to":[14.82921,7.19842,8.45],"rotation":{"angle":22.5,"axis":"z","origin":[12.12496,6.0866,8]},"faces":{"north":{"uv":[6,5.75,7,6],"texture":"#0"},"east":{"uv":[5.5,8,5.75,8.25],"texture":"#0"},"south":{"uv":[6,6,7,6.25],"texture":"#0"},"west":{"uv":[8,5.5,8.25,5.75],"texture":"#0"},"up":{"uv":[7.25,1.75,6.25,1.5],"texture":"#0"},"down":{"uv":[7.25,1.75,6.25,2],"texture":"#0"}}},{"from":[-0.58444,-7.30937,7.55],"to":[-0.00944,-5.93437,8.45],"rotation":{"angle":0,"axis":"z","origin":[-1.25944,-10.80937,8]},"faces":{"north":{"uv":[2,8.5,2.25,8.75],"texture":"#0"},"east":{"uv":[8.5,2,8.75,2.25],"texture":"#0"},"south":{"uv":[2.25,8.5,2.5,8.75],"texture":"#0"},"west":{"uv":[8.5,2.25,8.75,2.5],"texture":"#0"},"up":{"uv":[2.75,8.75,2.5,8.5],"texture":"#0"},"down":{"uv":[8.75,2.5,8.5,2.75],"texture":"#0"}}},{"from":[-2.03129,-7.57473,7.8],"to":[-0.53129,-6.32473,8.2],"rotation":{"angle":-22.5,"axis":"z","origin":[2.71871,-10.82473,8]},"faces":{"north":{"uv":[5,7.75,5.5,8],"texture":"#0"},"east":{"uv":[1.75,8.5,2,8.75],"texture":"#0"},"south":{"uv":[7.75,5,8.25,5.25],"texture":"#0"},"west":{"uv":[8.5,1.75,8.75,2],"texture":"#0"},"up":{"uv":[6,8,5.5,7.75],"texture":"#0"},"down":{"uv":[8.25,5.75,7.75,6],"texture":"#0"}}},{"from":[11.91886,-8.43953,7.775],"to":[13.41886,-3.43953,8.225],"rotation":{"angle":-45,"axis":"z","origin":[12.91689,4.87087,8]},"faces":{"north":{"uv":[1.75,0.5,2.25,1.75],"texture":"#0"},"east":{"uv":[0.5,4.75,0.75,6],"texture":"#0"},"south":{"uv":[1.75,1.75,2.25,3],"texture":"#0"},"west":{"uv":[0.75,4.75,1,6],"texture":"#0"},"up":{"uv":[8.25,4,7.75,3.75],"texture":"#0"},"down":{"uv":[5,7.75,4.5,8],"texture":"#0"}}},{"from":[-0.54085,-1.37122,7.8],"to":[2.95915,0.12878,8.2],"rotation":{"angle":22.5,"axis":"z","origin":[12.26955,-0.86925,8]},"faces":{"north":{"uv":[4,4,5,4.5],"texture":"#0"},"east":{"uv":[4,7.75,4.25,8.25],"texture":"#0"},"south":{"uv":[0.5,4.25,1.5,4.75],"texture":"#0"},"west":{"uv":[4.25,7.75,4.5,8.25],"texture":"#0"},"up":{"uv":[4,6.75,3,6.5],"texture":"#0"},"down":{"uv":[5,6.5,4,6.75],"texture":"#0"}}},{"from":[6.61356,14.94832,7.025],"to":[8.11356,16.44832,8.975],"rotation":{"angle":-22.5,"axis":"z","origin":[10.86159,13.13792,8]},"faces":{"north":{"uv":[2,5,2.5,5.5],"texture":"#0"},"east":{"uv":[2.5,5,3,5.5],"texture":"#0"},"south":{"uv":[5,3,5.5,3.5],"texture":"#0"},"west":{"uv":[5,3.5,5.5,4],"texture":"#0"},"up":{"uv":[5.5,4.5,5,4],"texture":"#0"},"down":{"uv":[5.5,4.5,5,5],"texture":"#0"}}},{"from":[5.36356,13.69832,6.775],"to":[6.11356,17.69832,9.225],"rotation":{"angle":-22.5,"axis":"z","origin":[10.86159,13.13792,8]},"faces":{"north":{"uv":[3.5,5.25,3.75,6.25],"texture":"#0"},"east":{"uv":[1,3.25,1.5,4.25],"texture":"#0"},"south":{"uv":[3.75,5.25,4,6.25],"texture":"#0"},"west":{"uv":[3,3.5,3.5,4.5],"texture":"#0"},"up":{"uv":[1.75,7.75,1.5,7.25],"texture":"#0"},"down":{"uv":[7.5,1.5,7.25,2],"texture":"#0"}}},{"from":[5.36356,13.69832,6.775],"to":[9.36356,14.44832,9.225],"rotation":{"angle":-22.5,"axis":"z","origin":[10.86159,13.13792,8]},"faces":{"north":{"uv":[5.25,1.75,6.25,2],"texture":"#0"},"east":{"uv":[0.5,7.25,1,7.5],"texture":"#0"},"south":{"uv":[5.25,2,6.25,2.25],"texture":"#0"},"west":{"uv":[1,7.25,1.5,7.5],"texture":"#0"},"up":{"uv":[4.5,1,3.5,0.5],"texture":"#0"},"down":{"uv":[4.5,1,3.5,1.5],"texture":"#0"}}},{"from":[8.61356,13.69832,6.775],"to":[9.36356,17.69832,9.225],"rotation":{"angle":-22.5,"axis":"z","origin":[10.86159,13.13792,8]},"faces":{"north":{"uv":[1.5,0.5,1.75,1.5],"texture":"#0"},"east":{"uv":[0,3,0.5,4],"texture":"#0"},"south":{"uv":[1.5,2,1.75,3],"texture":"#0"},"west":{"uv":[0.5,3.25,1,4.25],"texture":"#0"},"up":{"uv":[0.25,7.75,0,7.25],"texture":"#0"},"down":{"uv":[0.5,7.25,0.25,7.75],"texture":"#0"}}},{"from":[5.36356,16.94832,6.775],"to":[9.36356,17.69832,9.225],"rotation":{"angle":-22.5,"axis":"z","origin":[10.86159,13.13792,8]},"faces":{"north":{"uv":[5,5,6,5.25],"texture":"#0"},"east":{"uv":[3,6,3.5,6.25],"texture":"#0"},"south":{"uv":[5.25,1.5,6.25,1.75],"texture":"#0"},"west":{"uv":[7,6,7.5,6.25],"texture":"#0"},"up":{"uv":[3.75,0.5,2.75,0],"texture":"#0"},"down":{"uv":[4,3,3,3.5],"texture":"#0"}}},{"from":[9.36356,4.30168,7.025],"to":[11.36356,6.30168,8.975],"rotation":{"angle":-22.5,"axis":"z","origin":[10.86159,6.86208,8]},"faces":{"north":{"uv":[5.75,4,6.25,4.5],"texture":"#0"},"east":{"uv":[5.75,4.5,6.25,5],"texture":"#0"},"south":{"uv":[5.5,5.75,6,6.25],"texture":"#0"},"west":{"uv":[0,6,0.5,6.5],"texture":"#0"},"up":{"uv":[6.5,0.5,6,0],"texture":"#0"},"down":{"uv":[1,6,0.5,6.5],"texture":"#0"}}},{"from":[5.36356,5.55168,6.775],"to":[9.36356,6.30168,9.225],"rotation":{"angle":22.5,"axis":"z","origin":[10.86159,6.86208,8]},"faces":{"north":{"uv":[5.5,5.25,6.5,5.5],"texture":"#0"},"east":{"uv":[0.75,7.5,1.25,7.75],"texture":"#0"},"south":{"uv":[5.5,5.5,6.5,5.75],"texture":"#0"},"west":{"uv":[7.5,1.5,8,1.75],"texture":"#0"},"up":{"uv":[5,3.5,4,3],"texture":"#0"},"down":{"uv":[5,3.5,4,4],"texture":"#0"}}},{"from":[8.61356,2.30168,6.775],"to":[9.36356,6.30168,9.225],"rotation":{"angle":22.5,"axis":"z","origin":[10.86159,6.86208,8]},"faces":{"north":{"uv":[5.5,4,5.75,5],"texture":"#0"},"east":{"uv":[2.5,3.75,3,4.75],"texture":"#0"},"south":{"uv":[4.5,5.5,4.75,6.5],"texture":"#0"},"west":{"uv":[0,4,0.5,5],"texture":"#0"},"up":{"uv":[7.5,7.75,7.25,7.25],"texture":"#0"},"down":{"uv":[0.75,7.5,0.5,8],"texture":"#0"}}},{"from":[6.61356,3.55168,7.025],"to":[8.11356,5.05168,8.975],"rotation":{"angle":22.5,"axis":"z","origin":[10.86159,6.86208,8]},"faces":{"north":{"uv":[2,5.5,2.5,6],"texture":"#0"},"east":{"uv":[2.5,5.5,3,6],"texture":"#0"},"south":{"uv":[3,5.5,3.5,6],"texture":"#0"},"west":{"uv":[5.5,3,6,3.5],"texture":"#0"},"up":{"uv":[6,4,5.5,3.5],"texture":"#0"},"down":{"uv":[4.5,5.5,4,6],"texture":"#0"}}},{"from":[5.36356,2.30168,6.775],"to":[6.11356,6.30168,9.225],"rotation":{"angle":22.5,"axis":"z","origin":[10.86159,6.86208,8]},"faces":{"north":{"uv":[1.5,5.5,1.75,6.5],"texture":"#0"},"east":{"uv":[2,3.75,2.5,4.75],"texture":"#0"},"south":{"uv":[1.75,5.5,2,6.5],"texture":"#0"},"west":{"uv":[3.75,2,4.25,3],"texture":"#0"},"up":{"uv":[7.5,7.25,7.25,6.75],"texture":"#0"},"down":{"uv":[7.25,7.25,7,7.75],"texture":"#0"}}},{"from":[5.36356,2.30168,6.775],"to":[9.36356,3.05168,9.225],"rotation":{"angle":22.5,"axis":"z","origin":[10.86159,6.86208,8]},"faces":{"north":{"uv":[5.5,1,6.5,1.25],"texture":"#0"},"east":{"uv":[5,7.25,5.5,7.5],"texture":"#0"},"south":{"uv":[5.5,1.25,6.5,1.5],"texture":"#0"},"west":{"uv":[7.25,6.5,7.75,6.75],"texture":"#0"},"up":{"uv":[4.75,0.5,3.75,0],"texture":"#0"},"down":{"uv":[4.75,1.5,3.75,2],"texture":"#0"}}},{"from":[5.33801,-1.49011,7.025],"to":[6.33801,0.50989,8.975],"rotation":{"angle":22.5,"axis":"z","origin":[5.83801,2.00989,8]},"faces":{"north":{"uv":[7.25,4,7.5,4.5],"texture":"#0"},"east":{"uv":[4.5,7.25,4.75,7.75],"texture":"#0"},"south":{"uv":[7.25,4.5,7.5,5],"texture":"#0"},"west":{"uv":[4.75,7.25,5,7.75],"texture":"#0"},"up":{"uv":[8.25,4.5,8,4.25],"texture":"#0"},"down":{"uv":[4.75,8,4.5,8.25],"texture":"#0"}}},{"from":[9.61356,-3.19832,7.275],"to":[11.61356,-1.19832,8.725],"rotation":{"angle":-22.5,"axis":"z","origin":[11.11159,7.61208,8]},"faces":{"north":{"uv":[0,5.5,0.5,6],"texture":"#0"},"east":{"uv":[3,7.25,3.25,7.75],"texture":"#0"},"south":{"uv":[5.5,0.5,6,1],"texture":"#0"},"west":{"uv":[3.25,7.25,3.5,7.75],"texture":"#0"},"up":{"uv":[4,7.5,3.5,7.25],"texture":"#0"},"down":{"uv":[4.5,7.25,4,7.5],"texture":"#0"}}},{"from":[-1.29085,-1.87122,7.55],"to":[3.70915,-0.37122,8.45],"rotation":{"angle":22.5,"axis":"z","origin":[13.01955,-1.36925,8]},"faces":{"north":{"uv":[1.5,0,2.75,0.5],"texture":"#0"},"east":{"uv":[1.75,7.25,2,7.75],"texture":"#0"},"south":{"uv":[0.5,1.5,1.75,2],"texture":"#0"},"west":{"uv":[7.25,2.5,7.5,3],"texture":"#0"},"up":{"uv":[4.75,4.75,3.5,4.5],"texture":"#0"},"down":{"uv":[6,0,4.75,0.25],"texture":"#0"}}},{"from":[12.41886,-8.93953,7.525],"to":[14.16886,-4.93953,8.475],"rotation":{"angle":-45,"axis":"z","origin":[13.66689,4.37087,8]},"faces":{"north":{"uv":[3.5,3.5,4,4.5],"texture":"#0"},"east":{"uv":[5,5.25,5.25,6.25],"texture":"#0"},"south":{"uv":[1.5,3.75,2,4.75],"texture":"#0"},"west":{"uv":[5.25,5.25,5.5,6.25],"texture":"#0"},"up":{"uv":[7.75,2.25,7.25,2],"texture":"#0"},"down":{"uv":[7.75,2.25,7.25,2.5],"texture":"#0"}}},{"from":[6.29719,-2.01096,7.3],"to":[7.29719,0.98904,8.7],"rotation":{"angle":-45,"axis":"z","origin":[6.64719,-2.01096,8]},"faces":{"north":{"uv":[4.75,5.5,5,6.25],"texture":"#0"},"east":{"uv":[2.5,7,2.75,7.75],"texture":"#0"},"south":{"uv":[2.75,7,3,7.75],"texture":"#0"},"west":{"uv":[5.5,7,5.75,7.75],"texture":"#0"},"up":{"uv":[4,8.25,3.75,8],"texture":"#0"},"down":{"uv":[8.25,4,8,4.25],"texture":"#0"}}},{"from":[3.86356,0.80168,7.025],"to":[7.36356,1.80168,8.975],"rotation":{"angle":22.5,"axis":"z","origin":[10.86159,6.86208,8]},"faces":{"north":{"uv":[5.25,2.25,6.25,2.5],"texture":"#0"},"east":{"uv":[2.75,4.75,3,5],"texture":"#0"},"south":{"uv":[5.25,2.5,6.25,2.75],"texture":"#0"},"west":{"uv":[4.75,4.5,5,4.75],"texture":"#0"},"up":{"uv":[6.25,3,5.25,2.75],"texture":"#0"},"down":{"uv":[5,5.25,4,5.5],"texture":"#0"}}},{"from":[-1.29085,20.37122,7.55],"to":[3.70915,21.87122,8.45],"rotation":{"angle":-22.5,"axis":"z","origin":[13.01955,21.36925,8]},"faces":{"north":{"uv":[2.25,0.5,3.5,1],"texture":"#0"},"east":{"uv":[8,3,8.25,3.5],"texture":"#0"},"south":{"uv":[2.25,1,3.5,1.5],"texture":"#0"},"west":{"uv":[3.5,8,3.75,8.5],"texture":"#0"},"up":{"uv":[6,0.5,4.75,0.25],"texture":"#0"},"down":{"uv":[2.75,4.75,1.5,5],"texture":"#0"}}},{"from":[-0.58444,25.93437,7.55],"to":[-0.00944,27.30937,8.45],"rotation":{"angle":0,"axis":"z","origin":[-1.25944,30.80937,8]},"faces":{"north":{"uv":[4.5,8.5,4.75,8.75],"texture":"#0"},"east":{"uv":[8.5,4.5,8.75,4.75],"texture":"#0"},"south":{"uv":[4.75,8.5,5,8.75],"texture":"#0"},"west":{"uv":[8.5,4.75,8.75,5],"texture":"#0"},"up":{"uv":[5.25,8.75,5,8.5],"texture":"#0"},"down":{"uv":[8.75,5,8.5,5.25],"texture":"#0"}}},{"from":[11.91886,23.43953,7.775],"to":[13.41886,28.43953,8.225],"rotation":{"angle":45,"axis":"z","origin":[12.91689,15.12913,8]},"faces":{"north":{"uv":[0.5,2,1,3.25],"texture":"#0"},"east":{"uv":[1,4.75,1.25,6],"texture":"#0"},"south":{"uv":[1,2,1.5,3.25],"texture":"#0"},"west":{"uv":[1.25,4.75,1.5,6],"texture":"#0"},"up":{"uv":[3.25,8.25,2.75,8],"texture":"#0"},"down":{"uv":[8.5,2.75,8,3],"texture":"#0"}}},{"from":[12.41886,24.93953,7.525],"to":[14.16886,28.93953,8.475],"rotation":{"angle":45,"axis":"z","origin":[13.66689,15.62913,8]},"faces":{"north":{"uv":[4.5,0.5,5,1.5],"texture":"#0"},"east":{"uv":[2,7,2.25,8],"texture":"#0"},"south":{"uv":[3,4.5,3.5,5.5],"texture":"#0"},"west":{"uv":[2.25,7,2.5,8],"texture":"#0"},"up":{"uv":[8.5,2,8,1.75],"texture":"#0"},"down":{"uv":[8.5,2.5,8,2.75],"texture":"#0"}}},{"from":[-0.54085,19.87122,7.8],"to":[2.95915,21.37122,8.2],"rotation":{"angle":-22.5,"axis":"z","origin":[12.26955,20.86925,8]},"faces":{"north":{"uv":[4.25,2,5.25,2.5],"texture":"#0"},"east":{"uv":[2,8,2.25,8.5],"texture":"#0"},"south":{"uv":[4.25,2.5,5.25,3],"texture":"#0"},"west":{"uv":[2.25,8,2.5,8.5],"texture":"#0"},"up":{"uv":[8,1,7,0.75],"texture":"#0"},"down":{"uv":[2,7,1,7.25],"texture":"#0"}}},{"from":[-2.03129,26.32473,7.8],"to":[-0.53129,27.57473,8.2],"rotation":{"angle":22.5,"axis":"z","origin":[2.71871,30.82473,8]},"faces":{"north":{"uv":[8,0.5,8.5,0.75],"texture":"#0"},"east":{"uv":[4.25,8.5,4.5,8.75],"texture":"#0"},"south":{"uv":[8,0.75,8.5,1],"texture":"#0"},"west":{"uv":[8.5,4.25,8.75,4.5],"texture":"#0"},"up":{"uv":[1.5,8.25,1,8],"texture":"#0"},"down":{"uv":[8.5,1.5,8,1.75],"texture":"#0"}}},{"from":[6.87496,22.7884,7.55],"to":[10.87496,23.5384,8.45],"rotation":{"angle":-22.5,"axis":"z","origin":[8.87496,23.1634,8]},"faces":{"north":{"uv":[0,7,1,7.25],"texture":"#0"},"east":{"uv":[4,8.5,4.25,8.75],"texture":"#0"},"south":{"uv":[7,0,8,0.25],"texture":"#0"},"west":{"uv":[8.5,4,8.75,4.25],"texture":"#0"},"up":{"uv":[8,0.5,7,0.25],"texture":"#0"},"down":{"uv":[8,0.5,7,0.75],"texture":"#0"}}},{"from":[5.17071,23.52522,7.55],"to":[7.17071,24.27522,8.45],"rotation":{"angle":0,"axis":"z","origin":[5.17071,23.90022,8]},"faces":{"north":{"uv":[7.75,7.75,8.25,8],"texture":"#0"},"east":{"uv":[3.75,8.5,4,8.75],"texture":"#0"},"south":{"uv":[8,0,8.5,0.25],"texture":"#0"},"west":{"uv":[8.5,3.75,8.75,4],"texture":"#0"},"up":{"uv":[8.5,0.5,8,0.25],"texture":"#0"},"down":{"uv":[1,8,0.5,8.25],"texture":"#0"}}},{"from":[6.57921,22.05158,7.575],"to":[10.57921,22.80158,8.425],"rotation":{"angle":0,"axis":"z","origin":[8.57921,22.42658,8]},"faces":{"north":{"uv":[4,6.75,5,7],"texture":"#0"},"east":{"uv":[3.5,8.5,3.75,8.75],"texture":"#0"},"south":{"uv":[5,6.75,6,7],"texture":"#0"},"west":{"uv":[8.5,3.5,8.75,3.75],"texture":"#0"},"up":{"uv":[7,7,6,6.75],"texture":"#0"},"down":{"uv":[7.75,6.25,6.75,6.5],"texture":"#0"}}},{"from":[6.29719,19.01096,7.3],"to":[7.29719,22.01096,8.7],"rotation":{"angle":45,"axis":"z","origin":[6.64719,22.01096,8]},"faces":{"north":{"uv":[6.25,7,6.5,7.75],"texture":"#0"},"east":{"uv":[6.5,7,6.75,7.75],"texture":"#0"},"south":{"uv":[7,6.5,7.25,7.25],"texture":"#0"},"west":{"uv":[6.75,7,7,7.75],"texture":"#0"},"up":{"uv":[3.5,8.75,3.25,8.5],"texture":"#0"},"down":{"uv":[8.75,3.25,8.5,3.5],"texture":"#0"}}},{"from":[9.61356,21.19832,7.275],"to":[11.61356,23.19832,8.725],"rotation":{"angle":22.5,"axis":"z","origin":[11.11159,12.38792,8]},"faces":{"north":{"uv":[3,6.75,3.5,7.25],"texture":"#0"},"east":{"uv":[6.75,7.75,7,8.25],"texture":"#0"},"south":{"uv":[3.5,6.75,4,7.25],"texture":"#0"},"west":{"uv":[7.75,6.75,8,7.25],"texture":"#0"},"up":{"uv":[7.5,8,7,7.75],"texture":"#0"},"down":{"uv":[8.25,7.5,7.75,7.75],"texture":"#0"}}},{"from":[5.33801,19.49011,7.025],"to":[6.33801,21.49011,8.975],"rotation":{"angle":-22.5,"axis":"z","origin":[5.83801,17.99011,8]},"faces":{"north":{"uv":[6,7.75,6.25,8.25],"texture":"#0"},"east":{"uv":[6.25,7.75,6.5,8.25],"texture":"#0"},"south":{"uv":[7.75,6.25,8,6.75],"texture":"#0"},"west":{"uv":[6.5,7.75,6.75,8.25],"texture":"#0"},"up":{"uv":[3.25,8.75,3,8.5],"texture":"#0"},"down":{"uv":[8.75,3,8.5,3.25],"texture":"#0"}}},{"from":[3.86356,18.19832,7.025],"to":[7.36356,19.19832,8.975],"rotation":{"angle":-22.5,"axis":"z","origin":[10.86159,13.13792,8]},"faces":{"north":{"uv":[5,6.5,6,6.75],"texture":"#0"},"east":{"uv":[2.75,8.5,3,8.75],"texture":"#0"},"south":{"uv":[6.5,5.25,7.5,5.5],"texture":"#0"},"west":{"uv":[8.5,2.75,8.75,3],"texture":"#0"},"up":{"uv":[7.5,5.75,6.5,5.5],"texture":"#0"},"down":{"uv":[7,6.5,6,6.75],"texture":"#0"}}},{"from":[8.83463,6.15224,6.75],"to":[11.33463,7.15224,9.25],"rotation":{"angle":0,"axis":"y","origin":[4.50258,10.58358,8]},"faces":{"north":{"uv":[7,3.5,7.75,3.75],"texture":"#0"},"east":{"uv":[7,3.75,7.75,4],"texture":"#0"},"south":{"uv":[4,7,4.75,7.25],"texture":"#0"},"west":{"uv":[4.75,7,5.5,7.25],"texture":"#0"},"up":{"uv":[2.25,3.75,1.5,3],"texture":"#0"},"down":{"uv":[3.75,1.5,3,2.25],"texture":"#0"}}}],"gui_light":"front","display":{"thirdperson_righthand":{"rotation":[0,90,0],"translation":[0,-4,2]},"thirdperson_lefthand":{"rotation":[0,-90,0],"translation":[0,-4,3.5],"scale":[1,1,-1]},"firstperson_righthand":{"rotation":[0,90,0],"translation":[0.25,5,0],"scale":[0.56641,0.56641,0.56641]},"firstperson_lefthand":{"rotation":[0,-90,0],"translation":[0.25,5,0],"scale":[0.56641,0.56641,0.56641]},"ground":{"rotation":[45.41,24.06,53.95],"translation":[-1,0,0],"scale":[0.6875,0.6875,0.6875]},"gui":{"rotation":[0,0,45],"translation":[2.75,1,0],"scale":[0.50898,0.50898,0.50898]},"fixed":{"translation":[2,-3.75,-1.5],"scale":[1.38672,1.38672,1.38672]}}}