{
	"credit": "Made with Blockbench",
	"parent": "santa_hat",
	"texture_size": [64, 64],
	"textures": {
		"0": "christmas_armors:santa_hat",
		"particle": "christmas_armors:santa_hat"
	},
	"elements": [
		{
			"from": [2.5, 0, 2.5],
			"to": [13.5, 2, 13.5],
			"rotation": {"angle": 0, "axis": "y", "origin": [6.6, 2.1, 6.1]},
			"faces": {
				"north": {"uv": [0, 6.75, 2.75, 7.25], "texture": "#0"},
				"east": {"uv": [0, 7.25, 2.75, 7.75], "texture": "#0"},
				"south": {"uv": [7.25, 1.25, 10, 1.75], "texture": "#0"},
				"west": {"uv": [7.25, 1.75, 10, 2.25], "texture": "#0"},
				"up": {"uv": [2.75, 2.75, 0, 0], "texture": "#0"},
				"down": {"uv": [2.75, 2.75, 0, 5.5], "texture": "#0"}
			}
		},
		{
			"from": [2.9, 0.72, 3.57866],
			"to": [13.1, 5.92, 12.77866],
			"rotation": {"angle": 22.5, "axis": "x", "origin": [6.48, 3.4, 6.25866]},
			"faces": {
				"north": {"uv": [2.75, 4.5, 5.25, 5.75], "texture": "#0"},
				"east": {"uv": [5.25, 4.25, 7.5, 5.5], "texture": "#0"},
				"south": {"uv": [5.25, 0, 7.75, 1.25], "texture": "#0"},
				"west": {"uv": [0, 5.5, 2.25, 6.75], "texture": "#0"},
				"up": {"uv": [5.25, 2.25, 2.75, 0], "texture": "#0"},
				"down": {"uv": [5.25, 2.25, 2.75, 4.5], "texture": "#0"}
			}
		},
		{
			"from": [4, 3.44622, 6.24135],
			"to": [12, 7.44622, 13.24135],
			"rotation": {"angle": 45, "axis": "x", "origin": [6, 5.44622, 9.34135]},
			"faces": {
				"north": {"uv": [5.25, 5.5, 7.25, 6.5], "texture": "#0"},
				"east": {"uv": [4.25, 6.5, 5.75, 7.5], "texture": "#0"},
				"south": {"uv": [2.25, 5.75, 4.25, 6.75], "texture": "#0"},
				"west": {"uv": [5.75, 6.5, 7.25, 7.5], "texture": "#0"},
				"up": {"uv": [7.25, 2.75, 5.25, 1.25], "texture": "#0"},
				"down": {"uv": [7.25, 2.75, 5.25, 4.25], "texture": "#0"}
			}
		},
		{
			"from": [6, 3.34622, 10.64135],
			"to": [10, 7.34622, 14.64135],
			"rotation": {"angle": -22.5, "axis": "x", "origin": [8, 5.44622, 9.34135]},
			"faces": {
				"north": {"uv": [1, 8.25, 0, 9.25], "rotation": 180, "texture": "#0"},
				"east": {"uv": [0, 9.25, 1, 10.25], "rotation": 270, "texture": "#0"},
				"south": {"uv": [3, 10.25, 2, 9.25], "texture": "#0"},
				"west": {"uv": [2, 8.25, 3, 9.25], "rotation": 90, "texture": "#0"},
				"up": {"uv": [1, 9.25, 2, 10.25], "rotation": 90, "texture": "#0"},
				"down": {"uv": [1, 8.25, 2, 9.25], "texture": "#0"}
			}
		},
		{
			"from": [5.9, 3.44622, 13.2],
			"to": [10.1, 7.64622, 17.4],
			"rotation": {"angle": 22.5, "axis": "x", "origin": [8, 3.64622, 15.6]},
			"faces": {
				"north": {"uv": [2.75, 6.75, 3.75, 7.75], "texture": "#0"},
				"east": {"uv": [7.25, 2.25, 8.25, 3.25], "texture": "#0"},
				"south": {"uv": [7.25, 3.25, 8.25, 4.25], "texture": "#0"},
				"west": {"uv": [7.25, 5.5, 8.25, 6.5], "texture": "#0"},
				"up": {"uv": [8.25, 7.5, 7.25, 6.5], "texture": "#0"},
				"down": {"uv": [4.75, 7.5, 3.75, 8.5], "texture": "#0"}
			}
		}
	],
	"gui_light": "front",
	"display": {
		"thirdperson_righthand": {
			"translation": [0, 1.5, -3],
			"scale": [0.75, 0.75, 0.75]
		},
		"thirdperson_lefthand": {
			"translation": [0, 1.5, -3],
			"scale": [0.75, 0.75, 0.75]
		},
		"firstperson_righthand": {
			"translation": [0, 4.75, -3.75],
			"scale": [0.75, 0.75, 0.75]
		},
		"firstperson_lefthand": {
			"translation": [0, 4.75, -3.75],
			"scale": [0.75, 0.75, 0.75]
		},
		"ground": {
			"translation": [0, 7.75, 0]
		},
		"gui": {
			"rotation": [0, 122, 0],
			"translation": [-1, 2, 0],
			"scale": [0.9, 0.9, 0.9]
		},
		"head": {
			"rotation": [14, 0, 0],
			"translation": [0, 14, 3],
			"scale": [1.5, 1.5, 1.5]
		},
		"fixed": {
			"translation": [0, 3.5, 0]
		}
	},
	"groups": [
		{
			"name": "hat",
			"origin": [7.5, 0, 8],
			"color": 0,
			"nbt": "{}",
			"children": [0, 1, 2, 3, 4]
		}
	]
}