{"credit":"Made with Blockbench","texture_size":[32,32],"textures":{"0":"elitecreatures:christmas_assortment/christmas_battle_axe","particle":"elitecreatures:christmas_assortment/christmas_battle_axe"},"elements":[{"from":[6.18562,-3.9293,6.16794],"to":[10.18562,-1.9293,10.16794],"rotation":{"angle":-45,"axis":"y","origin":[8,7.17666,8]},"faces":{"north":{"uv":[10.5,1.5,12.5,2.5],"texture":"#0"},"east":{"uv":[10.5,1.5,12.5,2.5],"texture":"#0"},"south":{"uv":[10.5,1.5,12.5,2.5],"texture":"#0"},"west":{"uv":[10.5,1.5,12.5,2.5],"texture":"#0"},"up":{"uv":[10.5,4.5,8.5,2.5],"rotation":90,"texture":"#0"},"down":{"uv":[10.5,4.5,8.5,6.5],"rotation":270,"texture":"#0"}}},{"from":[6.18562,8.0707,6.16794],"to":[10.18562,10.0707,10.16794],"rotation":{"angle":-45,"axis":"y","origin":[8,7.17666,8]},"faces":{"north":{"uv":[10.5,6.5,12.5,7.5],"texture":"#0"},"east":{"uv":[10.5,6.5,12.5,7.5],"texture":"#0"},"south":{"uv":[10.5,6.5,12.5,7.5],"texture":"#0"},"west":{"uv":[10.5,6.5,12.5,7.5],"texture":"#0"},"up":{"uv":[10.5,10.5,8.5,8.5],"rotation":90,"texture":"#0"},"down":{"uv":[6,9,4,11],"rotation":270,"texture":"#0"}}},{"from":[7.0125,-3.91388,-2.73699],"to":[9.0125,0.08612,1.26301],"rotation":{"angle":-45,"axis":"x","origin":[8,7.17666,8]},"faces":{"north":{"uv":[10.5,2.5,11.5,4.5],"texture":"#0"},"east":{"uv":[8.5,6.5,10.5,8.5],"texture":"#0"},"south":{"uv":[3,9.5,4,11.5],"texture":"#0"},"west":{"uv":[10.5,6.5,8.5,8.5],"texture":"#0"},"up":{"uv":[12.5,5.5,10.5,4.5],"rotation":90,"texture":"#0"},"down":{"uv":[12.5,5.5,10.5,6.5],"rotation":270,"texture":"#0"}}},{"from":[9.0125,-0.91388,0.26301],"to":[7.0125,-2.91388,-1.73699],"rotation":{"angle":-45,"axis":"x","origin":[8,7.17666,8]},"faces":{"north":{"uv":[3,11,4,10],"texture":"#0"},"south":{"uv":[10.5,4,11.5,3],"texture":"#0"},"up":{"uv":[11,5.5,12,6.5],"rotation":90,"texture":"#0"},"down":{"uv":[11,5.5,12,4.5],"rotation":270,"texture":"#0"}}},{"from":[7.9625,-10.9293,11.08135],"to":[8.0125,-3.9293,14.08135],"rotation":{"angle":22.5,"axis":"x","origin":[8,7.17666,8]},"faces":{"east":{"uv":[7,7.5,8.5,11],"texture":"#0"},"west":{"uv":[7,7.5,8.5,11],"texture":"#0"}}},{"from":[7.9625,-10.9293,2.38059],"to":[8.0125,-3.9293,5.38059],"rotation":{"angle":-22.5,"axis":"x","origin":[8,7.17666,8]},"faces":{"east":{"uv":[8.5,7.5,7,11],"texture":"#0"},"west":{"uv":[8.5,7.5,7,11],"texture":"#0"}}},{"from":[7.18562,-1.9293,7.16794],"to":[9.18562,13.0707,9.16794],"rotation":{"angle":-45,"axis":"y","origin":[8,7.17666,8]},"faces":{"north":{"uv":[7,7.5,6,15],"texture":"#0"},"east":{"uv":[6,7.5,7,15],"texture":"#0"},"south":{"uv":[7,7.5,6,15],"texture":"#0"},"west":{"uv":[6,7.5,7,15],"texture":"#0"}}},{"from":[5.68562,13.0707,5.66794],"to":[10.68562,18.0707,10.66794],"rotation":{"angle":-45,"axis":"y","origin":[8,7.17666,8]},"faces":{"north":{"uv":[6,0,8.5,2.5],"texture":"#0"},"east":{"uv":[8.5,0,6,2.5],"texture":"#0"},"south":{"uv":[6,0,8.5,2.5],"texture":"#0"},"west":{"uv":[8.5,0,6,2.5],"texture":"#0"},"up":{"uv":[8.5,5,6,2.5],"rotation":90,"texture":"#0"},"down":{"uv":[8.5,5,6,7.5],"rotation":270,"texture":"#0"}}},{"from":[6.68562,18.0707,6.66794],"to":[9.68562,20.0707,9.66794],"rotation":{"angle":-45,"axis":"y","origin":[8,7.17666,8]},"faces":{"north":{"uv":[12,8.5,10.5,9.5],"texture":"#0"},"east":{"uv":[10.5,8.5,12,9.5],"texture":"#0"},"south":{"uv":[12,8.5,10.5,9.5],"texture":"#0"},"west":{"uv":[10.5,8.5,12,9.5],"texture":"#0"},"up":{"uv":[12,1.5,10.5,0],"rotation":90,"texture":"#0"}}},{"from":[7.9625,20.0707,4.75],"to":[8.0125,28.0707,11.75],"rotation":{"angle":0,"axis":"y","origin":[8,7.17666,8]},"faces":{"east":{"uv":[0,5.5,3.5,9.5],"texture":"#0"},"west":{"uv":[0,5.5,3.5,9.5],"texture":"#0"}}},{"from":[8.05722,10.0707,2.22619],"to":[8.10722,21.0707,14.22619],"rotation":{"angle":-22.5,"axis":"y","origin":[8,7.17666,8]},"faces":{"east":{"uv":[0,0,6,5.5],"texture":"#0"},"west":{"uv":[0,0,6,5.5],"texture":"#0"}}},{"from":[7.86588,10.0707,2.23575],"to":[7.91588,21.0707,14.23575],"rotation":{"angle":22.5,"axis":"y","origin":[8,7.17666,8]},"faces":{"east":{"uv":[0,0,6,5.5],"texture":"#0"},"west":{"uv":[0,0,6,5.5],"texture":"#0"}}},{"from":[7.0125,14.0707,3.75],"to":[9.0125,17.0707,5.75],"rotation":{"angle":0,"axis":"y","origin":[8,7.17666,8]},"faces":{"east":{"uv":[10.5,9.5,11.5,11],"texture":"#0"},"west":{"uv":[11.5,9.5,10.5,11],"texture":"#0"},"up":{"uv":[5,12,4,11],"rotation":90,"texture":"#0"},"down":{"uv":[6,11,5,12],"rotation":270,"texture":"#0"}}},{"from":[7.9925,12.0707,-2.25],"to":[8.0125,19.0707,-0.25],"rotation":{"angle":0,"axis":"y","origin":[8,7.17666,8]},"faces":{"east":{"uv":[2,9.5,3,13],"texture":"#0"},"west":{"uv":[3,9.5,2,13],"texture":"#0"}}},{"from":[7.9925,11.0707,15.75],"to":[8.0125,18.0707,18.75],"rotation":{"angle":0,"axis":"y","origin":[8,7.17666,8]},"faces":{"east":{"uv":[16,0,14.5,3.5],"texture":"#0"},"west":{"uv":[14.5,0,16,3.5],"texture":"#0"}}},{"from":[7.9725,12.53156,8.8479],"to":[8.0325,17.53156,12.8479],"rotation":{"angle":45,"axis":"x","origin":[8,7.17666,8]},"faces":{"east":{"uv":[10.5,0,8.5,2.5],"texture":"#0"},"west":{"uv":[8.5,0,10.5,2.5],"texture":"#0"}}},{"from":[7.9725,7.27851,19.30464],"to":[8.0325,12.27851,23.30464],"rotation":{"angle":-45,"axis":"x","origin":[8,7.17666,8]},"faces":{"east":{"uv":[14.5,2.5,12.5,0],"texture":"#0"},"west":{"uv":[12.5,2.5,14.5,0],"texture":"#0"}}},{"from":[7.0125,14.0707,10.75],"to":[9.0125,17.0707,12.75],"rotation":{"angle":0,"axis":"y","origin":[8,7.17666,8]},"faces":{"east":{"uv":[11.5,9.5,10.5,11],"texture":"#0"},"west":{"uv":[10.5,9.5,11.5,11],"texture":"#0"},"up":{"uv":[4,12,5,11],"rotation":90,"texture":"#0"},"down":{"uv":[5,11,6,12],"rotation":270,"texture":"#0"}}},{"from":[7.0125,12.0707,12.75],"to":[9.0125,17.0707,16.75],"rotation":{"angle":0,"axis":"y","origin":[8,7.17666,8]},"faces":{"north":{"uv":[1,9.5,0,12],"texture":"#0"},"east":{"uv":[6,5.5,4,8],"texture":"#0"},"south":{"uv":[2,9.5,1,12],"texture":"#0"},"west":{"uv":[4,5.5,6,8],"texture":"#0"},"up":{"uv":[10.5,8.5,12.5,7.5],"rotation":90,"texture":"#0"},"down":{"uv":[8.5,10.5,10.5,11.5],"rotation":270,"texture":"#0"}}},{"from":[7.9725,7.63206,-6.95109],"to":[8.0325,12.63206,-2.95109],"rotation":{"angle":45,"axis":"x","origin":[8,7.17666,8]},"faces":{"east":{"uv":[12.5,2.5,14.5,0],"texture":"#0"},"west":{"uv":[14.5,2.5,12.5,0],"texture":"#0"}}},{"from":[7.9925,11.0707,-2.25],"to":[8.0125,18.0707,0.75],"rotation":{"angle":0,"axis":"y","origin":[8,7.17666,8]},"faces":{"east":{"uv":[14.5,0,16,3.5],"texture":"#0"},"west":{"uv":[16,0,14.5,3.5],"texture":"#0"}}},{"from":[7.9725,12.178,3.50565],"to":[8.0325,17.178,7.50565],"rotation":{"angle":-45,"axis":"x","origin":[8,7.17666,8]},"faces":{"east":{"uv":[8.5,0,10.5,2.5],"texture":"#0"},"west":{"uv":[10.5,0,8.5,2.5],"texture":"#0"}}},{"from":[7.0125,12.0707,-0.25],"to":[9.0125,17.0707,3.75],"rotation":{"angle":0,"axis":"y","origin":[8,7.17666,8]},"faces":{"north":{"uv":[1,9.5,2,12],"texture":"#0"},"east":{"uv":[4,5.5,6,8],"texture":"#0"},"south":{"uv":[0,9.5,1,12],"texture":"#0"},"west":{"uv":[6,5.5,4,8],"texture":"#0"},"up":{"uv":[12.5,8.5,10.5,7.5],"rotation":90,"texture":"#0"},"down":{"uv":[10.5,10.5,8.5,11.5],"rotation":270,"texture":"#0"}}}],"gui_light":"front","display":{"thirdperson_righthand":{"translation":[0,1,1.75],"scale":[0.75,0.75,0.75]},"thirdperson_lefthand":{"translation":[0,1,1.75],"scale":[0.75,0.75,0.75]},"firstperson_righthand":{"rotation":[-3,20,10],"translation":[3.5,1.25,-4.5],"scale":[0.65625,0.65625,0.65625]},"firstperson_lefthand":{"rotation":[-3,20,10],"translation":[3.5,1.25,-4.5],"scale":[0.65625,0.65625,0.65625]},"ground":{"rotation":[94,85,0],"translation":[0,0,-1.75],"scale":[0.5,0.5,0.5]},"gui":{"rotation":[-90,50,90],"translation":[-0.25,0,0],"scale":[0.46617,0.46617,0.46617]},"head":{"rotation":[90,-171,90],"translation":[-2.25,9.25,0.25],"scale":[0.7,0.7,0.7]},"fixed":{"rotation":[0,90,0],"translation":[-0.5,-4,-1.25],"scale":[1.42109,1.42109,1.42109]}}}