{
	"credit": "Made with Blockbench",
	"texture_size": [32, 32],
	"textures": {
		"0": "elitecreatures:christmas_assortment/christmas_bow",
		"particle": "elitecreatures:christmas_assortment/christmas_bow"
	},
	"elements": [
		{
			"from": [8, -6, 18.95],
			"to": [8.05, 8, 19.95],
			"rotation": {"angle": 22.5, "axis": "x", "origin": [8, 8, 19.95]},
			"faces": {
				"east": {"uv": [4.5, 6, 5, 13], "texture": "#0"},
				"west": {"uv": [4.5, 6, 5, 13], "texture": "#0"}
			}
		},
		{
			"from": [8, 8, 18.95],
			"to": [8.05, 22, 19.95],
			"rotation": {"angle": -22.5, "axis": "x", "origin": [8, 8, 19.95]},
			"faces": {
				"east": {"uv": [4.5, 13, 5, 6], "texture": "#0"},
				"west": {"uv": [4.5, 13, 5, 6], "texture": "#0"}
			}
		},
		{
			"from": [6.98, 16.64264, 4],
			"to": [9.02, 18.64264, 9],
			"rotation": {"angle": -22.5, "axis": "x", "origin": [6.98, 18.64264, 4]},
			"faces": {
				"east": {"uv": [7, 8, 9.5, 9], "texture": "#0"},
				"west": {"uv": [9.5, 8, 7, 9], "texture": "#0"},
				"up": {"uv": [4.5, 7, 3.5, 4.5], "texture": "#0"},
				"down": {"uv": [1, 9, 0, 11.5], "texture": "#0"}
			}
		},
		{
			"from": [5.98, 15.64264, 9],
			"to": [10.02, 19.64264, 11],
			"rotation": {"angle": -22.5, "axis": "x", "origin": [6.98, 18.64264, 4]},
			"faces": {
				"north": {"uv": [5, 3, 7, 5], "texture": "#0"},
				"east": {"uv": [2, 9, 3, 11], "texture": "#0"},
				"south": {"uv": [5, 5, 7, 7], "texture": "#0"},
				"west": {"uv": [3, 9, 2, 11], "texture": "#0"},
				"up": {"uv": [11, 3.5, 9, 2.5], "texture": "#0"},
				"down": {"uv": [11, 3.5, 9, 4.5], "texture": "#0"}
			}
		},
		{
			"from": [6.98, 21.9566, 8.72817],
			"to": [8.98, 25.9566, 12.72817],
			"rotation": {"angle": 22.5, "axis": "x", "origin": [6.98, 18.64264, 4]},
			"faces": {
				"north": {"uv": [3, 9, 4, 11], "texture": "#0"},
				"east": {"uv": [6.5, 0, 8.5, 2], "texture": "#0"},
				"south": {"uv": [9, 4.5, 10, 6.5], "texture": "#0"},
				"west": {"uv": [8.5, 0, 6.5, 2], "texture": "#0"},
				"up": {"uv": [6, 11, 5, 9], "texture": "#0"},
				"down": {"uv": [7, 9, 6, 11], "texture": "#0"}
			}
		},
		{
			"from": [8.98, 24.9566, 11.72817],
			"to": [6.98, 22.9566, 9.72817],
			"rotation": {"angle": 22.5, "axis": "x", "origin": [6.98, 18.64264, 4]},
			"faces": {
				"north": {"uv": [9, 6, 10, 5], "texture": "#0"},
				"south": {"uv": [3, 10.5, 4, 9.5], "texture": "#0"},
				"up": {"uv": [6, 9.5, 7, 10.5], "texture": "#0"},
				"down": {"uv": [5, 10.5, 6, 9.5], "texture": "#0"}
			}
		},
		{
			"from": [9, 13.7, 11.1],
			"to": [9.05, 19.7, 14.1],
			"rotation": {"angle": 22.5, "axis": "z", "origin": [9, 19.7, 11.6]},
			"faces": {
				"east": {"uv": [5, 0, 6.5, 3], "texture": "#0"},
				"west": {"uv": [5, 0, 6.5, 3], "texture": "#0"}
			}
		},
		{
			"from": [6.95, 13.7, 11.1],
			"to": [7, 19.7, 14.1],
			"rotation": {"angle": -22.5, "axis": "z", "origin": [7, 19.7, 11.6]},
			"faces": {
				"east": {"uv": [6.5, 0, 5, 3], "texture": "#0"},
				"west": {"uv": [6.5, 0, 5, 3], "texture": "#0"}
			}
		},
		{
			"from": [9, -9.1, 11.2],
			"to": [9.05, -3.1, 14.2],
			"rotation": {"angle": 22.5, "axis": "z", "origin": [9, -3.1, 11.7]},
			"faces": {
				"east": {"uv": [5, 0, 6.5, 3], "texture": "#0"},
				"west": {"uv": [5, 0, 6.5, 3], "texture": "#0"}
			}
		},
		{
			"from": [6.95, -9.1, 11.2],
			"to": [7, -3.1, 14.2],
			"rotation": {"angle": -22.5, "axis": "z", "origin": [7, -3.1, 11.7]},
			"faces": {
				"east": {"uv": [6.5, 0, 5, 3], "texture": "#0"},
				"west": {"uv": [6.5, 0, 5, 3], "texture": "#0"}
			}
		},
		{
			"from": [7, 5.5, 4.15],
			"to": [9, 10.5, 6.15],
			"rotation": {"angle": 45, "axis": "y", "origin": [8, 8, 5.15]},
			"faces": {
				"north": {"uv": [10, 0, 9, 2.5], "texture": "#0"},
				"east": {"uv": [9, 0, 10, 2.5], "texture": "#0"},
				"south": {"uv": [1, 9, 2, 11.5], "texture": "#0"},
				"west": {"uv": [9, 0, 10, 2.5], "texture": "#0"}
			}
		},
		{
			"from": [7, 12.5, 4.15],
			"to": [9, 16.5, 6.15],
			"rotation": {"angle": -22.5, "axis": "x", "origin": [8, 12.5, 6.15]},
			"faces": {
				"north": {"uv": [7, 9, 8, 11], "texture": "#0"},
				"east": {"uv": [8, 9, 9, 11], "texture": "#0"},
				"south": {"uv": [9, 9, 10, 11], "texture": "#0"},
				"west": {"uv": [9, 9, 8, 11], "texture": "#0"}
			}
		},
		{
			"from": [6.5, 14.9, 2.3],
			"to": [10.5, 18.9, 6.3],
			"rotation": {"angle": 45, "axis": "y", "origin": [8, 15.4, 4.8]},
			"faces": {
				"north": {"uv": [2, 7, 0, 9], "texture": "#0"},
				"east": {"uv": [0, 7, 2, 9], "texture": "#0"},
				"south": {"uv": [2, 7, 4, 9], "texture": "#0"},
				"west": {"uv": [0, 7, 2, 9], "texture": "#0"},
				"up": {"uv": [9, 4, 7, 2], "texture": "#0"},
				"down": {"uv": [9, 4, 7, 6], "texture": "#0"}
			}
		},
		{
			"from": [6, 10.5, 3.1],
			"to": [10, 12.5, 7.1],
			"rotation": {"angle": 45, "axis": "y", "origin": [8, 15, 5.1]},
			"faces": {
				"north": {"uv": [9, 6.5, 11, 7.5], "texture": "#0"},
				"east": {"uv": [9, 6.5, 11, 7.5], "texture": "#0"},
				"south": {"uv": [9, 6.5, 11, 7.5], "texture": "#0"},
				"west": {"uv": [9, 6.5, 11, 7.5], "texture": "#0"},
				"up": {"uv": [7, 9, 5, 7], "texture": "#0"},
				"down": {"uv": [9, 6, 7, 8], "texture": "#0"}
			}
		},
		{
			"from": [7.999, 14.4, -5.73553],
			"to": [8.049, 19.4, 1.26447],
			"rotation": {"angle": 0, "axis": "y", "origin": [-0.001, -0.1, 1.26447]},
			"faces": {
				"east": {"uv": [0, 4.5, 3.5, 7], "texture": "#0"},
				"west": {"uv": [3.5, 4.5, 0, 7], "texture": "#0"}
			}
		},
		{
			"from": [7.999, 12.4, -0.73553],
			"to": [8.049, 21.4, 8.26447],
			"rotation": {"angle": -22.5, "axis": "y", "origin": [7.999, 16.9, 3.76447]},
			"faces": {
				"east": {"uv": [0, 0, 4.5, 4.5], "texture": "#0"},
				"west": {"uv": [4.5, 0, 0, 4.5], "texture": "#0"}
			}
		},
		{
			"from": [7.999, 12.4, -0.73553],
			"to": [8.049, 21.4, 8.26447],
			"rotation": {"angle": 22.5, "axis": "y", "origin": [7.999, 16.9, 3.76447]},
			"faces": {
				"east": {"uv": [0, 0, 4.5, 4.5], "texture": "#0"},
				"west": {"uv": [4.5, 0, 0, 4.5], "texture": "#0"}
			}
		},
		{
			"from": [6, 3.5, 3.1],
			"to": [10, 5.5, 7.1],
			"rotation": {"angle": 45, "axis": "y", "origin": [8, 1, 5.1]},
			"faces": {
				"north": {"uv": [9, 6.5, 11, 7.5], "texture": "#0"},
				"east": {"uv": [9, 6.5, 11, 7.5], "texture": "#0"},
				"south": {"uv": [9, 6.5, 11, 7.5], "texture": "#0"},
				"west": {"uv": [9, 6.5, 11, 7.5], "texture": "#0"},
				"up": {"uv": [7, 9, 5, 7], "texture": "#0"},
				"down": {"uv": [7, 3, 5, 5], "texture": "#0"}
			}
		},
		{
			"from": [7, -0.5, 4.15],
			"to": [9, 3.5, 6.15],
			"rotation": {"angle": 22.5, "axis": "x", "origin": [8, 3.5, 6.15]},
			"faces": {
				"north": {"uv": [7, 11, 8, 9], "texture": "#0"},
				"east": {"uv": [8, 11, 9, 9], "texture": "#0"},
				"south": {"uv": [9, 11, 10, 9], "texture": "#0"},
				"west": {"uv": [9, 11, 8, 9], "texture": "#0"}
			}
		},
		{
			"from": [6.5, -2.9, 2.3],
			"to": [10.5, 1.1, 6.3],
			"rotation": {"angle": 45, "axis": "y", "origin": [8, 0.6, 4.8]},
			"faces": {
				"north": {"uv": [2, 7, 0, 9], "texture": "#0"},
				"east": {"uv": [0, 7, 2, 9], "texture": "#0"},
				"south": {"uv": [2, 7, 4, 9], "texture": "#0"},
				"west": {"uv": [0, 7, 2, 9], "texture": "#0"},
				"up": {"uv": [9, 4, 7, 2], "texture": "#0"},
				"down": {"uv": [9, 4, 7, 6], "texture": "#0"}
			}
		},
		{
			"from": [7.999, -3.4, -5.73553],
			"to": [8.049, 1.6, 1.26447],
			"rotation": {"angle": 0, "axis": "y", "origin": [-0.001, 16.1, 1.26447]},
			"faces": {
				"east": {"uv": [0, 4.5, 3.5, 7], "texture": "#0"},
				"west": {"uv": [3.5, 4.5, 0, 7], "texture": "#0"}
			}
		},
		{
			"from": [7.999, -5.4, -0.73553],
			"to": [8.049, 3.6, 8.26447],
			"rotation": {"angle": 22.5, "axis": "y", "origin": [7.999, -0.9, 3.76447]},
			"faces": {
				"east": {"uv": [0, 4.5, 4.5, 0], "texture": "#0"},
				"west": {"uv": [4.5, 4.5, 0, 0], "texture": "#0"}
			}
		},
		{
			"from": [7.999, -5.4, -0.73553],
			"to": [8.049, 3.6, 8.26447],
			"rotation": {"angle": -22.5, "axis": "y", "origin": [7.999, -0.9, 3.76447]},
			"faces": {
				"east": {"uv": [0, 4.5, 4.5, 0], "texture": "#0"},
				"west": {"uv": [4.5, 4.5, 0, 0], "texture": "#0"}
			}
		},
		{
			"from": [6.98, -2.64264, 4],
			"to": [9.02, -0.64264, 9],
			"rotation": {"angle": 22.5, "axis": "x", "origin": [6.98, -2.64264, 4]},
			"faces": {
				"east": {"uv": [7, 9, 9.5, 8], "texture": "#0"},
				"west": {"uv": [9.5, 9, 7, 8], "texture": "#0"},
				"up": {"uv": [1, 11.5, 0, 9], "texture": "#0"},
				"down": {"uv": [4.5, 4.5, 3.5, 7], "texture": "#0"}
			}
		},
		{
			"from": [5.98, -3.64264, 9],
			"to": [10.02, 0.35736, 11],
			"rotation": {"angle": 22.5, "axis": "x", "origin": [6.98, -2.64264, 4]},
			"faces": {
				"north": {"uv": [5, 7, 7, 5], "texture": "#0"},
				"east": {"uv": [3, 11, 2, 9], "texture": "#0"},
				"south": {"uv": [5, 5, 7, 3], "texture": "#0"},
				"west": {"uv": [2, 11, 3, 9], "texture": "#0"},
				"up": {"uv": [11, 3.5, 9, 4.5], "texture": "#0"},
				"down": {"uv": [11, 3.5, 9, 2.5], "texture": "#0"}
			}
		},
		{
			"from": [6.98, -9.9566, 8.72817],
			"to": [8.98, -5.9566, 12.72817],
			"rotation": {"angle": -22.5, "axis": "x", "origin": [6.98, -2.64264, 4]},
			"faces": {
				"north": {"uv": [3, 11, 4, 9], "texture": "#0"},
				"east": {"uv": [6.5, 2, 8.5, 0], "texture": "#0"},
				"south": {"uv": [9, 6.5, 10, 4.5], "texture": "#0"},
				"west": {"uv": [8.5, 2, 6.5, 0], "texture": "#0"},
				"up": {"uv": [7, 11, 6, 9], "texture": "#0"},
				"down": {"uv": [6, 9, 5, 11], "texture": "#0"}
			}
		},
		{
			"from": [8.98, -6.9566, 11.72817],
			"to": [6.98, -8.9566, 9.72817],
			"rotation": {"angle": -22.5, "axis": "x", "origin": [6.98, -2.64264, 4]},
			"faces": {
				"north": {"uv": [9, 5, 10, 6], "texture": "#0"},
				"south": {"uv": [3, 9.5, 4, 10.5], "texture": "#0"},
				"up": {"uv": [5, 9.5, 6, 10.5], "texture": "#0"},
				"down": {"uv": [6, 10.5, 7, 9.5], "texture": "#0"}
			}
		},
		{
			"from": [6.5, 4.5, 0],
			"to": [6.55, 11.5, 20],
			"rotation": {"angle": 0, "axis": "y", "origin": [0, 0.5, 1]},
			"faces": {
				"east": {"uv": [5.5, 12.5, 15.5, 16], "texture": "#0"},
				"west": {"uv": [15.5, 12.5, 5.5, 16], "texture": "#0"}
			}
		},
		{
			"from": [3.025, 7.975, 0],
			"to": [10.025, 8.025, 20],
			"rotation": {"angle": 0, "axis": "y", "origin": [0, 0.5, 1]},
			"faces": {
				"up": {"uv": [5.5, 12.5, 15.5, 16], "rotation": 270, "texture": "#0"},
				"down": {"uv": [15.5, 12.5, 5.5, 16], "rotation": 270, "texture": "#0"}
			}
		},
		{
			"from": [6, 7.5, 3],
			"to": [7, 8.5, 19],
			"rotation": {"angle": 0, "axis": "y", "origin": [0, 0.5, 1]},
			"faces": {
				"north": {"uv": [13.5, 14, 14, 14.5], "texture": "#0"},
				"east": {"uv": [6, 14, 14, 14.5], "texture": "#0"},
				"south": {"uv": [6, 14, 6.5, 14.5], "texture": "#0"},
				"west": {"uv": [14, 14, 6, 14.5], "texture": "#0"},
				"up": {"uv": [14, 14, 6, 14.5], "rotation": 90, "texture": "#0"},
				"down": {"uv": [6, 14, 14, 14.5], "rotation": 90, "texture": "#0"}
			}
		}
	],
	"gui_light": "front",
	"display": {
		"thirdperson_righthand": {
			"rotation": [0, 1, 0],
			"translation": [-1.5, -1.5, 2.25],
			"scale": [0.55, 0.55, 0.55]
		},
		"thirdperson_lefthand": {
			"rotation": [0, 1, 0],
			"translation": [-1.5, -1.5, 2.25],
			"scale": [0.55, 0.55, 0.55]
		},
		"firstperson_righthand": {
			"rotation": [21, 38, 3],
			"translation": [1.5, 5, -3],
			"scale": [0.54883, 0.54883, 0.54883]
		},
		"firstperson_lefthand": {
			"rotation": [21, 38, 3],
			"translation": [1.5, 5, -3],
			"scale": [0.54883, 0.54883, 0.54883]
		},
		"ground": {
			"rotation": [94, 85, 0],
			"translation": [0, 0, 1.5],
			"scale": [0.5, 0.5, 0.5]
		},
		"gui": {
			"rotation": [-90, 135, 90],
			"translation": [-0.5, 0.5, 0],
			"scale": [0.44859, 0.44859, 0.44859]
		},
		"head": {
			"rotation": [90, 180, 90],
			"translation": [-5, 12, 0.25],
			"scale": [0.7, 0.7, 0.7]
		},
		"fixed": {
			"rotation": [0, 90, 0],
			"translation": [0, -0.75, -2.25],
			"scale": [1.42109, 1.42109, 1.42109]
		}
	},
	"groups": [
		0,
		1,
		2,
		3,
		4,
		5,
		6,
		7,
		8,
		9,
		10,
		11,
		12,
		13,
		14,
		15,
		16,
		17,
		18,
		19,
		20,
		21,
		22,
		23,
		24,
		25,
		26,
		{
			"name": "arrow",
			"origin": [0, 0, 0],
			"color": 0,
			"boneType": "",
			"children": [27, 28, 29]
		}
	]
}