{
	"credit": "by w11shes",
	"texture_size": [32, 32],
	"textures": {
		"0": "elitecreatures:christmas_assortment/christmas_crossbow",
		"particle": "elitecreatures:christmas_assortment/christmas_crossbow"
	},
	"elements": [
		{
			"from": [6.5, -1, 0],
			"to": [9.5, 3, 8],
			"faces": {
				"north": {"uv": [0, 10.5, 1.5, 12.5], "texture": "#0"},
				"east": {"uv": [7, 0, 3, 2], "texture": "#0"},
				"south": {"uv": [11.5, 0, 13, 2], "texture": "#0"},
				"west": {"uv": [3, 0, 7, 2], "texture": "#0"},
				"up": {"uv": [6.5, 10.5, 5, 6.5], "texture": "#0"},
				"down": {"uv": [8, 6.5, 6.5, 10.5], "texture": "#0"}
			}
		},
		{
			"from": [4, -2, -2.6],
			"to": [8, 2, 1.4],
			"rotation": {"angle": -45, "axis": "y", "origin": [8, -0.5, 1.4]},
			"faces": {
				"north": {"uv": [10, 5, 8, 7], "texture": "#0"},
				"east": {"uv": [10, 3, 8, 5], "texture": "#0"},
				"south": {"uv": [8, 3, 10, 5], "texture": "#0"},
				"west": {"uv": [8, 5, 10, 7], "texture": "#0"},
				"up": {"uv": [10, 9, 8, 7], "texture": "#0"},
				"down": {"uv": [2, 8.5, 0, 10.5], "texture": "#0"}
			}
		},
		{
			"from": [4.5, 0, 1],
			"to": [6.5, 4, 5],
			"faces": {
				"north": {"uv": [7, 0, 8, 2], "texture": "#0"},
				"east": {"uv": [8, 9, 10, 11], "texture": "#0"},
				"south": {"uv": [12, 4, 13, 6], "texture": "#0"},
				"west": {"uv": [9.5, 0, 11.5, 2], "texture": "#0"},
				"up": {"uv": [13, 8, 12, 6], "texture": "#0"},
				"down": {"uv": [15, 0, 14, 2], "texture": "#0"}
			}
		},
		{
			"from": [-0.5, 1, 2],
			"to": [4.5, 3, 4],
			"rotation": {"angle": -22.5, "axis": "y", "origin": [4.5, 2, 4]},
			"faces": {
				"north": {"uv": [13.5, 15, 16, 16], "texture": "#0"},
				"south": {"uv": [12, 2, 14.5, 3], "texture": "#0"},
				"up": {"uv": [14.5, 4, 12, 3], "texture": "#0"},
				"down": {"uv": [16, 14, 13.5, 15], "texture": "#0"}
			}
		},
		{
			"from": [0.64597, 0.98, 0.23882],
			"to": [2.64597, 3.02, 4.23882],
			"rotation": {"angle": -45, "axis": "y", "origin": [0.64597, 3, 0.23882]},
			"faces": {
				"east": {"uv": [12.5, 11, 14.5, 12], "texture": "#0"},
				"west": {"uv": [12, 8, 14, 9], "texture": "#0"},
				"up": {"uv": [15.5, 4, 14.5, 2], "texture": "#0"},
				"down": {"uv": [13.5, 9, 12.5, 11], "texture": "#0"}
			}
		},
		{
			"from": [-3.18246, 0, 3.06725],
			"to": [0.81754, 4, 5.06725],
			"rotation": {"angle": -22.5, "axis": "y", "origin": [-2.18246, 3.02, 3.06725]},
			"faces": {
				"north": {"uv": [2, 10, 4, 12], "texture": "#0"},
				"east": {"uv": [13, 0, 14, 2], "texture": "#0"},
				"south": {"uv": [10, 2, 12, 4], "texture": "#0"},
				"west": {"uv": [15, 0, 16, 2], "texture": "#0"},
				"up": {"uv": [15.5, 10, 13.5, 9], "texture": "#0"},
				"down": {"uv": [16, 8, 14, 9], "texture": "#0"}
			}
		},
		{
			"from": [-6.30378, 1, 4.60278],
			"to": [-2.30378, 3, 8.60278],
			"rotation": {"angle": 22.5, "axis": "y", "origin": [-2.18246, 3.02, 3.06725]},
			"faces": {
				"north": {"uv": [13, 4, 15, 5], "texture": "#0"},
				"east": {"uv": [13, 5, 15, 6], "texture": "#0"},
				"south": {"uv": [13, 6, 15, 7], "texture": "#0"},
				"west": {"uv": [13, 7, 15, 8], "texture": "#0"},
				"up": {"uv": [12, 6, 10, 4], "texture": "#0"},
				"down": {"uv": [12, 6, 10, 8], "texture": "#0"}
			}
		},
		{
			"from": [-3.30378, 3, 7.60278],
			"to": [-5.30378, 1, 5.60278],
			"rotation": {"angle": 22.5, "axis": "y", "origin": [-2.18246, 3.02, 3.06725]},
			"faces": {
				"north": {"uv": [13.5, 7, 14.5, 6], "texture": "#0"},
				"east": {"uv": [13.5, 8, 14.5, 7], "texture": "#0"},
				"south": {"uv": [13.5, 5, 14.5, 4], "texture": "#0"},
				"west": {"uv": [13.5, 6, 14.5, 5], "texture": "#0"}
			}
		},
		{
			"from": [-5.30378, -6, 8.55],
			"to": [-2.30378, 1, 8.6],
			"rotation": {"angle": 22.5, "axis": "y", "origin": [-2.18246, 3.02, 3.06725]},
			"faces": {
				"north": {"uv": [3.5, 6.5, 5, 10], "texture": "#0"},
				"south": {"uv": [3.5, 6.5, 5, 10], "texture": "#0"}
			}
		},
		{
			"from": [18.30378, 1, 4.60278],
			"to": [22.30378, 3, 8.60278],
			"rotation": {"angle": -22.5, "axis": "y", "origin": [18.18246, 3.02, 3.06725]},
			"faces": {
				"north": {"uv": [15, 4, 13, 5], "texture": "#0"},
				"east": {"uv": [15, 7, 13, 8], "texture": "#0"},
				"south": {"uv": [15, 6, 13, 7], "texture": "#0"},
				"west": {"uv": [15, 5, 13, 6], "texture": "#0"},
				"up": {"uv": [10, 6, 12, 4], "texture": "#0"},
				"down": {"uv": [10, 6, 12, 8], "texture": "#0"}
			}
		},
		{
			"from": [21.30378, 3, 7.60278],
			"to": [19.30378, 1, 5.60278],
			"rotation": {"angle": -22.5, "axis": "y", "origin": [18.18246, 3.02, 3.06725]},
			"faces": {
				"north": {"uv": [14.5, 7, 13.5, 6], "texture": "#0"},
				"east": {"uv": [14.5, 6, 13.5, 5], "texture": "#0"},
				"south": {"uv": [14.5, 5, 13.5, 4], "texture": "#0"},
				"west": {"uv": [14.5, 8, 13.5, 7], "texture": "#0"}
			}
		},
		{
			"from": [18.30378, -6, 8.55],
			"to": [21.30378, 1, 8.6],
			"rotation": {"angle": -22.5, "axis": "y", "origin": [18.18246, 3.02, 3.06725]},
			"faces": {
				"north": {"uv": [5, 6.5, 3.5, 10], "texture": "#0"},
				"south": {"uv": [5, 6.5, 3.5, 10], "texture": "#0"}
			}
		},
		{
			"from": [15.18246, 0, 3.06725],
			"to": [19.18246, 4, 5.06725],
			"rotation": {"angle": 22.5, "axis": "y", "origin": [18.18246, 3.02, 3.06725]},
			"faces": {
				"north": {"uv": [4, 10, 2, 12], "texture": "#0"},
				"east": {"uv": [16, 0, 15, 2], "texture": "#0"},
				"south": {"uv": [12, 2, 10, 4], "texture": "#0"},
				"west": {"uv": [14, 0, 13, 2], "texture": "#0"},
				"up": {"uv": [13.5, 10, 15.5, 9], "texture": "#0"},
				"down": {"uv": [14, 8, 16, 9], "texture": "#0"}
			}
		},
		{
			"from": [13.35403, 0.98, 0.23882],
			"to": [15.35403, 3.02, 4.23882],
			"rotation": {"angle": 45, "axis": "y", "origin": [15.35403, 3, 0.23882]},
			"faces": {
				"east": {"uv": [14, 8, 12, 9], "texture": "#0"},
				"west": {"uv": [9.5, 12, 7.5, 13], "texture": "#0"},
				"up": {"uv": [14.5, 4, 15.5, 2], "texture": "#0"},
				"down": {"uv": [12.5, 9, 13.5, 11], "texture": "#0"}
			}
		},
		{
			"from": [11.5, 1, 2],
			"to": [16.5, 3, 4],
			"rotation": {"angle": 22.5, "axis": "y", "origin": [11.5, 2, 4]},
			"faces": {
				"north": {"uv": [16, 15, 13.5, 16], "texture": "#0"},
				"south": {"uv": [14.5, 2, 12, 3], "texture": "#0"},
				"up": {"uv": [12, 4, 14.5, 3], "texture": "#0"},
				"down": {"uv": [13.5, 14, 16, 15], "texture": "#0"}
			}
		},
		{
			"from": [9.5, 0, 1],
			"to": [11.5, 4, 5],
			"rotation": {"angle": 0, "axis": "y", "origin": [16, 0, 0]},
			"faces": {
				"north": {"uv": [8, 0, 7, 2], "texture": "#0"},
				"east": {"uv": [11.5, 0, 9.5, 2], "texture": "#0"},
				"south": {"uv": [13, 4, 12, 6], "texture": "#0"},
				"west": {"uv": [10, 9, 8, 11], "texture": "#0"},
				"up": {"uv": [12, 8, 13, 6], "texture": "#0"},
				"down": {"uv": [14, 0, 15, 2], "texture": "#0"}
			}
		},
		{
			"from": [6.5, 0, 8],
			"to": [9.5, 3, 18],
			"faces": {
				"east": {"uv": [8, 2, 3, 3.5], "texture": "#0"},
				"west": {"uv": [3, 2, 8, 3.5], "texture": "#0"},
				"up": {"uv": [1.5, 8.5, 0, 3.5], "texture": "#0"},
				"down": {"uv": [3, 3.5, 1.5, 8.5], "texture": "#0"}
			}
		},
		{
			"from": [-6, 3, 17],
			"to": [8, 3, 18],
			"rotation": {"angle": -45, "axis": "y", "origin": [8, 3.025, 18]},
			"faces": {
				"up": {"uv": [1.5, 12, 8.5, 12.5], "texture": "#0"},
				"down": {"uv": [1.5, 12, 8.5, 12.5], "texture": "#0"}
			}
		},
		{
			"from": [8, 3, 17],
			"to": [22, 3, 18],
			"rotation": {"angle": 45, "axis": "y", "origin": [8, 3.025, 18]},
			"faces": {
				"up": {"uv": [8.5, 12, 1.5, 12.5], "texture": "#0"},
				"down": {"uv": [8.5, 12, 1.5, 12.5], "texture": "#0"}
			}
		},
		{
			"from": [2, -4, 0],
			"to": [8, 3, 0.05],
			"rotation": {"angle": -22.5, "axis": "y", "origin": [8, -0.5, 0]},
			"faces": {
				"north": {"uv": [0, 0, 3, 3.5], "texture": "#0"},
				"south": {"uv": [3, 0, 0, 3.5], "texture": "#0"}
			}
		},
		{
			"from": [8, -4, 0],
			"to": [14, 3, 0.05],
			"rotation": {"angle": 22.5, "axis": "y", "origin": [8, -0.5, 0]},
			"faces": {
				"north": {"uv": [3, 0, 0, 3.5], "texture": "#0"},
				"south": {"uv": [0, 0, 3, 3.5], "texture": "#0"}
			}
		},
		{
			"from": [6.48, -1, 18],
			"to": [9.52, 3, 22],
			"rotation": {"angle": 45, "axis": "x", "origin": [8, 3, 18]},
			"faces": {
				"east": {"uv": [12, 8, 10, 10], "texture": "#0"},
				"west": {"uv": [10, 8, 12, 10], "texture": "#0"},
				"up": {"uv": [16, 14, 14.5, 12], "texture": "#0"},
				"down": {"uv": [16, 10, 14.5, 12], "texture": "#0"}
			}
		},
		{
			"from": [5.48, -2, 22],
			"to": [10.52, 4, 25],
			"rotation": {"angle": 45, "axis": "x", "origin": [8, 3, 18]},
			"faces": {
				"north": {"uv": [3, 3.5, 5.5, 6.5], "texture": "#0"},
				"east": {"uv": [9.5, 0, 8, 3], "texture": "#0"},
				"south": {"uv": [5.5, 3.5, 8, 6.5], "texture": "#0"},
				"west": {"uv": [8, 0, 9.5, 3], "texture": "#0"},
				"up": {"uv": [12.5, 11.5, 10, 10], "texture": "#0"},
				"down": {"uv": [6.5, 10.5, 4, 12], "texture": "#0"}
			}
		},
		{
			"from": [7.5, -1, 7],
			"to": [8.5, 1, 14],
			"rotation": {"angle": 22.5, "axis": "x", "origin": [0, -1, 7]},
			"faces": {
				"east": {"uv": [10, 11, 6.5, 12], "texture": "#0"},
				"south": {"uv": [9.5, 11, 10, 12], "texture": "#0"},
				"west": {"uv": [6.5, 11, 10, 12], "texture": "#0"},
				"up": {"uv": [6.5, 11, 10, 11.5], "rotation": 90, "texture": "#0"},
				"down": {"uv": [10, 11.5, 6.5, 12], "rotation": 90, "texture": "#0"}
			}
		},
		{
			"from": [8, 0, -5],
			"to": [8.05, 7, 17],
			"rotation": {"angle": 0, "axis": "y", "origin": [8.0125, 3.5, 5.75]},
			"faces": {
				"east": {"uv": [0, 12.5, 11, 16], "texture": "#0"},
				"west": {"uv": [11, 12.5, 0, 16], "texture": "#0"}
			}
		},
		{
			"from": [4.525, 3.475, -5],
			"to": [11.525, 3.525, 17],
			"rotation": {"angle": 0, "axis": "y", "origin": [8.0125, 3.5, 5.75]},
			"faces": {
				"up": {"uv": [0, 16, 11, 12.5], "rotation": 270, "texture": "#0"},
				"down": {"uv": [11, 16, 0, 12.5], "rotation": 270, "texture": "#0"}
			}
		},
		{
			"from": [7.5, 3, -2],
			"to": [8.5, 4, 16],
			"rotation": {"angle": 0, "axis": "y", "origin": [8.0125, 3.5, 7.75]},
			"faces": {
				"north": {"uv": [9, 14, 9.5, 14.5], "texture": "#0"},
				"east": {"uv": [0.5, 14, 9.5, 14.5], "texture": "#0"},
				"south": {"uv": [0.5, 14, 1, 14.5], "texture": "#0"},
				"west": {"uv": [9.5, 14, 0.5, 14.5], "texture": "#0"},
				"up": {"uv": [9.5, 14, 0.5, 14.5], "rotation": 90, "texture": "#0"},
				"down": {"uv": [0.5, 14, 9.5, 14.5], "rotation": 90, "texture": "#0"}
			}
		}
	],
	"gui_light": "front",
	"display": {
		"thirdperson_righthand": {
			"translation": [0, 5.25, -1.25],
			"scale": [0.6, 0.6, 0.6]
		},
		"thirdperson_lefthand": {
			"translation": [0, 5.25, -1.25],
			"scale": [0.6, 0.6, 0.6]
		},
		"firstperson_righthand": {
			"rotation": [12.18, -0.03, 7.01],
			"translation": [5.25, 6.25, 1.25],
			"scale": [0.6, 0.6, 0.6]
		},
		"firstperson_lefthand": {
			"rotation": [12.18, 12, 7.01],
			"translation": [-5.25, 7.75, 3],
			"scale": [0.6, 0.6, 0.6]
		},
		"ground": {
			"translation": [0, 1.25, 0],
			"scale": [0.45, 0.45, 0.45]
		},
		"gui": {
			"rotation": [37, 142, 0],
			"translation": [0.5, 2.5, 0],
			"scale": [0.6, 0.6, 0.6]
		},
		"head": {
			"translation": [0, 10, -4.75],
			"scale": [0.6, 0.6, 0.6]
		},
		"fixed": {
			"rotation": [-90, 0, 0],
			"translation": [0, -1.5, -13.5],
			"scale": [1.2, 1.2, 1.2]
		}
	},
	"groups": [
		0,
		1,
		2,
		3,
		4,
		5,
		6,
		7,
		8,
		9,
		10,
		11,
		12,
		13,
		14,
		15,
		16,
		17,
		18,
		19,
		20,
		21,
		22,
		23,
		{
			"name": "arrow",
			"origin": [0, 0, 0],
			"color": 0,
			"boneType": "",
			"children": [24, 25, 26]
		}
	]
}