{"credit":"by w11shes","textures":{"0":"elitecreatures:christmas_assortment/christmas_key","particle":"elitecreatures:christmas_assortment/christmas_key"},"elements":[{"from":[9.41421,0,7.999],"to":[11.41421,4,8.049],"rotation":{"angle":0,"axis":"y","origin":[-0.58579,1,-0.001]},"faces":{"north":{"uv":[9,11,11,15],"texture":"#0"},"south":{"uv":[11,11,9,15],"texture":"#0"}}},{"from":[7,0,7],"to":[9,9,9],"rotation":{"angle":45,"axis":"y","origin":[8,4,8]},"faces":{"north":{"uv":[0,5,2,14],"texture":"#0"},"east":{"uv":[5,0,7,9],"texture":"#0"},"south":{"uv":[7,0,5,9],"texture":"#0"},"west":{"uv":[2,5,0,14],"texture":"#0"},"down":{"uv":[12,3,10,5],"texture":"#0"}}},{"from":[7,8,6.5],"to":[12,13,9.5],"rotation":{"angle":45,"axis":"z","origin":[8,9,7.5]},"faces":{"north":{"uv":[0,0,5,5],"texture":"#0"},"east":{"uv":[2,5,5,10],"texture":"#0"},"south":{"uv":[5,0,0,5],"texture":"#0"},"west":{"uv":[7,0,10,5],"texture":"#0"},"up":{"uv":[12,8,7,5],"texture":"#0"},"down":{"uv":[12,8,7,11],"texture":"#0"}}},{"from":[11,12,9.5],"to":[8,9,6.5],"rotation":{"angle":45,"axis":"z","origin":[8,9,11.5]},"faces":{"east":{"uv":[7,4,10,1],"texture":"#0"},"west":{"uv":[2,9,5,6],"texture":"#0"},"up":{"uv":[8,8,11,11],"texture":"#0"},"down":{"uv":[8,8,11,5],"texture":"#0"}}},{"from":[1.96447,9.62132,8.5],"to":[5.96447,12.62132,8.55],"rotation":{"angle":0,"axis":"y","origin":[0.46447,1.12132,-1.5]},"faces":{"north":{"uv":[10,0,14,3],"texture":"#0"},"south":{"uv":[14,0,10,3],"texture":"#0"}}},{"from":[10.03553,9.62132,8.5],"to":[14.03553,12.62132,8.55],"rotation":{"angle":0,"axis":"y","origin":[15.53553,1.12132,-1.5]},"faces":{"north":{"uv":[14,0,10,3],"texture":"#0"},"south":{"uv":[10,0,14,3],"texture":"#0"}}},{"from":[2.58579,6,8],"to":[6.58579,9,8.05],"rotation":{"angle":22.5,"axis":"z","origin":[6.58579,9,8]},"faces":{"north":{"uv":[2,10,6,13],"texture":"#0"},"south":{"uv":[6,10,2,13],"texture":"#0"}}},{"from":[9.41421,6,8],"to":[13.41421,9,8.05],"rotation":{"angle":-22.5,"axis":"z","origin":[9.41421,9,8]},"faces":{"north":{"uv":[6,10,2,13],"texture":"#0"},"south":{"uv":[2,10,6,13],"texture":"#0"}}},{"from":[6.5,13.15685,8],"to":[9.5,17.15685,8.05],"rotation":{"angle":0,"axis":"y","origin":[0,-1.34315,-1.5]},"faces":{"north":{"uv":[6,11,9,15],"texture":"#0"},"south":{"uv":[9,11,6,15],"texture":"#0"}}}],"gui_light":"front","display":{"thirdperson_righthand":{"rotation":[-175,-90,2],"translation":[0,1.25,0.75],"scale":[0.5,0.5,0.5]},"thirdperson_lefthand":{"rotation":[-175,-90,2],"translation":[0,1.25,0.75],"scale":[0.5,0.5,0.5]},"firstperson_righthand":{"rotation":[124,87,0],"translation":[-0.25,4.5,1],"scale":[0.6,0.6,0.6]},"firstperson_lefthand":{"rotation":[124,87,0],"translation":[-0.25,4.5,1],"scale":[0.6,0.6,0.6]},"ground":{"rotation":[0,0,88],"translation":[-2,2.5,0.25],"scale":[0.45,0.45,0.45]},"gui":{"translation":[0,-0.5,-1.5],"scale":[0.9,0.9,0.9]},"head":{"rotation":[-180,0,0],"translation":[0,15.5,1.75],"scale":[0.6,0.6,0.6]},"fixed":{"translation":[0,0.5,-2.25],"scale":[1.35,1.35,1.35]}}}