{"credit":"Made with Blockbench","texture_size":[32,32],"textures":{"0":"elitecreatures:christmas_assortment/christmas_mace","particle":"elitecreatures:christmas_assortment/christmas_mace"},"elements":[{"from":[11.63651,3.14403,5.63651],"to":[13.63651,11.14403,7.63651],"rotation":{"angle":-45,"axis":"y","origin":[8,8,2]},"faces":{"north":{"uv":[4,9,5,13],"texture":"#0"},"east":{"uv":[5,9,4,13],"texture":"#0"},"south":{"uv":[4,9,5,13],"texture":"#0"},"west":{"uv":[5,9,4,13],"texture":"#0"}}},{"from":[10.63651,17.14403,4.63651],"to":[14.63651,19.14403,8.63651],"rotation":{"angle":-45,"axis":"y","origin":[8,8,2]},"faces":{"north":{"uv":[10.5,6,12.5,7],"texture":"#0"},"east":{"uv":[10.5,6,12.5,7],"texture":"#0"},"south":{"uv":[10.5,6,12.5,7],"texture":"#0"},"west":{"uv":[10.5,6,12.5,7],"texture":"#0"},"up":{"uv":[7,11,5,9],"rotation":270,"texture":"#0"},"down":{"uv":[11,7,9,9],"rotation":90,"texture":"#0"}}},{"from":[10.63651,11.14403,4.63651],"to":[14.63651,13.14403,8.63651],"rotation":{"angle":-45,"axis":"y","origin":[8,8,2]},"faces":{"north":{"uv":[10.5,6,12.5,7],"texture":"#0"},"east":{"uv":[10.5,6,12.5,7],"texture":"#0"},"south":{"uv":[10.5,6,12.5,7],"texture":"#0"},"west":{"uv":[10.5,6,12.5,7],"texture":"#0"},"up":{"uv":[7,11,5,9],"rotation":270,"texture":"#0"},"down":{"uv":[11,7,9,9],"rotation":90,"texture":"#0"}}},{"from":[11.13651,13.14403,5.13651],"to":[14.13651,17.14403,8.13651],"rotation":{"angle":-45,"axis":"y","origin":[8,8,2]},"faces":{"north":{"uv":[13.5,0,15,2],"texture":"#0"},"east":{"uv":[13.5,0,15,2],"texture":"#0"},"south":{"uv":[13.5,0,15,2],"texture":"#0"},"west":{"uv":[13.5,0,15,2],"texture":"#0"}}},{"from":[10.63651,1.14403,4.63651],"to":[14.63651,3.14403,8.63651],"rotation":{"angle":-45,"axis":"y","origin":[8,8,2]},"faces":{"north":{"uv":[11,7,13,8],"texture":"#0"},"east":{"uv":[11,7,13,8],"texture":"#0"},"south":{"uv":[11,7,13,8],"texture":"#0"},"west":{"uv":[11,7,13,8],"texture":"#0"},"up":{"uv":[11,11,9,9],"rotation":270,"texture":"#0"},"down":{"uv":[11.5,0,9.5,2],"rotation":90,"texture":"#0"}}},{"from":[7,4.72795,10.54507],"to":[9,8.72795,14.54507],"rotation":{"angle":45,"axis":"x","origin":[8,8,2]},"faces":{"north":{"uv":[6,3.5,7,5.5],"texture":"#0"},"east":{"uv":[12.5,2,10.5,4],"texture":"#0"},"south":{"uv":[11,8,12,10],"texture":"#0"},"west":{"uv":[10.5,2,12.5,4],"texture":"#0"},"up":{"uv":[11,12,9,11],"rotation":270,"texture":"#0"},"down":{"uv":[13,10,11,11],"rotation":90,"texture":"#0"}}},{"from":[7,19.22364,-3.95062],"to":[9,23.22364,0.04938],"rotation":{"angle":45,"axis":"x","origin":[8,8,2]},"faces":{"north":{"uv":[11,11,12,13],"texture":"#0"},"east":{"uv":[12.5,4,10.5,6],"texture":"#0"},"south":{"uv":[0,11.5,1,13.5],"texture":"#0"},"west":{"uv":[10.5,4,12.5,6],"texture":"#0"},"up":{"uv":[13.5,1,11.5,0],"rotation":270,"texture":"#0"},"down":{"uv":[13.5,1,11.5,2],"rotation":90,"texture":"#0"}}},{"from":[9,22.22364,-0.95062],"to":[7,20.22364,-2.95062],"rotation":{"angle":45,"axis":"x","origin":[8,8,2]},"faces":{"north":{"uv":[0,13,1,12],"texture":"#0"},"south":{"uv":[11,12.5,12,11.5],"texture":"#0"},"up":{"uv":[12,1,13,2],"rotation":270,"texture":"#0"},"down":{"uv":[12,1,13,0],"rotation":90,"texture":"#0"}}},{"from":[9,7.72795,13.54507],"to":[7,5.72795,11.54507],"rotation":{"angle":45,"axis":"x","origin":[8,8,2]},"faces":{"north":{"uv":[11,9.5,12,8.5],"texture":"#0"},"south":{"uv":[6,5,7,4],"texture":"#0"},"up":{"uv":[11.5,10,12.5,11],"rotation":270,"texture":"#0"},"down":{"uv":[9.5,12,10.5,11],"rotation":90,"texture":"#0"}}},{"from":[8,-10.56676,3.83392],"to":[8.05,-3.56676,6.83392],"rotation":{"angle":-22.5,"axis":"x","origin":[8,8,2]},"faces":{"east":{"uv":[2.5,9,4,12.5],"texture":"#0"},"west":{"uv":[2.5,9,4,12.5],"texture":"#0"}}},{"from":[8,-5.54823,9.28186],"to":[8.05,1.45177,12.28186],"rotation":{"angle":22.5,"axis":"x","origin":[8,8,2]},"faces":{"east":{"uv":[4,9,2.5,12.5],"texture":"#0"},"west":{"uv":[4,9,2.5,12.5],"texture":"#0"}}},{"from":[4.5,2.60196,-6.08701],"to":[11.5,9.60196,0.91299],"rotation":{"angle":45,"axis":"x","origin":[8,8,2]},"faces":{"north":{"uv":[3.5,5.5,0,9],"texture":"#0"},"east":{"uv":[0,5.5,3.5,9],"texture":"#0"},"south":{"uv":[3.5,5.5,7,9],"texture":"#0"},"west":{"uv":[0,5.5,3.5,9],"texture":"#0"},"up":{"uv":[9.5,3.5,6,0],"rotation":270,"texture":"#0"},"down":{"uv":[10.5,3.5,7,7],"rotation":90,"texture":"#0"}}},{"from":[8,3.60196,-11.08701],"to":[8.05,8.60196,-6.08701],"rotation":{"angle":45,"axis":"x","origin":[8,8,2]},"faces":{"east":{"uv":[0,9,2.5,11.5],"texture":"#0"},"west":{"uv":[2.5,9,0,11.5],"texture":"#0"}}},{"from":[8,3.60196,0.91299],"to":[8.05,8.60196,5.91299],"rotation":{"angle":45,"axis":"x","origin":[8,8,2]},"faces":{"east":{"uv":[2.5,9,0,11.5],"texture":"#0"},"west":{"uv":[0,9,2.5,11.5],"texture":"#0"}}},{"from":[-0.5,3.60196,-2.63701],"to":[4.5,8.60196,-2.58701],"rotation":{"angle":45,"axis":"x","origin":[8,8,2]},"faces":{"north":{"uv":[0,9,2.5,11.5],"texture":"#0"},"south":{"uv":[2.5,9,0,11.5],"texture":"#0"}}},{"from":[5.5,-2.39804,-2.63701],"to":[10.5,2.60196,-2.58701],"rotation":{"angle":45,"axis":"x","origin":[8,8,2]},"faces":{"north":{"uv":[0,9,2.5,11.5],"rotation":90,"texture":"#0"},"south":{"uv":[0,11.5,2.5,9],"rotation":90,"texture":"#0"}}},{"from":[8,-2.39804,-5.08701],"to":[8.05,2.60196,-0.08701],"rotation":{"angle":45,"axis":"x","origin":[8,8,2]},"faces":{"east":{"uv":[0,9,2.5,11.5],"rotation":90,"texture":"#0"},"west":{"uv":[0,11.5,2.5,9],"rotation":90,"texture":"#0"}}},{"from":[11.5,3.60196,-2.63701],"to":[16.5,8.60196,-2.58701],"rotation":{"angle":45,"axis":"x","origin":[8,8,2]},"faces":{"north":{"uv":[2.5,9,0,11.5],"texture":"#0"},"south":{"uv":[0,9,2.5,11.5],"texture":"#0"}}},{"from":[6,11.27206,-2.63701],"to":[10,21.27206,-2.58701],"rotation":{"angle":45,"axis":"x","origin":[8,8,2]},"faces":{"north":{"uv":[7,7,9,12],"texture":"#0"},"south":{"uv":[7,7,9,12],"texture":"#0"}}},{"from":[8,11.27206,-4.58701],"to":[8.05,21.27206,-0.58701],"rotation":{"angle":45,"axis":"x","origin":[8,8,2]},"faces":{"east":{"uv":[14.5,2,12.5,7],"texture":"#0"},"west":{"uv":[12.5,2,14.5,7],"texture":"#0"}}},{"from":[7,11.29048,-1.19654],"to":[9,15.29048,2.80346],"rotation":{"angle":0,"axis":"y","origin":[8,8,2]},"faces":{"north":{"uv":[1,11.5,2,13.5],"texture":"#0"},"east":{"uv":[7,11,5,13],"texture":"#0"},"south":{"uv":[7,12,8,14],"texture":"#0"},"west":{"uv":[5,11,7,13],"texture":"#0"},"up":{"uv":[10,13,8,12],"rotation":270,"texture":"#0"},"down":{"uv":[14,8,12,9],"rotation":90,"texture":"#0"}}},{"from":[9,14.29048,1.80346],"to":[7,12.29048,-0.19654],"rotation":{"angle":0,"axis":"y","origin":[8,8,2]},"faces":{"north":{"uv":[7,13.5,8,12.5],"texture":"#0"},"south":{"uv":[1,13,2,12],"texture":"#0"},"up":{"uv":[12.5,8,13.5,9],"rotation":270,"texture":"#0"},"down":{"uv":[8.5,13,9.5,12],"rotation":90,"texture":"#0"}}},{"from":[10.50926,15.14403,3.05789],"to":[10.55926,26.14403,15.05789],"rotation":{"angle":-22.5,"axis":"y","origin":[8,8,2]},"faces":{"east":{"uv":[6,0,0,5.5],"texture":"#0"},"west":{"uv":[0,0,6,5.5],"texture":"#0"}}},{"from":[5.49074,15.14403,3.05789],"to":[5.54074,26.14403,15.05789],"rotation":{"angle":22.5,"axis":"y","origin":[8,8,2]},"faces":{"east":{"uv":[6,0,0,5.5],"texture":"#0"},"west":{"uv":[0,0,6,5.5],"texture":"#0"}}}],"gui_light":"front","display":{"thirdperson_righthand":{"translation":[0,1,1.75],"scale":[0.75,0.75,0.75]},"thirdperson_lefthand":{"translation":[0,1,1.75],"scale":[0.75,0.75,0.75]},"firstperson_righthand":{"rotation":[-3,20,10],"translation":[5,1.25,-2.5],"scale":[0.65625,0.65625,0.65625]},"firstperson_lefthand":{"rotation":[-3,20,10],"translation":[5,1.25,-2.5],"scale":[0.65625,0.65625,0.65625]},"ground":{"rotation":[94,85,0],"translation":[0,0,-1.75],"scale":[0.5,0.5,0.5]},"gui":{"rotation":[-90,50,90],"translation":[0.75,0,0],"scale":[0.46617,0.46617,0.46617]},"head":{"rotation":[90,-171,90],"translation":[-2.25,14.75,0.25],"scale":[0.7,0.7,0.7]},"fixed":{"rotation":[0,90,0],"translation":[0,-4,-1.25],"scale":[1.42109,1.42109,1.42109]}}}