{"credit":"Made with Blockbench","texture_size":[32,32],"textures":{"2":"elitecreatures:christmas_assortment/christmas_shovel","particle":"elitecreatures:christmas_assortment/christmas_shovel"},"elements":[{"from":[7.9625,-9.90525,9.98934],"to":[8.0125,-2.90525,12.98934],"rotation":{"angle":22.5,"axis":"x","origin":[8,8,8]},"faces":{"east":{"uv":[7,9,8.5,12.5],"texture":"#2"},"west":{"uv":[7,9,8.5,12.5],"texture":"#2"}}},{"from":[7.9625,-9.90525,3.01066],"to":[8.0125,-2.90525,6.01066],"rotation":{"angle":-22.5,"axis":"x","origin":[8,8,8]},"faces":{"east":{"uv":[8.5,9,7,12.5],"texture":"#2"},"west":{"uv":[8.5,9,7,12.5],"texture":"#2"}}},{"from":[7.0125,-1.32278,-1.32278],"to":[9.0125,2.67722,2.67722],"rotation":{"angle":-45,"axis":"x","origin":[8,8,8]},"faces":{"north":{"uv":[8.5,11.5,9.5,13.5],"texture":"#2"},"east":{"uv":[9,7.5,11,9.5],"texture":"#2"},"south":{"uv":[11.5,4,12.5,6],"texture":"#2"},"west":{"uv":[11,7.5,9,9.5],"texture":"#2"},"up":{"uv":[13.5,7,11.5,6],"rotation":90,"texture":"#2"},"down":{"uv":[11.5,11.5,9.5,12.5],"rotation":270,"texture":"#2"}}},{"from":[6.00884,-0.85597,5.99116],"to":[10.00884,1.14403,9.99116],"rotation":{"angle":-45,"axis":"y","origin":[8,8,8]},"faces":{"north":{"uv":[0,12,2,13],"texture":"#2"},"east":{"uv":[0,12,2,13],"texture":"#2"},"south":{"uv":[0,12,2,13],"texture":"#2"},"west":{"uv":[0,12,2,13],"texture":"#2"},"up":{"uv":[13.5,4,11.5,2],"rotation":90,"texture":"#2"},"down":{"uv":[12.5,9.5,10.5,11.5],"rotation":270,"texture":"#2"}}},{"from":[7.00884,1.14403,6.99116],"to":[9.00884,13.14403,8.99116],"rotation":{"angle":-45,"axis":"y","origin":[8,8,8]},"faces":{"north":{"uv":[6,9,7,15],"texture":"#2"},"east":{"uv":[7,9,6,15],"texture":"#2"},"south":{"uv":[6,9,7,15],"texture":"#2"},"west":{"uv":[7,9,6,15],"texture":"#2"}}},{"from":[6.00884,9.14403,5.99116],"to":[10.00884,11.14403,9.99116],"rotation":{"angle":-45,"axis":"y","origin":[8,8,8]},"faces":{"north":{"uv":[11.5,11.5,13.5,12.5],"texture":"#2"},"east":{"uv":[11.5,11.5,13.5,12.5],"texture":"#2"},"south":{"uv":[11.5,11.5,13.5,12.5],"texture":"#2"},"west":{"uv":[11.5,11.5,13.5,12.5],"texture":"#2"},"up":{"uv":[10.5,11.5,8.5,9.5],"rotation":90,"texture":"#2"},"down":{"uv":[13.5,0,11.5,2],"rotation":270,"texture":"#2"}}},{"from":[5.50884,13.14403,5.49116],"to":[10.50884,18.14403,10.49116],"rotation":{"angle":-45,"axis":"y","origin":[8,8,8]},"faces":{"north":{"uv":[9,0,11.5,2.5],"texture":"#2"},"east":{"uv":[11.5,0,9,2.5],"texture":"#2"},"south":{"uv":[9,0,11.5,2.5],"texture":"#2"},"west":{"uv":[11.5,0,9,2.5],"texture":"#2"},"up":{"uv":[11.5,5,9,2.5],"rotation":90,"texture":"#2"},"down":{"uv":[11.5,5,9,7.5],"rotation":270,"texture":"#2"}}},{"from":[7.96155,10.14403,1.99522],"to":[8.01155,21.14403,13.99522],"rotation":{"angle":-22.5,"axis":"y","origin":[8,8,8]},"faces":{"east":{"uv":[0,6.5,6,12],"texture":"#2"},"west":{"uv":[6,6.5,0,12],"texture":"#2"}}},{"from":[7.96155,10.14403,2.00478],"to":[8.01155,21.14403,14.00478],"rotation":{"angle":22.5,"axis":"y","origin":[8,8,8]},"faces":{"east":{"uv":[0,6.5,6,12],"texture":"#2"},"west":{"uv":[6,6.5,0,12],"texture":"#2"}}},{"from":[6.50884,18.14403,6.49116],"to":[9.50884,20.14403,9.49116],"rotation":{"angle":-45,"axis":"y","origin":[8,8,8]},"faces":{"north":{"uv":[2,12,3.5,13],"texture":"#2"},"east":{"uv":[3.5,12,2,13],"texture":"#2"},"south":{"uv":[3.5,12,2,13],"texture":"#2"},"west":{"uv":[3.5,12,2,13],"texture":"#2"},"up":{"uv":[12.5,9,11,7.5],"rotation":90,"texture":"#2"}}},{"from":[7.5125,18.14403,5],"to":[8.5125,23.14403,11],"rotation":{"angle":0,"axis":"y","origin":[8,8,8]},"faces":{"north":{"uv":[6,6.5,6.5,9],"texture":"#2"},"east":{"uv":[6,6.5,9,9],"texture":"#2"},"south":{"uv":[8.5,6.5,9,9],"texture":"#2"},"west":{"uv":[6,6.5,9,9],"texture":"#2"},"up":{"uv":[6,6.5,9,7],"rotation":90,"texture":"#2"}}},{"from":[7.9625,16.14403,-1],"to":[8.0125,29.14403,17],"rotation":{"angle":0,"axis":"y","origin":[8,8,8]},"faces":{"east":{"uv":[0,0,9,6.5],"texture":"#2"},"west":{"uv":[0,0,9,6.5],"texture":"#2"}}},{"from":[9.0125,1.67722,1.67722],"to":[7.0125,-0.32278,-0.32278],"rotation":{"angle":-45,"axis":"x","origin":[8,8,8]},"faces":{"north":{"uv":[11.5,5.5,12.5,4.5],"texture":"#2"},"south":{"uv":[8.5,13,9.5,12],"texture":"#2"},"up":{"uv":[10,11.5,11,12.5],"rotation":90,"texture":"#2"},"down":{"uv":[12,7,13,6],"rotation":270,"texture":"#2"}}}],"gui_light":"front","display":{"thirdperson_righthand":{"translation":[0,0.25,1.75],"scale":[0.75,0.75,0.75]},"thirdperson_lefthand":{"translation":[0,0.25,1.75],"scale":[0.75,0.75,0.75]},"firstperson_righthand":{"rotation":[-3,20,10],"translation":[3.5,0,-2.5],"scale":[0.62109,0.62109,0.62109]},"firstperson_lefthand":{"rotation":[-3,20,10],"translation":[3.5,0,-2.5],"scale":[0.62109,0.62109,0.62109]},"ground":{"rotation":[94,85,0],"translation":[0,0,-1.75],"scale":[0.5,0.5,0.5]},"gui":{"rotation":[-90,50,90],"translation":[0,-0.5,0],"scale":[0.46617,0.46617,0.46617]},"head":{"rotation":[90,-171,90],"translation":[-2.25,9.25,0.25],"scale":[0.7,0.7,0.7]},"fixed":{"rotation":[0,90,0],"translation":[0,-4,-1.25],"scale":[1.42109,1.42109,1.42109]}}}