{
	"credit": "Made with Blockbench",
	"texture_size": [128, 128],
	"textures": {
		"0": "cadaverset:bonehalloween_texture",
		"1": "cadaverset:bonehalloween_animation1",
		"particle": "cadaverset:bonehalloween_texture"
	},
	"elements": [
		{
			"from": [6.75, 4, 4.75],
			"to": [9.25, 7, 7.25],
			"rotation": {"angle": 22.5, "axis": "x", "origin": [7.8, 4.5, 5.3]},
			"faces": {
				"north": {"uv": [4.75, 2.375, 4.4375, 2.75], "texture": "#0"},
				"east": {"uv": [4.4375, 2.375, 4.125, 2.75], "texture": "#0"},
				"south": {"uv": [4.75, 2.375, 4.4375, 2.75], "texture": "#0"},
				"west": {"uv": [4.4375, 2.375, 4.125, 2.75], "texture": "#0"},
				"up": {"uv": [4.5, 2.1875, 4.8125, 1.875], "texture": "#0"},
				"down": {"uv": [4.5, 2.1875, 4.8125, 1.875], "texture": "#0"}
			}
		},
		{
			"from": [6.7, 6, 5.55],
			"to": [9.3, 11, 8.05],
			"rotation": {"angle": 0, "axis": "y", "origin": [7.7, 8.5, 6.1]},
			"faces": {
				"north": {"uv": [4.125, 2.375, 3.8125, 3], "texture": "#0"},
				"east": {"uv": [3.8125, 2.375, 3.5, 3], "texture": "#0"},
				"south": {"uv": [4.125, 2.375, 3.8125, 3], "texture": "#0"},
				"west": {"uv": [3.8125, 2.375, 3.5, 3], "texture": "#0"},
				"up": {"uv": [2.3125, 2.625, 2.6375, 2.3125], "texture": "#0"},
				"down": {"uv": [2.3125, 2.625, 2.6375, 2.3125], "texture": "#0"}
			}
		},
		{
			"from": [6.5, 9.8, 4.05],
			"to": [9.5, 11.8, 8.05],
			"rotation": {"angle": -22.5, "axis": "x", "origin": [8, 12.3, 4.6]},
			"faces": {
				"north": {"uv": [3.5, 2.375, 3.875, 2.125], "texture": "#0"},
				"east": {"uv": [4.125, 1.875, 4.625, 1.625], "texture": "#0"},
				"south": {"uv": [4.125, 2.125, 4.5, 1.875], "texture": "#0"},
				"west": {"uv": [4.625, 1.875, 4.125, 1.625], "texture": "#0"},
				"up": {"uv": [3.75, 1.625, 4.125, 2.125], "texture": "#0"},
				"down": {"uv": [3.5, 3, 3.875, 3.5], "texture": "#0"}
			}
		},
		{
			"from": [7, 9.78973, 4.59291],
			"to": [9, 15.78973, 6.59291],
			"rotation": {"angle": -45, "axis": "x", "origin": [8, 11.78973, 5.09291]},
			"faces": {
				"north": {"uv": [8.125, 2.75, 8.375, 3.5], "texture": "#0"},
				"east": {"uv": [8.125, 2.75, 7.875, 3.5], "texture": "#0"},
				"south": {"uv": [8.125, 2.75, 8.375, 3.5], "texture": "#0"},
				"west": {"uv": [7.875, 2.75, 8.125, 3.5], "texture": "#0"},
				"up": {"uv": [1.25, 3.625, 1.5, 3.875], "texture": "#0"},
				"down": {"uv": [1.25, 3.625, 1.5, 3.875], "texture": "#0"}
			}
		},
		{
			"from": [6.75, 24.8, 12.6],
			"to": [9.25, 26.3, 17.6],
			"rotation": {"angle": -22.5, "axis": "x", "origin": [-0.3, 17.8, 13.6]},
			"faces": {
				"north": {"uv": [0, 0, 0.3125, 0.1875], "rotation": 180, "texture": "#0"},
				"east": {"uv": [8.9375, 2.75, 9.125, 2.125], "rotation": 90, "texture": "#0"},
				"south": {"uv": [0, 0, 0.3125, 0.1875], "rotation": 180, "texture": "#0"},
				"west": {"uv": [8.9375, 2.75, 9.125, 2.125], "rotation": 90, "texture": "#0"},
				"up": {"uv": [9.125, 2.75, 9.4375, 2.125], "rotation": 180, "texture": "#0"},
				"down": {"uv": [9.3125, 2.125, 9.625, 1.5], "rotation": 180, "texture": "#0"}
			}
		},
		{
			"from": [6.5, 15, 2],
			"to": [9.5, 21, 4.5],
			"rotation": {"angle": 45, "axis": "x", "origin": [0.5, 15, 11.5]},
			"faces": {
				"north": {"uv": [8.1875, 2.75, 8.5625, 2], "texture": "#0"},
				"east": {"uv": [8.1875, 2.75, 7.875, 2], "texture": "#0"},
				"south": {"uv": [8.5625, 2.75, 8.9375, 2], "texture": "#0"},
				"west": {"uv": [7.875, 2.75, 8.1875, 2], "texture": "#0"},
				"up": {"uv": [8.875, 1.8125, 9.25, 1.5], "texture": "#0"},
				"down": {"uv": [8.875, 1.8125, 9.25, 1.5], "texture": "#0"}
			}
		},
		{
			"from": [6, 11.03417, 2.76583],
			"to": [10, 21.03417, 6.76583],
			"rotation": {"angle": 22.5, "axis": "x", "origin": [7.7, 20.06168, 6.28682]},
			"faces": {
				"north": {"uv": [9.625, 1, 8.375, 0.5], "rotation": 90, "texture": "#0"},
				"east": {"uv": [9.625, 0, 8.375, 0.5], "rotation": 90, "texture": "#0"},
				"south": {"uv": [9.625, 1.5, 8.375, 1], "rotation": 90, "texture": "#0"},
				"west": {"uv": [9.625, 0.5, 8.375, 0], "rotation": 90, "texture": "#0"},
				"up": {"uv": [8.375, 1.5, 8.875, 2], "rotation": 180, "texture": "#0"},
				"down": {"uv": [8.375, 2, 8.875, 1.5], "rotation": 180, "texture": "#0"}
			}
		},
		{
			"from": [6.25, 24.67364, 11.68007],
			"to": [9.75, 28.17364, 13.18007],
			"rotation": {"angle": 22.5, "axis": "x", "origin": [8, 27.44148, 13.49857]},
			"faces": {
				"north": {"uv": [6.8125, 0.9375, 7.25, 0.5], "rotation": 180, "texture": "#0"},
				"east": {"uv": [6.8125, 0.9375, 7.25, 1.125], "rotation": 270, "texture": "#0"},
				"south": {"uv": [6.8125, 0.9375, 7.25, 0.5], "rotation": 180, "texture": "#0"},
				"west": {"uv": [6.8125, 1.125, 7.25, 0.9375], "rotation": 270, "texture": "#0"},
				"up": {"uv": [6.8125, 1.3125, 7.25, 1.125], "texture": "#0"},
				"down": {"uv": [6.8125, 2.1875, 7.25, 2], "texture": "#0"}
			}
		},
		{
			"from": [6.5, 25.22352, 10.89979],
			"to": [9.5, 28.22352, 13.89979],
			"rotation": {"angle": -45, "axis": "x", "origin": [8, 27.44148, 13.49857]},
			"faces": {
				"north": {"uv": [5.9375, 3.625, 6.3125, 3.25], "texture": "#0"},
				"east": {"uv": [6.3125, 3.25, 5.9375, 2.875], "texture": "#0"},
				"south": {"uv": [5.9375, 3.625, 6.3125, 3.25], "texture": "#0"},
				"west": {"uv": [5.9375, 3.25, 6.3125, 2.875], "texture": "#0"}
			}
		},
		{
			"from": [6.25, 24.25983, 11.18518],
			"to": [9.75, 25.75983, 14.68518],
			"rotation": {"angle": -22.5, "axis": "x", "origin": [8, 27.94148, 13.99857]},
			"faces": {
				"north": {"uv": [6.8125, 2.1875, 7.25, 2], "texture": "#0"},
				"east": {"uv": [7.25, 1.125, 6.8125, 0.9375], "texture": "#0"},
				"south": {"uv": [6.8125, 1.3125, 7.25, 1.125], "texture": "#0"},
				"west": {"uv": [6.8125, 1.125, 7.25, 0.9375], "texture": "#0"},
				"up": {"uv": [6.8125, 0.9375, 7.25, 0.5], "texture": "#0"},
				"down": {"uv": [6.8125, 0.5, 7.25, 0.9375], "texture": "#0"}
			}
		},
		{
			"from": [6.25, -9.75983, 11.18518],
			"to": [9.75, -8.25983, 14.68518],
			"rotation": {"angle": 22.5, "axis": "x", "origin": [8, -11.94148, 13.99857]},
			"faces": {
				"north": {"uv": [6.8125, 2, 7.25, 2.1875], "texture": "#0"},
				"east": {"uv": [7.25, 0.9375, 6.8125, 1.125], "texture": "#0"},
				"south": {"uv": [6.8125, 1.125, 7.25, 1.3125], "texture": "#0"},
				"west": {"uv": [6.8125, 0.9375, 7.25, 1.125], "texture": "#0"},
				"up": {"uv": [6.8125, 0.9375, 7.25, 0.5], "texture": "#0"},
				"down": {"uv": [6.8125, 0.5, 7.25, 0.9375], "texture": "#0"}
			}
		},
		{
			"from": [6.95, 26.74877, 13.68551],
			"to": [9.05, 29.24877, 15.68551],
			"rotation": {"angle": 22.5, "axis": "x", "origin": [8, 27.44148, 13.49857]},
			"faces": {
				"north": {"uv": [2.5625, 1.875, 2.25, 2.125], "rotation": 90, "texture": "#0"},
				"east": {"uv": [2.5625, 1.875, 2.25, 1.625], "rotation": 90, "texture": "#0"},
				"south": {"uv": [2.875, 1.875, 2.5625, 2.125], "rotation": 90, "texture": "#0"},
				"west": {"uv": [2.5625, 1.625, 2.25, 1.875], "rotation": 90, "texture": "#0"},
				"up": {"uv": [2.8125, 1.625, 2.5625, 1.875], "rotation": 180, "texture": "#0"},
				"down": {"uv": [3.0625, 1.625, 2.8125, 1.875], "rotation": 180, "texture": "#0"}
			}
		},
		{
			"from": [7.25, 27.28394, 14.69119],
			"to": [8.75, 29.78394, 16.19119],
			"rotation": {"angle": -22.5, "axis": "x", "origin": [8, 27.44148, 13.49857]},
			"faces": {
				"north": {"uv": [2.875, 2.125, 2.5625, 2.3125], "rotation": 90, "texture": "#0"},
				"east": {"uv": [2.5625, 2.3125, 2.25, 2.125], "rotation": 90, "texture": "#0"},
				"south": {"uv": [2.875, 2.125, 2.5625, 2.3125], "rotation": 90, "texture": "#0"},
				"west": {"uv": [2.5625, 2.125, 2.25, 2.3125], "rotation": 90, "texture": "#0"},
				"up": {"uv": [3.0625, 1.875, 2.875, 2.0625], "rotation": 180, "texture": "#0"},
				"down": {"uv": [3.0625, 1.875, 2.875, 2.0625], "rotation": 180, "texture": "#0"}
			}
		},
		{
			"from": [7.4, 29.70232, 12.03196],
			"to": [8.6, 30.70232, 13.53196],
			"rotation": {"angle": 22.5, "axis": "x", "origin": [8, 27.44148, 13.49857]},
			"faces": {
				"north": {"uv": [3.875, 0.5625, 4, 0.4375], "rotation": 180, "texture": "#0"},
				"east": {"uv": [3.6875, 0.6875, 3.875, 0.5625], "rotation": 180, "texture": "#0"},
				"south": {"uv": [3.875, 0.5625, 4, 0.4375], "rotation": 180, "texture": "#0"},
				"west": {"uv": [3.6875, 0.6875, 3.875, 0.5625], "rotation": 180, "texture": "#0"},
				"up": {"uv": [3.6875, 0.5625, 3.875, 0.4375], "rotation": 270, "texture": "#0"},
				"down": {"uv": [3.6875, 0.5625, 3.875, 0.4375], "rotation": 270, "texture": "#0"}
			}
		},
		{
			"from": [7.25, 12.25, 4.85],
			"to": [8.75, 18.75, 6.35],
			"rotation": {"angle": 0, "axis": "y", "origin": [8, 14.5, 6.15]},
			"faces": {
				"north": {"uv": [6.625, 0.5, 6.8125, 1.25], "rotation": 180, "texture": "#0"},
				"east": {"uv": [7.375, 0.3125, 6.625, 0.5], "rotation": 270, "texture": "#0"},
				"south": {"uv": [6.625, 0.5, 6.8125, 1.25], "texture": "#0"},
				"west": {"uv": [6.625, 0.3125, 7.375, 0.5], "rotation": 90, "texture": "#0"},
				"up": {"uv": [6.4375, 0.5, 6.625, 0.6875], "rotation": 180, "texture": "#0"},
				"down": {"uv": [6.4375, 0.5, 6.625, 0.6875], "texture": "#0"}
			}
		},
		{
			"from": [7.5, 11.75, 6.85],
			"to": [8.5, 26.25, 8.35],
			"rotation": {"angle": 22.5, "axis": "x", "origin": [8.2, 14, 8.15]},
			"faces": {
				"north": {"uv": [9.75, 0.1875, 9.625, 2], "texture": "#0"},
				"east": {"uv": [9.625, 0, 11.4375, 0.1875], "rotation": 90, "texture": "#0"},
				"south": {"uv": [9.625, 0.1875, 9.75, 2], "texture": "#0"},
				"west": {"uv": [9.625, 0, 11.4375, 0.1875], "rotation": 90, "texture": "#0"},
				"up": {"uv": [6.4375, 0.5, 6.5625, 0.6875], "rotation": 180, "texture": "#0"},
				"down": {"uv": [6.4375, 0.5, 6.5625, 0.6875], "texture": "#0"}
			}
		},
		{
			"from": [7.5, -10.25, 6.85],
			"to": [8.5, 4.25, 8.35],
			"rotation": {"angle": -22.5, "axis": "x", "origin": [8.2, 2, 8.15]},
			"faces": {
				"north": {"uv": [9.75, 2, 9.625, 0.1875], "texture": "#0"},
				"east": {"uv": [11.4375, 0, 9.625, 0.1875], "rotation": 90, "texture": "#0"},
				"south": {"uv": [9.625, 2, 9.75, 0.1875], "texture": "#0"},
				"west": {"uv": [11.4375, 0, 9.625, 0.1875], "rotation": 90, "texture": "#0"},
				"up": {"uv": [6.4375, 0.6875, 6.5625, 0.5], "texture": "#0"},
				"down": {"uv": [6.4375, 0.6875, 6.5625, 0.5], "rotation": 180, "texture": "#0"}
			}
		},
		{
			"from": [7.25, -2.75, 4.85],
			"to": [8.75, 3.75, 6.35],
			"rotation": {"angle": 0, "axis": "y", "origin": [8, 1.5, 6.15]},
			"faces": {
				"north": {"uv": [6.625, 1.25, 6.8125, 0.5], "rotation": 180, "texture": "#0"},
				"east": {"uv": [6.625, 0.3125, 7.375, 0.5], "rotation": 270, "texture": "#0"},
				"south": {"uv": [6.625, 1.25, 6.8125, 0.5], "texture": "#0"},
				"west": {"uv": [7.375, 0.3125, 6.625, 0.5], "rotation": 90, "texture": "#0"},
				"up": {"uv": [6.4375, 0.6875, 6.625, 0.5], "texture": "#0"},
				"down": {"uv": [6.4375, 0.6875, 6.625, 0.5], "rotation": 180, "texture": "#0"}
			}
		},
		{
			"from": [7.75, 8, 14],
			"to": [8.25, 25, 14.5],
			"rotation": {"angle": 0, "axis": "y", "origin": [8, 24.5, 14.25]},
			"faces": {
				"north": {"uv": [9.75, 0.1875, 9.8125, 2.3125], "texture": "#0"},
				"east": {"uv": [9.75, 0.1875, 9.8125, 2.3125], "texture": "#0"},
				"south": {"uv": [9.75, 0.1875, 9.8125, 2.3125], "texture": "#0"},
				"west": {"uv": [9.75, 0.1875, 9.8125, 2.3125], "texture": "#0"},
				"up": {"uv": [9.75, 0.1875, 9.8125, 0.25], "texture": "#0"},
				"down": {"uv": [9.75, 0.1875, 9.8125, 0.25], "texture": "#0"}
			}
		},
		{
			"from": [7.75, -9, 14],
			"to": [8.25, 8, 14.5],
			"rotation": {"angle": 0, "axis": "y", "origin": [8, -8.5, 14.25]},
			"faces": {
				"north": {"uv": [9.75, 2.3125, 9.8125, 0.1875], "texture": "#0"},
				"east": {"uv": [9.75, 2.3125, 9.8125, 0.1875], "texture": "#0"},
				"south": {"uv": [9.75, 2.3125, 9.8125, 0.1875], "texture": "#0"},
				"west": {"uv": [9.75, 2.3125, 9.8125, 0.1875], "texture": "#0"},
				"up": {"uv": [9.75, 0.25, 9.8125, 0.1875], "texture": "#0"},
				"down": {"uv": [9.75, 0.25, 9.8125, 0.1875], "texture": "#0"}
			}
		},
		{
			"from": [8, 2.5, -15],
			"to": [8, 13, 15.5],
			"rotation": {"angle": 22.5, "axis": "z", "origin": [8, 7.75, 0.25]},
			"faces": {
				"north": {"uv": [0, 6.25, 0.0625, 8.4375], "rotation": 90, "texture": "#missing"},
				"east": {"uv": [14.6875, 2.25, 16, 6.0625], "rotation": 270, "texture": "#0"},
				"south": {"uv": [0, 6.25, 0.0625, 8.4375], "rotation": 270, "texture": "#missing"},
				"west": {"uv": [14.6875, 6.0625, 16, 2.25], "rotation": 270, "texture": "#0"},
				"up": {"uv": [0, 6.25, 0.0625, 8.4375], "rotation": 270, "texture": "#missing"},
				"down": {"uv": [0, 6.25, 0.0625, 8.4375], "rotation": 270, "texture": "#missing"}
			}
		},
		{
			"from": [8, 2.5, -15],
			"to": [8, 13, 15.5],
			"rotation": {"angle": -22.5, "axis": "z", "origin": [8, 7.75, 0.25]},
			"faces": {
				"north": {"uv": [0, 6.25, 0.0625, 8.4375], "rotation": 90, "texture": "#missing"},
				"east": {"uv": [14.6875, 2.25, 16, 6.0625], "rotation": 270, "texture": "#0"},
				"south": {"uv": [0, 6.25, 0.0625, 8.4375], "rotation": 270, "texture": "#missing"},
				"west": {"uv": [14.6875, 6.0625, 16, 2.25], "rotation": 270, "texture": "#0"},
				"up": {"uv": [0, 6.25, 0.0625, 8.4375], "rotation": 270, "texture": "#missing"},
				"down": {"uv": [0, 6.25, 0.0625, 8.4375], "rotation": 270, "texture": "#missing"}
			}
		},
		{
			"from": [6.52754, 14, -0.39564],
			"to": [9.52754, 16.5, 1.60436],
			"rotation": {"angle": 0, "axis": "y", "origin": [7, 15.07939, 1.38038]},
			"faces": {
				"north": {"uv": [6.25, 4.375, 5.875, 4.6875], "rotation": 180, "texture": "#0"},
				"east": {"uv": [6.6875, 4.375, 6.375, 4.625], "rotation": 270, "texture": "#0"},
				"south": {"uv": [6.25, 4.6875, 5.875, 4.375], "rotation": 180, "texture": "#0"},
				"west": {"uv": [6.375, 4.375, 6.6875, 4.625], "rotation": 270, "texture": "#0"},
				"up": {"uv": [6.25, 4.9375, 5.875, 4.6875], "texture": "#0"},
				"down": {"uv": [6.25, 4.6875, 5.875, 4.9375], "texture": "#0"}
			}
		},
		{
			"from": [5.92754, 14.27939, 0.10436],
			"to": [7.42754, 16.27939, 2.10436],
			"rotation": {"angle": 22.5, "axis": "y", "origin": [5.9, 15.27939, 1.88038]},
			"faces": {
				"north": {"uv": [6.5625, 4.625, 6.375, 4.875], "rotation": 180, "texture": "#0"},
				"east": {"uv": [6.9375, 4.625, 6.6875, 4.875], "rotation": 270, "texture": "#0"},
				"south": {"uv": [6.5625, 4.625, 6.375, 4.875], "rotation": 180, "texture": "#0"},
				"west": {"uv": [6.9375, 4.625, 6.6875, 4.875], "rotation": 270, "texture": "#0"},
				"up": {"uv": [6.875, 4.375, 6.6875, 4.625], "texture": "#0"},
				"down": {"uv": [6.875, 4.625, 6.6875, 4.375], "texture": "#0"}
			}
		},
		{
			"from": [4.79537, 14.52939, 0.71598],
			"to": [6.29537, 16.02939, 3.21598],
			"rotation": {"angle": -22.5, "axis": "y", "origin": [5.9, 15.27939, 1.88038]},
			"faces": {
				"north": {"uv": [3.0625, 1.875, 2.875, 2.0625], "rotation": 270, "texture": "#0"},
				"east": {"uv": [2.875, 2.125, 2.5625, 2.3125], "texture": "#0"},
				"south": {"uv": [3.0625, 1.875, 2.875, 2.0625], "rotation": 270, "texture": "#0"},
				"west": {"uv": [2.875, 2.125, 2.5625, 2.3125], "rotation": 180, "texture": "#0"},
				"up": {"uv": [2.5625, 2.125, 2.25, 2.3125], "rotation": 270, "texture": "#0"},
				"down": {"uv": [2.5625, 2.3125, 2.25, 2.125], "rotation": 90, "texture": "#0"}
			}
		},
		{
			"from": [4.47399, 14.67939, 2.25791],
			"to": [5.47399, 15.87939, 3.75791],
			"rotation": {"angle": 22.5, "axis": "y", "origin": [5.9, 15.27939, 1.88038]},
			"faces": {
				"north": {"uv": [3.875, 0.5625, 4, 0.4375], "rotation": 270, "texture": "#0"},
				"east": {"uv": [3.6875, 0.5625, 3.875, 0.4375], "texture": "#0"},
				"south": {"uv": [3.875, 0.5625, 4, 0.4375], "rotation": 90, "texture": "#0"},
				"west": {"uv": [3.6875, 0.5625, 3.875, 0.4375], "texture": "#0"},
				"up": {"uv": [3.6875, 0.6875, 3.875, 0.5625], "rotation": 90, "texture": "#0"},
				"down": {"uv": [3.6875, 0.6875, 3.875, 0.5625], "rotation": 90, "texture": "#0"}
			}
		},
		{
			"from": [10.52601, 14.67939, 2.25791],
			"to": [11.52601, 15.87939, 3.75791],
			"rotation": {"angle": -22.5, "axis": "y", "origin": [10.1, 15.27939, 1.88038]},
			"faces": {
				"north": {"uv": [3.875, 0.4375, 4, 0.5625], "rotation": 270, "texture": "#0"},
				"east": {"uv": [3.875, 0.5625, 3.6875, 0.4375], "texture": "#0"},
				"south": {"uv": [3.875, 0.4375, 4, 0.5625], "rotation": 90, "texture": "#0"},
				"west": {"uv": [3.875, 0.5625, 3.6875, 0.4375], "texture": "#0"},
				"up": {"uv": [3.6875, 0.5625, 3.875, 0.6875], "rotation": 90, "texture": "#0"},
				"down": {"uv": [3.6875, 0.5625, 3.875, 0.6875], "rotation": 90, "texture": "#0"}
			}
		},
		{
			"from": [9.70463, 14.52939, 0.71598],
			"to": [11.20463, 16.02939, 3.21598],
			"rotation": {"angle": 22.5, "axis": "y", "origin": [10.1, 15.27939, 1.88038]},
			"faces": {
				"north": {"uv": [3.0625, 2.0625, 2.875, 1.875], "rotation": 270, "texture": "#0"},
				"east": {"uv": [2.5625, 2.125, 2.875, 2.3125], "rotation": 180, "texture": "#0"},
				"south": {"uv": [3.0625, 2.0625, 2.875, 1.875], "rotation": 270, "texture": "#0"},
				"west": {"uv": [2.5625, 2.125, 2.875, 2.3125], "texture": "#0"},
				"up": {"uv": [2.5625, 2.3125, 2.25, 2.125], "rotation": 270, "texture": "#0"},
				"down": {"uv": [2.5625, 2.125, 2.25, 2.3125], "rotation": 90, "texture": "#0"}
			}
		},
		{
			"from": [8.57246, 14.27939, 0.10436],
			"to": [10.07246, 16.27939, 2.10436],
			"rotation": {"angle": -22.5, "axis": "y", "origin": [10.1, 15.27939, 1.88038]},
			"faces": {
				"north": {"uv": [6.375, 4.625, 6.5625, 4.875], "rotation": 180, "texture": "#0"},
				"east": {"uv": [6.9375, 4.875, 6.6875, 4.625], "rotation": 270, "texture": "#0"},
				"south": {"uv": [6.375, 4.625, 6.5625, 4.875], "rotation": 180, "texture": "#0"},
				"west": {"uv": [6.9375, 4.875, 6.6875, 4.625], "rotation": 270, "texture": "#0"},
				"up": {"uv": [6.6875, 4.375, 6.875, 4.625], "texture": "#0"},
				"down": {"uv": [6.6875, 4.625, 6.875, 4.375], "texture": "#0"}
			}
		},
		{
			"from": [4.47399, 20.87939, 4.95791],
			"to": [5.47399, 22.07939, 6.45791],
			"rotation": {"angle": 22.5, "axis": "y", "origin": [5.9, 21.47939, 4.58038]},
			"faces": {
				"north": {"uv": [3.875, 0.5625, 4, 0.4375], "rotation": 270, "texture": "#0"},
				"east": {"uv": [3.6875, 0.5625, 3.875, 0.4375], "texture": "#0"},
				"south": {"uv": [3.875, 0.5625, 4, 0.4375], "rotation": 90, "texture": "#0"},
				"west": {"uv": [3.6875, 0.5625, 3.875, 0.4375], "texture": "#0"},
				"up": {"uv": [3.6875, 0.6875, 3.875, 0.5625], "rotation": 90, "texture": "#0"},
				"down": {"uv": [3.6875, 0.6875, 3.875, 0.5625], "rotation": 90, "texture": "#0"}
			}
		},
		{
			"from": [4.79537, 20.72939, 3.41598],
			"to": [6.29537, 22.22939, 5.91598],
			"rotation": {"angle": -22.5, "axis": "y", "origin": [5.9, 21.47939, 4.58038]},
			"faces": {
				"north": {"uv": [3.0625, 1.875, 2.875, 2.0625], "rotation": 270, "texture": "#0"},
				"east": {"uv": [2.875, 2.125, 2.5625, 2.3125], "texture": "#0"},
				"south": {"uv": [3.0625, 1.875, 2.875, 2.0625], "rotation": 270, "texture": "#0"},
				"west": {"uv": [2.875, 2.125, 2.5625, 2.3125], "rotation": 180, "texture": "#0"},
				"up": {"uv": [2.5625, 2.125, 2.25, 2.3125], "rotation": 270, "texture": "#0"},
				"down": {"uv": [2.5625, 2.3125, 2.25, 2.125], "rotation": 90, "texture": "#0"}
			}
		},
		{
			"from": [5.92754, 20.47939, 2.80436],
			"to": [7.42754, 22.47939, 4.80436],
			"rotation": {"angle": 22.5, "axis": "y", "origin": [5.9, 21.47939, 4.58038]},
			"faces": {
				"north": {"uv": [6.5625, 4.625, 6.375, 4.875], "rotation": 180, "texture": "#0"},
				"east": {"uv": [6.9375, 4.625, 6.6875, 4.875], "rotation": 270, "texture": "#0"},
				"south": {"uv": [6.5625, 4.625, 6.375, 4.875], "rotation": 180, "texture": "#0"},
				"west": {"uv": [6.9375, 4.625, 6.6875, 4.875], "rotation": 270, "texture": "#0"},
				"up": {"uv": [6.875, 4.375, 6.6875, 4.625], "texture": "#0"},
				"down": {"uv": [6.875, 4.625, 6.6875, 4.375], "texture": "#0"}
			}
		},
		{
			"from": [6.52754, 20.2, 2.30436],
			"to": [9.52754, 22.7, 4.30436],
			"rotation": {"angle": 0, "axis": "y", "origin": [7, 21.27939, 4.08038]},
			"faces": {
				"north": {"uv": [6.25, 4.375, 5.875, 4.6875], "rotation": 180, "texture": "#0"},
				"east": {"uv": [6.6875, 4.375, 6.375, 4.625], "rotation": 270, "texture": "#0"},
				"south": {"uv": [6.25, 4.6875, 5.875, 4.375], "rotation": 180, "texture": "#0"},
				"west": {"uv": [6.375, 4.375, 6.6875, 4.625], "rotation": 270, "texture": "#0"},
				"up": {"uv": [6.25, 4.9375, 5.875, 4.6875], "texture": "#0"},
				"down": {"uv": [6.25, 4.6875, 5.875, 4.9375], "texture": "#0"}
			}
		},
		{
			"from": [8.57246, 20.47939, 2.80436],
			"to": [10.07246, 22.47939, 4.80436],
			"rotation": {"angle": -22.5, "axis": "y", "origin": [10.1, 21.47939, 4.58038]},
			"faces": {
				"north": {"uv": [6.375, 4.625, 6.5625, 4.875], "rotation": 180, "texture": "#0"},
				"east": {"uv": [6.9375, 4.875, 6.6875, 4.625], "rotation": 270, "texture": "#0"},
				"south": {"uv": [6.375, 4.625, 6.5625, 4.875], "rotation": 180, "texture": "#0"},
				"west": {"uv": [6.9375, 4.875, 6.6875, 4.625], "rotation": 270, "texture": "#0"},
				"up": {"uv": [6.6875, 4.375, 6.875, 4.625], "texture": "#0"},
				"down": {"uv": [6.6875, 4.625, 6.875, 4.375], "texture": "#0"}
			}
		},
		{
			"from": [9.70463, 20.72939, 3.41598],
			"to": [11.20463, 22.22939, 5.91598],
			"rotation": {"angle": 22.5, "axis": "y", "origin": [10.1, 21.47939, 4.58038]},
			"faces": {
				"north": {"uv": [3.0625, 2.0625, 2.875, 1.875], "rotation": 270, "texture": "#0"},
				"east": {"uv": [2.5625, 2.125, 2.875, 2.3125], "rotation": 180, "texture": "#0"},
				"south": {"uv": [3.0625, 2.0625, 2.875, 1.875], "rotation": 270, "texture": "#0"},
				"west": {"uv": [2.5625, 2.125, 2.875, 2.3125], "texture": "#0"},
				"up": {"uv": [2.5625, 2.3125, 2.25, 2.125], "rotation": 270, "texture": "#0"},
				"down": {"uv": [2.5625, 2.125, 2.25, 2.3125], "rotation": 90, "texture": "#0"}
			}
		},
		{
			"from": [10.52601, 20.87939, 4.95791],
			"to": [11.52601, 22.07939, 6.45791],
			"rotation": {"angle": -22.5, "axis": "y", "origin": [10.1, 21.47939, 4.58038]},
			"faces": {
				"north": {"uv": [3.875, 0.4375, 4, 0.5625], "rotation": 270, "texture": "#0"},
				"east": {"uv": [3.875, 0.5625, 3.6875, 0.4375], "texture": "#0"},
				"south": {"uv": [3.875, 0.4375, 4, 0.5625], "rotation": 90, "texture": "#0"},
				"west": {"uv": [3.875, 0.5625, 3.6875, 0.4375], "texture": "#0"},
				"up": {"uv": [3.6875, 0.5625, 3.875, 0.6875], "rotation": 90, "texture": "#0"},
				"down": {"uv": [3.6875, 0.5625, 3.875, 0.6875], "rotation": 90, "texture": "#0"}
			}
		},
		{
			"from": [6.5, -5, 2],
			"to": [9.5, 1, 4.5],
			"rotation": {"angle": -45, "axis": "x", "origin": [0.5, 1, 11.5]},
			"faces": {
				"north": {"uv": [8.1875, 2, 8.5625, 2.75], "texture": "#0"},
				"east": {"uv": [8.1875, 2, 7.875, 2.75], "texture": "#0"},
				"south": {"uv": [8.5625, 2, 8.9375, 2.75], "texture": "#0"},
				"west": {"uv": [7.875, 2, 8.1875, 2.75], "texture": "#0"},
				"up": {"uv": [8.875, 1.5, 9.25, 1.8125], "texture": "#0"},
				"down": {"uv": [8.875, 1.5, 9.25, 1.8125], "texture": "#0"}
			}
		},
		{
			"from": [6, -5.03417, 2.76583],
			"to": [10, 4.96583, 6.76583],
			"rotation": {"angle": -22.5, "axis": "x", "origin": [7.7, -4.06168, 6.28682]},
			"faces": {
				"north": {"uv": [8.375, 1, 9.625, 0.5], "rotation": 90, "texture": "#0"},
				"east": {"uv": [8.375, 0, 9.625, 0.5], "rotation": 90, "texture": "#0"},
				"south": {"uv": [8.375, 1.5, 9.625, 1], "rotation": 90, "texture": "#0"},
				"west": {"uv": [8.375, 0.5, 9.625, 0], "rotation": 90, "texture": "#0"},
				"up": {"uv": [8.375, 1.5, 8.875, 2], "rotation": 180, "texture": "#0"},
				"down": {"uv": [8.375, 2, 8.875, 1.5], "rotation": 180, "texture": "#0"}
			}
		},
		{
			"from": [8.24864, 2.71768, -4.28097],
			"to": [8.24864, 5.71768, -0.78097],
			"rotation": {"angle": 0, "axis": "y", "origin": [8, 3.93865, -0.91962]},
			"faces": {
				"north": {"uv": [2.5625, 0.6875, 3, 1.1875], "texture": "#0"},
				"east": {"uv": [4.4375, 0.4375, 4.0625, 0], "rotation": 90, "texture": "#0"},
				"south": {"uv": [2.5625, 0.6875, 3, 1.1875], "rotation": 180, "texture": "#0"},
				"west": {"uv": [4.0625, 0.4375, 4.4375, 0], "rotation": 270, "texture": "#0"},
				"up": {"uv": [2.125, 4.75, 1.6875, 4.5625], "texture": "#0"},
				"down": {"uv": [2.125, 4.75, 1.6875, 4.5625], "rotation": 180, "texture": "#0"}
			}
		},
		{
			"from": [7.75136, 2.71768, -4.28097],
			"to": [7.75136, 5.71768, -0.78097],
			"rotation": {"angle": 0, "axis": "y", "origin": [8, 3.93865, -0.91962]},
			"faces": {
				"north": {"uv": [3, 0.6875, 2.5625, 1.1875], "texture": "#0"},
				"east": {"uv": [4.4375, 0.4375, 4.0625, 0], "rotation": 90, "texture": "#0"},
				"south": {"uv": [3, 0.6875, 2.5625, 1.1875], "rotation": 180, "texture": "#0"},
				"west": {"uv": [4.0625, 0.4375, 4.4375, 0], "rotation": 270, "texture": "#0"},
				"up": {"uv": [1.6875, 4.75, 2.125, 4.5625], "texture": "#0"},
				"down": {"uv": [1.6875, 4.75, 2.125, 4.5625], "rotation": 180, "texture": "#0"}
			}
		},
		{
			"from": [7, 1.2985, -1.03099],
			"to": [9, 3.7985, 0.96901],
			"rotation": {"angle": -45, "axis": "x", "origin": [8, 3.93865, -0.91962]},
			"faces": {
				"north": {"uv": [2.5625, 1.875, 2.25, 2.125], "rotation": 90, "texture": "#0"},
				"east": {"uv": [2.5625, 1.875, 2.25, 1.625], "rotation": 90, "texture": "#0"},
				"south": {"uv": [2.875, 1.875, 2.5625, 2.125], "rotation": 90, "texture": "#0"},
				"west": {"uv": [2.5625, 1.625, 2.25, 1.875], "rotation": 90, "texture": "#0"},
				"up": {"uv": [2.8125, 1.625, 2.5625, 1.875], "rotation": 180, "texture": "#0"},
				"down": {"uv": [3.0625, 1.625, 2.8125, 1.875], "rotation": 180, "texture": "#0"}
			}
		},
		{
			"from": [7.25, 3.54328, -2.09597],
			"to": [8.75, 5.04328, 0.40403],
			"rotation": {"angle": 0, "axis": "y", "origin": [8, 3.93865, -0.91962]},
			"faces": {
				"north": {"uv": [3.0625, 1.875, 2.875, 2.0625], "texture": "#0"},
				"east": {"uv": [2.5625, 2.3125, 2.25, 2.125], "rotation": 180, "texture": "#0"},
				"south": {"uv": [3.0625, 1.875, 2.875, 2.0625], "rotation": 180, "texture": "#0"},
				"west": {"uv": [2.5625, 2.125, 2.25, 2.3125], "texture": "#0"},
				"up": {"uv": [2.875, 2.125, 2.5625, 2.3125], "rotation": 90, "texture": "#0"},
				"down": {"uv": [2.875, 2.125, 2.5625, 2.3125], "rotation": 270, "texture": "#0"}
			}
		},
		{
			"from": [7.4, 4.25205, -2.68455],
			"to": [8.6, 5.25205, -1.18455],
			"rotation": {"angle": -45, "axis": "x", "origin": [8, 3.93865, -0.91962]},
			"faces": {
				"north": {"uv": [3.875, 0.5625, 4, 0.4375], "rotation": 180, "texture": "#0"},
				"east": {"uv": [3.6875, 0.6875, 3.875, 0.5625], "rotation": 180, "texture": "#0"},
				"south": {"uv": [3.875, 0.5625, 4, 0.4375], "rotation": 180, "texture": "#0"},
				"west": {"uv": [3.6875, 0.6875, 3.875, 0.5625], "rotation": 180, "texture": "#0"},
				"up": {"uv": [3.6875, 0.5625, 3.875, 0.4375], "rotation": 270, "texture": "#0"},
				"down": {"uv": [3.6875, 0.5625, 3.875, 0.4375], "rotation": 270, "texture": "#0"}
			}
		},
		{
			"from": [7, 0.21027, 4.59291],
			"to": [9, 6.21027, 6.59291],
			"rotation": {"angle": 45, "axis": "x", "origin": [8, 4.21027, 5.09291]},
			"faces": {
				"north": {"uv": [8.125, 3.5, 8.375, 2.75], "texture": "#0"},
				"east": {"uv": [8.125, 3.5, 7.875, 2.75], "texture": "#0"},
				"south": {"uv": [8.125, 3.5, 8.375, 2.75], "texture": "#0"},
				"west": {"uv": [7.875, 3.5, 8.125, 2.75], "texture": "#0"},
				"up": {"uv": [1.25, 3.875, 1.5, 3.625], "texture": "#0"},
				"down": {"uv": [1.25, 3.875, 1.5, 3.625], "texture": "#0"}
			}
		},
		{
			"from": [4.47399, 0.12061, 2.25791],
			"to": [5.47399, 1.32061, 3.75791],
			"rotation": {"angle": 22.5, "axis": "y", "origin": [5.9, 0.72061, 1.88038]},
			"faces": {
				"north": {"uv": [4, 0.5625, 3.875, 0.4375], "rotation": 270, "texture": "#0"},
				"east": {"uv": [3.6875, 0.4375, 3.875, 0.5625], "texture": "#0"},
				"south": {"uv": [4, 0.5625, 3.875, 0.4375], "rotation": 90, "texture": "#0"},
				"west": {"uv": [3.6875, 0.4375, 3.875, 0.5625], "texture": "#0"},
				"up": {"uv": [3.875, 0.6875, 3.6875, 0.5625], "rotation": 90, "texture": "#0"},
				"down": {"uv": [3.875, 0.6875, 3.6875, 0.5625], "rotation": 90, "texture": "#0"}
			}
		},
		{
			"from": [4.79537, -0.02939, 0.71598],
			"to": [6.29537, 1.47061, 3.21598],
			"rotation": {"angle": -22.5, "axis": "y", "origin": [5.9, 0.72061, 1.88038]},
			"faces": {
				"north": {"uv": [2.875, 1.875, 3.0625, 2.0625], "rotation": 270, "texture": "#0"},
				"east": {"uv": [2.875, 2.3125, 2.5625, 2.125], "texture": "#0"},
				"south": {"uv": [2.875, 1.875, 3.0625, 2.0625], "rotation": 270, "texture": "#0"},
				"west": {"uv": [2.875, 2.3125, 2.5625, 2.125], "rotation": 180, "texture": "#0"},
				"up": {"uv": [2.25, 2.3125, 2.5625, 2.125], "rotation": 90, "texture": "#0"},
				"down": {"uv": [2.25, 2.125, 2.5625, 2.3125], "rotation": 270, "texture": "#0"}
			}
		},
		{
			"from": [5.92754, -0.27939, 0.10436],
			"to": [7.42754, 1.72061, 2.10436],
			"rotation": {"angle": 22.5, "axis": "y", "origin": [5.9, 0.72061, 1.88038]},
			"faces": {
				"north": {"uv": [6.5625, 4.875, 6.375, 4.625], "rotation": 180, "texture": "#0"},
				"east": {"uv": [6.6875, 4.625, 6.9375, 4.875], "rotation": 270, "texture": "#0"},
				"south": {"uv": [6.5625, 4.875, 6.375, 4.625], "rotation": 180, "texture": "#0"},
				"west": {"uv": [6.6875, 4.625, 6.9375, 4.875], "rotation": 270, "texture": "#0"},
				"up": {"uv": [6.875, 4.375, 6.6875, 4.625], "texture": "#0"},
				"down": {"uv": [6.875, 4.625, 6.6875, 4.375], "texture": "#0"}
			}
		},
		{
			"from": [6.52754, -0.5, -0.39564],
			"to": [9.52754, 2, 1.60436],
			"rotation": {"angle": 0, "axis": "y", "origin": [7, 0.92061, 1.38038]},
			"faces": {
				"north": {"uv": [6.25, 4.6875, 5.875, 4.375], "rotation": 180, "texture": "#0"},
				"east": {"uv": [6.375, 4.375, 6.6875, 4.625], "rotation": 270, "texture": "#0"},
				"south": {"uv": [6.25, 4.375, 5.875, 4.6875], "rotation": 180, "texture": "#0"},
				"west": {"uv": [6.6875, 4.375, 6.375, 4.625], "rotation": 270, "texture": "#0"},
				"up": {"uv": [6.25, 4.9375, 5.875, 4.6875], "texture": "#0"},
				"down": {"uv": [6.25, 4.6875, 5.875, 4.9375], "texture": "#0"}
			}
		},
		{
			"from": [8.57246, -0.27939, 0.10436],
			"to": [10.07246, 1.72061, 2.10436],
			"rotation": {"angle": -22.5, "axis": "y", "origin": [10.1, 0.72061, 1.88038]},
			"faces": {
				"north": {"uv": [6.375, 4.875, 6.5625, 4.625], "rotation": 180, "texture": "#0"},
				"east": {"uv": [6.6875, 4.875, 6.9375, 4.625], "rotation": 270, "texture": "#0"},
				"south": {"uv": [6.375, 4.875, 6.5625, 4.625], "rotation": 180, "texture": "#0"},
				"west": {"uv": [6.6875, 4.875, 6.9375, 4.625], "rotation": 270, "texture": "#0"},
				"up": {"uv": [6.6875, 4.375, 6.875, 4.625], "texture": "#0"},
				"down": {"uv": [6.6875, 4.625, 6.875, 4.375], "texture": "#0"}
			}
		},
		{
			"from": [9.70463, -0.02939, 0.71598],
			"to": [11.20463, 1.47061, 3.21598],
			"rotation": {"angle": 22.5, "axis": "y", "origin": [10.1, 0.72061, 1.88038]},
			"faces": {
				"north": {"uv": [2.875, 2.0625, 3.0625, 1.875], "rotation": 270, "texture": "#0"},
				"east": {"uv": [2.5625, 2.3125, 2.875, 2.125], "rotation": 180, "texture": "#0"},
				"south": {"uv": [2.875, 2.0625, 3.0625, 1.875], "rotation": 270, "texture": "#0"},
				"west": {"uv": [2.5625, 2.3125, 2.875, 2.125], "texture": "#0"},
				"up": {"uv": [2.25, 2.125, 2.5625, 2.3125], "rotation": 90, "texture": "#0"},
				"down": {"uv": [2.25, 2.3125, 2.5625, 2.125], "rotation": 270, "texture": "#0"}
			}
		},
		{
			"from": [10.52601, 0.12061, 2.25791],
			"to": [11.52601, 1.32061, 3.75791],
			"rotation": {"angle": -22.5, "axis": "y", "origin": [10.1, 0.72061, 1.88038]},
			"faces": {
				"north": {"uv": [4, 0.4375, 3.875, 0.5625], "rotation": 270, "texture": "#0"},
				"east": {"uv": [3.875, 0.4375, 3.6875, 0.5625], "texture": "#0"},
				"south": {"uv": [4, 0.4375, 3.875, 0.5625], "rotation": 90, "texture": "#0"},
				"west": {"uv": [3.875, 0.4375, 3.6875, 0.5625], "texture": "#0"},
				"up": {"uv": [3.875, 0.5625, 3.6875, 0.6875], "rotation": 90, "texture": "#0"},
				"down": {"uv": [3.875, 0.5625, 3.6875, 0.6875], "rotation": 90, "texture": "#0"}
			}
		},
		{
			"from": [7.25, -2.75, 4.85],
			"to": [8.75, 3.75, 6.35],
			"rotation": {"angle": 0, "axis": "y", "origin": [8, 1.5, 6.15]},
			"faces": {
				"north": {"uv": [6.625, 1.25, 6.8125, 0.5], "rotation": 180, "texture": "#0"},
				"east": {"uv": [6.625, 0.3125, 7.375, 0.5], "rotation": 270, "texture": "#0"},
				"south": {"uv": [6.625, 1.25, 6.8125, 0.5], "texture": "#0"},
				"west": {"uv": [7.375, 0.3125, 6.625, 0.5], "rotation": 90, "texture": "#0"},
				"up": {"uv": [6.4375, 0.6875, 6.625, 0.5], "texture": "#0"},
				"down": {"uv": [6.4375, 0.6875, 6.625, 0.5], "rotation": 180, "texture": "#0"}
			}
		},
		{
			"from": [10.52601, -6.07939, 4.95791],
			"to": [11.52601, -4.87939, 6.45791],
			"rotation": {"angle": -22.5, "axis": "y", "origin": [10.1, -5.47939, 4.58038]},
			"faces": {
				"north": {"uv": [4, 0.4375, 3.875, 0.5625], "rotation": 270, "texture": "#0"},
				"east": {"uv": [3.875, 0.4375, 3.6875, 0.5625], "texture": "#0"},
				"south": {"uv": [4, 0.4375, 3.875, 0.5625], "rotation": 90, "texture": "#0"},
				"west": {"uv": [3.875, 0.4375, 3.6875, 0.5625], "texture": "#0"},
				"up": {"uv": [3.875, 0.5625, 3.6875, 0.6875], "rotation": 90, "texture": "#0"},
				"down": {"uv": [3.875, 0.5625, 3.6875, 0.6875], "rotation": 90, "texture": "#0"}
			}
		},
		{
			"from": [9.70463, -6.22939, 3.41598],
			"to": [11.20463, -4.72939, 5.91598],
			"rotation": {"angle": 22.5, "axis": "y", "origin": [10.1, -5.47939, 4.58038]},
			"faces": {
				"north": {"uv": [2.875, 2.0625, 3.0625, 1.875], "rotation": 270, "texture": "#0"},
				"east": {"uv": [2.5625, 2.3125, 2.875, 2.125], "rotation": 180, "texture": "#0"},
				"south": {"uv": [2.875, 2.0625, 3.0625, 1.875], "rotation": 270, "texture": "#0"},
				"west": {"uv": [2.5625, 2.3125, 2.875, 2.125], "texture": "#0"},
				"up": {"uv": [2.25, 2.125, 2.5625, 2.3125], "rotation": 90, "texture": "#0"},
				"down": {"uv": [2.25, 2.3125, 2.5625, 2.125], "rotation": 270, "texture": "#0"}
			}
		},
		{
			"from": [8.57246, -6.47939, 2.80436],
			"to": [10.07246, -4.47939, 4.80436],
			"rotation": {"angle": -22.5, "axis": "y", "origin": [10.1, -5.47939, 4.58038]},
			"faces": {
				"north": {"uv": [6.375, 4.875, 6.5625, 4.625], "rotation": 180, "texture": "#0"},
				"east": {"uv": [6.6875, 4.875, 6.9375, 4.625], "rotation": 270, "texture": "#0"},
				"south": {"uv": [6.375, 4.875, 6.5625, 4.625], "rotation": 180, "texture": "#0"},
				"west": {"uv": [6.6875, 4.875, 6.9375, 4.625], "rotation": 270, "texture": "#0"},
				"up": {"uv": [6.6875, 4.375, 6.875, 4.625], "texture": "#0"},
				"down": {"uv": [6.6875, 4.625, 6.875, 4.375], "texture": "#0"}
			}
		},
		{
			"from": [6.52754, -6.7, 2.30436],
			"to": [9.52754, -4.2, 4.30436],
			"rotation": {"angle": 0, "axis": "y", "origin": [7, -5.27939, 4.08038]},
			"faces": {
				"north": {"uv": [6.25, 4.6875, 5.875, 4.375], "rotation": 180, "texture": "#0"},
				"east": {"uv": [6.375, 4.375, 6.6875, 4.625], "rotation": 270, "texture": "#0"},
				"south": {"uv": [6.25, 4.375, 5.875, 4.6875], "rotation": 180, "texture": "#0"},
				"west": {"uv": [6.6875, 4.375, 6.375, 4.625], "rotation": 270, "texture": "#0"},
				"up": {"uv": [6.25, 4.9375, 5.875, 4.6875], "texture": "#0"},
				"down": {"uv": [6.25, 4.6875, 5.875, 4.9375], "texture": "#0"}
			}
		},
		{
			"from": [5.92754, -6.47939, 2.80436],
			"to": [7.42754, -4.47939, 4.80436],
			"rotation": {"angle": 22.5, "axis": "y", "origin": [5.9, -5.47939, 4.58038]},
			"faces": {
				"north": {"uv": [6.5625, 4.875, 6.375, 4.625], "rotation": 180, "texture": "#0"},
				"east": {"uv": [6.6875, 4.625, 6.9375, 4.875], "rotation": 270, "texture": "#0"},
				"south": {"uv": [6.5625, 4.875, 6.375, 4.625], "rotation": 180, "texture": "#0"},
				"west": {"uv": [6.6875, 4.625, 6.9375, 4.875], "rotation": 270, "texture": "#0"},
				"up": {"uv": [6.875, 4.375, 6.6875, 4.625], "texture": "#0"},
				"down": {"uv": [6.875, 4.625, 6.6875, 4.375], "texture": "#0"}
			}
		},
		{
			"from": [4.79537, -6.22939, 3.41598],
			"to": [6.29537, -4.72939, 5.91598],
			"rotation": {"angle": -22.5, "axis": "y", "origin": [5.9, -5.47939, 4.58038]},
			"faces": {
				"north": {"uv": [2.875, 1.875, 3.0625, 2.0625], "rotation": 270, "texture": "#0"},
				"east": {"uv": [2.875, 2.3125, 2.5625, 2.125], "texture": "#0"},
				"south": {"uv": [2.875, 1.875, 3.0625, 2.0625], "rotation": 270, "texture": "#0"},
				"west": {"uv": [2.875, 2.3125, 2.5625, 2.125], "rotation": 180, "texture": "#0"},
				"up": {"uv": [2.25, 2.3125, 2.5625, 2.125], "rotation": 90, "texture": "#0"},
				"down": {"uv": [2.25, 2.125, 2.5625, 2.3125], "rotation": 270, "texture": "#0"}
			}
		},
		{
			"from": [4.47399, -6.07939, 4.95791],
			"to": [5.47399, -4.87939, 6.45791],
			"rotation": {"angle": 22.5, "axis": "y", "origin": [5.9, -5.47939, 4.58038]},
			"faces": {
				"north": {"uv": [4, 0.5625, 3.875, 0.4375], "rotation": 270, "texture": "#0"},
				"east": {"uv": [3.6875, 0.4375, 3.875, 0.5625], "texture": "#0"},
				"south": {"uv": [4, 0.5625, 3.875, 0.4375], "rotation": 90, "texture": "#0"},
				"west": {"uv": [3.6875, 0.4375, 3.875, 0.5625], "texture": "#0"},
				"up": {"uv": [3.875, 0.6875, 3.6875, 0.5625], "rotation": 90, "texture": "#0"},
				"down": {"uv": [3.875, 0.6875, 3.6875, 0.5625], "rotation": 90, "texture": "#0"}
			}
		},
		{
			"from": [6.75, -10.3, 12.6],
			"to": [9.25, -8.8, 17.6],
			"rotation": {"angle": 22.5, "axis": "x", "origin": [-0.3, -1.8, 13.6]},
			"faces": {
				"north": {"uv": [0, 0.1875, 0.3125, 0], "rotation": 180, "texture": "#0"},
				"east": {"uv": [9.125, 2.75, 8.9375, 2.125], "rotation": 90, "texture": "#0"},
				"south": {"uv": [0, 0.1875, 0.3125, 0], "rotation": 180, "texture": "#0"},
				"west": {"uv": [9.125, 2.75, 8.9375, 2.125], "rotation": 90, "texture": "#0"},
				"up": {"uv": [9.3125, 1.5, 9.625, 2.125], "rotation": 180, "texture": "#0"},
				"down": {"uv": [9.125, 2.125, 9.4375, 2.75], "rotation": 180, "texture": "#0"}
			}
		},
		{
			"from": [10.52601, 0.12061, 2.25791],
			"to": [11.52601, 1.32061, 3.75791],
			"rotation": {"angle": -22.5, "axis": "y", "origin": [10.1, 0.72061, 1.88038]},
			"faces": {
				"north": {"uv": [4, 0.4375, 3.875, 0.5625], "rotation": 270, "texture": "#0"},
				"east": {"uv": [3.875, 0.4375, 3.6875, 0.5625], "texture": "#0"},
				"south": {"uv": [4, 0.4375, 3.875, 0.5625], "rotation": 90, "texture": "#0"},
				"west": {"uv": [3.875, 0.4375, 3.6875, 0.5625], "texture": "#0"},
				"up": {"uv": [3.875, 0.5625, 3.6875, 0.6875], "rotation": 90, "texture": "#0"},
				"down": {"uv": [3.875, 0.5625, 3.6875, 0.6875], "rotation": 90, "texture": "#0"}
			}
		},
		{
			"from": [7.25, -2.75, 4.85],
			"to": [8.75, 3.75, 6.35],
			"rotation": {"angle": 0, "axis": "y", "origin": [8, 1.5, 6.15]},
			"faces": {
				"north": {"uv": [6.625, 1.25, 6.8125, 0.5], "rotation": 180, "texture": "#0"},
				"east": {"uv": [6.625, 0.3125, 7.375, 0.5], "rotation": 270, "texture": "#0"},
				"south": {"uv": [6.625, 1.25, 6.8125, 0.5], "texture": "#0"},
				"west": {"uv": [7.375, 0.3125, 6.625, 0.5], "rotation": 90, "texture": "#0"},
				"up": {"uv": [6.4375, 0.6875, 6.625, 0.5], "texture": "#0"},
				"down": {"uv": [6.4375, 0.6875, 6.625, 0.5], "rotation": 180, "texture": "#0"}
			}
		},
		{
			"from": [7.4, -14.70232, 12.03196],
			"to": [8.6, -13.70232, 13.53196],
			"rotation": {"angle": -22.5, "axis": "x", "origin": [8, -11.44148, 13.49857]},
			"faces": {
				"north": {"uv": [3.875, 0.4375, 4, 0.5625], "rotation": 180, "texture": "#0"},
				"east": {"uv": [3.6875, 0.5625, 3.875, 0.6875], "rotation": 180, "texture": "#0"},
				"south": {"uv": [3.875, 0.4375, 4, 0.5625], "rotation": 180, "texture": "#0"},
				"west": {"uv": [3.6875, 0.5625, 3.875, 0.6875], "rotation": 180, "texture": "#0"},
				"up": {"uv": [3.875, 0.5625, 3.6875, 0.4375], "rotation": 270, "texture": "#0"},
				"down": {"uv": [3.875, 0.5625, 3.6875, 0.4375], "rotation": 270, "texture": "#0"}
			}
		},
		{
			"from": [7.25, -13.78394, 14.69119],
			"to": [8.75, -11.28394, 16.19119],
			"rotation": {"angle": 22.5, "axis": "x", "origin": [8, -11.44148, 13.49857]},
			"faces": {
				"north": {"uv": [2.5625, 2.125, 2.875, 2.3125], "rotation": 90, "texture": "#0"},
				"east": {"uv": [2.25, 2.3125, 2.5625, 2.125], "rotation": 90, "texture": "#0"},
				"south": {"uv": [2.5625, 2.125, 2.875, 2.3125], "rotation": 90, "texture": "#0"},
				"west": {"uv": [2.25, 2.125, 2.5625, 2.3125], "rotation": 90, "texture": "#0"},
				"up": {"uv": [3.0625, 2.0625, 2.875, 1.875], "rotation": 180, "texture": "#0"},
				"down": {"uv": [3.0625, 2.0625, 2.875, 1.875], "rotation": 180, "texture": "#0"}
			}
		},
		{
			"from": [6.95, -13.24877, 13.68551],
			"to": [9.05, -10.74877, 15.68551],
			"rotation": {"angle": -22.5, "axis": "x", "origin": [8, -11.44148, 13.49857]},
			"faces": {
				"north": {"uv": [2.25, 1.875, 2.5625, 2.125], "rotation": 90, "texture": "#0"},
				"east": {"uv": [2.25, 1.875, 2.5625, 1.625], "rotation": 90, "texture": "#0"},
				"south": {"uv": [2.5625, 1.875, 2.875, 2.125], "rotation": 90, "texture": "#0"},
				"west": {"uv": [2.25, 1.625, 2.5625, 1.875], "rotation": 90, "texture": "#0"},
				"up": {"uv": [3.0625, 1.875, 2.8125, 1.625], "rotation": 180, "texture": "#0"},
				"down": {"uv": [2.8125, 1.875, 2.5625, 1.625], "rotation": 180, "texture": "#0"}
			}
		},
		{
			"from": [6.5, -12.22352, 10.89979],
			"to": [9.5, -9.22352, 13.89979],
			"rotation": {"angle": 45, "axis": "x", "origin": [8, -11.44148, 13.49857]},
			"faces": {
				"north": {"uv": [5.9375, 3.25, 6.3125, 3.625], "texture": "#0"},
				"east": {"uv": [6.3125, 2.875, 5.9375, 3.25], "texture": "#0"},
				"south": {"uv": [5.9375, 3.25, 6.3125, 3.625], "texture": "#0"},
				"west": {"uv": [5.9375, 2.875, 6.3125, 3.25], "texture": "#0"}
			}
		},
		{
			"from": [6.25, -12.17364, 11.68007],
			"to": [9.75, -8.67364, 13.18007],
			"rotation": {"angle": -22.5, "axis": "x", "origin": [8, -11.44148, 13.49857]},
			"faces": {
				"north": {"uv": [6.8125, 0.5, 7.25, 0.9375], "rotation": 180, "texture": "#0"},
				"east": {"uv": [7.25, 0.9375, 6.8125, 1.125], "rotation": 270, "texture": "#0"},
				"south": {"uv": [6.8125, 0.5, 7.25, 0.9375], "rotation": 180, "texture": "#0"},
				"west": {"uv": [7.25, 1.125, 6.8125, 0.9375], "rotation": 270, "texture": "#0"},
				"up": {"uv": [6.8125, 2, 7.25, 2.1875], "texture": "#0"},
				"down": {"uv": [6.8125, 1.125, 7.25, 1.3125], "texture": "#0"}
			}
		},
		{
			"from": [8.1, 19.5, -6.5],
			"to": [8.1, 29.5, 11.5],
			"rotation": {"angle": -45, "axis": "x", "origin": [8.1, 24.5, 2.5]},
			"faces": {
				"east": {"uv": [0, 9.25, 5, 0.25], "rotation": 270, "texture": "#1"},
				"west": {"uv": [5, 9.25, 0, 0.25], "rotation": 90, "texture": "#1"}
			}
		},
		{
			"from": [8.1, -13.5, -6.5],
			"to": [8.1, -3.5, 11.5],
			"rotation": {"angle": 45, "axis": "x", "origin": [8.1, -8.5, 2.5]},
			"faces": {
				"east": {"uv": [5, 9.25, 0, 0.25], "rotation": 270, "texture": "#1"},
				"west": {"uv": [0, 9.25, 5, 0.25], "rotation": 90, "texture": "#1"}
			}
		}
	],
	"gui_light": "front",
	"display": {
		"thirdperson_righthand": {
			"rotation": [0, -3, 0],
			"translation": [-1, -1.75, 2],
			"scale": [0.5, 0.5, 0.5]
		},
		"thirdperson_lefthand": {
			"rotation": [0, -3, 0],
			"translation": [-1, -1.75, 2],
			"scale": [0.5, 0.5, 0.5]
		},
		"firstperson_righthand": {
			"rotation": [27, 31, 3],
			"translation": [4, 4.75, -9],
			"scale": [0.54883, 0.54883, 0.54883]
		},
		"firstperson_lefthand": {
			"rotation": [27, 31, 3],
			"translation": [4, 4.75, -9],
			"scale": [0.54883, 0.54883, 0.54883]
		},
		"ground": {
			"rotation": [94, 85, 0],
			"translation": [0, 0, 0.25],
			"scale": [0.5, 0.5, 0.5]
		},
		"gui": {
			"rotation": [-57, 135, 71],
			"translation": [-1, 1, 0],
			"scale": [0.4, 0.4, 0.4]
		},
		"head": {
			"rotation": [91, -1, 90],
			"translation": [0, 10.5, 0.25],
			"scale": [0.7, 0.7, 0.7]
		},
		"fixed": {
			"rotation": [0, 90, 0],
			"translation": [0.25, 0.25, -2.25],
			"scale": [1.2, 1.2, 1.2]
		}
	}
}