{"credit":"Made with Blockbench","texture_size":[128,128],"textures":{"0":"cadaverset:bonehalloween_texture","2":"cadaverset:bonehalloween_animation2","particle":"cadaverset:bonehalloween_texture"},"elements":[{"from":[6,8.5,5],"to":[10,13.5,10],"rotation":{"angle":-45,"axis":"x","origin":[8,11.5,8]},"faces":{"north":{"uv":[0.625,4.75,0,5.25],"rotation":90,"texture":"#0"},"east":{"uv":[0,4.25,0.625,3.625],"rotation":90,"texture":"#0"},"south":{"uv":[0.625,4.25,0,4.75],"rotation":90,"texture":"#0"},"west":{"uv":[0,3.625,0.625,4.25],"rotation":90,"texture":"#0"},"up":{"uv":[0,4.25,0.625,4.75],"rotation":90,"texture":"#0"},"down":{"uv":[0,4.75,0.625,5.25],"rotation":90,"texture":"#0"}}},{"from":[8.05,14.8,2.2],"to":[8.05,18.3,5.2],"rotation":{"angle":22.5,"axis":"y","origin":[8,16.55,4.7]},"faces":{"north":{"uv":[2.125,4.75,1.6875,4.5625],"texture":"#0"},"east":{"uv":[4.0625,0.4375,4.4375,0],"texture":"#0"},"south":{"uv":[2.125,4.75,1.6875,4.5625],"texture":"#0"},"west":{"uv":[4.4375,0.4375,4.0625,0],"texture":"#0"},"up":{"uv":[3,1.1875,2.5625,0.6875],"rotation":180,"texture":"#0"},"down":{"uv":[3,1.1875,2.5625,0.6875],"rotation":180,"texture":"#0"}}},{"from":[7.95,14.8,2.2],"to":[7.95,18.3,5.2],"rotation":{"angle":-22.5,"axis":"y","origin":[8,16.55,4.7]},"faces":{"north":{"uv":[1.6875,4.75,2.125,4.5625],"texture":"#0"},"east":{"uv":[4.0625,0.4375,4.4375,0],"texture":"#0"},"south":{"uv":[1.6875,4.75,2.125,4.5625],"texture":"#0"},"west":{"uv":[4.4375,0.4375,4.0625,0],"texture":"#0"},"up":{"uv":[2.5625,1.1875,3,0.6875],"rotation":180,"texture":"#0"},"down":{"uv":[2.5625,1.1875,3,0.6875],"rotation":180,"texture":"#0"}}},{"from":[7.95,14.8,10.8],"to":[7.95,18.3,13.8],"rotation":{"angle":22.5,"axis":"y","origin":[8,16.55,11.3]},"faces":{"north":{"uv":[2.125,4.75,1.6875,4.5625],"texture":"#0"},"east":{"uv":[4.4375,0.4375,4.0625,0],"texture":"#0"},"south":{"uv":[2.125,4.75,1.6875,4.5625],"texture":"#0"},"west":{"uv":[4.0625,0.4375,4.4375,0],"texture":"#0"},"up":{"uv":[2.5625,0.6875,3,1.1875],"rotation":180,"texture":"#0"},"down":{"uv":[2.5625,0.6875,3,1.1875],"rotation":180,"texture":"#0"}}},{"from":[8.05,14.8,10.8],"to":[8.05,18.3,13.8],"rotation":{"angle":-22.5,"axis":"y","origin":[8,16.55,11.3]},"faces":{"north":{"uv":[1.6875,4.75,2.125,4.5625],"texture":"#0"},"east":{"uv":[4.4375,0.4375,4.0625,0],"texture":"#0"},"south":{"uv":[1.6875,4.75,2.125,4.5625],"texture":"#0"},"west":{"uv":[4.0625,0.4375,4.4375,0],"texture":"#0"},"up":{"uv":[3,0.6875,2.5625,1.1875],"rotation":180,"texture":"#0"},"down":{"uv":[3,0.6875,2.5625,1.1875],"rotation":180,"texture":"#0"}}},{"from":[6.5,9,3.75],"to":[9.5,12,12.25],"rotation":{"angle":0,"axis":"y","origin":[8.3,10.75,8]},"faces":{"north":{"uv":[1.6875,3.625,2.0625,4],"texture":"#0"},"east":{"uv":[0.625,3.625,1.6875,4],"texture":"#0"},"south":{"uv":[1.6875,3.625,2.0625,4],"texture":"#0"},"west":{"uv":[0.625,3.625,1.6875,4],"texture":"#0"},"up":{"uv":[0.625,4,1.6875,4.375],"rotation":270,"texture":"#0"},"down":{"uv":[0.625,4.375,1.6875,4.75],"rotation":270,"texture":"#0"}}},{"from":[5.55,11.12886,8.38744],"to":[7.55,12.82886,10.08744],"rotation":{"angle":-45,"axis":"x","origin":[9,10.74142,8]},"faces":{"north":{"uv":[3.25,1.1875,3.5,1.375],"texture":"#0"},"east":{"uv":[3.25,1.1875,3.0625,1.375],"texture":"#0"},"south":{"uv":[3.0625,1.5625,3.3125,1.375],"texture":"#0"},"west":{"uv":[3.25,1.1875,3.0625,1.375],"texture":"#0"},"up":{"uv":[3.0625,1.375,3.3125,1.5625],"texture":"#0"},"down":{"uv":[3.25,1.1875,3.5,1.375],"texture":"#0"}}},{"from":[5.4,11.02886,8.38744],"to":[5.4,12.72886,10.08744],"rotation":{"angle":-45,"axis":"x","origin":[8.9,10.64142,8]},"faces":{"north":{"uv":[50,76,58,82],"texture":"#missing"},"east":{"uv":[3.3125,0.375,3.5,0.5625],"texture":"#0"},"south":{"uv":[50,76,58,82],"texture":"#missing"},"west":{"uv":[3.5,0.375,3.3125,0.5625],"texture":"#0"},"up":{"uv":[58,76,50,82],"rotation":180,"texture":"#missing"},"down":{"uv":[58,76,50,82],"texture":"#missing"}}},{"from":[5.4,8.67114,8.38744],"to":[5.4,10.37114,10.08744],"rotation":{"angle":45,"axis":"x","origin":[8.9,10.75858,8]},"faces":{"north":{"uv":[50,82,58,76],"texture":"#missing"},"east":{"uv":[3.3125,0.375,3.5,0.1875],"texture":"#0"},"south":{"uv":[50,82,58,76],"texture":"#missing"},"west":{"uv":[3.5,0.375,3.3125,0.1875],"texture":"#0"},"up":{"uv":[58,82,50,76],"texture":"#missing"},"down":{"uv":[58,82,50,76],"rotation":180,"texture":"#missing"}}},{"from":[5.55,7.62886,8.38744],"to":[7.55,9.32886,10.08744],"rotation":{"angle":-45,"axis":"x","origin":[9,7.24142,8]},"faces":{"north":{"uv":[3.25,1.1875,3.5,1.375],"texture":"#0"},"east":{"uv":[3.25,1.1875,3.0625,1.375],"texture":"#0"},"south":{"uv":[3.25,1.1875,3.5,1.375],"texture":"#0"},"west":{"uv":[3.25,1.1875,3.0625,1.375],"texture":"#0"},"up":{"uv":[3.25,1.1875,3.5,1.375],"texture":"#0"},"down":{"uv":[3.25,1.1875,3.5,1.375],"texture":"#0"}}},{"from":[7,8.1,9.5],"to":[9,10.1,12.5],"rotation":{"angle":22.5,"axis":"x","origin":[7.5,10.1,9.5]},"faces":{"north":{"uv":[3.125,0,2.875,0.25],"texture":"#0"},"east":{"uv":[2.5,0,2.875,0.25],"texture":"#0"},"south":{"uv":[3.125,0,2.875,0.25],"texture":"#0"},"west":{"uv":[2.875,0,2.5,0.25],"texture":"#0"},"up":{"uv":[2.75,0.25,2.5,0.625],"texture":"#0"},"down":{"uv":[2.75,0.25,2.5,0.625],"texture":"#0"}}},{"from":[7,8.1,3.5],"to":[9,10.1,6.5],"rotation":{"angle":-22.5,"axis":"x","origin":[7.5,10.1,6.5]},"faces":{"north":{"uv":[2.875,0,3.125,0.25],"texture":"#0"},"east":{"uv":[2.875,0,2.5,0.25],"texture":"#0"},"south":{"uv":[2.875,0,3.125,0.25],"texture":"#0"},"west":{"uv":[2.5,0,2.875,0.25],"texture":"#0"},"up":{"uv":[2.75,0.625,2.5,0.25],"texture":"#0"},"down":{"uv":[2.75,0.625,2.5,0.25],"texture":"#0"}}},{"from":[7.25,6.2,2.4],"to":[8.75,7.7,4.4],"rotation":{"angle":-45,"axis":"x","origin":[8,7.5,3.15]},"faces":{"north":{"uv":[2.75,0.4375,2.9375,0.625],"texture":"#0"},"east":{"uv":[3,0.25,2.75,0.4375],"texture":"#0"},"south":{"uv":[2.75,0.4375,2.9375,0.625],"texture":"#0"},"west":{"uv":[2.75,0.25,3,0.4375],"texture":"#0"},"up":{"uv":[3.3125,0,3.125,0.25],"texture":"#0"},"down":{"uv":[3.75,0.25,3.5625,0],"texture":"#0"}}},{"from":[7.25,6.2,11.6],"to":[8.75,7.7,13.6],"rotation":{"angle":45,"axis":"x","origin":[8,7.5,12.85]},"faces":{"north":{"uv":[2.9375,0.4375,2.75,0.625],"texture":"#0"},"east":{"uv":[2.75,0.25,3,0.4375],"texture":"#0"},"south":{"uv":[2.9375,0.4375,2.75,0.625],"texture":"#0"},"west":{"uv":[3,0.25,2.75,0.4375],"texture":"#0"},"up":{"uv":[3.3125,0.25,3.125,0],"texture":"#0"},"down":{"uv":[3.75,0,3.5625,0.25],"texture":"#0"}}},{"from":[5.5,9,6.75],"to":[7.5,12.5,9.25],"rotation":{"angle":0,"axis":"y","origin":[9,10.74142,8]},"faces":{"north":{"uv":[2.5625,1.1875,2.8125,1.625],"texture":"#0"},"east":{"uv":[2.5625,1.1875,2.25,1.625],"texture":"#0"},"south":{"uv":[2.5625,1.1875,2.8125,1.625],"texture":"#0"},"west":{"uv":[2.5625,1.1875,2.25,1.625],"texture":"#0"},"up":{"uv":[3.0625,1.1875,2.8125,1.5],"rotation":180,"texture":"#0"},"down":{"uv":[3.0625,1.1875,2.8125,1.5],"rotation":180,"texture":"#0"}}},{"from":[5.45,8.75,7.15],"to":[5.45,12.75,8.85],"rotation":{"angle":0,"axis":"y","origin":[8.9,10.44142,8]},"faces":{"north":{"uv":[0,0,0,8],"texture":"#2"},"east":{"uv":[3,0,0,8],"texture":"#2"},"south":{"uv":[0,0,0,8],"texture":"#2"},"west":{"uv":[0,0,3,8],"texture":"#2"},"up":{"uv":[0,3,0,0],"texture":"#2"},"down":{"uv":[0,0,0,3],"texture":"#2"}}},{"from":[10.55,8.75,7.15],"to":[10.55,12.75,8.85],"rotation":{"angle":0,"axis":"y","origin":[7.1,10.44142,8]},"faces":{"north":{"uv":[0,0,0,8],"texture":"#2"},"east":{"uv":[3,0,0,8],"texture":"#2"},"south":{"uv":[0,0,0,8],"texture":"#2"},"west":{"uv":[0,0,3,8],"texture":"#2"},"up":{"uv":[0,3,0,0],"texture":"#2"},"down":{"uv":[0,0,0,3],"texture":"#2"}}},{"from":[10.6,11.02886,8.38744],"to":[10.6,12.72886,10.08744],"rotation":{"angle":-45,"axis":"x","origin":[7.1,10.64142,8]},"faces":{"north":{"uv":[58,76,50,82],"texture":"#missing"},"east":{"uv":[3.3125,0.375,3.5,0.5625],"texture":"#0"},"south":{"uv":[58,76,50,82],"texture":"#missing"},"west":{"uv":[3.5,0.375,3.3125,0.5625],"texture":"#0"},"up":{"uv":[50,76,58,82],"rotation":180,"texture":"#missing"},"down":{"uv":[50,76,58,82],"texture":"#missing"}}},{"from":[10.6,8.67114,8.38744],"to":[10.6,10.37114,10.08744],"rotation":{"angle":45,"axis":"x","origin":[7.1,10.75858,8]},"faces":{"north":{"uv":[58,82,50,76],"texture":"#missing"},"east":{"uv":[3.3125,0.375,3.5,0.1875],"texture":"#0"},"south":{"uv":[58,82,50,76],"texture":"#missing"},"west":{"uv":[3.5,0.375,3.3125,0.1875],"texture":"#0"},"up":{"uv":[50,82,58,76],"texture":"#missing"},"down":{"uv":[50,82,58,76],"rotation":180,"texture":"#missing"}}},{"from":[8.5,9,6.75],"to":[10.5,12.5,9.25],"rotation":{"angle":0,"axis":"y","origin":[7,10.74142,8]},"faces":{"north":{"uv":[2.8125,1.1875,2.5625,1.625],"texture":"#0"},"east":{"uv":[2.25,1.1875,2.5625,1.625],"texture":"#0"},"south":{"uv":[2.8125,1.1875,2.5625,1.625],"texture":"#0"},"west":{"uv":[2.25,1.1875,2.5625,1.625],"texture":"#0"},"up":{"uv":[2.8125,1.1875,3.0625,1.5],"rotation":180,"texture":"#0"},"down":{"uv":[2.8125,1.1875,3.0625,1.5],"rotation":180,"texture":"#0"}}},{"from":[8.45,11.12886,8.38744],"to":[10.45,12.82886,10.08744],"rotation":{"angle":-45,"axis":"x","origin":[7,10.74142,8]},"faces":{"north":{"uv":[3.5,1.1875,3.25,1.375],"texture":"#0"},"east":{"uv":[3.0625,1.1875,3.25,1.375],"texture":"#0"},"south":{"uv":[3.5,1.1875,3.25,1.375],"texture":"#0"},"west":{"uv":[3.0625,1.1875,3.25,1.375],"texture":"#0"},"up":{"uv":[3.5,1.1875,3.25,1.375],"texture":"#0"},"down":{"uv":[3.5,1.1875,3.25,1.375],"texture":"#0"}}},{"from":[8.45,7.62886,8.38744],"to":[10.45,9.32886,10.08744],"rotation":{"angle":-45,"axis":"x","origin":[7,7.24142,8]},"faces":{"north":{"uv":[3.5,1.1875,3.25,1.375],"texture":"#0"},"east":{"uv":[3.0625,1.1875,3.25,1.375],"texture":"#0"},"south":{"uv":[3.5,1.1875,3.25,1.375],"texture":"#0"},"west":{"uv":[3.0625,1.1875,3.25,1.375],"texture":"#0"},"up":{"uv":[3.5,1.1875,3.25,1.375],"texture":"#0"},"down":{"uv":[3.5,1.1875,3.25,1.375],"texture":"#0"}}},{"from":[7.15,12.5,7],"to":[8.85,16.5,9],"rotation":{"angle":0,"axis":"y","origin":[7,-0.7,8]},"faces":{"north":{"uv":[3.25,1.1875,3.4375,0.6875],"texture":"#0"},"east":{"uv":[3.25,1.1875,3,0.6875],"texture":"#0"},"south":{"uv":[3.25,1.1875,3.4375,0.6875],"texture":"#0"},"west":{"uv":[3,1.1875,3.25,0.6875],"texture":"#0"},"up":{"uv":[8.1875,0.25,8.375,0],"texture":"#0"},"down":{"uv":[8.1875,0.25,8.375,0],"texture":"#0"}}},{"from":[7,10.08922,-6.30421],"to":[9,11.58922,-4.80421],"rotation":{"angle":45,"axis":"x","origin":[7.7,-2.71499,8]},"faces":{"north":{"uv":[2.375,4.75,2.125,4.5625],"texture":"#0"},"east":{"uv":[2.1875,4.5625,2.375,4.375],"texture":"#0"},"south":{"uv":[3.5625,0.1875,3.3125,0],"texture":"#0"},"west":{"uv":[2.375,4.5625,2.1875,4.375],"texture":"#0"},"up":{"uv":[2.375,4.75,2.125,4.5625],"texture":"#0"},"down":{"uv":[3.5625,0,3.3125,0.1875],"texture":"#0"}}},{"from":[8,12,5.5],"to":[8,15.5,10.5],"rotation":{"angle":22.5,"axis":"y","origin":[8,13.75,8]},"faces":{"north":{"uv":[1.6875,4.75,2.125,4.5625],"texture":"#0"},"east":{"uv":[3.8125,0.4375,4.4375,0],"texture":"#0"},"south":{"uv":[1.6875,4.75,2.125,4.5625],"texture":"#0"},"west":{"uv":[3.8125,0.4375,4.4375,0],"texture":"#0"},"up":{"uv":[3,0.6875,2.5625,1.1875],"rotation":180,"texture":"#0"},"down":{"uv":[3,0.6875,2.5625,1.1875],"rotation":180,"texture":"#0"}}},{"from":[8,12,5.5],"to":[8,15.5,10.5],"rotation":{"angle":-22.5,"axis":"y","origin":[8,13.75,8]},"faces":{"north":{"uv":[1.6875,4.75,2.125,4.5625],"texture":"#0"},"east":{"uv":[3.8125,0.4375,4.4375,0],"texture":"#0"},"south":{"uv":[1.6875,4.75,2.125,4.5625],"texture":"#0"},"west":{"uv":[3.8125,0.4375,4.4375,0],"texture":"#0"},"up":{"uv":[3,0.6875,2.5625,1.1875],"rotation":180,"texture":"#0"},"down":{"uv":[3,0.6875,2.5625,1.1875],"rotation":180,"texture":"#0"}}},{"from":[7.25,13.61499,11.68501],"to":[8.75,16.11499,13.18501],"rotation":{"angle":0,"axis":"y","origin":[8,14.77939,12.08038]},"faces":{"north":{"uv":[2.875,2.125,2.5625,2.3125],"rotation":90,"texture":"#0"},"east":{"uv":[2.5625,2.3125,2.25,2.125],"rotation":90,"texture":"#0"},"south":{"uv":[2.875,2.125,2.5625,2.3125],"rotation":90,"texture":"#0"},"west":{"uv":[2.5625,2.125,2.25,2.3125],"rotation":90,"texture":"#0"},"up":{"uv":[3.0625,1.875,2.875,2.0625],"rotation":180,"texture":"#0"},"down":{"uv":[3.0625,1.875,2.875,2.0625],"rotation":180,"texture":"#0"}}},{"from":[5.29871,10.83935,10.48038],"to":[6.29871,12.33935,11.68038],"rotation":{"angle":-22.5,"axis":"z","origin":[6.10607,12.24823,11.08038]},"faces":{"north":{"uv":[3.875,0.6875,3.6875,0.5625],"rotation":270,"texture":"#0"},"east":{"uv":[3.875,0.5625,3.6875,0.4375],"rotation":90,"texture":"#0"},"south":{"uv":[3.875,0.6875,3.6875,0.5625],"rotation":90,"texture":"#0"},"west":{"uv":[3.875,0.5625,3.6875,0.4375],"rotation":270,"texture":"#0"},"up":{"uv":[4,0.5625,3.875,0.4375],"rotation":90,"texture":"#0"},"down":{"uv":[4,0.5625,3.875,0.4375],"rotation":90,"texture":"#0"}}},{"from":[5.5393,11.7468,10.33038],"to":[8.0393,13.2468,11.83038],"rotation":{"angle":22.5,"axis":"z","origin":[6.10607,12.24823,11.08038]},"faces":{"north":{"uv":[2.5625,2.3125,2.25,2.125],"rotation":180,"texture":"#0"},"east":{"uv":[3.0625,2.0625,2.875,1.875],"texture":"#0"},"south":{"uv":[2.5625,2.125,2.25,2.3125],"texture":"#0"},"west":{"uv":[3.0625,2.0625,2.875,1.875],"rotation":180,"texture":"#0"},"up":{"uv":[2.875,2.3125,2.5625,2.125],"texture":"#0"},"down":{"uv":[2.875,2.3125,2.5625,2.125],"texture":"#0"}}},{"from":[5.5393,11.7468,4.16962],"to":[8.0393,13.2468,5.66962],"rotation":{"angle":22.5,"axis":"z","origin":[6.10607,12.24823,4.91962]},"faces":{"north":{"uv":[2.25,2.125,2.5625,2.3125],"texture":"#0"},"east":{"uv":[2.875,2.0625,3.0625,1.875],"texture":"#0"},"south":{"uv":[2.25,2.3125,2.5625,2.125],"rotation":180,"texture":"#0"},"west":{"uv":[2.875,2.0625,3.0625,1.875],"rotation":180,"texture":"#0"},"up":{"uv":[2.875,2.125,2.5625,2.3125],"texture":"#0"},"down":{"uv":[2.875,2.125,2.5625,2.3125],"texture":"#0"}}},{"from":[5.29871,10.83935,4.31962],"to":[6.29871,12.33935,5.51962],"rotation":{"angle":-22.5,"axis":"z","origin":[6.10607,12.24823,4.91962]},"faces":{"north":{"uv":[3.875,0.5625,3.6875,0.6875],"rotation":90,"texture":"#0"},"east":{"uv":[3.875,0.4375,3.6875,0.5625],"rotation":90,"texture":"#0"},"south":{"uv":[3.875,0.5625,3.6875,0.6875],"rotation":270,"texture":"#0"},"west":{"uv":[3.875,0.4375,3.6875,0.5625],"rotation":270,"texture":"#0"},"up":{"uv":[3.875,0.5625,4,0.4375],"rotation":90,"texture":"#0"},"down":{"uv":[3.875,0.5625,4,0.4375],"rotation":90,"texture":"#0"}}},{"from":[7.9607,11.7468,4.16962],"to":[10.4607,13.2468,5.66962],"rotation":{"angle":-22.5,"axis":"z","origin":[9.89393,12.24823,4.91962]},"faces":{"north":{"uv":[2.5625,2.125,2.25,2.3125],"texture":"#0"},"east":{"uv":[3.0625,2.0625,2.875,1.875],"rotation":180,"texture":"#0"},"south":{"uv":[2.5625,2.3125,2.25,2.125],"rotation":180,"texture":"#0"},"west":{"uv":[3.0625,2.0625,2.875,1.875],"texture":"#0"},"up":{"uv":[2.5625,2.125,2.875,2.3125],"texture":"#0"},"down":{"uv":[2.5625,2.125,2.875,2.3125],"texture":"#0"}}},{"from":[9.70129,10.83935,4.31962],"to":[10.70129,12.33935,5.51962],"rotation":{"angle":22.5,"axis":"z","origin":[9.89393,12.24823,4.91962]},"faces":{"north":{"uv":[3.875,0.6875,3.6875,0.5625],"rotation":90,"texture":"#0"},"east":{"uv":[3.875,0.5625,3.6875,0.4375],"rotation":270,"texture":"#0"},"south":{"uv":[3.875,0.6875,3.6875,0.5625],"rotation":270,"texture":"#0"},"west":{"uv":[3.875,0.5625,3.6875,0.4375],"rotation":90,"texture":"#0"},"up":{"uv":[3.875,0.4375,4,0.5625],"rotation":90,"texture":"#0"},"down":{"uv":[3.875,0.4375,4,0.5625],"rotation":90,"texture":"#0"}}},{"from":[7.9607,11.7468,10.33038],"to":[10.4607,13.2468,11.83038],"rotation":{"angle":-22.5,"axis":"z","origin":[9.89393,12.24823,11.08038]},"faces":{"north":{"uv":[2.25,2.3125,2.5625,2.125],"rotation":180,"texture":"#0"},"east":{"uv":[2.875,2.0625,3.0625,1.875],"rotation":180,"texture":"#0"},"south":{"uv":[2.25,2.125,2.5625,2.3125],"texture":"#0"},"west":{"uv":[2.875,2.0625,3.0625,1.875],"texture":"#0"},"up":{"uv":[2.5625,2.3125,2.875,2.125],"texture":"#0"},"down":{"uv":[2.5625,2.3125,2.875,2.125],"texture":"#0"}}},{"from":[9.70129,10.83935,10.48038],"to":[10.70129,12.33935,11.68038],"rotation":{"angle":22.5,"axis":"z","origin":[9.89393,12.24823,11.08038]},"faces":{"north":{"uv":[3.875,0.5625,3.6875,0.6875],"rotation":270,"texture":"#0"},"east":{"uv":[3.875,0.4375,3.6875,0.5625],"rotation":270,"texture":"#0"},"south":{"uv":[3.875,0.5625,3.6875,0.6875],"rotation":90,"texture":"#0"},"west":{"uv":[3.875,0.4375,3.6875,0.5625],"rotation":90,"texture":"#0"},"up":{"uv":[4,0.4375,3.875,0.5625],"rotation":90,"texture":"#0"},"down":{"uv":[4,0.4375,3.875,0.5625],"rotation":90,"texture":"#0"}}},{"from":[7,12.25185,11.85639],"to":[9,14.75185,13.85639],"rotation":{"angle":45,"axis":"x","origin":[8,14.77939,12.08038]},"faces":{"north":{"uv":[2.5625,1.875,2.25,2.125],"rotation":90,"texture":"#0"},"east":{"uv":[2.5625,1.875,2.25,1.625],"rotation":90,"texture":"#0"},"south":{"uv":[2.875,1.875,2.5625,2.125],"rotation":90,"texture":"#0"},"west":{"uv":[2.5625,1.625,2.25,1.875],"rotation":90,"texture":"#0"},"up":{"uv":[2.8125,1.625,2.5625,1.875],"rotation":180,"texture":"#0"},"down":{"uv":[3.0625,1.625,2.8125,1.875],"rotation":180,"texture":"#0"}}},{"from":[7.25,13.61499,2.81499],"to":[8.75,16.11499,4.31499],"rotation":{"angle":0,"axis":"y","origin":[8,14.77939,3.91962]},"faces":{"north":{"uv":[2.875,2.3125,2.5625,2.125],"rotation":90,"texture":"#0"},"east":{"uv":[2.5625,2.125,2.25,2.3125],"rotation":90,"texture":"#0"},"south":{"uv":[2.875,2.3125,2.5625,2.125],"rotation":90,"texture":"#0"},"west":{"uv":[2.5625,2.3125,2.25,2.125],"rotation":90,"texture":"#0"},"up":{"uv":[3.0625,2.0625,2.875,1.875],"rotation":180,"texture":"#0"},"down":{"uv":[3.0625,2.0625,2.875,1.875],"rotation":180,"texture":"#0"}}},{"from":[7,12.25185,2.14361],"to":[9,14.75185,4.14361],"rotation":{"angle":-45,"axis":"x","origin":[8,14.77939,3.91962]},"faces":{"north":{"uv":[2.875,2.125,2.5625,1.875],"rotation":90,"texture":"#0"},"east":{"uv":[2.5625,1.625,2.25,1.875],"rotation":90,"texture":"#0"},"south":{"uv":[2.5625,2.125,2.25,1.875],"rotation":90,"texture":"#0"},"west":{"uv":[2.5625,1.875,2.25,1.625],"rotation":90,"texture":"#0"},"up":{"uv":[2.8125,1.875,2.5625,1.625],"rotation":180,"texture":"#0"},"down":{"uv":[3.0625,1.875,2.8125,1.625],"rotation":180,"texture":"#0"}}},{"from":[7.4,15.2054,10.20284],"to":[8.6,16.2054,11.70284],"rotation":{"angle":45,"axis":"x","origin":[8,14.77939,12.08038]},"faces":{"north":{"uv":[3.875,0.5625,4,0.4375],"rotation":180,"texture":"#0"},"east":{"uv":[3.6875,0.6875,3.875,0.5625],"rotation":180,"texture":"#0"},"south":{"uv":[3.875,0.5625,4,0.4375],"rotation":180,"texture":"#0"},"west":{"uv":[3.6875,0.6875,3.875,0.5625],"rotation":180,"texture":"#0"},"up":{"uv":[3.6875,0.5625,3.875,0.4375],"rotation":270,"texture":"#0"},"down":{"uv":[3.6875,0.5625,3.875,0.4375],"rotation":270,"texture":"#0"}}},{"from":[7.4,15.2054,4.29716],"to":[8.6,16.2054,5.79716],"rotation":{"angle":-45,"axis":"x","origin":[8,14.77939,3.91962]},"faces":{"north":{"uv":[4,0.5625,3.875,0.4375],"rotation":180,"texture":"#0"},"east":{"uv":[3.875,0.6875,3.6875,0.5625],"rotation":180,"texture":"#0"},"south":{"uv":[4,0.5625,3.875,0.4375],"rotation":180,"texture":"#0"},"west":{"uv":[3.875,0.6875,3.6875,0.5625],"rotation":180,"texture":"#0"},"up":{"uv":[3.875,0.5625,3.6875,0.4375],"rotation":270,"texture":"#0"},"down":{"uv":[3.875,0.5625,3.6875,0.4375],"rotation":270,"texture":"#0"}}},{"from":[7,-11.5,7],"to":[9,9,9],"rotation":{"angle":45,"axis":"y","origin":[8,-6.125,8]},"faces":{"north":{"uv":[0.25,6.4375,0,9],"texture":"#0"},"east":{"uv":[0,6.4375,0.25,9],"texture":"#0"},"south":{"uv":[0.25,6.4375,0.5,9],"texture":"#0"},"west":{"uv":[0.5,6.4375,0.25,9],"texture":"#0"},"up":{"uv":[6.8125,2.125,7.0625,2.375],"texture":"#0"},"down":{"uv":[6.8125,2.125,7.0625,2.375],"texture":"#0"}}},{"from":[6.75,7,6.75],"to":[9.25,9.5,9.25],"rotation":{"angle":45,"axis":"y","origin":[8,8.25,8]},"faces":{"north":{"uv":[2.25,0.875,2.5625,1.1875],"texture":"#0"},"east":{"uv":[2.5625,0.875,2.25,1.1875],"texture":"#0"},"south":{"uv":[2.25,0.875,2.5625,1.1875],"texture":"#0"},"west":{"uv":[2.5625,0.875,2.25,1.1875],"texture":"#0"},"up":{"uv":[3,0.25,3.3125,0.5625],"texture":"#0"},"down":{"uv":[3,0.25,3.3125,0.5625],"texture":"#0"}}},{"from":[7.25,-16,7],"to":[8.75,-12,9],"rotation":{"angle":0,"axis":"y","origin":[7,1.2,8]},"faces":{"north":{"uv":[3.25,0.6875,3.4375,1.1875],"texture":"#0"},"east":{"uv":[3.25,0.6875,3,1.1875],"texture":"#0"},"south":{"uv":[3.25,0.6875,3.4375,1.1875],"texture":"#0"},"west":{"uv":[3,0.6875,3.25,1.1875],"texture":"#0"},"up":{"uv":[8.1875,0,8.375,0.25],"texture":"#0"},"down":{"uv":[8.1875,0,8.375,0.25],"texture":"#0"}}},{"from":[6.25,-12.5,6],"to":[9.75,-11,10],"rotation":{"angle":0,"axis":"y","origin":[7.2,0.5,8]},"faces":{"north":{"uv":[1.6875,4.5625,2.125,4.75],"texture":"#0"},"east":{"uv":[1.6875,4.375,2.1875,4.5625],"texture":"#0"},"south":{"uv":[1.6875,4.5625,2.125,4.75],"texture":"#0"},"west":{"uv":[1.6875,4.375,2.1875,4.5625],"texture":"#0"},"up":{"uv":[3.875,1.1875,3.4375,0.6875],"texture":"#0"},"down":{"uv":[3,1.1875,2.5625,0.6875],"texture":"#0"}}},{"from":[7,-11.08922,-6.30421],"to":[9,-9.58922,-4.80421],"rotation":{"angle":-45,"axis":"x","origin":[7.7,3.21499,8]},"faces":{"north":{"uv":[2.375,4.5625,2.125,4.75],"texture":"#0"},"east":{"uv":[2.1875,4.375,2.375,4.5625],"texture":"#0"},"south":{"uv":[3.5625,0,3.3125,0.1875],"texture":"#0"},"west":{"uv":[2.375,4.375,2.1875,4.5625],"texture":"#0"},"up":{"uv":[3.5625,0.1875,3.3125,0],"texture":"#0"},"down":{"uv":[2.375,4.5625,2.125,4.75],"texture":"#0"}}},{"from":[8,-16,5.5],"to":[8,-12.5,10.5],"rotation":{"angle":22.5,"axis":"y","origin":[8,-14.25,8]},"faces":{"north":{"uv":[1.6875,4.5625,2.125,4.75],"texture":"#0"},"east":{"uv":[3.8125,0,4.4375,0.4375],"texture":"#0"},"south":{"uv":[1.6875,4.5625,2.125,4.75],"texture":"#0"},"west":{"uv":[3.8125,0,4.4375,0.4375],"texture":"#0"},"up":{"uv":[3,1.1875,2.5625,0.6875],"rotation":180,"texture":"#0"},"down":{"uv":[3,1.1875,2.5625,0.6875],"rotation":180,"texture":"#0"}}},{"from":[8,-16,5.5],"to":[8,-12.5,10.5],"rotation":{"angle":-22.5,"axis":"y","origin":[8,-14.25,8]},"faces":{"north":{"uv":[1.6875,4.5625,2.125,4.75],"texture":"#0"},"east":{"uv":[3.8125,0,4.4375,0.4375],"texture":"#0"},"south":{"uv":[1.6875,4.5625,2.125,4.75],"texture":"#0"},"west":{"uv":[3.8125,0,4.4375,0.4375],"texture":"#0"},"up":{"uv":[3,1.1875,2.5625,0.6875],"rotation":180,"texture":"#0"},"down":{"uv":[3,1.1875,2.5625,0.6875],"rotation":180,"texture":"#0"}}},{"from":[7.2,14.5,3.5],"to":[8.7,17,12.5],"rotation":{"angle":0,"axis":"y","origin":[0,3,0]},"faces":{"north":{"uv":[2.0625,4.75,1.875,5.0625],"texture":"#0"},"east":{"uv":[0.9375,5.0625,2.0625,5.375],"texture":"#0"},"south":{"uv":[2.0625,4.75,1.875,5.0625],"texture":"#0"},"west":{"uv":[0.75,4.75,1.875,5.0625],"texture":"#0"},"up":{"uv":[0.75,5.0625,0.9375,6.1875],"texture":"#0"},"down":{"uv":[0.75,5.0625,0.9375,6.1875],"texture":"#0"}}},{"from":[9.05,20.6,11.3],"to":[10.05,24.1,12.3],"rotation":{"angle":45,"axis":"z","origin":[7,16.8,11.8]},"faces":{"north":{"uv":[2.4375,5,2.5625,5.4375],"texture":"#0"},"east":{"uv":[2.5625,4.125,2.4375,4.5625],"texture":"#0"},"south":{"uv":[2.5625,5,2.4375,5.4375],"texture":"#0"},"west":{"uv":[2.5625,4.5625,2.4375,5],"texture":"#0"},"up":{"uv":[7.1875,3,7.3125,2.875],"texture":"#0"},"down":{"uv":[7.1875,3,7.3125,2.875],"texture":"#0"}}},{"from":[7.15,16.35,11.05],"to":[8.65,21.85,12.55],"rotation":{"angle":22.5,"axis":"z","origin":[7.1,16.8,11.6]},"faces":{"north":{"uv":[0.9375,5.375,1.125,6.0625],"texture":"#0"},"east":{"uv":[2.0625,4.75,2.25,5.4375],"texture":"#0"},"south":{"uv":[1.125,5.375,0.9375,6.0625],"texture":"#0"},"west":{"uv":[2.25,4.75,2.4375,5.4375],"texture":"#0"},"up":{"uv":[0.9375,6.25,1.125,6.0625],"texture":"#0"},"down":{"uv":[0.9375,6.25,1.125,6.0625],"texture":"#0"}}},{"from":[9.05,20.6,3.7],"to":[10.05,24.1,4.7],"rotation":{"angle":45,"axis":"z","origin":[7,16.8,4.2]},"faces":{"north":{"uv":[2.4375,5,2.5625,5.4375],"texture":"#0"},"east":{"uv":[2.4375,4.125,2.5625,4.5625],"texture":"#0"},"south":{"uv":[2.5625,5,2.4375,5.4375],"texture":"#0"},"west":{"uv":[2.4375,4.5625,2.5625,5],"texture":"#0"},"up":{"uv":[7.1875,2.875,7.3125,3],"texture":"#0"},"down":{"uv":[7.1875,2.875,7.3125,3],"texture":"#0"}}},{"from":[7.15,16.35,3.45],"to":[8.65,21.85,4.95],"rotation":{"angle":22.5,"axis":"z","origin":[7.1,16.8,4.4]},"faces":{"north":{"uv":[0.9375,5.375,1.125,6.0625],"texture":"#0"},"east":{"uv":[2.25,4.75,2.0625,5.4375],"texture":"#0"},"south":{"uv":[1.125,5.375,0.9375,6.0625],"texture":"#0"},"west":{"uv":[2.4375,4.75,2.25,5.4375],"texture":"#0"},"up":{"uv":[0.9375,6.0625,1.125,6.25],"texture":"#0"},"down":{"uv":[0.9375,6.0625,1.125,6.25],"texture":"#0"}}},{"from":[9.05,20.6,7.5],"to":[10.05,24.1,8.5],"rotation":{"angle":45,"axis":"z","origin":[7,16.8,7.9]},"faces":{"north":{"uv":[2.4375,5,2.5625,5.4375],"texture":"#0"},"east":{"uv":[2.4375,4.125,2.5625,4.5625],"texture":"#0"},"south":{"uv":[2.5625,5,2.4375,5.4375],"texture":"#0"},"west":{"uv":[2.4375,4.5625,2.5625,5],"texture":"#0"},"up":{"uv":[7.1875,2.875,7.3125,3],"texture":"#0"},"down":{"uv":[7.1875,2.875,7.3125,3],"texture":"#0"}}},{"from":[7.15,16.35,7.25],"to":[8.65,21.85,8.75],"rotation":{"angle":22.5,"axis":"z","origin":[7.1,16.8,8.4]},"faces":{"north":{"uv":[0.9375,5.375,1.125,6.0625],"texture":"#0"},"east":{"uv":[2.25,4.75,2.0625,5.4375],"texture":"#0"},"south":{"uv":[1.125,5.375,0.9375,6.0625],"texture":"#0"},"west":{"uv":[2.4375,4.75,2.25,5.4375],"texture":"#0"},"up":{"uv":[0.9375,6.0625,1.125,6.25],"texture":"#0"},"down":{"uv":[0.9375,6.0625,1.125,6.25],"texture":"#0"}}}],"gui_light":"front","display":{"thirdperson_righthand":{"translation":[0,4.25,1],"scale":[0.5,0.5,0.5]},"thirdperson_lefthand":{"rotation":[0,180,0],"translation":[0,5,1],"scale":[0.6,0.6,0.6]},"firstperson_righthand":{"rotation":[-24,-84,-10],"translation":[2.75,2.75,-0.75],"scale":[0.5,0.5,0.5]},"firstperson_lefthand":{"rotation":[-20,91,-2],"translation":[2.75,2.75,-0.75],"scale":[0.5,0.5,0.5]},"ground":{"rotation":[180,0,90],"translation":[-4.75,0.25,0],"scale":[0.5,0.5,0.5]},"gui":{"rotation":[39,135,-64],"translation":[-1.25,1,-1.25],"scale":[0.45,0.45,0.45]},"head":{"rotation":[90,-168,90],"translation":[-0.5,11.75,0],"scale":[0.56,0.56,0.56]},"fixed":{"rotation":[0,90,0],"translation":[0,4,-2.25],"scale":[1.07898,1.07898,1.07898]}}}