{"credit":"Made with Blockbench","texture_size":[128,128],"textures":{"0":"cadaverset:bonehalloween_texture","1":"cadaverset:bonehalloween_animation1","2":"cadaverset:bonehalloween_animation2","particle":"cadaverset:bonehalloween_texture"},"elements":[{"from":[7,-11.5,7],"to":[9,-2,9],"rotation":{"angle":45,"axis":"y","origin":[8,-6.125,8]},"faces":{"north":{"uv":[0.5,5.25,0.25,6.4375],"texture":"#0"},"east":{"uv":[0.25,5.25,0.5,6.4375],"texture":"#0"},"south":{"uv":[0,5.25,0.25,6.4375],"texture":"#0"},"west":{"uv":[0.25,5.25,0,6.4375],"texture":"#0"},"up":{"uv":[6.8125,2.125,7.0625,2.375],"texture":"#0"},"down":{"uv":[6.8125,2.125,7.0625,2.375],"texture":"#0"}}},{"from":[6,-2.5,5],"to":[10,2.5,10],"rotation":{"angle":-45,"axis":"x","origin":[8,0.5,8]},"faces":{"north":{"uv":[0.625,4.75,0,5.25],"rotation":90,"texture":"#0"},"east":{"uv":[0,4.25,0.625,3.625],"rotation":90,"texture":"#0"},"south":{"uv":[0.625,4.25,0,4.75],"rotation":90,"texture":"#0"},"west":{"uv":[0,3.625,0.625,4.25],"rotation":90,"texture":"#0"},"up":{"uv":[0,4.25,0.625,4.75],"rotation":90,"texture":"#0"},"down":{"uv":[0,4.75,0.625,5.25],"rotation":90,"texture":"#0"}}},{"from":[6.25,-12.5,6],"to":[9.75,-11,10],"rotation":{"angle":0,"axis":"y","origin":[7.2,0.5,8]},"faces":{"north":{"uv":[1.6875,4.5625,2.125,4.75],"texture":"#0"},"east":{"uv":[1.6875,4.375,2.1875,4.5625],"texture":"#0"},"south":{"uv":[1.6875,4.5625,2.125,4.75],"texture":"#0"},"west":{"uv":[1.6875,4.375,2.1875,4.5625],"texture":"#0"},"up":{"uv":[3.875,1.1875,3.4375,0.6875],"texture":"#0"},"down":{"uv":[3,1.1875,2.5625,0.6875],"texture":"#0"}}},{"from":[8,-16,5.5],"to":[8,-12.5,10.5],"rotation":{"angle":22.5,"axis":"y","origin":[8,-14.25,8]},"faces":{"north":{"uv":[1.6875,4.5625,2.125,4.75],"texture":"#0"},"east":{"uv":[3.8125,0,4.4375,0.4375],"texture":"#0"},"south":{"uv":[1.6875,4.5625,2.125,4.75],"texture":"#0"},"west":{"uv":[3.8125,0,4.4375,0.4375],"texture":"#0"},"up":{"uv":[3,1.1875,2.5625,0.6875],"rotation":180,"texture":"#0"},"down":{"uv":[3,1.1875,2.5625,0.6875],"rotation":180,"texture":"#0"}}},{"from":[8,-16,5.5],"to":[8,-12.5,10.5],"rotation":{"angle":-22.5,"axis":"y","origin":[8,-14.25,8]},"faces":{"north":{"uv":[1.6875,4.5625,2.125,4.75],"texture":"#0"},"east":{"uv":[3.8125,0,4.4375,0.4375],"texture":"#0"},"south":{"uv":[1.6875,4.5625,2.125,4.75],"texture":"#0"},"west":{"uv":[3.8125,0,4.4375,0.4375],"texture":"#0"},"up":{"uv":[3,1.1875,2.5625,0.6875],"rotation":180,"texture":"#0"},"down":{"uv":[3,1.1875,2.5625,0.6875],"rotation":180,"texture":"#0"}}},{"from":[7,1,6.5],"to":[9,13,9.5],"rotation":{"angle":0,"axis":"y","origin":[6.5,-6,8]},"faces":{"north":{"uv":[2.25,1.1875,2,2.6875],"texture":"#0"},"east":{"uv":[2,1.1875,1.625,2.6875],"texture":"#0"},"south":{"uv":[2.25,1.1875,2,2.6875],"texture":"#0"},"west":{"uv":[1.625,1.1875,2,2.6875],"texture":"#0"},"up":{"uv":[2.25,0.875,2,1.25],"texture":"#0"},"down":{"uv":[2.25,0.875,2,1.25],"texture":"#0"}}},{"from":[6.95,10.9,6],"to":[9.05,13.9,9],"rotation":{"angle":45,"axis":"x","origin":[7.5,11.9,8]},"faces":{"north":{"uv":[1.75,3.25,1.5,3.625],"texture":"#0"},"east":{"uv":[1.625,2.875,2,3.25],"texture":"#0"},"south":{"uv":[2,3.25,1.75,3.625],"texture":"#0"},"west":{"uv":[2,2.875,1.625,3.25],"texture":"#0"},"up":{"uv":[1.75,3.25,1.5,3.625],"texture":"#0"},"down":{"uv":[2,3.625,1.75,3.25],"texture":"#0"}}},{"from":[7.5,0,5.5],"to":[8.5,21,10.5],"rotation":{"angle":0,"axis":"y","origin":[-0.5,-2,2.5]},"faces":{"north":{"uv":[3.25,2.3125,3.375,4.9375],"texture":"#0"},"east":{"uv":[3.25,2.3125,2.625,4.9375],"texture":"#0"},"south":{"uv":[3.375,2.3125,3.5,4.9375],"texture":"#0"},"west":{"uv":[2.625,2.3125,3.25,4.9375],"texture":"#0"},"up":{"uv":[3.0625,1.625,3.25,2.25],"texture":"#0"},"down":{"uv":[3.0625,1.625,3.25,2.25],"texture":"#0"}}},{"from":[7.55,18.4,4.5],"to":[8.45,22.4,8.5],"rotation":{"angle":45,"axis":"x","origin":[8.1,18.9,8]},"faces":{"north":{"uv":[1.625,1.25,1.5,2.125],"texture":"#0"},"east":{"uv":[3.25,1.625,3.75,2.125],"texture":"#0"},"south":{"uv":[1.6125,2.9375,1.5,2.4375],"texture":"#0"},"west":{"uv":[3.75,1.625,3.25,2.125],"texture":"#0"},"up":{"uv":[1.625,2.125,1.5,3],"texture":"#0"},"down":{"uv":[1.5,1.625,1.6125,2.125],"texture":"#0"}}},{"from":[6.75,-4,6.75],"to":[9.25,-1.5,9.25],"rotation":{"angle":45,"axis":"y","origin":[8,-2.75,8]},"faces":{"north":{"uv":[2.25,0.875,2.5625,1.1875],"texture":"#0"},"east":{"uv":[2.5625,0.875,2.25,1.1875],"texture":"#0"},"south":{"uv":[2.25,0.875,2.5625,1.1875],"texture":"#0"},"west":{"uv":[2.5625,0.875,2.25,1.1875],"texture":"#0"},"up":{"uv":[3,0.25,3.3125,0.5625],"texture":"#0"},"down":{"uv":[3,0.25,3.3125,0.5625],"texture":"#0"}}},{"from":[6.5,-2,3.75],"to":[9.5,1,12.25],"rotation":{"angle":0,"axis":"y","origin":[8.3,-0.25,8]},"faces":{"north":{"uv":[1.6875,3.625,2.0625,4],"texture":"#0"},"east":{"uv":[0.625,3.625,1.6875,4],"texture":"#0"},"south":{"uv":[1.6875,3.625,2.0625,4],"texture":"#0"},"west":{"uv":[0.625,3.625,1.6875,4],"texture":"#0"},"up":{"uv":[0.625,4,1.6875,4.375],"rotation":270,"texture":"#0"},"down":{"uv":[0.625,4.375,1.6875,4.75],"rotation":270,"texture":"#0"}}},{"from":[7.5,-0.03864,13.4],"to":[8.5,3.46136,15.4],"rotation":{"angle":22.5,"axis":"x","origin":[8,0.49483,13.96163]},"faces":{"north":{"uv":[2.0625,3.25,2.5,3.125],"rotation":90,"texture":"#0"},"east":{"uv":[2,3.25,2.4375,3.5],"rotation":90,"texture":"#0"},"south":{"uv":[2.1875,3.125,2.625,3],"rotation":90,"texture":"#0"},"west":{"uv":[2,3.5,2.4375,3.25],"rotation":90,"texture":"#0"},"up":{"uv":[2.0625,3.125,2.1875,2.875],"rotation":180,"texture":"#0"},"down":{"uv":[2.0625,3.125,2.1875,2.875],"rotation":180,"texture":"#0"}}},{"from":[7,-1.25962,11.14564],"to":[9,1.74038,14.64564],"rotation":{"angle":-22.5,"axis":"x","origin":[8,0.79483,14.06163]},"faces":{"north":{"uv":[2.375,4,2.125,4.375],"texture":"#0"},"east":{"uv":[1.6875,4,2.125,4.375],"texture":"#0"},"south":{"uv":[2.375,4,2.125,4.375],"texture":"#0"},"west":{"uv":[2.125,4,1.6875,4.375],"texture":"#0"},"up":{"uv":[2.5,3.75,2.0625,4],"rotation":270,"texture":"#0"},"down":{"uv":[2.5,3.5,2.0625,3.75],"rotation":270,"texture":"#0"}}},{"from":[7.5,-0.03864,0.6],"to":[8.5,3.46136,2.6],"rotation":{"angle":-22.5,"axis":"x","origin":[8,0.49483,2.03837]},"faces":{"north":{"uv":[2.1875,3,2.625,3.125],"rotation":90,"texture":"#0"},"east":{"uv":[2,3.5,2.4375,3.25],"rotation":90,"texture":"#0"},"south":{"uv":[2.0625,3.125,2.5,3.25],"rotation":90,"texture":"#0"},"west":{"uv":[2,3.25,2.4375,3.5],"rotation":90,"texture":"#0"},"up":{"uv":[2.0625,2.875,2.1875,3.125],"rotation":180,"texture":"#0"},"down":{"uv":[2.0625,2.875,2.1875,3.125],"rotation":180,"texture":"#0"}}},{"from":[7,-1.25962,1.35436],"to":[9,1.74038,4.85436],"rotation":{"angle":22.5,"axis":"x","origin":[8,0.79483,1.93837]},"faces":{"north":{"uv":[2.125,4,2.375,4.375],"texture":"#0"},"east":{"uv":[2.125,4,1.6875,4.375],"texture":"#0"},"south":{"uv":[2.125,4,2.375,4.375],"texture":"#0"},"west":{"uv":[1.6875,4,2.125,4.375],"texture":"#0"},"up":{"uv":[2.0625,3.75,2.5,4],"rotation":270,"texture":"#0"},"down":{"uv":[2.0625,3.5,2.5,3.75],"rotation":270,"texture":"#0"}}},{"from":[5.55,0.12886,8.38744],"to":[7.55,1.82886,10.08744],"rotation":{"angle":-45,"axis":"x","origin":[9,-0.25858,8]},"faces":{"north":{"uv":[3.25,1.1875,3.5,1.375],"texture":"#0"},"east":{"uv":[3.25,1.1875,3.0625,1.375],"texture":"#0"},"south":{"uv":[3.0625,1.5625,3.3125,1.375],"texture":"#0"},"west":{"uv":[3.25,1.1875,3.0625,1.375],"texture":"#0"},"up":{"uv":[3.0625,1.375,3.3125,1.5625],"texture":"#0"},"down":{"uv":[3.25,1.1875,3.5,1.375],"texture":"#0"}}},{"from":[5.4,0.02886,8.38744],"to":[5.4,1.72886,10.08744],"rotation":{"angle":-45,"axis":"x","origin":[8.9,-0.35858,8]},"faces":{"north":{"uv":[50,76,58,82],"texture":"#missing"},"east":{"uv":[3.3125,0.375,3.5,0.5625],"texture":"#0"},"south":{"uv":[50,76,58,82],"texture":"#missing"},"west":{"uv":[3.5,0.375,3.3125,0.5625],"texture":"#0"},"up":{"uv":[58,76,50,82],"rotation":180,"texture":"#missing"},"down":{"uv":[58,76,50,82],"texture":"#missing"}}},{"from":[5.4,-2.32886,8.38744],"to":[5.4,-0.62886,10.08744],"rotation":{"angle":45,"axis":"x","origin":[8.9,-0.24142,8]},"faces":{"north":{"uv":[50,82,58,76],"texture":"#missing"},"east":{"uv":[3.3125,0.375,3.5,0.1875],"texture":"#0"},"south":{"uv":[50,82,58,76],"texture":"#missing"},"west":{"uv":[3.5,0.375,3.3125,0.1875],"texture":"#0"},"up":{"uv":[58,82,50,76],"texture":"#missing"},"down":{"uv":[58,82,50,76],"rotation":180,"texture":"#missing"}}},{"from":[5.55,-3.37114,8.38744],"to":[7.55,-1.67114,10.08744],"rotation":{"angle":-45,"axis":"x","origin":[9,-3.75858,8]},"faces":{"north":{"uv":[3.25,1.1875,3.5,1.375],"texture":"#0"},"east":{"uv":[3.25,1.1875,3.0625,1.375],"texture":"#0"},"south":{"uv":[3.25,1.1875,3.5,1.375],"texture":"#0"},"west":{"uv":[3.25,1.1875,3.0625,1.375],"texture":"#0"},"up":{"uv":[3.25,1.1875,3.5,1.375],"texture":"#0"},"down":{"uv":[3.25,1.1875,3.5,1.375],"texture":"#0"}}},{"from":[7,-2.9,9.5],"to":[9,-0.9,12.5],"rotation":{"angle":22.5,"axis":"x","origin":[7.5,-0.9,9.5]},"faces":{"north":{"uv":[3.125,0,2.875,0.25],"texture":"#0"},"east":{"uv":[2.5,0,2.875,0.25],"texture":"#0"},"south":{"uv":[3.125,0,2.875,0.25],"texture":"#0"},"west":{"uv":[2.875,0,2.5,0.25],"texture":"#0"},"up":{"uv":[2.75,0.25,2.5,0.625],"texture":"#0"},"down":{"uv":[2.75,0.25,2.5,0.625],"texture":"#0"}}},{"from":[7,-2.9,3.5],"to":[9,-0.9,6.5],"rotation":{"angle":-22.5,"axis":"x","origin":[7.5,-0.9,6.5]},"faces":{"north":{"uv":[2.875,0,3.125,0.25],"texture":"#0"},"east":{"uv":[2.875,0,2.5,0.25],"texture":"#0"},"south":{"uv":[2.875,0,3.125,0.25],"texture":"#0"},"west":{"uv":[2.5,0,2.875,0.25],"texture":"#0"},"up":{"uv":[2.75,0.625,2.5,0.25],"texture":"#0"},"down":{"uv":[2.75,0.625,2.5,0.25],"texture":"#0"}}},{"from":[7.25,-4.8,2.4],"to":[8.75,-3.3,4.4],"rotation":{"angle":-45,"axis":"x","origin":[8,-3.5,3.15]},"faces":{"north":{"uv":[2.75,0.4375,2.9375,0.625],"texture":"#0"},"east":{"uv":[3,0.25,2.75,0.4375],"texture":"#0"},"south":{"uv":[2.75,0.4375,2.9375,0.625],"texture":"#0"},"west":{"uv":[2.75,0.25,3,0.4375],"texture":"#0"},"up":{"uv":[3.3125,0,3.125,0.25],"texture":"#0"},"down":{"uv":[3.75,0.25,3.5625,0],"texture":"#0"}}},{"from":[7.25,-4.8,11.6],"to":[8.75,-3.3,13.6],"rotation":{"angle":45,"axis":"x","origin":[8,-3.5,12.85]},"faces":{"north":{"uv":[2.9375,0.4375,2.75,0.625],"texture":"#0"},"east":{"uv":[2.75,0.25,3,0.4375],"texture":"#0"},"south":{"uv":[2.9375,0.4375,2.75,0.625],"texture":"#0"},"west":{"uv":[3,0.25,2.75,0.4375],"texture":"#0"},"up":{"uv":[3.3125,0.25,3.125,0],"texture":"#0"},"down":{"uv":[3.75,0,3.5625,0.25],"texture":"#0"}}},{"from":[5.5,-2,6.75],"to":[7.5,1.5,9.25],"rotation":{"angle":0,"axis":"y","origin":[9,-0.25858,8]},"faces":{"north":{"uv":[2.5625,1.1875,2.8125,1.625],"texture":"#0"},"east":{"uv":[2.5625,1.1875,2.25,1.625],"texture":"#0"},"south":{"uv":[2.5625,1.1875,2.8125,1.625],"texture":"#0"},"west":{"uv":[2.5625,1.1875,2.25,1.625],"texture":"#0"},"up":{"uv":[3.0625,1.1875,2.8125,1.5],"rotation":180,"texture":"#0"},"down":{"uv":[3.0625,1.1875,2.8125,1.5],"rotation":180,"texture":"#0"}}},{"from":[5.45,-2.25,7.15],"to":[5.45,1.75,8.85],"rotation":{"angle":0,"axis":"y","origin":[8.9,-0.55858,8]},"faces":{"north":{"uv":[0,0,0,8],"texture":"#2"},"east":{"uv":[3,0,0,8],"texture":"#2"},"south":{"uv":[0,0,0,8],"texture":"#2"},"west":{"uv":[0,0,3,8],"texture":"#2"},"up":{"uv":[0,3,0,0],"texture":"#2"},"down":{"uv":[0,0,0,3],"texture":"#2"}}},{"from":[10.55,-2.25,7.15],"to":[10.55,1.75,8.85],"rotation":{"angle":0,"axis":"y","origin":[7.1,-0.55858,8]},"faces":{"north":{"uv":[0,0,0,8],"texture":"#2"},"east":{"uv":[3,0,0,8],"texture":"#2"},"south":{"uv":[0,0,0,8],"texture":"#2"},"west":{"uv":[0,0,3,8],"texture":"#2"},"up":{"uv":[0,3,0,0],"texture":"#2"},"down":{"uv":[0,0,0,3],"texture":"#2"}}},{"from":[10.6,0.02886,8.38744],"to":[10.6,1.72886,10.08744],"rotation":{"angle":-45,"axis":"x","origin":[7.1,-0.35858,8]},"faces":{"north":{"uv":[58,76,50,82],"texture":"#missing"},"east":{"uv":[3.3125,0.375,3.5,0.5625],"texture":"#0"},"south":{"uv":[58,76,50,82],"texture":"#missing"},"west":{"uv":[3.5,0.375,3.3125,0.5625],"texture":"#0"},"up":{"uv":[50,76,58,82],"rotation":180,"texture":"#missing"},"down":{"uv":[50,76,58,82],"texture":"#missing"}}},{"from":[10.6,-2.32886,8.38744],"to":[10.6,-0.62886,10.08744],"rotation":{"angle":45,"axis":"x","origin":[7.1,-0.24142,8]},"faces":{"north":{"uv":[58,82,50,76],"texture":"#missing"},"east":{"uv":[3.3125,0.375,3.5,0.1875],"texture":"#0"},"south":{"uv":[58,82,50,76],"texture":"#missing"},"west":{"uv":[3.5,0.375,3.3125,0.1875],"texture":"#0"},"up":{"uv":[50,82,58,76],"texture":"#missing"},"down":{"uv":[50,82,58,76],"rotation":180,"texture":"#missing"}}},{"from":[8.5,-2,6.75],"to":[10.5,1.5,9.25],"rotation":{"angle":0,"axis":"y","origin":[7,-0.25858,8]},"faces":{"north":{"uv":[2.8125,1.1875,2.5625,1.625],"texture":"#0"},"east":{"uv":[2.25,1.1875,2.5625,1.625],"texture":"#0"},"south":{"uv":[2.8125,1.1875,2.5625,1.625],"texture":"#0"},"west":{"uv":[2.25,1.1875,2.5625,1.625],"texture":"#0"},"up":{"uv":[2.8125,1.1875,3.0625,1.5],"rotation":180,"texture":"#0"},"down":{"uv":[2.8125,1.1875,3.0625,1.5],"rotation":180,"texture":"#0"}}},{"from":[8.45,0.12886,8.38744],"to":[10.45,1.82886,10.08744],"rotation":{"angle":-45,"axis":"x","origin":[7,-0.25858,8]},"faces":{"north":{"uv":[3.5,1.1875,3.25,1.375],"texture":"#0"},"east":{"uv":[3.0625,1.1875,3.25,1.375],"texture":"#0"},"south":{"uv":[3.5,1.1875,3.25,1.375],"texture":"#0"},"west":{"uv":[3.0625,1.1875,3.25,1.375],"texture":"#0"},"up":{"uv":[3.5,1.1875,3.25,1.375],"texture":"#0"},"down":{"uv":[3.5,1.1875,3.25,1.375],"texture":"#0"}}},{"from":[8.45,-3.37114,8.38744],"to":[10.45,-1.67114,10.08744],"rotation":{"angle":-45,"axis":"x","origin":[7,-3.75858,8]},"faces":{"north":{"uv":[3.5,1.1875,3.25,1.375],"texture":"#0"},"east":{"uv":[3.0625,1.1875,3.25,1.375],"texture":"#0"},"south":{"uv":[3.5,1.1875,3.25,1.375],"texture":"#0"},"west":{"uv":[3.0625,1.1875,3.25,1.375],"texture":"#0"},"up":{"uv":[3.5,1.1875,3.25,1.375],"texture":"#0"},"down":{"uv":[3.5,1.1875,3.25,1.375],"texture":"#0"}}},{"from":[7.25,-16,7],"to":[8.75,-12,9],"rotation":{"angle":0,"axis":"y","origin":[7,1.2,8]},"faces":{"north":{"uv":[3.25,0.6875,3.4375,1.1875],"texture":"#0"},"east":{"uv":[3.25,0.6875,3,1.1875],"texture":"#0"},"south":{"uv":[3.25,0.6875,3.4375,1.1875],"texture":"#0"},"west":{"uv":[3,0.6875,3.25,1.1875],"texture":"#0"},"up":{"uv":[8.1875,0,8.375,0.25],"texture":"#0"},"down":{"uv":[8.1875,0,8.375,0.25],"texture":"#0"}}},{"from":[7,-11.08922,-6.30421],"to":[9,-9.58922,-4.80421],"rotation":{"angle":-45,"axis":"x","origin":[7.7,3.21499,8]},"faces":{"north":{"uv":[2.375,4.5625,2.125,4.75],"texture":"#0"},"east":{"uv":[2.1875,4.375,2.375,4.5625],"texture":"#0"},"south":{"uv":[3.5625,0,3.3125,0.1875],"texture":"#0"},"west":{"uv":[2.375,4.375,2.1875,4.5625],"texture":"#0"},"up":{"uv":[3.5625,0.1875,3.3125,0],"texture":"#0"},"down":{"uv":[2.375,4.5625,2.125,4.75],"texture":"#0"}}},{"from":[8.1,2,10],"to":[8.1,20,20],"rotation":{"angle":0,"axis":"y","origin":[7,20,32.5]},"faces":{"east":{"uv":[5,9.25,0,0.25],"texture":"#1"},"west":{"uv":[0,9.25,5,0.25],"texture":"#1"}}},{"from":[8.1,2,-4],"to":[8.1,20,6],"rotation":{"angle":0,"axis":"y","origin":[7,20,-16.5]},"faces":{"east":{"uv":[0,9.25,5,0.25],"texture":"#1"},"west":{"uv":[5,9.25,0,0.25],"texture":"#1"}}},{"from":[7.4,3.35692,11.50639],"to":[8.6,4.85692,12.50639],"rotation":{"angle":-22.5,"axis":"x","origin":[8,2.97939,11.08038]},"faces":{"north":{"uv":[3.6875,0.5625,3.875,0.4375],"rotation":90,"texture":"#0"},"east":{"uv":[3.6875,0.6875,3.875,0.5625],"rotation":90,"texture":"#0"},"south":{"uv":[3.6875,0.5625,3.875,0.4375],"rotation":270,"texture":"#0"},"west":{"uv":[3.6875,0.6875,3.875,0.5625],"rotation":270,"texture":"#0"},"up":{"uv":[3.875,0.5625,4,0.4375],"texture":"#0"},"down":{"uv":[3.875,0.5625,4,0.4375],"rotation":180,"texture":"#0"}}},{"from":[7.25,1.81499,10.68501],"to":[8.75,4.31499,12.18501],"rotation":{"angle":22.5,"axis":"x","origin":[8,2.97939,11.08038]},"faces":{"north":{"uv":[2.875,2.125,2.5625,2.3125],"rotation":90,"texture":"#0"},"east":{"uv":[2.5625,2.3125,2.25,2.125],"rotation":90,"texture":"#0"},"south":{"uv":[2.875,2.125,2.5625,2.3125],"rotation":90,"texture":"#0"},"west":{"uv":[2.5625,2.125,2.25,2.3125],"rotation":90,"texture":"#0"},"up":{"uv":[3.0625,1.875,2.875,2.0625],"rotation":180,"texture":"#0"},"down":{"uv":[3.0625,1.875,2.875,2.0625],"rotation":180,"texture":"#0"}}},{"from":[6.95,1.20337,8.55284],"to":[9.05,3.20337,11.05284],"rotation":{"angle":-22.5,"axis":"x","origin":[8,2.97939,11.08038]},"faces":{"north":{"uv":[3.0625,1.625,2.8125,1.875],"texture":"#0"},"east":{"uv":[2.5625,1.875,2.25,1.625],"texture":"#0"},"south":{"uv":[2.8125,1.625,2.5625,1.875],"rotation":180,"texture":"#0"},"west":{"uv":[2.5625,1.625,2.25,1.875],"rotation":180,"texture":"#0"},"up":{"uv":[2.5625,1.875,2.25,2.125],"rotation":270,"texture":"#0"},"down":{"uv":[2.875,1.875,2.5625,2.125],"rotation":90,"texture":"#0"}}},{"from":[7.4,3.35692,3.49361],"to":[8.6,4.85692,4.49361],"rotation":{"angle":22.5,"axis":"x","origin":[8,2.97939,4.91962]},"faces":{"north":{"uv":[3.6875,0.4375,3.875,0.5625],"rotation":270,"texture":"#0"},"east":{"uv":[3.6875,0.5625,3.875,0.6875],"rotation":90,"texture":"#0"},"south":{"uv":[3.6875,0.4375,3.875,0.5625],"rotation":90,"texture":"#0"},"west":{"uv":[3.6875,0.5625,3.875,0.6875],"rotation":270,"texture":"#0"},"up":{"uv":[3.875,0.4375,4,0.5625],"texture":"#0"},"down":{"uv":[3.875,0.4375,4,0.5625],"rotation":180,"texture":"#0"}}},{"from":[7.25,1.81499,3.81499],"to":[8.75,4.31499,5.31499],"rotation":{"angle":-22.5,"axis":"x","origin":[8,2.97939,4.91962]},"faces":{"north":{"uv":[2.875,2.3125,2.5625,2.125],"rotation":90,"texture":"#0"},"east":{"uv":[2.5625,2.125,2.25,2.3125],"rotation":90,"texture":"#0"},"south":{"uv":[2.875,2.3125,2.5625,2.125],"rotation":90,"texture":"#0"},"west":{"uv":[2.5625,2.3125,2.25,2.125],"rotation":90,"texture":"#0"},"up":{"uv":[3.0625,2.0625,2.875,1.875],"rotation":180,"texture":"#0"},"down":{"uv":[3.0625,2.0625,2.875,1.875],"rotation":180,"texture":"#0"}}},{"from":[6.95,1.20337,4.94716],"to":[9.05,3.20337,7.44716],"rotation":{"angle":22.5,"axis":"x","origin":[8,2.97939,4.91962]},"faces":{"north":{"uv":[2.5625,1.625,2.8125,1.875],"rotation":180,"texture":"#0"},"east":{"uv":[2.25,1.875,2.5625,1.625],"texture":"#0"},"south":{"uv":[2.8125,1.625,3.0625,1.875],"texture":"#0"},"west":{"uv":[2.25,1.625,2.5625,1.875],"rotation":180,"texture":"#0"},"up":{"uv":[2.25,1.875,2.5625,2.125],"rotation":270,"texture":"#0"},"down":{"uv":[2.5625,1.875,2.875,2.125],"rotation":90,"texture":"#0"}}},{"from":[8,9.5,5.5],"to":[8,13,10.5],"rotation":{"angle":22.5,"axis":"y","origin":[8,11.25,8]},"faces":{"north":{"uv":[1.6875,4.75,2.125,4.5625],"texture":"#0"},"east":{"uv":[3.8125,0.4375,4.4375,0],"texture":"#0"},"south":{"uv":[1.6875,4.75,2.125,4.5625],"texture":"#0"},"west":{"uv":[3.8125,0.4375,4.4375,0],"texture":"#0"},"up":{"uv":[3,0.6875,2.5625,1.1875],"rotation":180,"texture":"#0"},"down":{"uv":[3,0.6875,2.5625,1.1875],"rotation":180,"texture":"#0"}}},{"from":[8,9.5,5.5],"to":[8,13,10.5],"rotation":{"angle":-22.5,"axis":"y","origin":[8,11.25,8]},"faces":{"north":{"uv":[1.6875,4.75,2.125,4.5625],"texture":"#0"},"east":{"uv":[3.8125,0.4375,4.4375,0],"texture":"#0"},"south":{"uv":[1.6875,4.75,2.125,4.5625],"texture":"#0"},"west":{"uv":[3.8125,0.4375,4.4375,0],"texture":"#0"},"up":{"uv":[3,0.6875,2.5625,1.1875],"rotation":180,"texture":"#0"},"down":{"uv":[3,0.6875,2.5625,1.1875],"rotation":180,"texture":"#0"}}}],"gui_light":"front","display":{"thirdperson_righthand":{"translation":[0,7.25,1.25],"scale":[0.6,0.6,0.6]},"thirdperson_lefthand":{"translation":[0,7.25,1.25],"scale":[0.6,0.6,0.6]},"firstperson_righthand":{"rotation":[0,16,0],"translation":[5.25,3.25,-5.5],"scale":[0.6,0.6,0.6]},"firstperson_lefthand":{"rotation":[0,16,0],"translation":[5.25,3.25,-5.5],"scale":[0.6,0.6,0.6]},"ground":{"rotation":[0,0,88],"translation":[-2,2.5,0.25],"scale":[0.45,0.45,0.45]},"gui":{"rotation":[-90,-135,-90],"translation":[-1.5,1,-1.5],"scale":[0.45,0.45,0.45]},"head":{"rotation":[90,-156,90],"translation":[-6.5,10.5,1.75],"scale":[0.6,0.6,0.6]},"fixed":{"rotation":[-90,-90,-90],"translation":[0,2.75,-1.75],"scale":[1.2,1.2,1.2]}}}