{"credit":"MadewithBlockbench","texture_size":[32,32],"textures":{"0":"enforcer_set:blade_animation","1":"enforcer_set:animation_01","particle":"enforcer_set:blade_animation"},"elements":[{"from":[8,2.5,5.5],"to":[8,29.5,9.5],"rotation":{"angle":0,"axis":"y","origin":[8,10.40062,7.21432]},"faces":{"north":{"uv":[0,0,0,15.42857],"texture":"#0"},"east":{"uv":[0,0,2.28571,15.42857],"texture":"#0"},"south":{"uv":[0,0,0,15.42857],"texture":"#0"},"west":{"uv":[2.28571,0,4.57143,15.42857],"texture":"#0"},"up":{"uv":[0,2.28571,0,0],"texture":"#0"},"down":{"uv":[0,0,0,2.28571],"texture":"#0"}}},{"from":[7.75,3.75,5.8],"to":[7.75,9.75,11.8],"rotation":{"angle":0,"axis":"x","origin":[7.75,8.75,9.8]},"faces":{"north":{"uv":[0,0,0,2.28571],"rotation":180,"texture":"#1"},"south":{"uv":[0,2.28571,0,0],"texture":"#1"},"west":{"uv":[0,0,16,16],"rotation":90,"texture":"#1"},"up":{"uv":[0,0,0,15.42857],"rotation":180,"texture":"#1"},"down":{"uv":[0,0,0,15.42857],"texture":"#1"}}},{"from":[8.25,3.75,5.8],"to":[8.25,9.75,11.8],"rotation":{"angle":0,"axis":"x","origin":[8.25,8.75,9.8]},"faces":{"north":{"uv":[0,0,0,2.28571],"rotation":180,"texture":"#1"},"east":{"uv":[0,16,16,0],"rotation":90,"texture":"#1"},"south":{"uv":[0,2.28571,0,0],"texture":"#1"},"up":{"uv":[0,0,0,15.42857],"rotation":180,"texture":"#1"},"down":{"uv":[0,0,0,15.42857],"texture":"#1"}}},{"from":[7.75,7.5,7.5],"to":[8.25,21.5,8.5],"rotation":{"angle":0,"axis":"y","origin":[8,10.40062,7.21432]},"faces":{"north":{"uv":[8,0,8.28571,8],"texture":"#0"},"east":{"uv":[6.85714,0,7.42857,8],"texture":"#0"},"south":{"uv":[6.85714,8,7.14286,16],"texture":"#0"},"west":{"uv":[7.42857,0,8,8],"texture":"#0"},"up":{"uv":[10.57143,13.14286,10.28571,12.57143],"texture":"#0"},"down":{"uv":[11.14286,12.57143,10.85714,13.14286],"texture":"#0"}}},{"from":[7.755,17.54705,15.26478],"to":[8.245,18.04705,16.16478],"rotation":{"angle":-45,"axis":"x","origin":[8,10.40062,7.21432]},"faces":{"north":{"uv":[5.71429,13.14286,6,13.42857],"texture":"#0"},"east":{"uv":[12.57143,10.85714,13.14286,11.14286],"texture":"#0"},"south":{"uv":[13.14286,5.71429,13.42857,6],"texture":"#0"},"west":{"uv":[11.42857,12.57143,12,12.85714],"texture":"#0"},"up":{"uv":[12.85714,12,12.57143,11.42857],"texture":"#0"},"down":{"uv":[12.28571,12.57143,12,13.14286],"texture":"#0"}}},{"from":[7.75,21.4964,8.1364],"to":[8.25,22.1364,8.5064],"rotation":{"angle":0,"axis":"x","origin":[8,10.40062,7.21432]},"faces":{"north":{"uv":[12.57143,12.57143,12.85714,13],"texture":"#0"},"east":{"uv":[13.71429,2.28571,13.85714,2.71429],"texture":"#0"},"south":{"uv":[13.14286,0.57143,13.42857,1],"texture":"#0"},"west":{"uv":[13.71429,2.85714,13.85714,3.28571],"texture":"#0"},"up":{"uv":[5.42857,13.85714,5.14286,13.71429],"texture":"#0"},"down":{"uv":[14,5.14286,13.71429,5.28571],"texture":"#0"}}},{"from":[7.755,18.43094,15.89866],"to":[8.245,18.93094,17.04866],"rotation":{"angle":-45,"axis":"x","origin":[8,10.40062,7.21432]},"faces":{"north":{"uv":[6.28571,13.14286,6.57143,13.42857],"texture":"#0"},"east":{"uv":[12,9.71429,12.71429,10],"texture":"#0"},"south":{"uv":[13.14286,6.28571,13.42857,6.57143],"texture":"#0"},"west":{"uv":[12,10.28571,12.71429,10.57143],"texture":"#0"},"up":{"uv":[6.57143,12.71429,6.28571,12],"texture":"#0"},"down":{"uv":[12.28571,10.85714,12,11.57143],"texture":"#0"}}},{"from":[7.75,22.7464,8.1364],"to":[8.25,23.3864,8.5064],"rotation":{"angle":0,"axis":"x","origin":[8,10.40062,7.21432]},"faces":{"north":{"uv":[13.14286,1.14286,13.42857,1.57143],"texture":"#0"},"east":{"uv":[13.71429,3.42857,13.85714,3.85714],"texture":"#0"},"south":{"uv":[13.14286,1.71429,13.42857,2.14286],"texture":"#0"},"west":{"uv":[13.71429,4,13.85714,4.42857],"texture":"#0"},"up":{"uv":[6,13.85714,5.71429,13.71429],"texture":"#0"},"down":{"uv":[14,5.71429,13.71429,5.85714],"texture":"#0"}}},{"from":[7.75,23.9964,8.1364],"to":[8.25,24.6364,8.5064],"rotation":{"angle":0,"axis":"x","origin":[8,10.40062,7.21432]},"faces":{"north":{"uv":[13.14286,2.28571,13.42857,2.71429],"texture":"#0"},"east":{"uv":[4.57143,13.71429,4.71429,14.14286],"texture":"#0"},"south":{"uv":[13.14286,2.85714,13.42857,3.28571],"texture":"#0"},"west":{"uv":[13.71429,4.57143,13.85714,5],"texture":"#0"},"up":{"uv":[6.57143,13.85714,6.28571,13.71429],"texture":"#0"},"down":{"uv":[14,6.28571,13.71429,6.42857],"texture":"#0"}}},{"from":[7.755,19.31482,16.78254],"to":[8.245,19.81482,17.93254],"rotation":{"angle":-45,"axis":"x","origin":[8,10.40062,7.21432]},"faces":{"north":{"uv":[13.14286,6.85714,13.42857,7.14286],"texture":"#0"},"east":{"uv":[12,12,12.71429,12.28571],"texture":"#0"},"south":{"uv":[7.42857,13.14286,7.71429,13.42857],"texture":"#0"},"west":{"uv":[12.57143,0,13.28571,0.28571],"texture":"#0"},"up":{"uv":[12.85714,1.28571,12.57143,0.57143],"texture":"#0"},"down":{"uv":[12.85714,1.71429,12.57143,2.42857],"texture":"#0"}}},{"from":[7.45,5.75,6.5],"to":[8.55,7.5,8.25],"rotation":{"angle":0,"axis":"y","origin":[8,10.40062,7.21432]},"faces":{"north":{"uv":[9.71429,1.14286,10.28571,2.14286],"texture":"#0"},"east":{"uv":[8.57143,6.85714,9.57143,7.85714],"texture":"#0"},"south":{"uv":[10.28571,1.14286,10.85714,2.14286],"texture":"#0"},"west":{"uv":[8.57143,8,9.57143,9],"texture":"#0"},"up":{"uv":[10.85714,3.28571,10.28571,2.28571],"texture":"#0"},"down":{"uv":[10.85714,3.42857,10.28571,4.42857],"texture":"#0"}}},{"from":[7.25,6.9177,9.85125],"to":[8.75,8.1677,11.10125],"rotation":{"angle":45,"axis":"x","origin":[8,10.40062,7.21432]},"faces":{"north":{"uv":[9.14286,2.28571,10,3],"texture":"#0"},"east":{"uv":[10.85714,0,11.57143,0.71429],"texture":"#0"},"south":{"uv":[9.14286,3.42857,10,4.14286],"texture":"#0"},"west":{"uv":[10.85714,1.14286,11.57143,1.85714],"texture":"#0"},"up":{"uv":[9.42857,9.85714,8.57143,9.14286],"texture":"#0"},"down":{"uv":[10.57143,0,9.71429,0.71429],"texture":"#0"}}},{"from":[7.63,6.1677,9.35125],"to":[8.37,7.4177,10.10125],"rotation":{"angle":45,"axis":"x","origin":[8,10.40062,7.21432]},"faces":{"north":{"uv":[11.42857,9.14286,11.85714,9.85714],"texture":"#0"},"east":{"uv":[9.71429,11.42857,10.14286,12.14286],"texture":"#0"},"south":{"uv":[10.28571,11.42857,10.71429,12.14286],"texture":"#0"},"west":{"uv":[11.42857,10.28571,11.85714,11],"texture":"#0"},"up":{"uv":[13,3.28571,12.57143,2.85714],"texture":"#0"},"down":{"uv":[13,3.42857,12.57143,3.85714],"texture":"#0"}}},{"from":[7.625,4.64645,5.73223],"to":[8.375,5.89645,6.48223],"rotation":{"angle":0,"axis":"x","origin":[8,10.40062,7.21432]},"faces":{"north":{"uv":[10.85714,11.42857,11.28571,12.14286],"texture":"#0"},"east":{"uv":[11.42857,11.42857,11.85714,12.14286],"texture":"#0"},"south":{"uv":[12,0,12.42857,0.71429],"texture":"#0"},"west":{"uv":[12,1.14286,12.42857,1.85714],"texture":"#0"},"up":{"uv":[13,4.42857,12.57143,4],"texture":"#0"},"down":{"uv":[13,4.57143,12.57143,5],"texture":"#0"}}},{"from":[7.75,5.5,6.5],"to":[7.75,20.5,7.5],"rotation":{"angle":0,"axis":"y","origin":[8,10.40062,7.21432]},"faces":{"north":{"uv":[0,0,0,8.57143],"texture":"#0"},"east":{"uv":[4.57143,0,5.14286,8.57143],"texture":"#0"},"south":{"uv":[0,0,0,8.57143],"texture":"#0"},"west":{"uv":[5.14286,0,5.71429,8.57143],"texture":"#0"},"up":{"uv":[0,0.57143,0,0],"texture":"#0"},"down":{"uv":[0,0,0,0.57143],"texture":"#0"}}},{"from":[8.25,5.5,6.5],"to":[8.25,20.5,7.5],"rotation":{"angle":0,"axis":"y","origin":[8,10.40062,7.21432]},"faces":{"north":{"uv":[0,0,0,8.57143],"texture":"#0"},"east":{"uv":[5.71429,0,5.14286,8.57143],"texture":"#0"},"south":{"uv":[0,0,0,8.57143],"texture":"#0"},"west":{"uv":[5.14286,0,4.57143,8.57143],"texture":"#0"},"up":{"uv":[0,0.57143,0,0],"texture":"#0"},"down":{"uv":[0,0,0,0.57143],"texture":"#0"}}},{"from":[7.625,-3.25,7.5],"to":[8.375,4.5,8.25],"rotation":{"angle":0,"axis":"y","origin":[8,10.40062,7.21432]},"faces":{"north":{"uv":[7.42857,8,7.85714,12.42857],"texture":"#0"},"east":{"uv":[8,8,8.42857,12.42857],"texture":"#0"},"south":{"uv":[8.57143,0,9,4.42857],"texture":"#0"},"west":{"uv":[4.57143,8.57143,5,13],"texture":"#0"},"up":{"uv":[13,5.57143,12.57143,5.14286],"texture":"#0"},"down":{"uv":[13,5.71429,12.57143,6.14286],"texture":"#0"}}},{"from":[7.525,3.85,7.4],"to":[8.475,4.2,8.35],"rotation":{"angle":0,"axis":"y","origin":[8,10.40062,7.21432]},"faces":{"north":{"uv":[13.14286,9.71429,13.71429,9.85714],"texture":"#0"},"east":{"uv":[10.28571,13.14286,10.85714,13.28571],"texture":"#0"},"south":{"uv":[13.14286,10.28571,13.71429,10.42857],"texture":"#0"},"west":{"uv":[10.85714,13.14286,11.42857,13.28571],"texture":"#0"},"up":{"uv":[12,4,11.42857,3.42857],"texture":"#0"},"down":{"uv":[12,4,11.42857,4.57143],"texture":"#0"}}},{"from":[7.525,3.85,7.4],"to":[8.475,4.2,8.35],"rotation":{"angle":0,"axis":"y","origin":[8,10.40062,7.21432]},"faces":{"north":{"uv":[13.14286,9.71429,13.71429,9.85714],"texture":"#0"},"east":{"uv":[10.28571,13.14286,10.85714,13.28571],"texture":"#0"},"south":{"uv":[13.14286,10.28571,13.71429,10.42857],"texture":"#0"},"west":{"uv":[10.85714,13.14286,11.42857,13.28571],"texture":"#0"},"up":{"uv":[12,4,11.42857,3.42857],"texture":"#0"},"down":{"uv":[12,4,11.42857,4.57143],"texture":"#0"}}},{"from":[7.525,3.35,7.4],"to":[8.475,3.7,8.35],"rotation":{"angle":0,"axis":"y","origin":[8,10.40062,7.21432]},"faces":{"north":{"uv":[13.14286,9.71429,13.71429,9.85714],"texture":"#0"},"east":{"uv":[10.28571,13.14286,10.85714,13.28571],"texture":"#0"},"south":{"uv":[13.14286,10.28571,13.71429,10.42857],"texture":"#0"},"west":{"uv":[10.85714,13.14286,11.42857,13.28571],"texture":"#0"},"up":{"uv":[12,4,11.42857,3.42857],"texture":"#0"},"down":{"uv":[12,4,11.42857,4.57143],"texture":"#0"}}},{"from":[7.525,2.85,7.4],"to":[8.475,3.2,8.35],"rotation":{"angle":0,"axis":"y","origin":[8,10.40062,7.21432]},"faces":{"north":{"uv":[13.14286,9.71429,13.71429,9.85714],"texture":"#0"},"east":{"uv":[10.28571,13.14286,10.85714,13.28571],"texture":"#0"},"south":{"uv":[13.14286,10.28571,13.71429,10.42857],"texture":"#0"},"west":{"uv":[10.85714,13.14286,11.42857,13.28571],"texture":"#0"},"up":{"uv":[12,4,11.42857,3.42857],"texture":"#0"},"down":{"uv":[12,4,11.42857,4.57143],"texture":"#0"}}},{"from":[7.525,-1.45,7.4],"to":[8.475,-1.1,8.35],"rotation":{"angle":0,"axis":"y","origin":[8,10.40062,7.21432]},"faces":{"north":{"uv":[13.14286,10.85714,13.71429,11],"texture":"#0"},"east":{"uv":[11.42857,13.14286,12,13.28571],"texture":"#0"},"south":{"uv":[13.14286,11.42857,13.71429,11.57143],"texture":"#0"},"west":{"uv":[12,13.14286,12.57143,13.28571],"texture":"#0"},"up":{"uv":[12,5.14286,11.42857,4.57143],"texture":"#0"},"down":{"uv":[12,5.14286,11.42857,5.71429],"texture":"#0"}}},{"from":[7.525,-0.95,7.4],"to":[8.475,-0.6,8.35],"rotation":{"angle":0,"axis":"y","origin":[8,10.40062,7.21432]},"faces":{"north":{"uv":[13.14286,12,13.71429,12.14286],"texture":"#0"},"east":{"uv":[12.57143,13.14286,13.14286,13.28571],"texture":"#0"},"south":{"uv":[13.14286,12.57143,13.71429,12.71429],"texture":"#0"},"west":{"uv":[13.14286,13.14286,13.71429,13.28571],"texture":"#0"},"up":{"uv":[12,6.28571,11.42857,5.71429],"texture":"#0"},"down":{"uv":[12,6.28571,11.42857,6.85714],"texture":"#0"}}},{"from":[7.525,-0.45,7.4],"to":[8.475,-0.1,8.35],"rotation":{"angle":0,"axis":"y","origin":[8,10.40062,7.21432]},"faces":{"north":{"uv":[13.71429,0,14.28571,0.14286],"texture":"#0"},"east":{"uv":[13.71429,0.57143,14.28571,0.71429],"texture":"#0"},"south":{"uv":[13.71429,1.14286,14.28571,1.28571],"texture":"#0"},"west":{"uv":[13.71429,1.71429,14.28571,1.85714],"texture":"#0"},"up":{"uv":[12,7.42857,11.42857,6.85714],"texture":"#0"},"down":{"uv":[12,7.42857,11.42857,8],"texture":"#0"}}},{"from":[7.5,-3.25,6.5],"to":[8.5,-1.5,7.5],"rotation":{"angle":0,"axis":"y","origin":[8,10.40062,7.21432]},"faces":{"north":{"uv":[10.28571,4.57143,10.85714,5.57143],"texture":"#0"},"east":{"uv":[10.28571,5.71429,10.85714,6.71429],"texture":"#0"},"south":{"uv":[10.28571,6.85714,10.85714,7.85714],"texture":"#0"},"west":{"uv":[10.28571,8,10.85714,9],"texture":"#0"},"up":{"uv":[12,8.57143,11.42857,8],"texture":"#0"},"down":{"uv":[9.14286,11.42857,8.57143,12],"texture":"#0"}}},{"from":[7.505,-0.49673,-2.94323],"to":[8.495,1.25327,-1.94323],"rotation":{"angle":-45,"axis":"x","origin":[8,10.40062,7.21432]},"faces":{"north":{"uv":[8.57143,10.28571,9.14286,11.28571],"texture":"#0"},"east":{"uv":[9.14286,10.28571,9.71429,11.28571],"texture":"#0"},"south":{"uv":[10.28571,9.14286,10.85714,10.14286],"texture":"#0"},"west":{"uv":[10.28571,10.28571,10.85714,11.28571],"texture":"#0"},"up":{"uv":[12,9.14286,11.42857,8.57143],"texture":"#0"},"down":{"uv":[9.71429,11.42857,9.14286,12],"texture":"#0"}}},{"from":[7.65,4.5,7.4],"to":[8.35,8.5,8.6],"rotation":{"angle":0,"axis":"y","origin":[8,10.40062,7.21432]},"faces":{"north":{"uv":[6.28571,8.57143,6.71429,10.85714],"texture":"#0"},"east":{"uv":[8.57143,4.57143,9.28571,6.85714],"texture":"#0"},"south":{"uv":[9.14286,0,9.57143,2.28571],"texture":"#0"},"west":{"uv":[5.14286,8.57143,5.85714,10.85714],"texture":"#0"},"up":{"uv":[12.42857,3,12,2.28571],"texture":"#0"},"down":{"uv":[12.42857,3.42857,12,4.14286],"texture":"#0"}}},{"from":[7.65,9.01789,6.89554],"to":[8.35,9.51789,8.29554],"rotation":{"angle":-22.5,"axis":"x","origin":[8,10.40062,7.21432]},"faces":{"north":{"uv":[13.14286,3.42857,13.57143,3.71429],"texture":"#0"},"east":{"uv":[12,6.85714,12.85714,7.14286],"texture":"#0"},"south":{"uv":[13.14286,4,13.57143,4.28571],"texture":"#0"},"west":{"uv":[12,7.42857,12.85714,7.71429],"texture":"#0"},"up":{"uv":[11.28571,3.14286,10.85714,2.28571],"texture":"#0"},"down":{"uv":[11.28571,3.42857,10.85714,4.28571],"texture":"#0"}}},{"from":[7.65,10.17274,7.3739],"to":[8.35,10.67274,8.7739],"rotation":{"angle":-22.5,"axis":"x","origin":[8,10.40062,7.21432]},"faces":{"north":{"uv":[4.57143,13.14286,5,13.42857],"texture":"#0"},"east":{"uv":[12,8,12.85714,8.28571],"texture":"#0"},"south":{"uv":[13.14286,4.57143,13.57143,4.85714],"texture":"#0"},"west":{"uv":[8.57143,12,9.42857,12.28571],"texture":"#0"},"up":{"uv":[11.28571,5.42857,10.85714,4.57143],"texture":"#0"},"down":{"uv":[5.57143,10.85714,5.14286,11.71429],"texture":"#0"}}},{"from":[7.65,11.32759,7.85225],"to":[8.35,11.82759,9.25225],"rotation":{"angle":-22.5,"axis":"x","origin":[8,10.40062,7.21432]},"faces":{"north":{"uv":[5.14286,13.14286,5.57143,13.42857],"texture":"#0"},"east":{"uv":[12,8.57143,12.85714,8.85714],"texture":"#0"},"south":{"uv":[13.14286,5.14286,13.57143,5.42857],"texture":"#0"},"west":{"uv":[12,9.14286,12.85714,9.42857],"texture":"#0"},"up":{"uv":[6.14286,11.71429,5.71429,10.85714],"texture":"#0"},"down":{"uv":[11.28571,5.71429,10.85714,6.57143],"texture":"#0"}}},{"from":[7.63,6.12979,2.09751],"to":[8.37,7.37979,2.84751],"rotation":{"angle":-45,"axis":"x","origin":[8,10.40062,7.21432]},"faces":{"north":{"uv":[12,4.57143,12.42857,5.28571],"texture":"#0"},"east":{"uv":[5.14286,12,5.57143,12.71429],"texture":"#0"},"south":{"uv":[5.71429,12,6.14286,12.71429],"texture":"#0"},"west":{"uv":[12,5.71429,12.42857,6.42857],"texture":"#0"},"up":{"uv":[13,6.71429,12.57143,6.28571],"texture":"#0"},"down":{"uv":[7.85714,12.57143,7.42857,13],"texture":"#0"}}},{"from":[7.63,3.97316,11.79579],"to":[8.37,6.47316,12.54579],"rotation":{"angle":45,"axis":"x","origin":[8,10.40062,7.21432]},"faces":{"north":{"uv":[9.71429,4.57143,10.14286,6],"texture":"#0"},"east":{"uv":[9.71429,6.28571,10.14286,7.71429],"texture":"#0"},"south":{"uv":[9.71429,8,10.14286,9.42857],"texture":"#0"},"west":{"uv":[9.71429,9.71429,10.14286,11.14286],"texture":"#0"},"up":{"uv":[8.42857,13,8,12.57143],"texture":"#0"},"down":{"uv":[9,12.57143,8.57143,13],"texture":"#0"}}},{"from":[7.625,2.79289,6.39645],"to":[8.375,4.29289,7.14645],"rotation":{"angle":0,"axis":"y","origin":[8,10.40062,7.21432]},"faces":{"north":{"uv":[6.28571,10.85714,6.71429,11.71429],"texture":"#0"},"east":{"uv":[10.85714,6.85714,11.28571,7.71429],"texture":"#0"},"south":{"uv":[10.85714,8,11.28571,8.85714],"texture":"#0"},"west":{"uv":[10.85714,9.14286,11.28571,10],"texture":"#0"},"up":{"uv":[9.57143,13,9.14286,12.57143],"texture":"#0"},"down":{"uv":[10.14286,12.57143,9.71429,13],"texture":"#0"}}}],"gui_light":"front","display":{"thirdperson_righthand":{"translation":[0,5.25,1]},"thirdperson_lefthand":{"translation":[0,5.25,1]},"firstperson_righthand":{"rotation":[-11,0,0],"translation":[9,-1.75,-5.25],"scale":[1.05859,1.05859,1.05859]},"firstperson_lefthand":{"rotation":[-11,0,0],"translation":[9,-1.75,-5.25],"scale":[1.05859,1.05859,1.05859]},"ground":{"rotation":[90,90,0],"translation":[0,0,-2.25]},"gui":{"rotation":[-90,45,90],"translation":[1.75,-2,0],"scale":[0.57,0.57,0.57]},"head":{"rotation":[-90,-45,90],"translation":[8.25,-8.5,4.75],"scale":[1.75,1.75,1.75]},"fixed":{"rotation":[-90,90,90],"translation":[0.5,-6.25,-2.75],"scale":[1.75,1.75,1.75]}}}