{"credit":"MadewithBlockbench","texture_size":[48,48],"textures":{"0":"enforcer_set:pickaxe_animation","1":"enforcer_set:chest","particle":"enforcer_set:pickaxe_animation"},"elements":[{"from":[5.865,3.08389,7.03548],"to":[7.085,5.21889,8.24327],"rotation":{"angle":0,"axis":"y","origin":[7.695,12.95145,6.87688]},"faces":{"north":{"uv":[10.85714,6.71429,10.28571,5.71429],"rotation":180,"texture":"#1"},"east":{"uv":[10.85714,7.85714,10.28571,6.85714],"rotation":180,"texture":"#1"},"south":{"uv":[10.85714,9,10.28571,8],"rotation":180,"texture":"#1"},"west":{"uv":[10.85714,5.57143,10.28571,4.57143],"rotation":180,"texture":"#1"},"up":{"uv":[12,8.57143,11.42857,8],"rotation":270,"texture":"#1"},"down":{"uv":[9.14286,11.42857,8.57143,12],"rotation":90,"texture":"#1"}}},{"from":[13.37842,4.68002,7.02938],"to":[15.51342,5.90002,8.23718],"rotation":{"angle":-45,"axis":"z","origin":[7.695,12.95145,7.18188]},"faces":{"north":{"uv":[9.14286,10.28571,9.71429,11.28571],"rotation":90,"texture":"#1"},"east":{"uv":[9.71429,11.42857,9.14286,12],"texture":"#1"},"south":{"uv":[10.28571,10.28571,10.85714,11.28571],"rotation":270,"texture":"#1"},"west":{"uv":[12,9.14286,11.42857,8.57143],"rotation":180,"texture":"#1"},"up":{"uv":[10.85714,10.14286,10.28571,9.14286],"rotation":90,"texture":"#1"},"down":{"uv":[9.14286,11.28571,8.57143,10.28571],"rotation":90,"texture":"#1"}}},{"from":[0.48658,4.68002,7.02938],"to":[2.62158,5.90002,8.24938],"rotation":{"angle":45,"axis":"z","origin":[8.305,12.95145,7.18188]},"faces":{"north":{"uv":[9.14286,11.28571,9.71429,10.28571],"rotation":90,"texture":"#1"},"east":{"uv":[11.42857,9.14286,12,8.57143],"rotation":180,"texture":"#1"},"south":{"uv":[10.28571,11.28571,10.85714,10.28571],"rotation":270,"texture":"#1"},"west":{"uv":[9.14286,11.42857,9.71429,12],"texture":"#1"},"up":{"uv":[10.85714,9.14286,10.28571,10.14286],"rotation":90,"texture":"#1"},"down":{"uv":[9.14286,10.28571,8.57143,11.28571],"rotation":90,"texture":"#1"}}},{"from":[8.915,3.08389,7.03548],"to":[10.135,5.21889,8.24327],"rotation":{"angle":0,"axis":"y","origin":[8.305,12.95145,6.87688]},"faces":{"north":{"uv":[10.28571,6.71429,10.85714,5.71429],"rotation":180,"texture":"#1"},"east":{"uv":[10.28571,5.57143,10.85714,4.57143],"rotation":180,"texture":"#1"},"south":{"uv":[10.28571,9,10.85714,8],"rotation":180,"texture":"#1"},"west":{"uv":[10.28571,7.85714,10.85714,6.85714],"rotation":180,"texture":"#1"},"up":{"uv":[12,8,11.42857,8.57143],"rotation":270,"texture":"#1"},"down":{"uv":[9.14286,12,8.57143,11.42857],"rotation":90,"texture":"#1"}}},{"from":[6.475,2.58145,7.10563],"to":[9.525,5.63145,8.02062],"rotation":{"angle":0,"axis":"x","origin":[8,5.4942,16.86563]},"faces":{"north":{"uv":[7.66667,11.66667,8.5,12.5],"texture":"#1"},"east":{"uv":[1.33333,11,1.66667,11.83333],"texture":"#1"},"south":{"uv":[12,0,12.83333,0.83333],"texture":"#1"},"west":{"uv":[12,13.66667,12.33333,14.5],"texture":"#1"},"up":{"uv":[13.5,5,12.66667,4.66667],"texture":"#1"},"down":{"uv":[13.83333,0.66667,13,1],"texture":"#1"}}},{"from":[0.985,4.28945,7.10563],"to":[3.12,7.94945,9.24063],"rotation":{"angle":0,"axis":"x","origin":[8,5.4942,16.86563]},"faces":{"north":{"uv":[12,4,12.66667,5],"texture":"#1"},"east":{"uv":[4.66667,12,5.33333,13],"texture":"#1"},"south":{"uv":[12,7.66667,12.66667,8.66667],"texture":"#1"},"west":{"uv":[8.66667,12,9.33333,13],"texture":"#1"},"up":{"uv":[10,14.33333,9.33333,13.66667],"texture":"#1"},"down":{"uv":[10.66667,13.66667,10,14.33333],"texture":"#1"}}},{"from":[1.9,5.02145,8.02062],"to":[14.1,7.46145,16.56063],"rotation":{"angle":0,"axis":"x","origin":[8,5.4942,16.86563]},"faces":{"north":{"uv":[0,9,3.33333,9.66667],"texture":"#1"},"east":{"uv":[6.66667,9,9,9.66667],"texture":"#1"},"south":{"uv":[3.33333,9,6.66667,9.66667],"texture":"#1"},"west":{"uv":[9,9,11.33333,9.66667],"texture":"#1"},"up":{"uv":[10,7.66667,6.66667,5.33333],"texture":"#1"},"down":{"uv":[10.66667,0,7.33333,2.33333],"texture":"#1"}}},{"from":[6.9325,4.28945,7.41063],"to":[9.0675,7.94945,9.54563],"rotation":{"angle":0,"axis":"x","origin":[8,5.4942,16.86563]},"faces":{"north":{"uv":[12,11,12.66667,12],"texture":"#1"},"east":{"uv":[11.33333,12,12,13],"texture":"#1"},"south":{"uv":[12,12,12.66667,13],"texture":"#1"},"west":{"uv":[0,12.33333,0.66667,13.33333],"texture":"#1"},"up":{"uv":[14.33333,14,13.66667,13.33333],"texture":"#1"},"down":{"uv":[0.66667,14,0,14.66667],"texture":"#1"}}},{"from":[7.085,4.29131,7.33438],"to":[13.795,5.51131,7.94438],"rotation":{"angle":0,"axis":"z","origin":[8,8.56131,20.14438]},"faces":{"north":{"uv":[6.85714,3.28571,7.42857,0],"rotation":90,"texture":"#1"},"east":{"uv":[10.28571,13.14286,10.57143,12.57143],"rotation":180,"texture":"#1"},"south":{"uv":[7.42857,3.28571,8,0],"rotation":270,"texture":"#1"},"west":{"uv":[10.85714,12.57143,11.14286,13.14286],"texture":"#1"},"up":{"uv":[6.85714,11.28571,7.14286,8],"rotation":270,"texture":"#1"},"down":{"uv":[8,3.28571,8.28571,0],"rotation":270,"texture":"#1"}}},{"from":[2.205,4.29131,7.33438],"to":[8.915,5.51131,7.94438],"rotation":{"angle":0,"axis":"z","origin":[8,8.56131,20.14438]},"faces":{"north":{"uv":[6.85714,0,7.42857,3.28571],"rotation":90,"texture":"#1"},"east":{"uv":[11.14286,12.57143,10.85714,13.14286],"texture":"#1"},"south":{"uv":[7.42857,0,8,3.28571],"rotation":270,"texture":"#1"},"west":{"uv":[10.57143,13.14286,10.28571,12.57143],"rotation":180,"texture":"#1"},"up":{"uv":[6.85714,8,7.14286,11.28571],"rotation":270,"texture":"#1"},"down":{"uv":[8,0,8.28571,3.28571],"rotation":270,"texture":"#1"}}},{"from":[12.88,4.28945,7.10563],"to":[15.015,7.94945,9.24063],"rotation":{"angle":0,"axis":"x","origin":[8,5.4942,16.86563]},"faces":{"north":{"uv":[9.33333,12,10,13],"texture":"#1"},"east":{"uv":[10,12,10.66667,13],"texture":"#1"},"south":{"uv":[12,10,12.66667,11],"texture":"#1"},"west":{"uv":[10.66667,12,11.33333,13],"texture":"#1"},"up":{"uv":[11.33333,14.33333,10.66667,13.66667],"texture":"#1"},"down":{"uv":[12,13.66667,11.33333,14.33333],"texture":"#1"}}},{"from":[12.88,5.81445,9.24063],"to":[15.015,7.94945,15.34063],"rotation":{"angle":0,"axis":"x","origin":[8,5.4942,16.86563]},"faces":{"north":{"uv":[5.33333,14,6,14.66667],"texture":"#1"},"east":{"uv":[8.66667,10,10.33333,10.66667],"texture":"#1"},"south":{"uv":[6,14,6.66667,14.66667],"texture":"#1"},"west":{"uv":[0,10.33333,1.66667,11],"texture":"#1"},"up":{"uv":[2.33333,12,1.66667,10.33333],"texture":"#1"},"down":{"uv":[3,10.33333,2.33333,12],"texture":"#1"}}},{"from":[6.9325,5.81445,9.54563],"to":[9.0675,7.94945,15.03563],"rotation":{"angle":0,"axis":"x","origin":[8,5.4942,16.86563]},"faces":{"north":{"uv":[14,3.33333,14.66667,4],"texture":"#1"},"east":{"uv":[5.66667,10.33333,7.16667,11],"texture":"#1"},"south":{"uv":[14,4,14.66667,4.66667],"texture":"#1"},"west":{"uv":[10.33333,10,11.83333,10.66667],"texture":"#1"},"up":{"uv":[11.33333,1.5,10.66667,0],"texture":"#1"},"down":{"uv":[11.33333,1.66667,10.66667,3.16667],"texture":"#1"}}},{"from":[0.985,5.81445,9.24063],"to":[3.12,7.94945,15.34063],"rotation":{"angle":0,"axis":"x","origin":[8,5.4942,16.86563]},"faces":{"north":{"uv":[14,2,14.66667,2.66667],"texture":"#1"},"east":{"uv":[10,6,11.66667,6.66667],"texture":"#1"},"south":{"uv":[14,2.66667,14.66667,3.33333],"texture":"#1"},"west":{"uv":[10,6.66667,11.66667,7.33333],"texture":"#1"},"up":{"uv":[8,11.66667,7.33333,10],"texture":"#1"},"down":{"uv":[8.66667,10,8,11.66667],"texture":"#1"}}},{"from":[0.985,4.28945,15.34063],"to":[3.12,7.94945,17.47563],"rotation":{"angle":0,"axis":"x","origin":[8,5.4942,16.86563]},"faces":{"north":{"uv":[2.66667,12,3.33333,13],"texture":"#1"},"east":{"uv":[12,3,12.66667,4],"texture":"#1"},"south":{"uv":[3.33333,12,4,13],"texture":"#1"},"west":{"uv":[4,12,4.66667,13],"texture":"#1"},"up":{"uv":[8.66667,14.33333,8,13.66667],"texture":"#1"},"down":{"uv":[9.33333,13.66667,8.66667,14.33333],"texture":"#1"}}},{"from":[6.9325,4.28945,15.03563],"to":[9.0675,7.94945,17.17063],"rotation":{"angle":0,"axis":"x","origin":[8,5.4942,16.86563]},"faces":{"north":{"uv":[0.66667,12.33333,1.33333,13.33333],"texture":"#1"},"east":{"uv":[5.33333,12.33333,6,13.33333],"texture":"#1"},"south":{"uv":[6,12.33333,6.66667,13.33333],"texture":"#1"},"west":{"uv":[12.33333,6,13,7],"texture":"#1"},"up":{"uv":[1.33333,14.66667,0.66667,14],"texture":"#1"},"down":{"uv":[14.66667,1.33333,14,2],"texture":"#1"}}},{"from":[12.88,4.28945,15.34063],"to":[15.015,7.94945,17.47563],"rotation":{"angle":0,"axis":"x","origin":[8,5.4942,16.86563]},"faces":{"north":{"uv":[12,1,12.66667,2],"texture":"#1"},"east":{"uv":[1.33333,12,2,13],"texture":"#1"},"south":{"uv":[2,12,2.66667,13],"texture":"#1"},"west":{"uv":[12,2,12.66667,3],"texture":"#1"},"up":{"uv":[14.33333,6.66667,13.66667,6],"texture":"#1"},"down":{"uv":[7.33333,13.66667,6.66667,14.33333],"texture":"#1"}}},{"from":[1.595,4.68595,7.71563],"to":[14.405,5.60095,16.86563],"rotation":{"angle":0,"axis":"x","origin":[8,5.4942,16.86563]},"faces":{"north":{"uv":[10,5.33333,13.5,5.66667],"texture":"#1"},"east":{"uv":[11.33333,9,13.83333,9.33333],"texture":"#1"},"south":{"uv":[10,5.66667,13.5,6],"texture":"#1"},"west":{"uv":[11.33333,9.33333,13.83333,9.66667],"texture":"#1"},"up":{"uv":[7.16667,2.5,3.66667,0],"texture":"#1"},"down":{"uv":[7.16667,2.66667,3.66667,5.16667],"texture":"#1"}}},{"from":[0.68,-2.29855,6.80063],"to":[3.12,0.14145,9.24063],"rotation":{"angle":0,"axis":"y","origin":[0.68,-2.29855,6.80063]},"faces":{"north":{"uv":[12.66667,1.33333,13.33333,2],"texture":"#1"},"east":{"uv":[12.66667,2,13.33333,2.66667],"texture":"#1"},"south":{"uv":[12.66667,2.66667,13.33333,3.33333],"texture":"#1"},"west":{"uv":[12.66667,3.33333,13.33333,4],"texture":"#1"},"up":{"uv":[13.33333,4.66667,12.66667,4],"texture":"#1"},"down":{"uv":[13.33333,7.33333,12.66667,8],"texture":"#1"}}},{"from":[12.88,-2.29855,6.80063],"to":[15.32,0.14145,9.24063],"rotation":{"angle":0,"axis":"y","origin":[12.88,-2.29855,6.80063]},"faces":{"north":{"uv":[7.66667,12.66667,8.33333,13.33333],"texture":"#1"},"east":{"uv":[12.66667,8,13.33333,8.66667],"texture":"#1"},"south":{"uv":[12.66667,10,13.33333,10.66667],"texture":"#1"},"west":{"uv":[12.66667,10.66667,13.33333,11.33333],"texture":"#1"},"up":{"uv":[13.33333,12,12.66667,11.33333],"texture":"#1"},"down":{"uv":[13.33333,12,12.66667,12.66667],"texture":"#1"}}},{"from":[12.88,-2.29855,15.34063],"to":[15.32,0.14145,17.78063],"rotation":{"angle":0,"axis":"y","origin":[12.88,-2.29855,15.34063]},"faces":{"north":{"uv":[4,13,4.66667,13.66667],"texture":"#1"},"east":{"uv":[4.66667,13,5.33333,13.66667],"texture":"#1"},"south":{"uv":[13,6,13.66667,6.66667],"texture":"#1"},"west":{"uv":[6.66667,13,7.33333,13.66667],"texture":"#1"},"up":{"uv":[9,13.66667,8.33333,13],"texture":"#1"},"down":{"uv":[9.66667,13,9,13.66667],"texture":"#1"}}},{"from":[12.575,-1.07855,7.41063],"to":[14.71,3.80145,9.54563],"rotation":{"angle":0,"axis":"y","origin":[11.66,-1.07855,14.12063]},"faces":{"north":{"uv":[10.66667,3.33333,11.33333,4.66667],"texture":"#1"},"east":{"uv":[8.66667,10.66667,9.33333,12],"texture":"#1"},"south":{"uv":[9.33333,10.66667,10,12],"texture":"#1"},"west":{"uv":[10,10.66667,10.66667,12],"texture":"#1"},"up":{"uv":[10.33333,13.66667,9.66667,13],"texture":"#1"},"down":{"uv":[11,13,10.33333,13.66667],"texture":"#1"}}},{"from":[1.29,3.64895,7.41063],"to":[14.71,4.56395,9.54563],"rotation":{"angle":0,"axis":"z","origin":[12.27,4.71645,8.47813]},"faces":{"north":{"uv":[7.33333,5,11,5.33333],"texture":"#1"},"east":{"uv":[10.66667,4.66667,11.33333,5],"texture":"#1"},"south":{"uv":[0,9.66667,3.66667,10],"texture":"#1"},"west":{"uv":[13,6.66667,13.66667,7],"texture":"#1"},"up":{"uv":[8.33333,8.33333,4.66667,7.66667],"texture":"#1"},"down":{"uv":[8.33333,8.33333,4.66667,9],"texture":"#1"}}},{"from":[1.595,-1.23105,7.71563],"to":[14.405,-0.31605,16.86563],"rotation":{"angle":0,"axis":"z","origin":[12.27,-0.16355,8.47813]},"faces":{"north":{"uv":[0,10,3.5,10.33333],"texture":"#1"},"east":{"uv":[10,7.33333,12.5,7.66667],"texture":"#1"},"south":{"uv":[3.66667,10,7.16667,10.33333],"texture":"#1"},"west":{"uv":[11,9.66667,13.5,10],"texture":"#1"},"up":{"uv":[3.5,2.5,0,0],"texture":"#1"},"down":{"uv":[3.5,2.66667,0,5.16667],"texture":"#1"}}},{"from":[1.29,3.64895,15.03563],"to":[14.71,4.56395,17.17063],"rotation":{"angle":0,"axis":"z","origin":[12.27,4.71645,16.10312]},"faces":{"north":{"uv":[3.66667,9.66667,7.33333,10],"texture":"#1"},"east":{"uv":[13.66667,6.66667,14.33333,7],"texture":"#1"},"south":{"uv":[7.33333,9.66667,11,10],"texture":"#1"},"west":{"uv":[13.66667,8.66667,14.33333,9],"texture":"#1"},"up":{"uv":[12,8.33333,8.33333,7.66667],"texture":"#1"},"down":{"uv":[12,8.33333,8.33333,9],"texture":"#1"}}},{"from":[12.575,3.64895,9.54563],"to":[14.71,4.56395,15.03563],"rotation":{"angle":0,"axis":"z","origin":[12.27,4.71645,16.10312]},"faces":{"north":{"uv":[13.66667,9.66667,14.33333,10],"texture":"#1"},"east":{"uv":[12,5,13.5,5.33333],"texture":"#1"},"south":{"uv":[14,0.66667,14.66667,1],"texture":"#1"},"west":{"uv":[12,8.66667,13.5,9],"texture":"#1"},"up":{"uv":[3.66667,11.83333,3,10.33333],"texture":"#1"},"down":{"uv":[4.33333,10.33333,3.66667,11.83333],"texture":"#1"}}},{"from":[1.29,3.64895,9.54563],"to":[3.425,4.56395,15.03563],"rotation":{"angle":0,"axis":"z","origin":[0.985,4.71645,16.10312]},"faces":{"north":{"uv":[14,7,14.66667,7.33333],"texture":"#1"},"east":{"uv":[12.33333,7,13.83333,7.33333],"texture":"#1"},"south":{"uv":[7.33333,14,8,14.33333],"texture":"#1"},"west":{"uv":[12.66667,1,14.16667,1.33333],"texture":"#1"},"up":{"uv":[5,11.83333,4.33333,10.33333],"texture":"#1"},"down":{"uv":[5.66667,10.33333,5,11.83333],"texture":"#1"}}},{"from":[1.29,-1.07855,7.41063],"to":[3.425,3.80145,9.54563],"rotation":{"angle":0,"axis":"y","origin":[0.68,-1.07855,14.12063]},"faces":{"north":{"uv":[10.66667,10.66667,11.33333,12],"texture":"#1"},"east":{"uv":[0,11,0.66667,12.33333],"texture":"#1"},"south":{"uv":[0.66667,11,1.33333,12.33333],"texture":"#1"},"west":{"uv":[5.66667,11,6.33333,12.33333],"texture":"#1"},"up":{"uv":[11.66667,13.66667,11,13],"texture":"#1"},"down":{"uv":[12.33333,13,11.66667,13.66667],"texture":"#1"}}},{"from":[1.29,-1.07855,15.03563],"to":[3.425,3.80145,17.17063],"rotation":{"angle":0,"axis":"y","origin":[0.68,-1.07855,21.44062]},"faces":{"north":{"uv":[11.33333,4,12,5.33333],"texture":"#1"},"east":{"uv":[11.33333,10.66667,12,12],"texture":"#1"},"south":{"uv":[11.66667,6,12.33333,7.33333],"texture":"#1"},"west":{"uv":[7,11.66667,7.66667,13],"texture":"#1"},"up":{"uv":[14,2,13.33333,1.33333],"texture":"#1"},"down":{"uv":[14,2,13.33333,2.66667],"texture":"#1"}}},{"from":[12.575,-1.07855,15.03563],"to":[14.71,3.80145,17.17063],"rotation":{"angle":0,"axis":"y","origin":[11.66,-1.07855,21.44062]},"faces":{"north":{"uv":[6.33333,11,7,12.33333],"texture":"#1"},"east":{"uv":[11.33333,0,12,1.33333],"texture":"#1"},"south":{"uv":[11.33333,1.33333,12,2.66667],"texture":"#1"},"west":{"uv":[11.33333,2.66667,12,4],"texture":"#1"},"up":{"uv":[0.66667,14,0,13.33333],"texture":"#1"},"down":{"uv":[1.33333,13.33333,0.66667,14],"texture":"#1"}}},{"from":[1.9,-1.07855,8.02062],"to":[14.1,3.80145,16.56063],"rotation":{"angle":0,"axis":"y","origin":[11.66,-1.07855,14.12063]},"faces":{"north":{"uv":[7.33333,2.33333,10.66667,3.66667],"texture":"#1"},"east":{"uv":[0,7.66667,2.33333,9],"texture":"#1"},"south":{"uv":[7.33333,3.66667,10.66667,5],"texture":"#1"},"west":{"uv":[2.33333,7.66667,4.66667,9],"texture":"#1"},"up":{"uv":[3.33333,7.66667,0,5.33333],"texture":"#1"},"down":{"uv":[6.66667,5.33333,3.33333,7.66667],"texture":"#1"}}},{"from":[0.68,-2.29855,15.34063],"to":[3.12,0.14145,17.78063],"rotation":{"angle":0,"axis":"y","origin":[0.68,-2.29855,15.34063]},"faces":{"north":{"uv":[12.66667,12.66667,13.33333,13.33333],"texture":"#1"},"east":{"uv":[13,0,13.66667,0.66667],"texture":"#1"},"south":{"uv":[1.33333,13,2,13.66667],"texture":"#1"},"west":{"uv":[2,13,2.66667,13.66667],"texture":"#1"},"up":{"uv":[3.33333,13.66667,2.66667,13],"texture":"#1"},"down":{"uv":[4,13,3.33333,13.66667],"texture":"#1"}}},{"from":[12.819,2.58145,6.92263],"to":[15.259,5.02145,9.36263],"rotation":{"angle":0,"axis":"x","origin":[8,5.3417,17.06388]},"faces":{"north":{"uv":[2.66667,13.66667,3.33333,14.33333],"texture":"#1"},"east":{"uv":[3.33333,13.66667,4,14.33333],"texture":"#1"},"south":{"uv":[4,13.66667,4.66667,14.33333],"texture":"#1"},"west":{"uv":[4.66667,13.66667,5.33333,14.33333],"texture":"#1"},"up":{"uv":[14.33333,5.33333,13.66667,4.66667],"texture":"#1"},"down":{"uv":[14.33333,5.33333,13.66667,6],"texture":"#1"}}},{"from":[0.741,2.58145,6.92263],"to":[3.181,5.02145,9.36263],"rotation":{"angle":0,"axis":"x","origin":[8,5.3417,17.06388]},"faces":{"north":{"uv":[13.33333,7.33333,14,8],"texture":"#1"},"east":{"uv":[13.33333,8,14,8.66667],"texture":"#1"},"south":{"uv":[13.33333,10,14,10.66667],"texture":"#1"},"west":{"uv":[13.33333,10.66667,14,11.33333],"texture":"#1"},"up":{"uv":[14,12,13.33333,11.33333],"texture":"#1"},"down":{"uv":[14,12,13.33333,12.66667],"texture":"#1"}}},{"from":[0.741,2.58145,15.21863],"to":[3.181,5.02145,17.65862],"rotation":{"angle":0,"axis":"x","origin":[8,5.3417,16.81987]},"faces":{"north":{"uv":[13.33333,2.66667,14,3.33333],"texture":"#1"},"east":{"uv":[13.33333,3.33333,14,4],"texture":"#1"},"south":{"uv":[13.33333,4,14,4.66667],"texture":"#1"},"west":{"uv":[5.33333,13.33333,6,14],"texture":"#1"},"up":{"uv":[6.66667,14,6,13.33333],"texture":"#1"},"down":{"uv":[8,13.33333,7.33333,14],"texture":"#1"}}},{"from":[12.819,2.58145,15.21863],"to":[15.259,5.02145,17.65862],"rotation":{"angle":0,"axis":"x","origin":[8,5.3417,16.81987]},"faces":{"north":{"uv":[12.33333,13.33333,13,14],"texture":"#1"},"east":{"uv":[13.33333,12.66667,14,13.33333],"texture":"#1"},"south":{"uv":[13,13.33333,13.66667,14],"texture":"#1"},"west":{"uv":[13.66667,0,14.33333,0.66667],"texture":"#1"},"up":{"uv":[2,14.33333,1.33333,13.66667],"texture":"#1"},"down":{"uv":[2.66667,13.66667,2,14.33333],"texture":"#1"}}},{"from":[5.62886,7.08758,7.94438],"to":[9.59386,11.05258,10.38438],"rotation":{"angle":-45,"axis":"z","origin":[8,8.68145,15.72188]},"faces":{"north":{"uv":[6.85714,3.42857,8.28572,4.85715],"texture":"#0"},"east":{"uv":[9.14286,3.42857,10,4.14286],"texture":"#0"},"south":{"uv":[6.85714,3.42857,8.28572,4.85714],"texture":"#0"},"west":{"uv":[9.14286,2.28571,10,3],"texture":"#0"},"up":{"uv":[9.42857,9.85714,8.57143,9.14286],"rotation":270,"texture":"#0"},"down":{"uv":[10.57143,0,9.71429,0.71429],"rotation":90,"texture":"#0"}}},{"from":[3.12,5.89486,6.51088],"to":[5.255,8.02986,7.85288],"rotation":{"angle":0,"axis":"y","origin":[8,0.69244,7.63938]},"faces":{"north":{"uv":[8.57143,8,9.57143,9],"rotation":180,"texture":"#0"},"east":{"uv":[10.28571,1.14286,10.85714,2.14286],"rotation":180,"texture":"#0"},"south":{"uv":[8.57143,6.85714,9.57143,7.85714],"rotation":180,"texture":"#0"},"west":{"uv":[9.71429,1.14286,10.28571,2.14286],"rotation":180,"texture":"#0"},"up":{"uv":[10.28571,4.42857,10.85714,3.42857],"rotation":270,"texture":"#0"},"down":{"uv":[10.28571,2.28571,10.85714,3.28571],"rotation":90,"texture":"#0"}}},{"from":[2.53551,3.41193,5.65688],"to":[5.28051,6.15693,8.09688],"rotation":{"angle":-45,"axis":"z","origin":[8,0.69244,7.63938]},"faces":{"north":{"uv":[8.28572,3.42857,6.85714,4.85714],"texture":"#0"},"east":{"uv":[10,3.42857,9.14286,4.14286],"texture":"#0"},"south":{"uv":[8.28572,3.42857,6.85714,4.85715],"texture":"#0"},"west":{"uv":[10,2.28571,9.14286,3],"texture":"#0"},"up":{"uv":[8.57143,9.85714,9.42857,9.14286],"rotation":270,"texture":"#0"},"down":{"uv":[9.71429,0,10.57143,0.71429],"rotation":90,"texture":"#0"}}},{"from":[9.55899,7.42745,5.96188],"to":[11.08399,8.95245,7.79188],"rotation":{"angle":45,"axis":"z","origin":[8,0.69244,7.63938]},"faces":{"north":{"uv":[10.85714,1.14286,11.57143,1.85714],"rotation":180,"texture":"#0"},"east":{"uv":[9.14286,3.42857,10,4.14286],"rotation":180,"texture":"#0"},"south":{"uv":[10.85714,0,11.57143,0.71429],"rotation":180,"texture":"#0"},"west":{"uv":[9.14286,2.28571,10,3],"rotation":180,"texture":"#0"},"up":{"uv":[9.71429,0.71429,10.57143,0],"rotation":270,"texture":"#0"},"down":{"uv":[8.57143,9.14286,9.42857,9.85714],"rotation":90,"texture":"#0"}}},{"from":[6.90793,5.35317,6.44988],"to":[8.37193,10.23317,7.30388],"rotation":{"angle":22.5,"axis":"z","origin":[8,0.69244,7.63938]},"faces":{"north":{"uv":[5.14286,8.57143,5.85714,10.85714],"rotation":180,"texture":"#0"},"east":{"uv":[9.14286,0,9.57143,2.28571],"rotation":180,"texture":"#0"},"south":{"uv":[8.57143,4.57143,9.28571,6.85714],"rotation":180,"texture":"#0"},"west":{"uv":[6.28571,8.57143,6.71429,10.85714],"rotation":180,"texture":"#0"},"up":{"uv":[12,4.14286,12.42857,3.42857],"rotation":270,"texture":"#0"},"down":{"uv":[12,2.28571,12.42857,3],"rotation":90,"texture":"#0"}}},{"from":[-0.12543,4.44037,6.73048],"to":[1.39957,5.35537,7.63327],"rotation":{"angle":-22.5,"axis":"z","origin":[8,0.69244,7.63938]},"faces":{"north":{"uv":[11.42857,10.28571,11.85714,11],"rotation":270,"texture":"#0"},"east":{"uv":[13,3.28571,12.57143,2.85714],"rotation":180,"texture":"#0"},"south":{"uv":[9.71429,11.42857,10.14286,12.14286],"rotation":90,"texture":"#0"},"west":{"uv":[13,3.42857,12.57143,3.85714],"texture":"#0"},"up":{"uv":[10.71429,12.14286,10.28571,11.42857],"rotation":270,"texture":"#0"},"down":{"uv":[11.85714,9.85714,11.42857,9.14286],"rotation":270,"texture":"#0"}}},{"from":[4.90463,9.08818,7.02938],"to":[5.81963,10.61318,7.94438],"rotation":{"angle":22.5,"axis":"z","origin":[8,0.69244,7.63938]},"faces":{"north":{"uv":[12,1.14286,12.42857,1.85714],"rotation":180,"texture":"#0"},"east":{"uv":[12,0,12.42857,0.71429],"rotation":180,"texture":"#0"},"south":{"uv":[11.42857,11.42857,11.85714,12.14286],"rotation":180,"texture":"#0"},"west":{"uv":[10.85714,11.42857,11.28571,12.14286],"rotation":180,"texture":"#0"},"up":{"uv":[12.57143,5,13,4.57143],"rotation":270,"texture":"#0"},"down":{"uv":[12.57143,4,13,4.42857],"rotation":90,"texture":"#0"}}},{"from":[-1.20378,5.51872,7.03548],"to":[-0.28878,7.04372,7.93828],"rotation":{"angle":-22.5,"axis":"z","origin":[8,0.69244,7.63938]},"faces":{"north":{"uv":[12,5.71429,12.42857,6.42857],"rotation":180,"texture":"#0"},"east":{"uv":[5.71429,12,6.14286,12.71429],"rotation":180,"texture":"#0"},"south":{"uv":[5.14286,12,5.57143,12.71429],"rotation":180,"texture":"#0"},"west":{"uv":[12,4.57143,12.42857,5.28571],"rotation":180,"texture":"#0"},"up":{"uv":[7.42857,13,7.85714,12.57143],"rotation":270,"texture":"#0"},"down":{"uv":[12.57143,6.28571,13,6.71429],"rotation":90,"texture":"#0"}}},{"from":[5.71498,11.04452,7.02938],"to":[6.62998,12.87452,7.94438],"rotation":{"angle":22.5,"axis":"z","origin":[8,0.69244,7.63938]},"faces":{"north":{"uv":[10.85714,9.14286,11.28571,10],"rotation":180,"texture":"#0"},"east":{"uv":[10.85714,8,11.28571,8.85714],"rotation":180,"texture":"#0"},"south":{"uv":[10.85714,6.85714,11.28571,7.71429],"rotation":180,"texture":"#0"},"west":{"uv":[6.28571,10.85714,6.71429,11.71429],"rotation":180,"texture":"#0"},"up":{"uv":[9.71429,13,10.14286,12.57143],"rotation":270,"texture":"#0"},"down":{"uv":[9.14286,12.57143,9.57143,13],"rotation":90,"texture":"#0"}}},{"from":[-2.80277,7.4227,7.03548],"to":[0.24723,8.3377,7.93828],"rotation":{"angle":-22.5,"axis":"z","origin":[8,0.69244,7.63938]},"faces":{"north":{"uv":[9.71429,9.71429,10.14286,11.14286],"rotation":270,"texture":"#0"},"east":{"uv":[8.42857,13,8,12.57143],"rotation":180,"texture":"#0"},"south":{"uv":[9.71429,6.28571,10.14286,7.71429],"rotation":90,"texture":"#0"},"west":{"uv":[9,12.57143,8.57143,13],"texture":"#0"},"up":{"uv":[10.14286,9.42857,9.71429,8],"rotation":270,"texture":"#0"},"down":{"uv":[10.14286,6,9.71429,4.57143],"rotation":270,"texture":"#0"}}},{"from":[10.745,5.89486,6.51088],"to":[12.88,8.02986,7.85288],"rotation":{"angle":0,"axis":"y","origin":[8,0.69244,7.63938]},"faces":{"north":{"uv":[9.57143,8,8.57143,9],"rotation":180,"texture":"#0"},"east":{"uv":[10.28571,1.14286,9.71429,2.14286],"rotation":180,"texture":"#0"},"south":{"uv":[9.57143,6.85714,8.57143,7.85714],"rotation":180,"texture":"#0"},"west":{"uv":[10.85714,1.14286,10.28571,2.14286],"rotation":180,"texture":"#0"},"up":{"uv":[10.28571,3.42857,10.85714,4.42857],"rotation":270,"texture":"#0"},"down":{"uv":[10.28571,3.28571,10.85714,2.28571],"rotation":90,"texture":"#0"}}},{"from":[4.91601,7.42745,5.96188],"to":[6.44101,8.95245,7.79188],"rotation":{"angle":-45,"axis":"z","origin":[8,0.69244,7.63938]},"faces":{"north":{"uv":[11.57143,1.14286,10.85714,1.85714],"rotation":180,"texture":"#0"},"east":{"uv":[10,2.28571,9.14286,3],"rotation":180,"texture":"#0"},"south":{"uv":[11.57143,0,10.85714,0.71429],"rotation":180,"texture":"#0"},"west":{"uv":[10,3.42857,9.14286,4.14286],"rotation":180,"texture":"#0"},"up":{"uv":[9.71429,0,10.57143,0.71429],"rotation":270,"texture":"#0"},"down":{"uv":[8.57143,9.85714,9.42857,9.14286],"rotation":90,"texture":"#0"}}},{"from":[7.62807,5.35317,6.44988],"to":[9.09207,10.23317,7.30388],"rotation":{"angle":-22.5,"axis":"z","origin":[8,0.69244,7.63938]},"faces":{"north":{"uv":[5.85714,8.57143,5.14286,10.85714],"rotation":180,"texture":"#0"},"east":{"uv":[6.71429,8.57143,6.28571,10.85714],"rotation":180,"texture":"#0"},"south":{"uv":[9.28571,4.57143,8.57143,6.85714],"rotation":180,"texture":"#0"},"west":{"uv":[9.57143,0,9.14286,2.28571],"rotation":180,"texture":"#0"},"up":{"uv":[12,3.42857,12.42857,4.14286],"rotation":270,"texture":"#0"},"down":{"uv":[12,3,12.42857,2.28571],"rotation":90,"texture":"#0"}}},{"from":[14.60043,4.44037,6.73048],"to":[16.12543,5.35537,7.63327],"rotation":{"angle":22.5,"axis":"z","origin":[8,0.69244,7.63938]},"faces":{"north":{"uv":[11.42857,11,11.85714,10.28571],"rotation":270,"texture":"#0"},"east":{"uv":[12.57143,3.42857,13,3.85714],"texture":"#0"},"south":{"uv":[9.71429,12.14286,10.14286,11.42857],"rotation":90,"texture":"#0"},"west":{"uv":[12.57143,3.28571,13,2.85714],"rotation":180,"texture":"#0"},"up":{"uv":[10.71429,11.42857,10.28571,12.14286],"rotation":270,"texture":"#0"},"down":{"uv":[11.85714,9.14286,11.42857,9.85714],"rotation":270,"texture":"#0"}}},{"from":[10.18037,9.08818,7.02938],"to":[11.09537,10.61318,7.94438],"rotation":{"angle":-22.5,"axis":"z","origin":[8,0.69244,7.63938]},"faces":{"north":{"uv":[12.42857,1.14286,12,1.85714],"rotation":180,"texture":"#0"},"east":{"uv":[11.28571,11.42857,10.85714,12.14286],"rotation":180,"texture":"#0"},"south":{"uv":[11.85714,11.42857,11.42857,12.14286],"rotation":180,"texture":"#0"},"west":{"uv":[12.42857,0,12,0.71429],"rotation":180,"texture":"#0"},"up":{"uv":[12.57143,4.57143,13,5],"rotation":270,"texture":"#0"},"down":{"uv":[12.57143,4.42857,13,4],"rotation":90,"texture":"#0"}}},{"from":[16.28878,5.51872,7.03548],"to":[17.20378,7.04372,7.93828],"rotation":{"angle":22.5,"axis":"z","origin":[8,0.69244,7.63938]},"faces":{"north":{"uv":[12.42857,5.71429,12,6.42857],"rotation":180,"texture":"#0"},"east":{"uv":[12.42857,4.57143,12,5.28571],"rotation":180,"texture":"#0"},"south":{"uv":[5.57143,12,5.14286,12.71429],"rotation":180,"texture":"#0"},"west":{"uv":[6.14286,12,5.71429,12.71429],"rotation":180,"texture":"#0"},"up":{"uv":[7.42857,12.57143,7.85714,13],"rotation":270,"texture":"#0"},"down":{"uv":[12.57143,6.71429,13,6.28571],"rotation":90,"texture":"#0"}}},{"from":[9.37002,11.04452,7.02938],"to":[10.28502,12.87452,7.94438],"rotation":{"angle":-22.5,"axis":"z","origin":[8,0.69244,7.63938]},"faces":{"north":{"uv":[11.28571,9.14286,10.85714,10],"rotation":180,"texture":"#0"},"east":{"uv":[6.71429,10.85714,6.28571,11.71429],"rotation":180,"texture":"#0"},"south":{"uv":[11.28571,6.85714,10.85714,7.71429],"rotation":180,"texture":"#0"},"west":{"uv":[11.28571,8,10.85714,8.85714],"rotation":180,"texture":"#0"},"up":{"uv":[9.71429,12.57143,10.14286,13],"rotation":270,"texture":"#0"},"down":{"uv":[9.14286,13,9.57143,12.57143],"rotation":90,"texture":"#0"}}},{"from":[15.75277,7.4227,7.03548],"to":[18.80277,8.3377,7.93828],"rotation":{"angle":22.5,"axis":"z","origin":[8,0.69244,7.63938]},"faces":{"north":{"uv":[9.71429,11.14286,10.14286,9.71429],"rotation":270,"texture":"#0"},"east":{"uv":[8.57143,12.57143,9,13],"texture":"#0"},"south":{"uv":[9.71429,7.71429,10.14286,6.28571],"rotation":90,"texture":"#0"},"west":{"uv":[8,13,8.42857,12.57143],"rotation":180,"texture":"#0"},"up":{"uv":[10.14286,8,9.71429,9.42857],"rotation":270,"texture":"#0"},"down":{"uv":[10.14286,4.57143,9.71429,6],"rotation":270,"texture":"#0"}}},{"from":[1.62962,5.2754,12.15337],"to":[3.76462,7.4104,13.49538],"rotation":{"angle":22.5,"axis":"z","origin":[8,1.36145,13.28188]},"faces":{"north":{"uv":[9.57143,6.85714,8.57143,7.85714],"rotation":180,"texture":"#0"},"east":{"uv":[10.85714,1.14286,10.28571,2.14286],"rotation":180,"texture":"#0"},"south":{"uv":[9.57143,8,8.57143,9],"rotation":180,"texture":"#0"},"west":{"uv":[10.28571,1.14286,9.71429,2.14286],"rotation":180,"texture":"#0"},"up":{"uv":[10.85714,4.42857,10.28571,3.42857],"rotation":270,"texture":"#0"},"down":{"uv":[10.85714,2.28571,10.28571,3.28571],"rotation":90,"texture":"#0"}}},{"from":[-0.40277,0.95549,11.90938],"to":[1.12223,2.48049,13.73938],"rotation":{"angle":-22.5,"axis":"z","origin":[8,1.36145,13.28188]},"faces":{"north":{"uv":[11.57143,0,10.85714,0.71429],"rotation":270,"texture":"#0"},"east":{"uv":[9.42857,9.14286,8.57143,9.85714],"texture":"#0"},"south":{"uv":[11.57143,1.14286,10.85714,1.85714],"rotation":90,"texture":"#0"},"west":{"uv":[10.57143,0.71429,9.71429,0],"rotation":180,"texture":"#0"},"up":{"uv":[10,3.42857,9.14286,4.14286],"rotation":90,"texture":"#0"},"down":{"uv":[10,2.28571,9.14286,3],"rotation":90,"texture":"#0"}}},{"from":[-1.00927,3.34864,12.37297],"to":[0.51573,4.26364,13.27578],"rotation":{"angle":0,"axis":"y","origin":[8,1.36145,13.28188]},"faces":{"north":{"uv":[10.14286,11.42857,9.71429,12.14286],"rotation":270,"texture":"#0"},"east":{"uv":[13,2.85714,12.57143,3.28571],"texture":"#0"},"south":{"uv":[11.85714,10.28571,11.42857,11],"rotation":90,"texture":"#0"},"west":{"uv":[13,3.85714,12.57143,3.42857],"rotation":180,"texture":"#0"},"up":{"uv":[10.71429,11.42857,10.28571,12.14286],"rotation":90,"texture":"#0"},"down":{"uv":[11.85714,9.14286,11.42857,9.85714],"rotation":90,"texture":"#0"}}},{"from":[-1.30067,-3.60391,12.36688],"to":[0.22433,-2.68891,13.28188],"rotation":{"angle":-45,"axis":"z","origin":[8,1.36145,13.28188]},"faces":{"north":{"uv":[11.85714,11.42857,11.42857,12.14286],"rotation":270,"texture":"#0"},"east":{"uv":[13,4,12.57143,4.42857],"texture":"#0"},"south":{"uv":[12.42857,1.14286,12,1.85714],"rotation":90,"texture":"#0"},"west":{"uv":[13,5,12.57143,4.57143],"rotation":180,"texture":"#0"},"up":{"uv":[12.42857,0,12,0.71429],"rotation":90,"texture":"#0"},"down":{"uv":[11.28571,11.42857,10.85714,12.14286],"rotation":90,"texture":"#0"}}},{"from":[-2.49287,0.33326,12.37297],"to":[-1.57787,1.85826,13.27578],"rotation":{"angle":-22.5,"axis":"z","origin":[8,1.36145,13.28188]},"faces":{"north":{"uv":[5.14286,12.71429,5.57143,12],"texture":"#0"},"east":{"uv":[5.71429,12.71429,6.14286,12],"texture":"#0"},"south":{"uv":[12,6.42857,12.42857,5.71429],"texture":"#0"},"west":{"uv":[12,5.28571,12.42857,4.57143],"texture":"#0"},"up":{"uv":[7.42857,12.57143,7.85714,13],"rotation":90,"texture":"#0"},"down":{"uv":[12.57143,6.71429,13,6.28571],"rotation":270,"texture":"#0"}}},{"from":[0.66371,8.48531,12.36688],"to":[1.57871,10.31531,13.28188],"rotation":{"angle":22.5,"axis":"z","origin":[8,1.36145,13.28188]},"faces":{"north":{"uv":[11.28571,6.85714,10.85714,7.71429],"rotation":180,"texture":"#0"},"east":{"uv":[11.28571,8,10.85714,8.85714],"rotation":180,"texture":"#0"},"south":{"uv":[11.28571,9.14286,10.85714,10],"rotation":180,"texture":"#0"},"west":{"uv":[6.71429,10.85714,6.28571,11.71429],"rotation":180,"texture":"#0"},"up":{"uv":[10.14286,13,9.71429,12.57143],"rotation":270,"texture":"#0"},"down":{"uv":[9.57143,12.57143,9.14286,13],"rotation":90,"texture":"#0"}}},{"from":[14.87777,0.95549,11.90938],"to":[16.40277,2.48049,13.73938],"rotation":{"angle":22.5,"axis":"z","origin":[8,1.36145,13.28188]},"faces":{"north":{"uv":[11.57143,0.71429,10.85714,0],"rotation":270,"texture":"#0"},"east":{"uv":[9.71429,0.71429,10.57143,0],"rotation":180,"texture":"#0"},"south":{"uv":[11.57143,1.85714,10.85714,1.14286],"rotation":90,"texture":"#0"},"west":{"uv":[8.57143,9.14286,9.42857,9.85714],"texture":"#0"},"up":{"uv":[10,4.14286,9.14286,3.42857],"rotation":90,"texture":"#0"},"down":{"uv":[10,3,9.14286,2.28571],"rotation":90,"texture":"#0"}}},{"from":[12.23538,5.2754,12.15337],"to":[14.37038,7.4104,13.49538],"rotation":{"angle":-22.5,"axis":"z","origin":[8,1.36145,13.28188]},"faces":{"north":{"uv":[8.57143,6.85714,9.57143,7.85714],"rotation":180,"texture":"#0"},"east":{"uv":[9.71429,1.14286,10.28571,2.14286],"rotation":180,"texture":"#0"},"south":{"uv":[8.57143,8,9.57143,9],"rotation":180,"texture":"#0"},"west":{"uv":[10.28571,1.14286,10.85714,2.14286],"rotation":180,"texture":"#0"},"up":{"uv":[10.85714,3.42857,10.28571,4.42857],"rotation":270,"texture":"#0"},"down":{"uv":[10.85714,3.28571,10.28571,2.28571],"rotation":90,"texture":"#0"}}},{"from":[15.48427,3.34864,12.37297],"to":[17.00927,4.26364,13.27578],"rotation":{"angle":0,"axis":"y","origin":[8,1.36145,13.28188]},"faces":{"north":{"uv":[10.14286,12.14286,9.71429,11.42857],"rotation":270,"texture":"#0"},"east":{"uv":[12.57143,3.85714,13,3.42857],"rotation":180,"texture":"#0"},"south":{"uv":[11.85714,11,11.42857,10.28571],"rotation":90,"texture":"#0"},"west":{"uv":[12.57143,2.85714,13,3.28571],"texture":"#0"},"up":{"uv":[10.71429,12.14286,10.28571,11.42857],"rotation":90,"texture":"#0"},"down":{"uv":[11.85714,9.85714,11.42857,9.14286],"rotation":90,"texture":"#0"}}},{"from":[15.77567,-3.60391,12.36688],"to":[17.30067,-2.68891,13.28188],"rotation":{"angle":45,"axis":"z","origin":[8,1.36145,13.28188]},"faces":{"north":{"uv":[11.85714,12.14286,11.42857,11.42857],"rotation":270,"texture":"#0"},"east":{"uv":[12.57143,5,13,4.57143],"rotation":180,"texture":"#0"},"south":{"uv":[12.42857,1.85714,12,1.14286],"rotation":90,"texture":"#0"},"west":{"uv":[12.57143,4,13,4.42857],"texture":"#0"},"up":{"uv":[12.42857,0.71429,12,0],"rotation":90,"texture":"#0"},"down":{"uv":[11.28571,12.14286,10.85714,11.42857],"rotation":90,"texture":"#0"}}},{"from":[17.57787,0.33326,12.37297],"to":[18.49287,1.85826,13.27578],"rotation":{"angle":22.5,"axis":"z","origin":[8,1.36145,13.28188]},"faces":{"north":{"uv":[5.57143,12.71429,5.14286,12],"texture":"#0"},"east":{"uv":[12.42857,5.28571,12,4.57143],"texture":"#0"},"south":{"uv":[12.42857,6.42857,12,5.71429],"texture":"#0"},"west":{"uv":[6.14286,12.71429,5.71429,12],"texture":"#0"},"up":{"uv":[7.42857,13,7.85714,12.57143],"rotation":90,"texture":"#0"},"down":{"uv":[12.57143,6.28571,13,6.71429],"rotation":270,"texture":"#0"}}},{"from":[14.42129,8.48531,12.36688],"to":[15.33629,10.31531,13.28188],"rotation":{"angle":-22.5,"axis":"z","origin":[8,1.36145,13.28188]},"faces":{"north":{"uv":[10.85714,6.85714,11.28571,7.71429],"rotation":180,"texture":"#0"},"east":{"uv":[6.28571,10.85714,6.71429,11.71429],"rotation":180,"texture":"#0"},"south":{"uv":[10.85714,9.14286,11.28571,10],"rotation":180,"texture":"#0"},"west":{"uv":[10.85714,8,11.28571,8.85714],"rotation":180,"texture":"#0"},"up":{"uv":[10.14286,12.57143,9.71429,13],"rotation":270,"texture":"#0"},"down":{"uv":[9.57143,13,9.14286,12.57143],"rotation":90,"texture":"#0"}}}],"gui_light":"front","display":{"thirdperson_righthand":{"rotation":[62,0,0],"translation":[-0.25,6.5,2],"scale":[0.71875,0.71875,0.71875]},"thirdperson_lefthand":{"rotation":[62,0,0],"translation":[-0.25,6.5,2],"scale":[0.71875,0.71875,0.71875]},"firstperson_righthand":{"rotation":[16,127,0],"translation":[-1.75,6.5,-2.25]},"firstperson_lefthand":{"rotation":[16,127,0],"translation":[-1.75,6.5,-2.25]},"ground":{"translation":[0.75,7.75,-3.25]},"gui":{"rotation":[-162,26,180],"translation":[-1.25,1.25,0],"scale":[0.68664,0.68664,0.68664]},"head":{"translation":[0,-23.5,-10],"scale":[1.85,1.85,1.85]},"fixed":{"rotation":[-90.5,0,0],"translation":[0,-16.75,-56.25],"scale":[3,3,3]}}}