{"credit":"MadewithBlockbench","textures":{"0":"enforcer_set:key","particle":"enforcer_set:key"},"elements":[{"from":[7.5,0,6.75],"to":[8.5,3.25,8.25],"rotation":{"angle":0,"axis":"z","origin":[8,1.5,7.5]},"faces":{"north":{"uv":[8,9,9,12.5],"texture":"#0"},"east":{"uv":[3,0,4.5,3.5],"texture":"#0"},"south":{"uv":[9,9,10,12.5],"texture":"#0"},"west":{"uv":[3,4,4.5,7.5],"texture":"#0"},"up":{"uv":[10,3.5,9,2],"texture":"#0"},"down":{"uv":[11,2,10,3.5],"texture":"#0"}}},{"from":[7.6,2,7.1],"to":[8.4,6,7.9],"rotation":{"angle":0,"axis":"z","origin":[8,4.5,7.5]},"faces":{"north":{"uv":[5,0,6,5],"texture":"#0"},"east":{"uv":[5,5,6,10],"texture":"#0"},"south":{"uv":[0,6,1,11],"texture":"#0"},"west":{"uv":[6,0,7,5],"texture":"#0"},"up":{"uv":[12,1,11,0],"texture":"#0"},"down":{"uv":[2,11,1,12],"texture":"#0"}}},{"from":[7.375,6,6],"to":[8.625,9,9],"rotation":{"angle":-45,"axis":"x","origin":[8,7.5,7.5]},"faces":{"north":{"uv":[1,6,2.5,9],"texture":"#0"},"east":{"uv":[0,0,3,3],"texture":"#0"},"south":{"uv":[6,5,7.5,8],"texture":"#0"},"west":{"uv":[0,3,3,6],"texture":"#0"},"up":{"uv":[8.5,3,7,0],"texture":"#0"},"down":{"uv":[4.5,8,3,11],"texture":"#0"}}},{"from":[7.6,1.85,6],"to":[8.4,2.65,6.75],"rotation":{"angle":0,"axis":"x","origin":[8,2.25,7.5]},"faces":{"north":{"uv":[11,1,12,2],"texture":"#0"},"east":{"uv":[2,11,3,12],"texture":"#0"},"south":{"uv":[11,2,12,3],"texture":"#0"},"west":{"uv":[3,11,4,12],"texture":"#0"},"up":{"uv":[12,4,11,3],"texture":"#0"},"down":{"uv":[5,11,4,12],"texture":"#0"}}},{"from":[7.6,0.35,5.5],"to":[8.4,1.15,6.75],"rotation":{"angle":0,"axis":"x","origin":[8,0.75,7.5]},"faces":{"north":{"uv":[11,4,12,5],"texture":"#0"},"east":{"uv":[9,4,10.5,5],"texture":"#0"},"south":{"uv":[5,11,6,12],"texture":"#0"},"west":{"uv":[5,10,6.5,11],"texture":"#0"},"up":{"uv":[11,6.5,10,5],"texture":"#0"},"down":{"uv":[8,10,7,11.5],"texture":"#0"}}},{"from":[7.5,5.25,6.75],"to":[8.5,6,8.25],"rotation":{"angle":0,"axis":"z","origin":[8,4.25,7.5]},"faces":{"north":{"uv":[11,5,12,6],"texture":"#0"},"east":{"uv":[10,7,11.5,8],"texture":"#0"},"south":{"uv":[6,11,7,12],"texture":"#0"},"west":{"uv":[10,8,11.5,9],"texture":"#0"},"up":{"uv":[11,10.5,10,9],"texture":"#0"},"down":{"uv":[1,11,0,12.5],"texture":"#0"}}},{"from":[7.125,7.1,6.25],"to":[8.875,8.35,7.5],"rotation":{"angle":-45,"axis":"x","origin":[8.125,8.35,7.5]},"faces":{"north":{"uv":[7,3,9,5],"texture":"#0"},"east":{"uv":[8,5,10,7],"texture":"#0"},"south":{"uv":[6,8,8,10],"texture":"#0"},"west":{"uv":[8,7,10,9],"texture":"#0"},"up":{"uv":[11,2,9,0],"texture":"#0"},"down":{"uv":[3,9,1,11],"texture":"#0"}}}],"gui_light":"front","display":{"thirdperson_righthand":{"rotation":[146,0,0]},"thirdperson_lefthand":{"rotation":[146,0,0]},"firstperson_righthand":{"rotation":[94,0,-8],"translation":[3.75,1.5,0],"scale":[1.34375,1.34375,1.34375]},"firstperson_lefthand":{"rotation":[94,0,-8],"translation":[3.75,1.5,0],"scale":[1.34375,1.34375,1.34375]},"ground":{"rotation":[0,0,84],"translation":[-4.5,0,0],"scale":[1.45508,1.45508,1.45508]},"gui":{"rotation":[90,-45,90],"translation":[-3.75,2.75,0],"scale":[1.41797,1.41797,1.41797]},"fixed":{"rotation":[0,90,0],"translation":[1,7.5,-2],"scale":[2.42773,2.42773,2.42773]}}}