{"credit":"MadewithBlockbench","textures":{"0":"enforcer_set:pickaxe_animation","particle":"enforcer_set:pickaxe_animation"},"elements":[{"from":[7.625,7.94355,6.69356],"to":[9.625,11.19355,9.94356],"rotation":{"angle":-45,"axis":"x","origin":[8,9.25,8]},"faces":{"north":{"uv":[9.14286,3.42857,10,4.14286],"texture":"#0"},"east":{"uv":[6.85714,3.42857,8.28572,4.85714],"texture":"#0"},"south":{"uv":[9.14286,2.28571,10,3],"texture":"#0"},"west":{"uv":[6.85714,3.42857,8.28572,4.85715],"texture":"#0"},"up":{"uv":[9.42857,9.85714,8.57143,9.14286],"rotation":180,"texture":"#0"},"down":{"uv":[10.57143,0,9.71429,0.71429],"rotation":180,"texture":"#0"}}},{"from":[8,12.20008,3.73572],"to":[8,16.20008,30.73572],"rotation":{"angle":-22.5,"axis":"x","origin":[7.11915,16,17]},"faces":{"north":{"uv":[0,0,0,2.28571],"texture":"#0"},"east":{"uv":[2.28571,0,4.42857,15.42857],"rotation":270,"texture":"#0"},"south":{"uv":[0,2.28571,0,0],"rotation":180,"texture":"#0"},"west":{"uv":[0,0,2.28571,15.42857],"rotation":90,"texture":"#0"},"up":{"uv":[0,0,0,15.42857],"rotation":180,"texture":"#0"},"down":{"uv":[0,0,0,15.42857],"texture":"#0"}}},{"from":[7.75,14.20008,8.73572],"to":[8.25,15.20008,22.73572],"rotation":{"angle":-22.5,"axis":"x","origin":[7.11915,16,17]},"faces":{"north":{"uv":[11.14286,12.57143,10.85714,13.14286],"texture":"#0"},"east":{"uv":[7.42857,0,8,8],"rotation":270,"texture":"#0"},"south":{"uv":[10.57143,13.14286,10.28571,12.57143],"rotation":180,"texture":"#0"},"west":{"uv":[6.85714,0,7.42857,8],"rotation":90,"texture":"#0"},"up":{"uv":[6.85714,8,7.14286,16],"rotation":180,"texture":"#0"},"down":{"uv":[8,0,8.28571,8],"texture":"#0"}}},{"from":[7.755,18.64156,21.96997],"to":[8.245,19.54156,22.46997],"rotation":{"angle":22.5,"axis":"x","origin":[7.625,16,17]},"faces":{"north":{"uv":[12,13.14286,12.28571,12.57143],"rotation":180,"texture":"#0"},"east":{"uv":[12,12.85714,11.42857,12.57143],"rotation":90,"texture":"#0"},"south":{"uv":[12.57143,11.42857,12.85714,12],"texture":"#0"},"west":{"uv":[13.14286,11.14286,12.57143,10.85714],"rotation":270,"texture":"#0"},"up":{"uv":[13.42857,6,13.14286,5.71429],"texture":"#0"},"down":{"uv":[6,13.42857,5.71429,13.14286],"rotation":180,"texture":"#0"}}},{"from":[7.75,14.6364,22.73212],"to":[8.25,15.0064,23.37212],"rotation":{"angle":-22.5,"axis":"x","origin":[7.625,16,17]},"faces":{"north":{"uv":[14,5.14286,13.71429,5.28571],"texture":"#0"},"east":{"uv":[13.71429,2.85714,13.85714,3.28571],"rotation":270,"texture":"#0"},"south":{"uv":[5.42857,13.85714,5.14286,13.71429],"rotation":180,"texture":"#0"},"west":{"uv":[13.71429,2.28571,13.85714,2.71429],"rotation":90,"texture":"#0"},"up":{"uv":[13.14286,0.57143,13.42857,1],"rotation":180,"texture":"#0"},"down":{"uv":[12.57143,12.57143,12.85714,13],"texture":"#0"}}},{"from":[7.45,12,10.98572],"to":[8.55,13.75,12.73572],"rotation":{"angle":-22.5,"axis":"x","origin":[7.625,16,17]},"faces":{"north":{"uv":[10.85714,3.42857,10.28571,4.42857],"texture":"#0"},"east":{"uv":[8.57143,8,9.57143,9],"rotation":270,"texture":"#0"},"south":{"uv":[10.85714,3.28571,10.28571,2.28571],"rotation":180,"texture":"#0"},"west":{"uv":[8.57143,6.85714,9.57143,7.85714],"rotation":90,"texture":"#0"},"up":{"uv":[10.28571,1.14286,10.85714,2.14286],"rotation":180,"texture":"#0"},"down":{"uv":[9.71429,1.14286,10.28571,2.14286],"texture":"#0"}}},{"from":[7.25,9.2295,14.47214],"to":[8.75,10.4795,15.72214],"rotation":{"angle":22.5,"axis":"x","origin":[7.375,16,17]},"faces":{"north":{"uv":[9.14286,3.42857,10,4.14286],"texture":"#0"},"east":{"uv":[10.85714,1.14286,11.57143,1.85714],"texture":"#0"},"south":{"uv":[9.14286,2.28571,10,3],"texture":"#0"},"west":{"uv":[10.85714,0,11.57143,0.71429],"texture":"#0"},"up":{"uv":[9.42857,9.85714,8.57143,9.14286],"rotation":180,"texture":"#0"},"down":{"uv":[10.57143,0,9.71429,0.71429],"rotation":180,"texture":"#0"}}},{"from":[8.25,13.20008,6.73572],"to":[8.25,14.20008,21.73572],"rotation":{"angle":-22.5,"axis":"x","origin":[7.11915,16,17]},"faces":{"north":{"uv":[0,0,0,0.57143],"texture":"#0"},"east":{"uv":[5.14286,0,5.71429,8.57143],"rotation":270,"texture":"#0"},"south":{"uv":[0,0.57143,0,0],"rotation":180,"texture":"#0"},"west":{"uv":[4.57143,0,5.14286,8.57143],"rotation":90,"texture":"#0"},"up":{"uv":[0,0,0,8.57143],"rotation":180,"texture":"#0"},"down":{"uv":[0,0,0,8.57143],"texture":"#0"}}},{"from":[7.75,13.20008,6.73572],"to":[7.75,14.20008,21.73572],"rotation":{"angle":-22.5,"axis":"x","origin":[7.11915,16,17]},"faces":{"north":{"uv":[0,0,0,0.57143],"texture":"#0"},"east":{"uv":[5.14286,0,4.57143,8.57143],"rotation":270,"texture":"#0"},"south":{"uv":[0,0.57143,0,0],"rotation":180,"texture":"#0"},"west":{"uv":[5.71429,0,5.14286,8.57143],"rotation":90,"texture":"#0"},"up":{"uv":[0,0,0,8.57143],"rotation":180,"texture":"#0"},"down":{"uv":[0,0,0,8.57143],"texture":"#0"}}},{"from":[7.65,15.10486,9.17973],"to":[8.35,16.30486,13.17973],"rotation":{"angle":-45,"axis":"x","origin":[7.375,16,17]},"faces":{"north":{"uv":[12.42857,3.42857,12,4.14286],"texture":"#0"},"east":{"uv":[5.14286,8.57143,5.85714,10.85714],"rotation":270,"texture":"#0"},"south":{"uv":[12.42857,3,12,2.28571],"rotation":180,"texture":"#0"},"west":{"uv":[8.57143,4.57143,9.28571,6.85714],"rotation":90,"texture":"#0"},"up":{"uv":[9.14286,0,9.57143,2.28571],"rotation":180,"texture":"#0"},"down":{"uv":[6.28571,8.57143,6.71429,10.85714],"texture":"#0"}}},{"from":[7.63,9.33981,13.17793],"to":[8.37,10.58981,13.92793],"rotation":{"angle":0,"axis":"x","origin":[7.625,16,17]},"faces":{"north":{"uv":[10.28571,11.42857,10.71429,12.14286],"texture":"#0"},"east":{"uv":[11.42857,10.28571,11.85714,11],"texture":"#0"},"south":{"uv":[11.42857,9.14286,11.85714,9.85714],"texture":"#0"},"west":{"uv":[9.71429,11.42857,10.14286,12.14286],"texture":"#0"},"up":{"uv":[13,3.28571,12.57143,2.85714],"rotation":180,"texture":"#0"},"down":{"uv":[13,3.42857,12.57143,3.85714],"rotation":180,"texture":"#0"}}},{"from":[7.625,13.46281,8.86825],"to":[8.375,14.21281,10.11825],"rotation":{"angle":-45,"axis":"x","origin":[7.875,16,17]},"faces":{"north":{"uv":[13,4.57143,12.57143,5],"texture":"#0"},"east":{"uv":[12,1.14286,12.42857,1.85714],"rotation":270,"texture":"#0"},"south":{"uv":[13,4.42857,12.57143,4],"rotation":180,"texture":"#0"},"west":{"uv":[11.42857,11.42857,11.85714,12.14286],"rotation":90,"texture":"#0"},"up":{"uv":[12,0,12.42857,0.71429],"rotation":180,"texture":"#0"},"down":{"uv":[10.85714,11.42857,11.28571,12.14286],"texture":"#0"}}},{"from":[7.63,8.45592,11.79403],"to":[8.37,9.20592,13.04403],"rotation":{"angle":0,"axis":"x","origin":[7.875,16,17]},"faces":{"north":{"uv":[7.85714,12.57143,7.42857,13],"texture":"#0"},"east":{"uv":[12,5.71429,12.42857,6.42857],"rotation":270,"texture":"#0"},"south":{"uv":[13,6.71429,12.57143,6.28571],"rotation":180,"texture":"#0"},"west":{"uv":[5.14286,12,5.57143,12.71429],"rotation":90,"texture":"#0"},"up":{"uv":[5.71429,12,6.14286,12.71429],"rotation":180,"texture":"#0"},"down":{"uv":[12,4.57143,12.42857,5.28571],"texture":"#0"}}},{"from":[7.625,14.12703,7.01469],"to":[8.375,14.87703,8.51469],"rotation":{"angle":-45,"axis":"x","origin":[7.875,16,17]},"faces":{"north":{"uv":[10.14286,12.57143,9.71429,13],"texture":"#0"},"east":{"uv":[10.85714,9.14286,11.28571,10],"rotation":270,"texture":"#0"},"south":{"uv":[9.57143,13,9.14286,12.57143],"rotation":180,"texture":"#0"},"west":{"uv":[10.85714,6.85714,11.28571,7.71429],"rotation":90,"texture":"#0"},"up":{"uv":[10.85714,8,11.28571,8.85714],"rotation":180,"texture":"#0"},"down":{"uv":[6.28571,10.85714,6.71429,11.71429],"texture":"#0"}}},{"from":[7.625,7.75145,0.10459],"to":[7.625,11.75145,27.10459],"rotation":{"angle":0,"axis":"x","origin":[7.625,9.30133,17.98959]},"faces":{"north":{"uv":[0,2.28571,0,0],"rotation":180,"texture":"#0"},"east":{"uv":[4.57143,15.42857,2.28571,0],"rotation":90,"texture":"#0"},"south":{"uv":[0,0,0,2.28571],"texture":"#0"},"west":{"uv":[2.28571,15.42857,0,0],"rotation":270,"texture":"#0"},"up":{"uv":[0,15.42857,0,0],"texture":"#0"},"down":{"uv":[0,15.42857,0,0],"rotation":180,"texture":"#0"}}},{"from":[7.375,9.75145,15.60459],"to":[7.875,10.75145,21.10459],"rotation":{"angle":0,"axis":"x","origin":[7.625,9.30133,17.98959]},"faces":{"north":{"uv":[10.85714,13.14286,11.14286,12.57143],"rotation":180,"texture":"#0"},"east":{"uv":[8,3.28571,7.42857,0],"rotation":90,"texture":"#0"},"south":{"uv":[10.28571,12.57143,10.57143,13.14286],"texture":"#0"},"west":{"uv":[7.42857,3.28571,6.85714,0],"rotation":270,"texture":"#0"},"up":{"uv":[7.14286,11.28571,6.85714,8],"texture":"#0"},"down":{"uv":[8.28571,3.28571,8,0],"rotation":180,"texture":"#0"}}},{"from":[7.38,11.82226,18.37393],"to":[7.87,12.72226,18.87393],"rotation":{"angle":45,"axis":"x","origin":[7.625,9.30133,16.98959]},"faces":{"north":{"uv":[12,13.14286,12.28571,12.57143],"rotation":180,"texture":"#0"},"east":{"uv":[12,12.85714,11.42857,12.57143],"rotation":90,"texture":"#0"},"south":{"uv":[12.57143,11.42857,12.85714,12],"texture":"#0"},"west":{"uv":[13.14286,11.14286,12.57143,10.85714],"rotation":270,"texture":"#0"},"up":{"uv":[13.42857,6,13.14286,5.71429],"texture":"#0"},"down":{"uv":[6,13.42857,5.71429,13.14286],"rotation":180,"texture":"#0"}}},{"from":[7.375,10.38785,21.10099],"to":[7.875,10.75785,21.74099],"rotation":{"angle":0,"axis":"x","origin":[7.625,9.30133,17.98959]},"faces":{"north":{"uv":[13.71429,5.28571,14,5.14286],"rotation":180,"texture":"#0"},"east":{"uv":[13.85714,3.28571,13.71429,2.85714],"rotation":90,"texture":"#0"},"south":{"uv":[5.14286,13.71429,5.42857,13.85714],"texture":"#0"},"west":{"uv":[13.85714,2.71429,13.71429,2.28571],"rotation":270,"texture":"#0"},"up":{"uv":[13.42857,1,13.14286,0.57143],"texture":"#0"},"down":{"uv":[12.85714,13,12.57143,12.57143],"rotation":180,"texture":"#0"}}},{"from":[7.075,8.80903,15.36126],"to":[8.175,10.55903,17.11126],"rotation":{"angle":-22.5,"axis":"x","origin":[7.625,9.30133,16.98959]},"faces":{"north":{"uv":[10.85714,3.42857,10.28571,4.42857],"texture":"#0"},"east":{"uv":[8.57143,8,9.57143,9],"rotation":270,"texture":"#0"},"south":{"uv":[10.85714,3.28571,10.28571,2.28571],"rotation":180,"texture":"#0"},"west":{"uv":[8.57143,6.85714,9.57143,7.85714],"rotation":90,"texture":"#0"},"up":{"uv":[10.28571,1.14286,10.85714,2.14286],"rotation":180,"texture":"#0"},"down":{"uv":[9.71429,1.14286,10.28571,2.14286],"texture":"#0"}}},{"from":[6.875,8.11248,15.08276],"to":[8.375,9.36248,16.33276],"rotation":{"angle":22.5,"axis":"x","origin":[7.625,9.30133,16.98959]},"faces":{"north":{"uv":[10,4.14286,9.14286,3.42857],"rotation":180,"texture":"#0"},"east":{"uv":[11.57143,1.85714,10.85714,1.14286],"rotation":180,"texture":"#0"},"south":{"uv":[10,3,9.14286,2.28571],"rotation":180,"texture":"#0"},"west":{"uv":[11.57143,0.71429,10.85714,0],"rotation":180,"texture":"#0"},"up":{"uv":[8.57143,9.14286,9.42857,9.85714],"texture":"#0"},"down":{"uv":[9.71429,0.71429,10.57143,0],"texture":"#0"}}},{"from":[6.875,5.36248,12.08276],"to":[8.375,6.61248,13.33276],"rotation":{"angle":22.5,"axis":"x","origin":[7.625,6.55133,13.98959]},"faces":{"north":{"uv":[10,4.14286,9.14286,3.42857],"rotation":180,"texture":"#0"},"east":{"uv":[11.57143,1.85714,10.85714,1.14286],"rotation":180,"texture":"#0"},"south":{"uv":[10,3,9.14286,2.28571],"rotation":180,"texture":"#0"},"west":{"uv":[11.57143,0.71429,10.85714,0],"rotation":180,"texture":"#0"},"up":{"uv":[8.57143,9.14286,9.42857,9.85714],"texture":"#0"},"down":{"uv":[9.71429,0.71429,10.57143,0],"texture":"#0"}}},{"from":[7.075,6.05903,12.36126],"to":[8.175,7.80903,14.11126],"rotation":{"angle":-22.5,"axis":"x","origin":[7.625,6.55133,13.98959]},"faces":{"north":{"uv":[10.85714,3.42857,10.28571,4.42857],"texture":"#0"},"east":{"uv":[8.57143,8,9.57143,9],"rotation":270,"texture":"#0"},"south":{"uv":[10.85714,3.28571,10.28571,2.28571],"rotation":180,"texture":"#0"},"west":{"uv":[8.57143,6.85714,9.57143,7.85714],"rotation":90,"texture":"#0"},"up":{"uv":[10.28571,1.14286,10.85714,2.14286],"rotation":180,"texture":"#0"},"down":{"uv":[9.71429,1.14286,10.28571,2.14286],"texture":"#0"}}},{"from":[7.255,7.56027,15.87728],"to":[7.995,8.81027,16.62728],"rotation":{"angle":0,"axis":"x","origin":[7.625,9.30133,16.98959]},"faces":{"north":{"uv":[10.71429,12.14286,10.28571,11.42857],"rotation":180,"texture":"#0"},"east":{"uv":[11.85714,11,11.42857,10.28571],"rotation":180,"texture":"#0"},"south":{"uv":[11.85714,9.85714,11.42857,9.14286],"rotation":180,"texture":"#0"},"west":{"uv":[10.14286,12.14286,9.71429,11.42857],"rotation":180,"texture":"#0"},"up":{"uv":[12.57143,2.85714,13,3.28571],"texture":"#0"},"down":{"uv":[12.57143,3.85714,13,3.42857],"texture":"#0"}}},{"from":[7.25,6.56401,17.21452],"to":[8,7.81401,17.96452],"rotation":{"angle":45,"axis":"x","origin":[7.625,9.30133,16.98959]},"faces":{"north":{"uv":[12.42857,0.71429,12,0],"rotation":180,"texture":"#0"},"east":{"uv":[12.42857,1.85714,12,1.14286],"rotation":180,"texture":"#0"},"south":{"uv":[11.28571,12.14286,10.85714,11.42857],"rotation":180,"texture":"#0"},"west":{"uv":[11.85714,12.14286,11.42857,11.42857],"rotation":180,"texture":"#0"},"up":{"uv":[12.57143,4,13,4.42857],"texture":"#0"},"down":{"uv":[12.57143,5,13,4.57143],"texture":"#0"}}},{"from":[7.875,8.75145,7.42349],"to":[7.875,9.75145,22.42349],"rotation":{"angle":0,"axis":"x","origin":[7.625,9.30133,17.98959]},"faces":{"north":{"uv":[0,0.57143,0,0],"rotation":180,"texture":"#0"},"east":{"uv":[5.71429,8.57143,5.14286,0],"rotation":90,"texture":"#0"},"south":{"uv":[0,0,0,0.57143],"texture":"#0"},"west":{"uv":[5.14286,8.57143,4.57143,0],"rotation":270,"texture":"#0"},"up":{"uv":[0,8.57143,0,0],"texture":"#0"},"down":{"uv":[0,8.57143,0,0],"rotation":180,"texture":"#0"}}},{"from":[7.375,8.75145,7.42349],"to":[7.375,9.75145,22.42349],"rotation":{"angle":0,"axis":"x","origin":[7.625,9.30133,17.98959]},"faces":{"north":{"uv":[0,0.57143,0,0],"rotation":180,"texture":"#0"},"east":{"uv":[4.57143,8.57143,5.14286,0],"rotation":90,"texture":"#0"},"south":{"uv":[0,0,0,0.57143],"texture":"#0"},"west":{"uv":[5.14286,8.57143,5.71429,0],"rotation":270,"texture":"#0"},"up":{"uv":[0,8.57143,0,0],"texture":"#0"},"down":{"uv":[0,8.57143,0,0],"rotation":180,"texture":"#0"}}},{"from":[7.425,6.30632,12.00536],"to":[7.825,7.10632,16.40536],"rotation":{"angle":22.5,"axis":"x","origin":[7.625,6.43488,13.53192]},"faces":{"north":{"uv":[10.85714,13.14286,11.14286,12.57143],"rotation":180,"texture":"#0"},"east":{"uv":[8,3.28571,7.42857,0],"rotation":90,"texture":"#0"},"south":{"uv":[10.28571,12.57143,10.57143,13.14286],"texture":"#0"},"west":{"uv":[7.42857,3.28571,6.85714,0],"rotation":270,"texture":"#0"},"up":{"uv":[7.14286,11.28571,6.85714,8],"texture":"#0"},"down":{"uv":[8.28571,3.28571,8,0],"rotation":180,"texture":"#0"}}},{"from":[7.425,6.81544,16.40248],"to":[7.825,7.11144,16.91448],"rotation":{"angle":22.5,"axis":"x","origin":[7.625,6.43488,13.53192]},"faces":{"north":{"uv":[13.71429,5.28571,14,5.14286],"rotation":180,"texture":"#0"},"east":{"uv":[13.85714,3.28571,13.71429,2.85714],"rotation":90,"texture":"#0"},"south":{"uv":[5.14286,13.71429,5.42857,13.85714],"texture":"#0"},"west":{"uv":[13.85714,2.71429,13.71429,2.28571],"rotation":270,"texture":"#0"},"up":{"uv":[13.42857,1,13.14286,0.57143],"texture":"#0"},"down":{"uv":[12.85714,13,12.57143,12.57143],"rotation":180,"texture":"#0"}}},{"from":[7.625,4.70632,-0.39464],"to":[7.625,7.90632,21.20536],"rotation":{"angle":22.5,"axis":"x","origin":[7.625,6.43488,13.53192]},"faces":{"north":{"uv":[0,2.28571,0,0],"rotation":180,"texture":"#0"},"east":{"uv":[4.57143,15.42857,2.28571,0],"rotation":90,"texture":"#0"},"south":{"uv":[0,0,0,2.28571],"texture":"#0"},"west":{"uv":[2.28571,15.42857,0,0],"rotation":270,"texture":"#0"},"up":{"uv":[0,15.42857,0,0],"texture":"#0"},"down":{"uv":[0,15.42857,0,0],"rotation":180,"texture":"#0"}}},{"from":[7.429,4.31216,15.47286],"to":[7.821,4.71216,16.19286],"rotation":{"angle":-22.5,"axis":"x","origin":[7.625,6.43488,13.53192]},"faces":{"north":{"uv":[6,13.42857,5.71429,13.14286],"texture":"#0"},"east":{"uv":[12,12.85714,11.42857,12.57143],"texture":"#0"},"south":{"uv":[13.42857,6,13.14286,5.71429],"texture":"#0"},"west":{"uv":[13.14286,11.14286,12.57143,10.85714],"texture":"#0"},"up":{"uv":[12,13.14286,12.28571,12.57143],"texture":"#0"},"down":{"uv":[12.57143,11.42857,12.85714,12],"texture":"#0"}}},{"from":[7.825,5.50632,5.46048],"to":[7.825,6.30632,17.46048],"rotation":{"angle":22.5,"axis":"x","origin":[7.625,6.43488,13.53192]},"faces":{"north":{"uv":[0,0.57143,0,0],"rotation":180,"texture":"#0"},"east":{"uv":[5.71429,8.57143,5.14286,0],"rotation":90,"texture":"#0"},"south":{"uv":[0,0,0,0.57143],"texture":"#0"},"west":{"uv":[5.14286,8.57143,4.57143,0],"rotation":270,"texture":"#0"},"up":{"uv":[0,8.57143,0,0],"texture":"#0"},"down":{"uv":[0,8.57143,0,0],"rotation":180,"texture":"#0"}}},{"from":[7.425,5.50632,5.46048],"to":[7.425,6.30632,17.46048],"rotation":{"angle":22.5,"axis":"x","origin":[7.625,6.43488,13.53192]},"faces":{"north":{"uv":[0,0.57143,0,0],"rotation":180,"texture":"#0"},"east":{"uv":[4.57143,8.57143,5.14286,0],"rotation":90,"texture":"#0"},"south":{"uv":[0,0,0,0.57143],"texture":"#0"},"west":{"uv":[5.14286,8.57143,5.71429,0],"rotation":270,"texture":"#0"},"up":{"uv":[0,8.57143,0,0],"texture":"#0"},"down":{"uv":[0,8.57143,0,0],"rotation":180,"texture":"#0"}}},{"from":[7.465,4.58233,9.85848],"to":[7.785,5.22233,13.37848],"rotation":{"angle":45,"axis":"x","origin":[7.625,4.77582,11.10846]},"faces":{"north":{"uv":[10.85714,13.14286,11.14286,12.57143],"rotation":180,"texture":"#0"},"east":{"uv":[8,3.28571,7.42857,0],"rotation":90,"texture":"#0"},"south":{"uv":[10.28571,12.57143,10.57143,13.14286],"texture":"#0"},"west":{"uv":[7.42857,3.28571,6.85714,0],"rotation":270,"texture":"#0"},"up":{"uv":[7.14286,11.28571,6.85714,8],"texture":"#0"},"down":{"uv":[8.28571,3.28571,8,0],"rotation":180,"texture":"#0"}}},{"from":[7.465,4.98963,13.37618],"to":[7.785,5.22643,13.78578],"rotation":{"angle":45,"axis":"x","origin":[7.625,4.77582,11.10846]},"faces":{"north":{"uv":[13.71429,5.28571,14,5.14286],"rotation":180,"texture":"#0"},"east":{"uv":[13.85714,3.28571,13.71429,2.85714],"rotation":90,"texture":"#0"},"south":{"uv":[5.14286,13.71429,5.42857,13.85714],"texture":"#0"},"west":{"uv":[13.85714,2.71429,13.71429,2.28571],"rotation":270,"texture":"#0"},"up":{"uv":[13.42857,1,13.14286,0.57143],"texture":"#0"},"down":{"uv":[12.85714,13,12.57143,12.57143],"rotation":180,"texture":"#0"}}},{"from":[7.4682,3.03386,12.5768],"to":[7.7818,3.35386,13.1528],"rotation":{"angle":0,"axis":"x","origin":[7.625,4.77582,11.10846]},"faces":{"north":{"uv":[6,13.42857,5.71429,13.14286],"texture":"#0"},"east":{"uv":[12,12.85714,11.42857,12.57143],"texture":"#0"},"south":{"uv":[13.42857,6,13.14286,5.71429],"texture":"#0"},"west":{"uv":[13.14286,11.14286,12.57143,10.85714],"texture":"#0"},"up":{"uv":[12,13.14286,12.28571,12.57143],"texture":"#0"},"down":{"uv":[12.57143,11.42857,12.85714,12],"texture":"#0"}}},{"from":[7.785,3.94233,4.62258],"to":[7.785,4.58233,14.22258],"rotation":{"angle":45,"axis":"x","origin":[7.625,4.77582,11.10846]},"faces":{"north":{"uv":[0,0.57143,0,0],"rotation":180,"texture":"#0"},"east":{"uv":[5.71429,8.57143,5.14286,0],"rotation":90,"texture":"#0"},"south":{"uv":[0,0,0,0.57143],"texture":"#0"},"west":{"uv":[5.14286,8.57143,4.57143,0],"rotation":270,"texture":"#0"},"up":{"uv":[0,8.57143,0,0],"texture":"#0"},"down":{"uv":[0,8.57143,0,0],"rotation":180,"texture":"#0"}}},{"from":[7.625,3.30233,-0.06152],"to":[7.625,5.86233,17.21848],"rotation":{"angle":45,"axis":"x","origin":[7.625,4.77582,11.10846]},"faces":{"north":{"uv":[0,2.28571,0,0],"rotation":180,"texture":"#0"},"east":{"uv":[4.57143,15.42857,2.28571,0],"rotation":90,"texture":"#0"},"south":{"uv":[0,0,0,2.28571],"texture":"#0"},"west":{"uv":[2.28571,15.42857,0,0],"rotation":270,"texture":"#0"},"up":{"uv":[0,15.42857,0,0],"texture":"#0"},"down":{"uv":[0,15.42857,0,0],"rotation":180,"texture":"#0"}}},{"from":[7.465,3.94233,4.62258],"to":[7.465,4.58233,14.22258],"rotation":{"angle":45,"axis":"x","origin":[7.625,4.77582,11.10846]},"faces":{"north":{"uv":[0,0.57143,0,0],"rotation":180,"texture":"#0"},"east":{"uv":[4.57143,8.57143,5.14286,0],"rotation":90,"texture":"#0"},"south":{"uv":[0,0,0,0.57143],"texture":"#0"},"west":{"uv":[5.14286,8.57143,5.71429,0],"rotation":270,"texture":"#0"},"up":{"uv":[0,8.57143,0,0],"texture":"#0"},"down":{"uv":[0,8.57143,0,0],"rotation":180,"texture":"#0"}}},{"from":[7.255,6.39929,15.59278],"to":[7.995,7.14929,16.84278],"rotation":{"angle":22.5,"axis":"x","origin":[7.625,9.30133,16.98959]},"faces":{"north":{"uv":[7.42857,13,7.85714,12.57143],"rotation":180,"texture":"#0"},"east":{"uv":[12.42857,6.42857,12,5.71429],"rotation":90,"texture":"#0"},"south":{"uv":[12.57143,6.28571,13,6.71429],"texture":"#0"},"west":{"uv":[5.57143,12.71429,5.14286,12],"rotation":270,"texture":"#0"},"up":{"uv":[6.14286,12.71429,5.71429,12],"texture":"#0"},"down":{"uv":[12.42857,5.28571,12,4.57143],"rotation":180,"texture":"#0"}}},{"from":[7.25,8.01729,12.98018],"to":[8,8.76729,14.48018],"rotation":{"angle":-22.5,"axis":"x","origin":[7.625,9.30133,16.98959]},"faces":{"north":{"uv":[10.14286,12.57143,9.71429,13],"texture":"#0"},"east":{"uv":[10.85714,9.14286,11.28571,10],"rotation":270,"texture":"#0"},"south":{"uv":[9.57143,13,9.14286,12.57143],"rotation":180,"texture":"#0"},"west":{"uv":[10.85714,6.85714,11.28571,7.71429],"rotation":90,"texture":"#0"},"up":{"uv":[10.85714,8,11.28571,8.85714],"rotation":180,"texture":"#0"},"down":{"uv":[6.28571,10.85714,6.71429,11.71429],"texture":"#0"}}},{"from":[6.875,4.11248,9.33276],"to":[8.375,5.36248,10.58276],"rotation":{"angle":22.5,"axis":"x","origin":[7.625,5.30133,11.23959]},"faces":{"north":{"uv":[10,4.14286,9.14286,3.42857],"rotation":180,"texture":"#0"},"east":{"uv":[11.57143,1.85714,10.85714,1.14286],"rotation":180,"texture":"#0"},"south":{"uv":[10,3,9.14286,2.28571],"rotation":180,"texture":"#0"},"west":{"uv":[11.57143,0.71429,10.85714,0],"rotation":180,"texture":"#0"},"up":{"uv":[8.57143,9.14286,9.42857,9.85714],"texture":"#0"},"down":{"uv":[9.71429,0.71429,10.57143,0],"texture":"#0"}}},{"from":[7.075,4.80903,9.61126],"to":[8.175,6.55903,11.36126],"rotation":{"angle":-22.5,"axis":"x","origin":[7.625,5.30133,11.23959]},"faces":{"north":{"uv":[10.85714,3.42857,10.28571,4.42857],"texture":"#0"},"east":{"uv":[8.57143,8,9.57143,9],"rotation":270,"texture":"#0"},"south":{"uv":[10.85714,3.28571,10.28571,2.28571],"rotation":180,"texture":"#0"},"west":{"uv":[8.57143,6.85714,9.57143,7.85714],"rotation":90,"texture":"#0"},"up":{"uv":[10.28571,1.14286,10.85714,2.14286],"rotation":180,"texture":"#0"},"down":{"uv":[9.71429,1.14286,10.28571,2.14286],"texture":"#0"}}},{"from":[7.25,6.76729,10.23018],"to":[8,7.51729,11.73018],"rotation":{"angle":-22.5,"axis":"x","origin":[7.625,8.05133,14.23959]},"faces":{"north":{"uv":[10.14286,12.57143,9.71429,13],"texture":"#0"},"east":{"uv":[10.85714,9.14286,11.28571,10],"rotation":270,"texture":"#0"},"south":{"uv":[9.57143,13,9.14286,12.57143],"rotation":180,"texture":"#0"},"west":{"uv":[10.85714,6.85714,11.28571,7.71429],"rotation":90,"texture":"#0"},"up":{"uv":[10.85714,8,11.28571,8.85714],"rotation":180,"texture":"#0"},"down":{"uv":[6.28571,10.85714,6.71429,11.71429],"texture":"#0"}}},{"from":[8,12.20008,-14.73572],"to":[8,16.20008,12.26428],"rotation":{"angle":22.5,"axis":"x","origin":[7.11915,16,-1]},"faces":{"north":{"uv":[0,2.28571,0,0],"rotation":180,"texture":"#0"},"east":{"uv":[2.28571,15.42857,4.42857,0],"rotation":270,"texture":"#0"},"south":{"uv":[0,0,0,2.28571],"texture":"#0"},"west":{"uv":[0,15.42857,2.28571,0],"rotation":90,"texture":"#0"},"up":{"uv":[0,15.42857,0,0],"rotation":180,"texture":"#0"},"down":{"uv":[0,15.42857,0,0],"texture":"#0"}}},{"from":[7.75,14.20008,-6.73572],"to":[8.25,15.20008,7.26428],"rotation":{"angle":22.5,"axis":"x","origin":[7.11915,16,-1]},"faces":{"north":{"uv":[10.28571,13.14286,10.57143,12.57143],"rotation":180,"texture":"#0"},"east":{"uv":[7.42857,8,8,0],"rotation":270,"texture":"#0"},"south":{"uv":[10.85714,12.57143,11.14286,13.14286],"texture":"#0"},"west":{"uv":[6.85714,8,7.42857,0],"rotation":90,"texture":"#0"},"up":{"uv":[6.85714,16,7.14286,8],"rotation":180,"texture":"#0"},"down":{"uv":[8,8,8.28571,0],"texture":"#0"}}},{"from":[7.755,18.64156,-6.46997],"to":[8.245,19.54156,-5.96997],"rotation":{"angle":-22.5,"axis":"x","origin":[7.625,16,-1]},"faces":{"north":{"uv":[12.85714,11.42857,12.57143,12],"texture":"#0"},"east":{"uv":[12,12.57143,11.42857,12.85714],"rotation":90,"texture":"#0"},"south":{"uv":[12.28571,13.14286,12,12.57143],"rotation":180,"texture":"#0"},"west":{"uv":[13.14286,10.85714,12.57143,11.14286],"rotation":270,"texture":"#0"},"up":{"uv":[13.42857,5.71429,13.14286,6],"texture":"#0"},"down":{"uv":[6,13.14286,5.71429,13.42857],"rotation":180,"texture":"#0"}}},{"from":[7.75,14.6364,-7.37212],"to":[8.25,15.0064,-6.73212],"rotation":{"angle":22.5,"axis":"x","origin":[7.625,16,-1]},"faces":{"north":{"uv":[5.14286,13.85714,5.42857,13.71429],"rotation":180,"texture":"#0"},"east":{"uv":[13.71429,3.28571,13.85714,2.85714],"rotation":270,"texture":"#0"},"south":{"uv":[13.71429,5.14286,14,5.28571],"texture":"#0"},"west":{"uv":[13.71429,2.71429,13.85714,2.28571],"rotation":90,"texture":"#0"},"up":{"uv":[13.14286,1,13.42857,0.57143],"rotation":180,"texture":"#0"},"down":{"uv":[12.57143,13,12.85714,12.57143],"texture":"#0"}}},{"from":[7.45,12,3.26428],"to":[8.55,13.75,5.01428],"rotation":{"angle":22.5,"axis":"x","origin":[7.625,16,-1]},"faces":{"north":{"uv":[10.28571,3.28571,10.85714,2.28571],"rotation":180,"texture":"#0"},"east":{"uv":[8.57143,9,9.57143,8],"rotation":270,"texture":"#0"},"south":{"uv":[10.28571,3.42857,10.85714,4.42857],"texture":"#0"},"west":{"uv":[8.57143,7.85714,9.57143,6.85714],"rotation":90,"texture":"#0"},"up":{"uv":[10.28571,2.14286,10.85714,1.14286],"rotation":180,"texture":"#0"},"down":{"uv":[9.71429,2.14286,10.28571,1.14286],"texture":"#0"}}},{"from":[7.25,9.2295,0.27786],"to":[8.75,10.4795,1.52786],"rotation":{"angle":-22.5,"axis":"x","origin":[7.375,16,-1]},"faces":{"north":{"uv":[10,2.28571,9.14286,3],"texture":"#0"},"east":{"uv":[11.57143,1.14286,10.85714,1.85714],"texture":"#0"},"south":{"uv":[10,3.42857,9.14286,4.14286],"texture":"#0"},"west":{"uv":[11.57143,0,10.85714,0.71429],"texture":"#0"},"up":{"uv":[9.42857,9.14286,8.57143,9.85714],"rotation":180,"texture":"#0"},"down":{"uv":[10.57143,0.71429,9.71429,0],"rotation":180,"texture":"#0"}}},{"from":[8.25,13.20008,-5.73572],"to":[8.25,14.20008,9.26428],"rotation":{"angle":22.5,"axis":"x","origin":[7.11915,16,-1]},"faces":{"north":{"uv":[0,0.57143,0,0],"rotation":180,"texture":"#0"},"east":{"uv":[5.14286,8.57143,5.71429,0],"rotation":270,"texture":"#0"},"south":{"uv":[0,0,0,0.57143],"texture":"#0"},"west":{"uv":[4.57143,8.57143,5.14286,0],"rotation":90,"texture":"#0"},"up":{"uv":[0,8.57143,0,0],"rotation":180,"texture":"#0"},"down":{"uv":[0,8.57143,0,0],"texture":"#0"}}},{"from":[7.75,13.20008,-5.73572],"to":[7.75,14.20008,9.26428],"rotation":{"angle":22.5,"axis":"x","origin":[7.11915,16,-1]},"faces":{"north":{"uv":[0,0.57143,0,0],"rotation":180,"texture":"#0"},"east":{"uv":[5.14286,8.57143,4.57143,0],"rotation":270,"texture":"#0"},"south":{"uv":[0,0,0,0.57143],"texture":"#0"},"west":{"uv":[5.71429,8.57143,5.14286,0],"rotation":90,"texture":"#0"},"up":{"uv":[0,8.57143,0,0],"rotation":180,"texture":"#0"},"down":{"uv":[0,8.57143,0,0],"texture":"#0"}}},{"from":[7.65,15.10486,2.82027],"to":[8.35,16.30486,6.82027],"rotation":{"angle":45,"axis":"x","origin":[7.375,16,-1]},"faces":{"north":{"uv":[12,3,12.42857,2.28571],"rotation":180,"texture":"#0"},"east":{"uv":[5.14286,10.85714,5.85714,8.57143],"rotation":270,"texture":"#0"},"south":{"uv":[12,3.42857,12.42857,4.14286],"texture":"#0"},"west":{"uv":[8.57143,6.85714,9.28571,4.57143],"rotation":90,"texture":"#0"},"up":{"uv":[9.14286,2.28571,9.57143,0],"rotation":180,"texture":"#0"},"down":{"uv":[6.28571,10.85714,6.71429,8.57143],"texture":"#0"}}},{"from":[7.63,9.33981,2.07207],"to":[8.37,10.58981,2.82207],"rotation":{"angle":0,"axis":"x","origin":[7.625,16,-1]},"faces":{"north":{"uv":[11.85714,9.14286,11.42857,9.85714],"texture":"#0"},"east":{"uv":[11.85714,10.28571,11.42857,11],"texture":"#0"},"south":{"uv":[10.71429,11.42857,10.28571,12.14286],"texture":"#0"},"west":{"uv":[10.14286,11.42857,9.71429,12.14286],"texture":"#0"},"up":{"uv":[13,2.85714,12.57143,3.28571],"rotation":180,"texture":"#0"},"down":{"uv":[13,3.85714,12.57143,3.42857],"rotation":180,"texture":"#0"}}},{"from":[7.625,13.46281,5.88175],"to":[8.375,14.21281,7.13175],"rotation":{"angle":45,"axis":"x","origin":[7.875,16,-1]},"faces":{"north":{"uv":[12.57143,4.42857,13,4],"rotation":180,"texture":"#0"},"east":{"uv":[12,1.85714,12.42857,1.14286],"rotation":270,"texture":"#0"},"south":{"uv":[12.57143,4.57143,13,5],"texture":"#0"},"west":{"uv":[11.42857,12.14286,11.85714,11.42857],"rotation":90,"texture":"#0"},"up":{"uv":[12,0.71429,12.42857,0],"rotation":180,"texture":"#0"},"down":{"uv":[10.85714,12.14286,11.28571,11.42857],"texture":"#0"}}},{"from":[7.63,8.45592,2.95597],"to":[8.37,9.20592,4.20597],"rotation":{"angle":0,"axis":"x","origin":[7.875,16,-1]},"faces":{"north":{"uv":[12.57143,6.71429,13,6.28571],"rotation":180,"texture":"#0"},"east":{"uv":[12,6.42857,12.42857,5.71429],"rotation":270,"texture":"#0"},"south":{"uv":[7.42857,12.57143,7.85714,13],"texture":"#0"},"west":{"uv":[5.14286,12.71429,5.57143,12],"rotation":90,"texture":"#0"},"up":{"uv":[5.71429,12.71429,6.14286,12],"rotation":180,"texture":"#0"},"down":{"uv":[12,5.28571,12.42857,4.57143],"texture":"#0"}}},{"from":[7.625,14.12703,7.48531],"to":[8.375,14.87703,8.98531],"rotation":{"angle":45,"axis":"x","origin":[7.875,16,-1]},"faces":{"north":{"uv":[9.14286,13,9.57143,12.57143],"rotation":180,"texture":"#0"},"east":{"uv":[10.85714,10,11.28571,9.14286],"rotation":270,"texture":"#0"},"south":{"uv":[9.71429,12.57143,10.14286,13],"texture":"#0"},"west":{"uv":[10.85714,7.71429,11.28571,6.85714],"rotation":90,"texture":"#0"},"up":{"uv":[10.85714,8.85714,11.28571,8],"rotation":180,"texture":"#0"},"down":{"uv":[6.28571,11.71429,6.71429,10.85714],"texture":"#0"}}},{"from":[7.625,7.75145,-11.10459],"to":[7.625,11.75145,15.89541],"rotation":{"angle":0,"axis":"x","origin":[7.625,9.30133,-1.98959]},"faces":{"north":{"uv":[0,0,0,2.28571],"texture":"#0"},"east":{"uv":[4.57143,0,2.28571,15.42857],"rotation":90,"texture":"#0"},"south":{"uv":[0,2.28571,0,0],"rotation":180,"texture":"#0"},"west":{"uv":[2.28571,0,0,15.42857],"rotation":270,"texture":"#0"},"up":{"uv":[0,0,0,15.42857],"texture":"#0"},"down":{"uv":[0,0,0,15.42857],"rotation":180,"texture":"#0"}}},{"from":[7.375,9.75145,-5.10459],"to":[7.875,10.75145,0.39541],"rotation":{"angle":0,"axis":"x","origin":[7.625,9.30133,-1.98959]},"faces":{"north":{"uv":[10.57143,12.57143,10.28571,13.14286],"texture":"#0"},"east":{"uv":[8,0,7.42857,3.28571],"rotation":90,"texture":"#0"},"south":{"uv":[11.14286,13.14286,10.85714,12.57143],"rotation":180,"texture":"#0"},"west":{"uv":[7.42857,0,6.85714,3.28571],"rotation":270,"texture":"#0"},"up":{"uv":[7.14286,8,6.85714,11.28571],"texture":"#0"},"down":{"uv":[8.28571,0,8,3.28571],"rotation":180,"texture":"#0"}}},{"from":[7.38,11.82226,-2.87393],"to":[7.87,12.72226,-2.37393],"rotation":{"angle":-45,"axis":"x","origin":[7.625,9.30133,-0.98959]},"faces":{"north":{"uv":[12.85714,11.42857,12.57143,12],"texture":"#0"},"east":{"uv":[12,12.57143,11.42857,12.85714],"rotation":90,"texture":"#0"},"south":{"uv":[12.28571,13.14286,12,12.57143],"rotation":180,"texture":"#0"},"west":{"uv":[13.14286,10.85714,12.57143,11.14286],"rotation":270,"texture":"#0"},"up":{"uv":[13.42857,5.71429,13.14286,6],"texture":"#0"},"down":{"uv":[6,13.14286,5.71429,13.42857],"rotation":180,"texture":"#0"}}},{"from":[7.375,10.38785,-5.74099],"to":[7.875,10.75785,-5.10099],"rotation":{"angle":0,"axis":"x","origin":[7.625,9.30133,-1.98959]},"faces":{"north":{"uv":[5.42857,13.71429,5.14286,13.85714],"texture":"#0"},"east":{"uv":[13.85714,2.85714,13.71429,3.28571],"rotation":90,"texture":"#0"},"south":{"uv":[14,5.28571,13.71429,5.14286],"rotation":180,"texture":"#0"},"west":{"uv":[13.85714,2.28571,13.71429,2.71429],"rotation":270,"texture":"#0"},"up":{"uv":[13.42857,0.57143,13.14286,1],"texture":"#0"},"down":{"uv":[12.85714,12.57143,12.57143,13],"rotation":180,"texture":"#0"}}},{"from":[7.075,8.80903,-1.11126],"to":[8.175,10.55903,0.63874],"rotation":{"angle":22.5,"axis":"x","origin":[7.625,9.30133,-0.98959]},"faces":{"north":{"uv":[10.28571,3.28571,10.85714,2.28571],"rotation":180,"texture":"#0"},"east":{"uv":[8.57143,9,9.57143,8],"rotation":270,"texture":"#0"},"south":{"uv":[10.28571,3.42857,10.85714,4.42857],"texture":"#0"},"west":{"uv":[8.57143,7.85714,9.57143,6.85714],"rotation":90,"texture":"#0"},"up":{"uv":[10.28571,2.14286,10.85714,1.14286],"rotation":180,"texture":"#0"},"down":{"uv":[9.71429,2.14286,10.28571,1.14286],"texture":"#0"}}},{"from":[6.875,8.11248,-0.33276],"to":[8.375,9.36248,0.91724],"rotation":{"angle":-22.5,"axis":"x","origin":[7.625,9.30133,-0.98959]},"faces":{"north":{"uv":[9.14286,3,10,2.28571],"rotation":180,"texture":"#0"},"east":{"uv":[10.85714,1.85714,11.57143,1.14286],"rotation":180,"texture":"#0"},"south":{"uv":[9.14286,4.14286,10,3.42857],"rotation":180,"texture":"#0"},"west":{"uv":[10.85714,0.71429,11.57143,0],"rotation":180,"texture":"#0"},"up":{"uv":[8.57143,9.85714,9.42857,9.14286],"texture":"#0"},"down":{"uv":[9.71429,0,10.57143,0.71429],"texture":"#0"}}},{"from":[6.875,5.36248,2.66724],"to":[8.375,6.61248,3.91724],"rotation":{"angle":-22.5,"axis":"x","origin":[7.625,6.55133,2.01041]},"faces":{"north":{"uv":[9.14286,3,10,2.28571],"rotation":180,"texture":"#0"},"east":{"uv":[10.85714,1.85714,11.57143,1.14286],"rotation":180,"texture":"#0"},"south":{"uv":[9.14286,4.14286,10,3.42857],"rotation":180,"texture":"#0"},"west":{"uv":[10.85714,0.71429,11.57143,0],"rotation":180,"texture":"#0"},"up":{"uv":[8.57143,9.85714,9.42857,9.14286],"texture":"#0"},"down":{"uv":[9.71429,0,10.57143,0.71429],"texture":"#0"}}},{"from":[7.075,6.05903,1.88874],"to":[8.175,7.80903,3.63874],"rotation":{"angle":22.5,"axis":"x","origin":[7.625,6.55133,2.01041]},"faces":{"north":{"uv":[10.28571,3.28571,10.85714,2.28571],"rotation":180,"texture":"#0"},"east":{"uv":[8.57143,9,9.57143,8],"rotation":270,"texture":"#0"},"south":{"uv":[10.28571,3.42857,10.85714,4.42857],"texture":"#0"},"west":{"uv":[8.57143,7.85714,9.57143,6.85714],"rotation":90,"texture":"#0"},"up":{"uv":[10.28571,2.14286,10.85714,1.14286],"rotation":180,"texture":"#0"},"down":{"uv":[9.71429,2.14286,10.28571,1.14286],"texture":"#0"}}},{"from":[7.255,7.56027,-0.62728],"to":[7.995,8.81027,0.12272],"rotation":{"angle":0,"axis":"x","origin":[7.625,9.30133,-0.98959]},"faces":{"north":{"uv":[11.42857,9.85714,11.85714,9.14286],"rotation":180,"texture":"#0"},"east":{"uv":[11.42857,11,11.85714,10.28571],"rotation":180,"texture":"#0"},"south":{"uv":[10.28571,12.14286,10.71429,11.42857],"rotation":180,"texture":"#0"},"west":{"uv":[9.71429,12.14286,10.14286,11.42857],"rotation":180,"texture":"#0"},"up":{"uv":[12.57143,3.28571,13,2.85714],"texture":"#0"},"down":{"uv":[12.57143,3.42857,13,3.85714],"texture":"#0"}}},{"from":[7.25,6.56401,-1.96452],"to":[8,7.81401,-1.21452],"rotation":{"angle":-45,"axis":"x","origin":[7.625,9.30133,-0.98959]},"faces":{"north":{"uv":[10.85714,12.14286,11.28571,11.42857],"rotation":180,"texture":"#0"},"east":{"uv":[12,1.85714,12.42857,1.14286],"rotation":180,"texture":"#0"},"south":{"uv":[12,0.71429,12.42857,0],"rotation":180,"texture":"#0"},"west":{"uv":[11.42857,12.14286,11.85714,11.42857],"rotation":180,"texture":"#0"},"up":{"uv":[12.57143,4.42857,13,4],"texture":"#0"},"down":{"uv":[12.57143,4.57143,13,5],"texture":"#0"}}},{"from":[7.875,8.75145,-6.42349],"to":[7.875,9.75145,8.57651],"rotation":{"angle":0,"axis":"x","origin":[7.625,9.30133,-1.98959]},"faces":{"north":{"uv":[0,0,0,0.57143],"texture":"#0"},"east":{"uv":[5.71429,0,5.14286,8.57143],"rotation":90,"texture":"#0"},"south":{"uv":[0,0.57143,0,0],"rotation":180,"texture":"#0"},"west":{"uv":[5.14286,0,4.57143,8.57143],"rotation":270,"texture":"#0"},"up":{"uv":[0,0,0,8.57143],"texture":"#0"},"down":{"uv":[0,0,0,8.57143],"rotation":180,"texture":"#0"}}},{"from":[7.375,8.75145,-6.42349],"to":[7.375,9.75145,8.57651],"rotation":{"angle":0,"axis":"x","origin":[7.625,9.30133,-1.98959]},"faces":{"north":{"uv":[0,0,0,0.57143],"texture":"#0"},"east":{"uv":[4.57143,0,5.14286,8.57143],"rotation":90,"texture":"#0"},"south":{"uv":[0,0.57143,0,0],"rotation":180,"texture":"#0"},"west":{"uv":[5.14286,0,5.71429,8.57143],"rotation":270,"texture":"#0"},"up":{"uv":[0,0,0,8.57143],"texture":"#0"},"down":{"uv":[0,0,0,8.57143],"rotation":180,"texture":"#0"}}},{"from":[7.425,6.30632,-0.40536],"to":[7.825,7.10632,3.99464],"rotation":{"angle":-22.5,"axis":"x","origin":[7.625,6.43488,2.46808]},"faces":{"north":{"uv":[10.57143,12.57143,10.28571,13.14286],"texture":"#0"},"east":{"uv":[8,0,7.42857,3.28571],"rotation":90,"texture":"#0"},"south":{"uv":[11.14286,13.14286,10.85714,12.57143],"rotation":180,"texture":"#0"},"west":{"uv":[7.42857,0,6.85714,3.28571],"rotation":270,"texture":"#0"},"up":{"uv":[7.14286,8,6.85714,11.28571],"texture":"#0"},"down":{"uv":[8.28571,0,8,3.28571],"rotation":180,"texture":"#0"}}},{"from":[7.425,6.81544,-0.91448],"to":[7.825,7.11144,-0.40248],"rotation":{"angle":-22.5,"axis":"x","origin":[7.625,6.43488,2.46808]},"faces":{"north":{"uv":[5.42857,13.71429,5.14286,13.85714],"texture":"#0"},"east":{"uv":[13.85714,2.85714,13.71429,3.28571],"rotation":90,"texture":"#0"},"south":{"uv":[14,5.28571,13.71429,5.14286],"rotation":180,"texture":"#0"},"west":{"uv":[13.85714,2.28571,13.71429,2.71429],"rotation":270,"texture":"#0"},"up":{"uv":[13.42857,0.57143,13.14286,1],"texture":"#0"},"down":{"uv":[12.85714,12.57143,12.57143,13],"rotation":180,"texture":"#0"}}},{"from":[7.625,4.70632,-5.20536],"to":[7.625,7.90632,16.39464],"rotation":{"angle":-22.5,"axis":"x","origin":[7.625,6.43488,2.46808]},"faces":{"north":{"uv":[0,0,0,2.28571],"texture":"#0"},"east":{"uv":[4.57143,0,2.28571,15.42857],"rotation":90,"texture":"#0"},"south":{"uv":[0,2.28571,0,0],"rotation":180,"texture":"#0"},"west":{"uv":[2.28571,0,0,15.42857],"rotation":270,"texture":"#0"},"up":{"uv":[0,0,0,15.42857],"texture":"#0"},"down":{"uv":[0,0,0,15.42857],"rotation":180,"texture":"#0"}}},{"from":[7.429,4.31216,-0.19286],"to":[7.821,4.71216,0.52714],"rotation":{"angle":22.5,"axis":"x","origin":[7.625,6.43488,2.46808]},"faces":{"north":{"uv":[13.14286,6,13.42857,5.71429],"texture":"#0"},"east":{"uv":[11.42857,12.85714,12,12.57143],"texture":"#0"},"south":{"uv":[5.71429,13.42857,6,13.14286],"texture":"#0"},"west":{"uv":[12.57143,11.14286,13.14286,10.85714],"texture":"#0"},"up":{"uv":[12,12.57143,12.28571,13.14286],"texture":"#0"},"down":{"uv":[12.57143,12,12.85714,11.42857],"texture":"#0"}}},{"from":[7.825,5.50632,-1.46048],"to":[7.825,6.30632,10.53952],"rotation":{"angle":-22.5,"axis":"x","origin":[7.625,6.43488,2.46808]},"faces":{"north":{"uv":[0,0,0,0.57143],"texture":"#0"},"east":{"uv":[5.71429,0,5.14286,8.57143],"rotation":90,"texture":"#0"},"south":{"uv":[0,0.57143,0,0],"rotation":180,"texture":"#0"},"west":{"uv":[5.14286,0,4.57143,8.57143],"rotation":270,"texture":"#0"},"up":{"uv":[0,0,0,8.57143],"texture":"#0"},"down":{"uv":[0,0,0,8.57143],"rotation":180,"texture":"#0"}}},{"from":[7.425,5.50632,-1.46048],"to":[7.425,6.30632,10.53952],"rotation":{"angle":-22.5,"axis":"x","origin":[7.625,6.43488,2.46808]},"faces":{"north":{"uv":[0,0,0,0.57143],"texture":"#0"},"east":{"uv":[4.57143,0,5.14286,8.57143],"rotation":90,"texture":"#0"},"south":{"uv":[0,0.57143,0,0],"rotation":180,"texture":"#0"},"west":{"uv":[5.14286,0,5.71429,8.57143],"rotation":270,"texture":"#0"},"up":{"uv":[0,0,0,8.57143],"texture":"#0"},"down":{"uv":[0,0,0,8.57143],"rotation":180,"texture":"#0"}}},{"from":[7.465,4.58233,2.62152],"to":[7.785,5.22233,6.14152],"rotation":{"angle":-45,"axis":"x","origin":[7.625,4.77582,4.89154]},"faces":{"north":{"uv":[10.57143,12.57143,10.28571,13.14286],"texture":"#0"},"east":{"uv":[8,0,7.42857,3.28571],"rotation":90,"texture":"#0"},"south":{"uv":[11.14286,13.14286,10.85714,12.57143],"rotation":180,"texture":"#0"},"west":{"uv":[7.42857,0,6.85714,3.28571],"rotation":270,"texture":"#0"},"up":{"uv":[7.14286,8,6.85714,11.28571],"texture":"#0"},"down":{"uv":[8.28571,0,8,3.28571],"rotation":180,"texture":"#0"}}},{"from":[7.465,4.98963,2.21422],"to":[7.785,5.22643,2.62382],"rotation":{"angle":-45,"axis":"x","origin":[7.625,4.77582,4.89154]},"faces":{"north":{"uv":[5.42857,13.71429,5.14286,13.85714],"texture":"#0"},"east":{"uv":[13.85714,2.85714,13.71429,3.28571],"rotation":90,"texture":"#0"},"south":{"uv":[14,5.28571,13.71429,5.14286],"rotation":180,"texture":"#0"},"west":{"uv":[13.85714,2.28571,13.71429,2.71429],"rotation":270,"texture":"#0"},"up":{"uv":[13.42857,0.57143,13.14286,1],"texture":"#0"},"down":{"uv":[12.85714,12.57143,12.57143,13],"rotation":180,"texture":"#0"}}},{"from":[7.4682,3.03386,2.8472],"to":[7.7818,3.35386,3.4232],"rotation":{"angle":0,"axis":"x","origin":[7.625,4.77582,4.89154]},"faces":{"north":{"uv":[13.14286,6,13.42857,5.71429],"texture":"#0"},"east":{"uv":[11.42857,12.85714,12,12.57143],"texture":"#0"},"south":{"uv":[5.71429,13.42857,6,13.14286],"texture":"#0"},"west":{"uv":[12.57143,11.14286,13.14286,10.85714],"texture":"#0"},"up":{"uv":[12,12.57143,12.28571,13.14286],"texture":"#0"},"down":{"uv":[12.57143,12,12.85714,11.42857],"texture":"#0"}}},{"from":[7.785,3.94233,1.77742],"to":[7.785,4.58233,11.37742],"rotation":{"angle":-45,"axis":"x","origin":[7.625,4.77582,4.89154]},"faces":{"north":{"uv":[0,0,0,0.57143],"texture":"#0"},"east":{"uv":[5.71429,0,5.14286,8.57143],"rotation":90,"texture":"#0"},"south":{"uv":[0,0.57143,0,0],"rotation":180,"texture":"#0"},"west":{"uv":[5.14286,0,4.57143,8.57143],"rotation":270,"texture":"#0"},"up":{"uv":[0,0,0,8.57143],"texture":"#0"},"down":{"uv":[0,0,0,8.57143],"rotation":180,"texture":"#0"}}},{"from":[7.625,3.30233,-1.21848],"to":[7.625,5.86233,16.06152],"rotation":{"angle":-45,"axis":"x","origin":[7.625,4.77582,4.89154]},"faces":{"north":{"uv":[0,0,0,2.28571],"texture":"#0"},"east":{"uv":[4.57143,0,2.28571,15.42857],"rotation":90,"texture":"#0"},"south":{"uv":[0,2.28571,0,0],"rotation":180,"texture":"#0"},"west":{"uv":[2.28571,0,0,15.42857],"rotation":270,"texture":"#0"},"up":{"uv":[0,0,0,15.42857],"texture":"#0"},"down":{"uv":[0,0,0,15.42857],"rotation":180,"texture":"#0"}}},{"from":[7.465,3.94233,1.77742],"to":[7.465,4.58233,11.37742],"rotation":{"angle":-45,"axis":"x","origin":[7.625,4.77582,4.89154]},"faces":{"north":{"uv":[0,0,0,0.57143],"texture":"#0"},"east":{"uv":[4.57143,0,5.14286,8.57143],"rotation":90,"texture":"#0"},"south":{"uv":[0,0.57143,0,0],"rotation":180,"texture":"#0"},"west":{"uv":[5.14286,0,5.71429,8.57143],"rotation":270,"texture":"#0"},"up":{"uv":[0,0,0,8.57143],"texture":"#0"},"down":{"uv":[0,0,0,8.57143],"rotation":180,"texture":"#0"}}},{"from":[7.255,6.39929,-0.84278],"to":[7.995,7.14929,0.40722],"rotation":{"angle":-22.5,"axis":"x","origin":[7.625,9.30133,-0.98959]},"faces":{"north":{"uv":[13,6.28571,12.57143,6.71429],"texture":"#0"},"east":{"uv":[12.42857,5.71429,12,6.42857],"rotation":90,"texture":"#0"},"south":{"uv":[7.85714,13,7.42857,12.57143],"rotation":180,"texture":"#0"},"west":{"uv":[5.57143,12,5.14286,12.71429],"rotation":270,"texture":"#0"},"up":{"uv":[6.14286,12,5.71429,12.71429],"texture":"#0"},"down":{"uv":[12.42857,4.57143,12,5.28571],"rotation":180,"texture":"#0"}}},{"from":[7.25,8.01729,1.51982],"to":[8,8.76729,3.01982],"rotation":{"angle":22.5,"axis":"x","origin":[7.625,9.30133,-0.98959]},"faces":{"north":{"uv":[9.14286,13,9.57143,12.57143],"rotation":180,"texture":"#0"},"east":{"uv":[10.85714,10,11.28571,9.14286],"rotation":270,"texture":"#0"},"south":{"uv":[9.71429,12.57143,10.14286,13],"texture":"#0"},"west":{"uv":[10.85714,7.71429,11.28571,6.85714],"rotation":90,"texture":"#0"},"up":{"uv":[10.85714,8.85714,11.28571,8],"rotation":180,"texture":"#0"},"down":{"uv":[6.28571,11.71429,6.71429,10.85714],"texture":"#0"}}},{"from":[6.875,4.11248,5.41724],"to":[8.375,5.36248,6.66724],"rotation":{"angle":-22.5,"axis":"x","origin":[7.625,5.30133,4.76041]},"faces":{"north":{"uv":[9.14286,3,10,2.28571],"rotation":180,"texture":"#0"},"east":{"uv":[10.85714,1.85714,11.57143,1.14286],"rotation":180,"texture":"#0"},"south":{"uv":[9.14286,4.14286,10,3.42857],"rotation":180,"texture":"#0"},"west":{"uv":[10.85714,0.71429,11.57143,0],"rotation":180,"texture":"#0"},"up":{"uv":[8.57143,9.85714,9.42857,9.14286],"texture":"#0"},"down":{"uv":[9.71429,0,10.57143,0.71429],"texture":"#0"}}},{"from":[7.075,4.80903,4.63874],"to":[8.175,6.55903,6.38874],"rotation":{"angle":22.5,"axis":"x","origin":[7.625,5.30133,4.76041]},"faces":{"north":{"uv":[10.28571,3.28571,10.85714,2.28571],"rotation":180,"texture":"#0"},"east":{"uv":[8.57143,9,9.57143,8],"rotation":270,"texture":"#0"},"south":{"uv":[10.28571,3.42857,10.85714,4.42857],"texture":"#0"},"west":{"uv":[8.57143,7.85714,9.57143,6.85714],"rotation":90,"texture":"#0"},"up":{"uv":[10.28571,2.14286,10.85714,1.14286],"rotation":180,"texture":"#0"},"down":{"uv":[9.71429,2.14286,10.28571,1.14286],"texture":"#0"}}},{"from":[7.25,6.76729,4.26982],"to":[8,7.51729,5.76982],"rotation":{"angle":22.5,"axis":"x","origin":[7.625,8.05133,1.76041]},"faces":{"north":{"uv":[9.14286,13,9.57143,12.57143],"rotation":180,"texture":"#0"},"east":{"uv":[10.85714,10,11.28571,9.14286],"rotation":270,"texture":"#0"},"south":{"uv":[9.71429,12.57143,10.14286,13],"texture":"#0"},"west":{"uv":[10.85714,7.71429,11.28571,6.85714],"rotation":90,"texture":"#0"},"up":{"uv":[10.85714,8.85714,11.28571,8],"rotation":180,"texture":"#0"},"down":{"uv":[6.28571,11.71429,6.71429,10.85714],"texture":"#0"}}}],"gui_light":"front","display":{"thirdperson_righthand":{"rotation":[50,89,0],"translation":[0.25,0.5,1],"scale":[0.53,0.53,0.53]},"thirdperson_lefthand":{"rotation":[54.3,-90,-13.11],"translation":[-5.5,-7.25,8.75],"scale":[1.25,1.25,1.25]},"firstperson_righthand":{"rotation":[-90,81.5,93],"translation":[0.25,3.25,-0.5],"scale":[0.66891,0.66891,0.66891]},"firstperson_lefthand":{"rotation":[-90,81.5,93],"translation":[0,0,-0.5],"scale":[0,0,0]},"ground":{"rotation":[90,90,0],"scale":[0.75,0.75,0.75]},"gui":{"rotation":[0,90,0],"translation":[0,-1.25,0],"scale":[0.42531,0.42531,0.42531]},"head":{"rotation":[0,90,0],"translation":[0,-14.5,5.5],"scale":[1.75,1.75,1.75]},"fixed":{"rotation":[0,90,0],"translation":[0,-0.5,-4.5],"scale":[1.75,1.75,1.75]}}}