{"credit":"MadebyPolygonMC","texture_size":[20,20],"textures":{"0":"deceaseset:animation_1","1":"deceaseset:hammer","particle":"deceaseset:animation_1"},"elements":[{"from":[7.44,-0.06,7.44],"to":[8.56,1.06,8.56],"rotation":{"angle":-45,"axis":"x","origin":[8,0.5,8]},"faces":{"north":{"uv":[3.2,10.4,4,11.2],"texture":"#1"},"east":{"uv":[10.4,4,11.2,4.8],"texture":"#1"},"south":{"uv":[7.2,12,8,12.8],"texture":"#1"},"west":{"uv":[9.6,12,10.4,12.8],"texture":"#1"},"up":{"uv":[11.2,12.8,10.4,12],"texture":"#1"},"down":{"uv":[12.8,11.2,12,12],"texture":"#1"}}},{"from":[7.5,0.7,7.5],"to":[8.5,1.7,8.5],"rotation":{"angle":0,"axis":"x","origin":[8,1.2,8]},"faces":{"north":{"uv":[12,12,12.8,12.8],"texture":"#1"},"east":{"uv":[12.8,0,13.6,0.8],"texture":"#1"},"south":{"uv":[12.8,0.8,13.6,1.6],"texture":"#1"},"west":{"uv":[1.6,12.8,2.4,13.6],"texture":"#1"},"up":{"uv":[13.6,2.4,12.8,1.6],"texture":"#1"},"down":{"uv":[3.2,12.8,2.4,13.6],"texture":"#1"}}},{"from":[7.5,4.7,7.5],"to":[8.5,5.7,8.5],"rotation":{"angle":0,"axis":"x","origin":[8,1.2,8]},"faces":{"north":{"uv":[3.2,12.8,4,13.6],"texture":"#1"},"east":{"uv":[4,12.8,4.8,13.6],"texture":"#1"},"south":{"uv":[12.8,4,13.6,4.8],"texture":"#1"},"west":{"uv":[4.8,12.8,5.6,13.6],"texture":"#1"},"up":{"uv":[13.6,5.6,12.8,4.8],"texture":"#1"},"down":{"uv":[6.4,12.8,5.6,13.6],"texture":"#1"}}},{"from":[7.5,10.7,7.5],"to":[8.5,11.7,8.5],"rotation":{"angle":0,"axis":"x","origin":[8,1.2,8]},"faces":{"north":{"uv":[12.8,5.6,13.6,6.4],"texture":"#1"},"east":{"uv":[6.4,12.8,7.2,13.6],"texture":"#1"},"south":{"uv":[12.8,6.4,13.6,7.2],"texture":"#1"},"west":{"uv":[7.2,12.8,8,13.6],"texture":"#1"},"up":{"uv":[13.6,8,12.8,7.2],"texture":"#1"},"down":{"uv":[8.8,12.8,8,13.6],"texture":"#1"}}},{"from":[7.5,2.7,7.5],"to":[8.5,3.7,8.5],"rotation":{"angle":0,"axis":"x","origin":[8,3.2,8]},"faces":{"north":{"uv":[12.8,8,13.6,8.8],"texture":"#1"},"east":{"uv":[8.8,12.8,9.6,13.6],"texture":"#1"},"south":{"uv":[12.8,8.8,13.6,9.6],"texture":"#1"},"west":{"uv":[9.6,12.8,10.4,13.6],"texture":"#1"},"up":{"uv":[13.6,10.4,12.8,9.6],"texture":"#1"},"down":{"uv":[11.2,12.8,10.4,13.6],"texture":"#1"}}},{"from":[7.4,11.58341,10.34531],"to":[8.6,13.58341,12.34531],"rotation":{"angle":-45,"axis":"x","origin":[8,9.23809,8]},"faces":{"north":{"uv":[8,7.2,9,8.8],"texture":"#1"},"east":{"uv":[1.6,8,3.2,9.6],"texture":"#1"},"south":{"uv":[8.8,0,9.8,1.6],"texture":"#1"},"west":{"uv":[3.2,8,4.8,9.6],"texture":"#1"},"up":{"uv":[9.8,3.2,8.8,1.6],"texture":"#1"},"down":{"uv":[9.8,3.2,8.8,4.8],"texture":"#1"}}},{"from":[7.2,13.21908,7.24999],"to":[8.8,14.71908,8.74999],"rotation":{"angle":45,"axis":"x","origin":[8,13.96908,7.99999]},"faces":{"north":{"uv":[4,9.6,5.2,10.8],"texture":"#1"},"east":{"uv":[5.6,9.6,6.8,10.8],"texture":"#1"},"south":{"uv":[9.6,5.6,10.8,6.8],"texture":"#1"},"west":{"uv":[9.6,7.2,10.8,8.4],"texture":"#1"},"up":{"uv":[10.8,10,9.6,8.8],"texture":"#1"},"down":{"uv":[1.2,10.4,0,11.6],"texture":"#1"}}},{"from":[7.6,1.7,7.6],"to":[8.4,4.7,8.4],"rotation":{"angle":0,"axis":"x","origin":[8,2.2,8]},"faces":{"north":{"uv":[7.2,9.6,7.8,12],"texture":"#1"},"east":{"uv":[10.4,0,11,2.4],"texture":"#1"},"south":{"uv":[1.6,10.4,2.2,12.8],"texture":"#1"},"west":{"uv":[2.4,10.4,3,12.8],"texture":"#1"},"up":{"uv":[14.2,4.6,13.6,4],"texture":"#1"},"down":{"uv":[5.4,13.6,4.8,14.2],"texture":"#1"}}},{"from":[8,-1.1,6],"to":[8,0.9,10],"rotation":{"angle":0,"axis":"y","origin":[8,-0.5,6]},"faces":{"north":{"uv":[0,0,0,1.6],"texture":"#1"},"east":{"uv":[0,2.4,3.2,4],"texture":"#1"},"south":{"uv":[0,0,0,1.6],"texture":"#1"},"west":{"uv":[3.2,2.4,6.4,4],"texture":"#1"},"up":{"uv":[0,3.2,0,0],"texture":"#1"},"down":{"uv":[0,0,0,3.2],"texture":"#1"}}},{"from":[7.41,13.51534,4.32327],"to":[8.59,14.69534,6.09327],"rotation":{"angle":22.5,"axis":"x","origin":[8,10.63809,8]},"faces":{"north":{"uv":[11.2,5.6,12.2,6.6],"texture":"#1"},"east":{"uv":[9.6,10.4,11,11.4],"texture":"#1"},"south":{"uv":[11.2,7.2,12.2,8.2],"texture":"#1"},"west":{"uv":[11.2,0,12.6,1],"texture":"#1"},"up":{"uv":[4.2,12.6,3.2,11.2],"texture":"#1"},"down":{"uv":[12.2,4,11.2,5.4],"texture":"#1"}}},{"from":[7.4985,14.75081,4.7552],"to":[8.5015,15.75381,6.1712],"rotation":{"angle":0,"axis":"x","origin":[8,10.63809,8]},"faces":{"north":{"uv":[12.8,10.4,13.6,11.2],"texture":"#1"},"east":{"uv":[11.2,1.6,12.4,2.4],"texture":"#1"},"west":{"uv":[11.2,10.4,12.4,11.2],"texture":"#1"},"up":{"uv":[7.2,12.4,6.4,11.2],"texture":"#1"},"down":{"uv":[12,11.2,11.2,12.4],"texture":"#1"}}},{"from":[7.587,15.74227,5.88417],"to":[8.413,16.56827,6.94617],"rotation":{"angle":-22.5,"axis":"x","origin":[8,10.63809,8]},"faces":{"north":{"uv":[13.6,4.8,14.2,5.4],"texture":"#1"},"east":{"uv":[13.6,2.4,14.4,3],"texture":"#1"},"west":{"uv":[3.2,13.6,4,14.2],"texture":"#1"},"up":{"uv":[14.2,4,13.6,3.2],"texture":"#1"},"down":{"uv":[4.6,13.6,4,14.4],"texture":"#1"}}},{"from":[7.646,14.56617,3.27979],"to":[8.354,15.27417,4.10579],"rotation":{"angle":0,"axis":"x","origin":[8,10.63809,8]},"faces":{"north":{"uv":[5.6,13.6,6.2,14.2],"texture":"#1"},"east":{"uv":[13.6,5.6,14.2,6.2],"texture":"#1"},"west":{"uv":[6.4,13.6,7,14.2],"texture":"#1"},"up":{"uv":[14.2,7,13.6,6.4],"texture":"#1"},"down":{"uv":[7.8,13.6,7.2,14.2],"texture":"#1"}}},{"from":[7.705,12.49032,1.30989],"to":[8.295,13.08032,2.13589],"rotation":{"angle":22.5,"axis":"x","origin":[8,10.63809,8]},"faces":{"north":{"uv":[14.4,0,14.8,0.4],"texture":"#1"},"east":{"uv":[13.6,12,14.2,12.4],"texture":"#1"},"west":{"uv":[13.6,12.8,14.2,13.2],"texture":"#1"},"up":{"uv":[14,14.2,13.6,13.6],"texture":"#1"},"down":{"uv":[0.4,14.4,0,15],"texture":"#1"}}},{"from":[7.75,10.52777,9.28968],"to":[8.25,12.52777,11.28968],"rotation":{"angle":-45,"axis":"x","origin":[8,9.23809,8]},"faces":{"north":{"uv":[11.2,12.8,11.6,14.4],"texture":"#1"},"east":{"uv":[4.8,8,6.4,9.6],"texture":"#1"},"south":{"uv":[12.8,11.2,13.2,12.8],"texture":"#1"},"west":{"uv":[8,5.6,9.6,7.2],"texture":"#1"},"up":{"uv":[12.4,14.4,12,12.8],"texture":"#1"},"down":{"uv":[13.2,12.8,12.8,14.4],"texture":"#1"}}},{"from":[7.75,11.52777,8.28968],"to":[8.25,12.52777,9.28968],"rotation":{"angle":-45,"axis":"x","origin":[8,9.23809,8]},"faces":{"north":{"uv":[13.6,7.2,14,8],"texture":"#1"},"east":{"uv":[0,13.6,0.8,14.4],"texture":"#1"},"south":{"uv":[8,13.6,8.4,14.4],"texture":"#1"},"west":{"uv":[13.6,0,14.4,0.8],"texture":"#1"},"up":{"uv":[14,8.8,13.6,8],"texture":"#1"},"down":{"uv":[9.2,13.6,8.8,14.4],"texture":"#1"}}},{"from":[7.75,10.52777,7.28968],"to":[8.25,12.52777,8.28968],"rotation":{"angle":-45,"axis":"x","origin":[8,9.23809,8]},"faces":{"north":{"uv":[0.8,13.6,1.2,15.2],"texture":"#1"},"east":{"uv":[4.8,11.2,5.6,12.8],"texture":"#1"},"south":{"uv":[13.6,0.8,14,2.4],"texture":"#1"},"west":{"uv":[5.6,11.2,6.4,12.8],"texture":"#1"},"up":{"uv":[14,9.6,13.6,8.8],"texture":"#1"},"down":{"uv":[10,13.6,9.6,14.4],"texture":"#1"}}},{"from":[7.755,9.54045,6.77409],"to":[8.245,10.54045,7.77409],"rotation":{"angle":-22.5,"axis":"x","origin":[8,9.23809,8]},"faces":{"north":{"uv":[13.6,9.6,14,10.4],"texture":"#1"},"east":{"uv":[1.6,13.6,2.4,14.4],"texture":"#1"},"south":{"uv":[10.4,13.6,10.8,14.4],"texture":"#1"},"west":{"uv":[2.4,13.6,3.2,14.4],"texture":"#1"},"up":{"uv":[14,11.2,13.6,10.4],"texture":"#1"},"down":{"uv":[14,11.2,13.6,12],"texture":"#1"}}},{"from":[7.4,5.7,7.4],"to":[8.6,10.7,8.6],"rotation":{"angle":0,"axis":"y","origin":[7,3.4,7]},"faces":{"north":{"uv":[0,4,1,8],"texture":"#1"},"east":{"uv":[1.6,4,2.6,8],"texture":"#1"},"south":{"uv":[3.2,4,4.2,8],"texture":"#1"},"west":{"uv":[4.8,4,5.8,8],"texture":"#1"},"up":{"uv":[9,12.2,8,11.2],"texture":"#1"},"down":{"uv":[12.2,8.8,11.2,9.8],"texture":"#1"}}},{"from":[6.75,11.95,2.4],"to":[9.25,14.45,3.4],"rotation":{"angle":-45,"axis":"z","origin":[8,13.2,4.4]},"faces":{"north":{"uv":[4,0,6,2],"texture":"#1"},"east":{"uv":[9.6,10.8,8.8,8.8],"texture":"#1"},"south":{"uv":[6.4,0,8.4,2],"texture":"#1"},"west":{"uv":[8.8,8.8,9.6,10.8],"texture":"#1"},"up":{"uv":[8.8,10.8,9.6,8.8],"rotation":90,"texture":"#1"},"down":{"uv":[9.6,8.8,8.8,10.8],"rotation":90,"texture":"#1"}}},{"from":[7,12.2,3.4],"to":[9,14.2,6.4],"rotation":{"angle":-45,"axis":"z","origin":[8,13.2,4.4]},"faces":{"east":{"uv":[6.4,4,8.8,5.6],"texture":"#1"},"south":{"uv":[6.4,8,8,9.6],"texture":"#1"},"west":{"uv":[6.4,4,8.8,5.6],"texture":"#1"},"up":{"uv":[8.8,5.6,6.4,4],"rotation":90,"texture":"#1"},"down":{"uv":[6.4,5.6,8.8,4],"rotation":90,"texture":"#1"}}},{"from":[7.25,12.45,6.4],"to":[8.75,13.95,7.4],"rotation":{"angle":-45,"axis":"z","origin":[8,13.2,8.4]},"faces":{"east":{"uv":[13.2,3.2,12,4],"rotation":90,"texture":"#1"},"south":{"uv":[10.4,2.4,11.6,3.6],"texture":"#1"},"west":{"uv":[0.8,12,1.6,13.2],"texture":"#1"},"up":{"uv":[0.8,13.2,1.6,12],"rotation":90,"texture":"#1"},"down":{"uv":[13.2,3.2,12,4],"texture":"#1"}}},{"from":[8.125,13.3,0.9],"to":[8.125,16.3,5.9],"rotation":{"angle":45,"axis":"z","origin":[8,13,1]},"faces":{"north":{"uv":[0,0,0,2.4],"texture":"#1"},"east":{"uv":[4,0,0,2.4],"texture":"#1"},"south":{"uv":[0,0,0,2.4],"texture":"#1"},"west":{"uv":[0,0,4,2.4],"texture":"#1"},"up":{"uv":[0,4,0,0],"texture":"#1"},"down":{"uv":[0,0,0,4],"texture":"#1"}}},{"from":[7.875,13.3,0.9],"to":[7.875,16.3,5.9],"rotation":{"angle":-45,"axis":"z","origin":[8,13,1]},"faces":{"north":{"uv":[0,0,0,2.4],"texture":"#1"},"east":{"uv":[4,0,0,2.4],"texture":"#1"},"south":{"uv":[0,0,0,2.4],"texture":"#1"},"west":{"uv":[0,0,4,2.4],"texture":"#1"},"up":{"uv":[0,4,0,0],"texture":"#1"},"down":{"uv":[0,0,0,4],"texture":"#1"}}},{"from":[7.875,10.075,0.9],"to":[7.875,13.075,5.9],"rotation":{"angle":45,"axis":"z","origin":[8,13.375,1]},"faces":{"north":{"uv":[0,2.4,0,0],"texture":"#1"},"east":{"uv":[4,2.4,0,0],"texture":"#1"},"south":{"uv":[0,2.4,0,0],"texture":"#1"},"west":{"uv":[0,2.4,4,0],"texture":"#1"},"up":{"uv":[0,4,0,0],"texture":"#1"},"down":{"uv":[0,0,0,4],"texture":"#1"}}},{"from":[8.125,10.075,0.9],"to":[8.125,13.075,5.9],"rotation":{"angle":-45,"axis":"z","origin":[8,13.375,1]},"faces":{"north":{"uv":[0,2.4,0,0],"texture":"#1"},"east":{"uv":[4,2.4,0,0],"texture":"#1"},"south":{"uv":[0,2.4,0,0],"texture":"#1"},"west":{"uv":[0,2.4,4,0],"texture":"#1"},"up":{"uv":[0,4,0,0],"texture":"#1"},"down":{"uv":[0,0,0,4],"texture":"#1"}}},{"from":[7.41,13.51534,9.90673],"to":[8.59,14.69534,11.67673],"rotation":{"angle":-22.5,"axis":"x","origin":[8,10.63809,8]},"faces":{"north":{"uv":[12.2,7.2,11.2,8.2],"texture":"#1"},"east":{"uv":[11,10.4,9.6,11.4],"texture":"#1"},"south":{"uv":[12.2,5.6,11.2,6.6],"texture":"#1"},"west":{"uv":[12.6,0,11.2,1],"texture":"#1"},"up":{"uv":[4.2,11.2,3.2,12.6],"texture":"#1"},"down":{"uv":[12.2,5.4,11.2,4],"texture":"#1"}}},{"from":[7.4985,14.75081,9.8288],"to":[8.5015,15.75381,11.2448],"rotation":{"angle":0,"axis":"x","origin":[8,10.63809,8]},"faces":{"east":{"uv":[12.4,1.6,11.2,2.4],"texture":"#1"},"south":{"uv":[13.6,10.4,12.8,11.2],"texture":"#1"},"west":{"uv":[12.4,10.4,11.2,11.2],"texture":"#1"},"up":{"uv":[7.2,11.2,6.4,12.4],"texture":"#1"},"down":{"uv":[12,12.4,11.2,11.2],"texture":"#1"}}},{"from":[7.587,15.74227,9.05383],"to":[8.413,16.56827,10.11583],"rotation":{"angle":22.5,"axis":"x","origin":[8,10.63809,8]},"faces":{"east":{"uv":[14.4,2.4,13.6,3],"texture":"#1"},"south":{"uv":[14.2,4.8,13.6,5.4],"texture":"#1"},"west":{"uv":[4,13.6,3.2,14.2],"texture":"#1"},"up":{"uv":[14.2,3.2,13.6,4],"texture":"#1"},"down":{"uv":[4.6,14.4,4,13.6],"texture":"#1"}}},{"from":[7.646,14.56617,11.89421],"to":[8.354,15.27417,12.72021],"rotation":{"angle":0,"axis":"x","origin":[8,10.63809,8]},"faces":{"east":{"uv":[14.2,5.6,13.6,6.2],"texture":"#1"},"south":{"uv":[6.2,13.6,5.6,14.2],"texture":"#1"},"west":{"uv":[7,13.6,6.4,14.2],"texture":"#1"},"up":{"uv":[14.2,6.4,13.6,7],"texture":"#1"},"down":{"uv":[7.8,14.2,7.2,13.6],"texture":"#1"}}},{"from":[7.705,12.49032,13.86411],"to":[8.295,13.08032,14.69011],"rotation":{"angle":-22.5,"axis":"x","origin":[8,10.63809,8]},"faces":{"east":{"uv":[14.2,12,13.6,12.4],"texture":"#1"},"south":{"uv":[14.8,0,14.4,0.4],"texture":"#1"},"west":{"uv":[14.2,12.8,13.6,13.2],"texture":"#1"},"up":{"uv":[14,13.6,13.6,14.2],"texture":"#1"},"down":{"uv":[0.4,15,0,14.4],"texture":"#1"}}},{"from":[7.75,11.52777,6.71032],"to":[8.25,12.52777,7.71032],"rotation":{"angle":45,"axis":"x","origin":[8,9.23809,8]},"faces":{"north":{"uv":[8.4,13.6,8,14.4],"texture":"#1"},"east":{"uv":[0.8,13.6,0,14.4],"texture":"#1"},"south":{"uv":[14,7.2,13.6,8],"texture":"#1"},"west":{"uv":[14.4,0,13.6,0.8],"texture":"#1"},"up":{"uv":[14,8,13.6,8.8],"texture":"#1"},"down":{"uv":[9.2,14.4,8.8,13.6],"texture":"#1"}}},{"from":[7.75,10.52777,7.71032],"to":[8.25,12.52777,8.71032],"rotation":{"angle":45,"axis":"x","origin":[8,9.23809,8]},"faces":{"north":{"uv":[14,0.8,13.6,2.4],"texture":"#1"},"east":{"uv":[5.6,11.2,4.8,12.8],"texture":"#1"},"south":{"uv":[1.2,13.6,0.8,15.2],"texture":"#1"},"west":{"uv":[6.4,11.2,5.6,12.8],"texture":"#1"},"up":{"uv":[14,8.8,13.6,9.6],"texture":"#1"},"down":{"uv":[10,14.4,9.6,13.6],"texture":"#1"}}},{"from":[7.755,9.54045,8.22591],"to":[8.245,10.54045,9.22591],"rotation":{"angle":22.5,"axis":"x","origin":[8,9.23809,8]},"faces":{"north":{"uv":[10.8,13.6,10.4,14.4],"texture":"#1"},"east":{"uv":[2.4,13.6,1.6,14.4],"texture":"#1"},"south":{"uv":[14,9.6,13.6,10.4],"texture":"#1"},"west":{"uv":[3.2,13.6,2.4,14.4],"texture":"#1"},"up":{"uv":[14,10.4,13.6,11.2],"texture":"#1"},"down":{"uv":[14,12,13.6,11.2],"texture":"#1"}}},{"from":[6.75,11.95,12.6],"to":[9.25,14.45,13.6],"rotation":{"angle":-45,"axis":"z","origin":[8,13.2,11.6]},"faces":{"north":{"uv":[8.4,0,6.4,2],"texture":"#1"},"east":{"uv":[8.8,10.8,9.6,8.8],"texture":"#1"},"south":{"uv":[6,0,4,2],"texture":"#1"},"west":{"uv":[9.6,8.8,8.8,10.8],"texture":"#1"},"up":{"uv":[9.6,10.8,8.8,8.8],"rotation":90,"texture":"#1"},"down":{"uv":[8.8,8.8,9.6,10.8],"rotation":90,"texture":"#1"}}},{"from":[7,12.2,9.6],"to":[9,14.2,12.6],"rotation":{"angle":-45,"axis":"z","origin":[8,13.2,11.6]},"faces":{"north":{"uv":[8,8,6.4,9.6],"texture":"#1"},"east":{"uv":[8.8,4,6.4,5.6],"texture":"#1"},"west":{"uv":[8.8,4,6.4,5.6],"texture":"#1"},"up":{"uv":[6.4,5.6,8.8,4],"rotation":90,"texture":"#1"},"down":{"uv":[8.8,5.6,6.4,4],"rotation":90,"texture":"#1"}}},{"from":[7.25,12.45,8.6],"to":[8.75,13.95,9.6],"rotation":{"angle":-45,"axis":"z","origin":[8,13.2,7.6]},"faces":{"north":{"uv":[11.6,2.4,10.4,3.6],"texture":"#1"},"east":{"uv":[13.2,4,12,3.2],"rotation":90,"texture":"#1"},"west":{"uv":[1.6,12,0.8,13.2],"texture":"#1"},"up":{"uv":[1.6,13.2,0.8,12],"rotation":90,"texture":"#1"},"down":{"uv":[13.2,4,12,3.2],"texture":"#1"}}},{"from":[8.125,13.3,10.1],"to":[8.125,16.3,15.1],"rotation":{"angle":45,"axis":"z","origin":[8,13,15]},"faces":{"north":{"uv":[0,0,0,2.4],"texture":"#1"},"east":{"uv":[0,0,4,2.4],"texture":"#1"},"south":{"uv":[0,0,0,2.4],"texture":"#1"},"west":{"uv":[4,0,0,2.4],"texture":"#1"},"up":{"uv":[0,0,0,4],"texture":"#1"},"down":{"uv":[0,4,0,0],"texture":"#1"}}},{"from":[7.875,13.3,10.1],"to":[7.875,16.3,15.1],"rotation":{"angle":-45,"axis":"z","origin":[8,13,15]},"faces":{"north":{"uv":[0,0,0,2.4],"texture":"#1"},"east":{"uv":[0,0,4,2.4],"texture":"#1"},"south":{"uv":[0,0,0,2.4],"texture":"#1"},"west":{"uv":[4,0,0,2.4],"texture":"#1"},"up":{"uv":[0,0,0,4],"texture":"#1"},"down":{"uv":[0,4,0,0],"texture":"#1"}}},{"from":[8.125,10.075,10.1],"to":[8.125,13.075,15.1],"rotation":{"angle":-45,"axis":"z","origin":[8,13.375,15]},"faces":{"north":{"uv":[0,2.4,0,0],"texture":"#1"},"east":{"uv":[0,2.4,4,0],"texture":"#1"},"south":{"uv":[0,2.4,0,0],"texture":"#1"},"west":{"uv":[4,2.4,0,0],"texture":"#1"},"up":{"uv":[0,0,0,4],"texture":"#1"},"down":{"uv":[0,4,0,0],"texture":"#1"}}},{"from":[7.875,10.075,10.1],"to":[7.875,13.075,15.1],"rotation":{"angle":45,"axis":"z","origin":[8,13.375,15]},"faces":{"north":{"uv":[0,2.4,0,0],"texture":"#1"},"east":{"uv":[0,2.4,4,0],"texture":"#1"},"south":{"uv":[0,2.4,0,0],"texture":"#1"},"west":{"uv":[4,2.4,0,0],"texture":"#1"},"up":{"uv":[0,0,0,4],"texture":"#1"},"down":{"uv":[0,4,0,0],"texture":"#1"}}},{"from":[6.5,10.5,4.5],"to":[6.5,17.5,11.5],"rotation":{"angle":0,"axis":"y","origin":[8,0,4.5]},"faces":{"north":{"uv":[0,0,0,14],"texture":"#0"},"south":{"uv":[0,0,0,14],"texture":"#0"},"west":{"uv":[0,0,14,14],"texture":"#0"},"up":{"uv":[0,14,0,0],"texture":"#0"},"down":{"uv":[0,0,0,14],"texture":"#0"}}},{"from":[9.5,10.5,4.5],"to":[9.5,17.5,11.5],"rotation":{"angle":0,"axis":"y","origin":[8,0,4.5]},"faces":{"north":{"uv":[0,0,0,14],"texture":"#0"},"east":{"uv":[14,0,0,14],"texture":"#0"},"south":{"uv":[0,0,0,14],"texture":"#0"},"up":{"uv":[0,14,0,0],"texture":"#0"},"down":{"uv":[0,0,0,14],"texture":"#0"}}}],"gui_light":"front","display":{"thirdperson_righthand":{"translation":[0,2.75,1.5]},"thirdperson_lefthand":{"translation":[0,2.75,1.5]},"firstperson_righthand":{"rotation":[-10,0,0],"translation":[-1,5.25,0.75]},"firstperson_lefthand":{"rotation":[-10,0,0],"translation":[-1,5.25,0.75]},"ground":{"translation":[0,9.5,0]},"gui":{"rotation":[90,-135,90],"translation":[-1.25,-1.25,0],"scale":[0.92773,0.92773,0.92773]},"head":{"scale":[0,0,0]},"fixed":{"rotation":[0,90,0],"translation":[0,1.25,-1.5],"scale":[1.73633,1.73633,1.73633]}}}