{
	"credit": "Made by PolygonMC",
	"texture_size": [24, 24],
	"textures": {
		"0": "deceaseset:animation_1",
		"2": "deceaseset:shield",
		"particle": "deceaseset:animation_1"
	},
	"elements": [
		{
			"from": [8.76962, 6.11038, 8.94],
			"to": [9.88962, 7.23038, 10.06],
			"rotation": {"angle": -45, "axis": "z", "origin": [8, 8, 8]},
			"faces": {
				"north": {"uv": [11.33333, 8.66667, 12, 9.33333], "texture": "#2"},
				"east": {"uv": [11.33333, 7.33333, 12, 8], "texture": "#2"},
				"south": {"uv": [11.33333, 8, 12, 8.66667], "texture": "#2"},
				"west": {"uv": [8.66667, 11.33333, 9.33333, 12], "texture": "#2"},
				"up": {"uv": [10, 12, 9.33333, 11.33333], "rotation": 90, "texture": "#2"},
				"down": {"uv": [10.66667, 11.33333, 10, 12], "rotation": 270, "texture": "#2"}
			}
		},
		{
			"from": [9.92876, 9.92876, 8.94],
			"to": [11.04876, 11.04876, 10.06],
			"rotation": {"angle": 45, "axis": "z", "origin": [8, 8, 8]},
			"faces": {
				"north": {"uv": [8, 12, 8.66667, 12.66667], "texture": "#2"},
				"east": {"uv": [12, 6.66667, 12.66667, 7.33333], "texture": "#2"},
				"south": {"uv": [7.33333, 12, 8, 12.66667], "texture": "#2"},
				"west": {"uv": [12, 7.33333, 12.66667, 8], "texture": "#2"},
				"up": {"uv": [12.66667, 8.66667, 12, 8], "rotation": 90, "texture": "#2"},
				"down": {"uv": [9.33333, 12, 8.66667, 12.66667], "rotation": 270, "texture": "#2"}
			}
		},
		{
			"from": [7.5, 6.31964, 9],
			"to": [8.5, 7.31964, 10],
			"rotation": {"angle": 0, "axis": "x", "origin": [8, 8, 8]},
			"faces": {
				"north": {"uv": [12.66667, 6.66667, 13.33333, 7.33333], "texture": "#2"},
				"east": {"uv": [12.66667, 4.66667, 13.33333, 5.33333], "texture": "#2"},
				"south": {"uv": [12.66667, 5.33333, 13.33333, 6], "texture": "#2"},
				"west": {"uv": [12.66667, 6, 13.33333, 6.66667], "texture": "#2"},
				"up": {"uv": [8, 13.33333, 7.33333, 12.66667], "rotation": 90, "texture": "#2"},
				"down": {"uv": [13.33333, 7.33333, 12.66667, 8], "rotation": 270, "texture": "#2"}
			}
		},
		{
			"from": [7.5, 10.31964, 9],
			"to": [8.5, 11.31964, 10],
			"rotation": {"angle": 0, "axis": "x", "origin": [8, 8, 8]},
			"faces": {
				"north": {"uv": [12.66667, 1.33333, 13.33333, 2], "texture": "#2"},
				"east": {"uv": [12, 8.66667, 12.66667, 9.33333], "texture": "#2"},
				"south": {"uv": [0.66667, 12.66667, 1.33333, 13.33333], "texture": "#2"},
				"west": {"uv": [1.33333, 12.66667, 2, 13.33333], "texture": "#2"},
				"up": {"uv": [2.66667, 13.33333, 2, 12.66667], "rotation": 90, "texture": "#2"},
				"down": {"uv": [13.33333, 2, 12.66667, 2.66667], "rotation": 270, "texture": "#2"}
			}
		},
		{
			"from": [7.5, 8.31964, 9],
			"to": [8.5, 9.31964, 10],
			"rotation": {"angle": 0, "axis": "x", "origin": [8, 8, 8]},
			"faces": {
				"north": {"uv": [4, 12.66667, 4.66667, 13.33333], "texture": "#2"},
				"east": {"uv": [12.66667, 2.66667, 13.33333, 3.33333], "texture": "#2"},
				"south": {"uv": [3.33333, 12.66667, 4, 13.33333], "texture": "#2"},
				"west": {"uv": [12.66667, 3.33333, 13.33333, 4], "texture": "#2"},
				"up": {"uv": [13.33333, 4.66667, 12.66667, 4], "rotation": 90, "texture": "#2"},
				"down": {"uv": [5.33333, 12.66667, 4.66667, 13.33333], "rotation": 270, "texture": "#2"}
			}
		},
		{
			"from": [3.47245, 10.52756, 5.9],
			"to": [5.47245, 12.52756, 7.1],
			"rotation": {"angle": -45, "axis": "z", "origin": [8, 8, 8]},
			"faces": {
				"north": {"uv": [7.33333, 6.66667, 8.66667, 8], "texture": "#2"},
				"east": {"uv": [8.66667, 6.66667, 9.5, 8], "texture": "#2"},
				"south": {"uv": [7.33333, 5.33333, 8.66667, 6.66667], "texture": "#2"},
				"west": {"uv": [8.66667, 8, 9.5, 9.33333], "texture": "#2"},
				"up": {"uv": [10.16667, 1.33333, 9.33333, 0], "rotation": 90, "texture": "#2"},
				"down": {"uv": [10.16667, 1.33333, 9.33333, 2.66667], "rotation": 270, "texture": "#2"}
			}
		},
		{
			"from": [10.77756, 10.77755, 5.7],
			"to": [12.27756, 12.27755, 7.3],
			"rotation": {"angle": 45, "axis": "z", "origin": [8, 8, 8]},
			"faces": {
				"north": {"uv": [8.66667, 9.33333, 9.66667, 10.33333], "texture": "#2"},
				"east": {"uv": [9.33333, 2.66667, 10.33333, 3.66667], "texture": "#2"},
				"south": {"uv": [9.33333, 4, 10.33333, 5], "texture": "#2"},
				"west": {"uv": [7.33333, 9.33333, 8.33333, 10.33333], "texture": "#2"},
				"up": {"uv": [1, 11, 0, 10], "rotation": 90, "texture": "#2"},
				"down": {"uv": [2.33333, 10, 1.33333, 11], "rotation": 270, "texture": "#2"}
			}
		},
		{
			"from": [7.6, 7.31964, 9.1],
			"to": [8.4, 10.31964, 9.9],
			"rotation": {"angle": 0, "axis": "x", "origin": [8, 8, 8]},
			"faces": {
				"north": {"uv": [10, 8.66667, 10.5, 10.66667], "texture": "#2"},
				"east": {"uv": [4.66667, 9.33333, 5.16667, 11.33333], "texture": "#2"},
				"south": {"uv": [6, 10, 6.5, 12], "texture": "#2"},
				"west": {"uv": [10, 6.66667, 10.5, 8.66667], "texture": "#2"},
				"up": {"uv": [13.83333, 2.5, 13.33333, 2], "rotation": 90, "texture": "#2"},
				"down": {"uv": [3.16667, 13.33333, 2.66667, 13.83333], "rotation": 270, "texture": "#2"}
			}
		},
		{
			"from": [6, 4.51964, 9.5],
			"to": [10, 6.51964, 9.5],
			"rotation": {"angle": 0, "axis": "y", "origin": [8, 8, 8]},
			"faces": {
				"north": {"uv": [6.66667, 1.33333, 9.33333, 2.66667], "texture": "#2"},
				"east": {"uv": [0, 0, 0, 1.33333], "texture": "#2"},
				"south": {"uv": [6.66667, 0, 9.33333, 1.33333], "texture": "#2"},
				"west": {"uv": [0, 0, 0, 1.33333], "texture": "#2"},
				"up": {"uv": [0, 2.66667, 0, 0], "rotation": 90, "texture": "#2"},
				"down": {"uv": [0, 0, 0, 2.66667], "rotation": 270, "texture": "#2"}
			}
		},
		{
			"from": [6, 11.11964, 9.5],
			"to": [10, 13.11964, 9.5],
			"rotation": {"angle": 0, "axis": "y", "origin": [8, 8, 8]},
			"faces": {
				"north": {"uv": [6.66667, 4, 9.33333, 5.33333], "texture": "#2"},
				"east": {"uv": [0, 0, 0, 1.33333], "texture": "#2"},
				"south": {"uv": [6.66667, 2.66667, 9.33333, 4], "texture": "#2"},
				"west": {"uv": [0, 0, 0, 1.33333], "texture": "#2"},
				"up": {"uv": [0, 2.66667, 0, 0], "rotation": 90, "texture": "#2"},
				"down": {"uv": [0, 0, 0, 2.66667], "rotation": 270, "texture": "#2"}
			}
		},
		{
			"from": [10.54111, 12.40879, 5.91],
			"to": [12.31111, 13.58879, 7.09],
			"rotation": {"angle": 22.5, "axis": "z", "origin": [8, 8, 8]},
			"faces": {
				"north": {"uv": [10.66667, 1.33333, 11.83333, 2.16667], "texture": "#2"},
				"east": {"uv": [0, 11.33333, 0.83333, 12.16667], "texture": "#2"},
				"south": {"uv": [10.66667, 0, 11.83333, 0.83333], "texture": "#2"},
				"west": {"uv": [1.33333, 11.33333, 2.16667, 12.16667], "texture": "#2"},
				"up": {"uv": [11.5, 3.83333, 10.66667, 2.66667], "rotation": 90, "texture": "#2"},
				"down": {"uv": [11.5, 4, 10.66667, 5.16667], "rotation": 270, "texture": "#2"}
			}
		},
		{
			"from": [9.8288, 13.77045, 5.9985],
			"to": [11.2448, 14.77345, 7.0015],
			"rotation": {"angle": 0, "axis": "x", "origin": [8, 8, 8]},
			"faces": {
				"north": {"uv": [11.33333, 5.33333, 12.33333, 6], "texture": "#2"},
				"east": {"uv": [10.66667, 11.33333, 11.33333, 12], "texture": "#2"},
				"south": {"uv": [2.66667, 11.33333, 3.66667, 12], "texture": "#2"},
				"up": {"uv": [5.33333, 12.33333, 4.66667, 11.33333], "rotation": 90, "texture": "#2"},
				"down": {"uv": [12, 6, 11.33333, 7], "rotation": 270, "texture": "#2"}
			}
		},
		{
			"from": [8.41945, 14.63572, 6.087],
			"to": [9.48145, 15.46172, 6.913],
			"rotation": {"angle": -22.5, "axis": "z", "origin": [8, 8, 8]},
			"faces": {
				"north": {"uv": [12.66667, 9.33333, 13.33333, 9.83333], "texture": "#2"},
				"east": {"uv": [13.33333, 0, 13.83333, 0.5], "texture": "#2"},
				"south": {"uv": [8.66667, 12.66667, 9.33333, 13.16667], "texture": "#2"},
				"up": {"uv": [13.16667, 10.66667, 12.66667, 10], "rotation": 90, "texture": "#2"},
				"down": {"uv": [13.16667, 10.66667, 12.66667, 11.33333], "rotation": 270, "texture": "#2"}
			}
		},
		{
			"from": [11.89421, 13.58581, 6.146],
			"to": [12.72021, 14.29381, 6.854],
			"rotation": {"angle": 0, "axis": "x", "origin": [8, 8, 8]},
			"faces": {
				"north": {"uv": [1.33333, 13.33333, 1.83333, 13.83333], "texture": "#2"},
				"east": {"uv": [0.66667, 13.33333, 1.16667, 13.83333], "texture": "#2"},
				"south": {"uv": [13.33333, 0.66667, 13.83333, 1.16667], "texture": "#2"},
				"up": {"uv": [13.83333, 1.83333, 13.33333, 1.33333], "rotation": 90, "texture": "#2"},
				"down": {"uv": [2.5, 13.33333, 2, 13.83333], "rotation": 270, "texture": "#2"}
			}
		},
		{
			"from": [14.49849, 11.38377, 6.205],
			"to": [15.32449, 11.97377, 6.795],
			"rotation": {"angle": 22.5, "axis": "z", "origin": [8, 8, 8]},
			"faces": {
				"north": {"uv": [8.66667, 13.33333, 9.16667, 13.66667], "texture": "#2"},
				"east": {"uv": [13.33333, 9.33333, 13.66667, 9.66667], "texture": "#2"},
				"south": {"uv": [13.33333, 8, 13.83333, 8.33333], "texture": "#2"},
				"up": {"uv": [13.66667, 9.16667, 13.33333, 8.66667], "rotation": 90, "texture": "#2"},
				"down": {"uv": [9.66667, 13.33333, 9.33333, 13.83333], "rotation": 270, "texture": "#2"}
			}
		},
		{
			"from": [4.52808, 9.47192, 6.25],
			"to": [6.52808, 11.47192, 6.75],
			"rotation": {"angle": -45, "axis": "z", "origin": [8, 8, 8]},
			"faces": {
				"north": {"uv": [7.33333, 8, 8.66667, 9.33333], "texture": "#2"},
				"east": {"uv": [11.33333, 11.33333, 11.66667, 12.66667], "texture": "#2"},
				"south": {"uv": [4, 8, 5.33333, 9.33333], "texture": "#2"},
				"west": {"uv": [12, 0, 12.33333, 1.33333], "texture": "#2"},
				"up": {"uv": [12.33333, 2.66667, 12, 1.33333], "rotation": 90, "texture": "#2"},
				"down": {"uv": [3, 12, 2.66667, 13.33333], "rotation": 270, "texture": "#2"}
			}
		},
		{
			"from": [6.93224, 7.06776, 6.265],
			"to": [8.93224, 9.06776, 6.735],
			"rotation": {"angle": -45, "axis": "z", "origin": [8, 8, 8]},
			"faces": {
				"north": {"uv": [8.66667, 5.33333, 10, 6.66667], "texture": "#2"},
				"east": {"uv": [10.66667, 12, 11, 13.33333], "texture": "#2"},
				"south": {"uv": [2.66667, 8.66667, 4, 10], "texture": "#2"},
				"west": {"uv": [12, 11.33333, 12.33333, 12.66667], "texture": "#2"},
				"up": {"uv": [0.33333, 14, 0, 12.66667], "rotation": 90, "texture": "#2"},
				"down": {"uv": [13, 0, 12.66667, 1.33333], "rotation": 270, "texture": "#2"}
			}
		},
		{
			"from": [10.71778, 3.78222, 6.265],
			"to": [12.21778, 5.28222, 6.735],
			"rotation": {"angle": -45, "axis": "z", "origin": [8, 8, 8]},
			"faces": {
				"north": {"uv": [10, 5.33333, 11, 6.33333], "texture": "#2"},
				"east": {"uv": [11.33333, 12.66667, 11.66667, 13.66667], "texture": "#2"},
				"south": {"uv": [2.66667, 10, 3.66667, 11], "texture": "#2"},
				"west": {"uv": [12.66667, 11.33333, 13, 12.33333], "texture": "#2"},
				"up": {"uv": [12.33333, 13.66667, 12, 12.66667], "rotation": 90, "texture": "#2"},
				"down": {"uv": [13, 12.66667, 12.66667, 13.66667], "rotation": 270, "texture": "#2"}
			}
		},
		{
			"from": [7.1, 3.09582, 6.275],
			"to": [8.9, 8.09582, 6.725],
			"rotation": {"angle": 0, "axis": "x", "origin": [8, 8, 8]},
			"faces": {
				"north": {"uv": [5.33333, 3.33333, 6.5, 6.66667], "texture": "#2"},
				"east": {"uv": [6, 6.66667, 6.33333, 10], "texture": "#2"},
				"south": {"uv": [5.33333, 0, 6.5, 3.33333], "texture": "#2"},
				"west": {"uv": [4, 9.33333, 4.33333, 12.66667], "texture": "#2"},
				"up": {"uv": [8.33333, 13.83333, 8, 12.66667], "rotation": 90, "texture": "#2"},
				"down": {"uv": [13, 8, 12.66667, 9.16667], "rotation": 270, "texture": "#2"}
			}
		},
		{
			"from": [6.52808, 10.47192, 6.25],
			"to": [7.52808, 11.47192, 6.75],
			"rotation": {"angle": -45, "axis": "z", "origin": [8, 8, 8]},
			"faces": {
				"north": {"uv": [3.33333, 12, 4, 12.66667], "texture": "#2"},
				"east": {"uv": [13.33333, 2.66667, 13.66667, 3.33333], "texture": "#2"},
				"south": {"uv": [12, 2.66667, 12.66667, 3.33333], "texture": "#2"},
				"west": {"uv": [3.33333, 13.33333, 3.66667, 14], "texture": "#2"},
				"up": {"uv": [13.66667, 4, 13.33333, 3.33333], "rotation": 90, "texture": "#2"},
				"down": {"uv": [4.33333, 13.33333, 4, 14], "rotation": 270, "texture": "#2"}
			}
		},
		{
			"from": [7.52808, 9.47192, 6.25],
			"to": [8.52808, 11.47192, 6.75],
			"rotation": {"angle": -45, "axis": "z", "origin": [8, 8, 8]},
			"faces": {
				"north": {"uv": [7.33333, 10.66667, 8, 12], "texture": "#2"},
				"east": {"uv": [12, 3.33333, 12.33333, 4.66667], "texture": "#2"},
				"south": {"uv": [10.66667, 6.66667, 11.33333, 8], "texture": "#2"},
				"west": {"uv": [6, 12, 6.33333, 13.33333], "texture": "#2"},
				"up": {"uv": [13.66667, 4.66667, 13.33333, 4], "rotation": 90, "texture": "#2"},
				"down": {"uv": [5, 13.33333, 4.66667, 14], "rotation": 270, "texture": "#2"}
			}
		},
		{
			"from": [8.12728, 8.54047, 6.255],
			"to": [9.12728, 9.54047, 6.745],
			"rotation": {"angle": -22.5, "axis": "z", "origin": [8, 8, 8]},
			"faces": {
				"north": {"uv": [12, 6, 12.66667, 6.66667], "texture": "#2"},
				"east": {"uv": [13.33333, 4.66667, 13.66667, 5.33333], "texture": "#2"},
				"south": {"uv": [12, 4.66667, 12.66667, 5.33333], "texture": "#2"},
				"west": {"uv": [13.33333, 5.33333, 13.66667, 6], "texture": "#2"},
				"up": {"uv": [6.33333, 14, 6, 13.33333], "rotation": 90, "texture": "#2"},
				"down": {"uv": [13.66667, 6, 13.33333, 6.66667], "rotation": 270, "texture": "#2"}
			}
		},
		{
			"from": [3.68889, 12.40879, 5.91],
			"to": [5.45889, 13.58879, 7.09],
			"rotation": {"angle": -22.5, "axis": "z", "origin": [8, 8, 8]},
			"faces": {
				"north": {"uv": [11.83333, 1.33333, 10.66667, 2.16667], "texture": "#2"},
				"east": {"uv": [2.16667, 11.33333, 1.33333, 12.16667], "texture": "#2"},
				"south": {"uv": [11.83333, 0, 10.66667, 0.83333], "texture": "#2"},
				"west": {"uv": [0.83333, 11.33333, 0, 12.16667], "texture": "#2"},
				"up": {"uv": [11.5, 2.66667, 10.66667, 3.83333], "rotation": 90, "texture": "#2"},
				"down": {"uv": [11.5, 5.16667, 10.66667, 4], "rotation": 270, "texture": "#2"}
			}
		},
		{
			"from": [4.7552, 13.77045, 5.9985],
			"to": [6.1712, 14.77345, 7.0015],
			"rotation": {"angle": 0, "axis": "x", "origin": [8, 8, 8]},
			"faces": {
				"north": {"uv": [12.33333, 5.33333, 11.33333, 6], "texture": "#2"},
				"south": {"uv": [3.66667, 11.33333, 2.66667, 12], "texture": "#2"},
				"west": {"uv": [11.33333, 11.33333, 10.66667, 12], "texture": "#2"},
				"up": {"uv": [5.33333, 11.33333, 4.66667, 12.33333], "rotation": 90, "texture": "#2"},
				"down": {"uv": [12, 7, 11.33333, 6], "rotation": 270, "texture": "#2"}
			}
		},
		{
			"from": [6.51855, 14.63572, 6.087],
			"to": [7.58055, 15.46172, 6.913],
			"rotation": {"angle": 22.5, "axis": "z", "origin": [8, 8, 8]},
			"faces": {
				"north": {"uv": [13.33333, 9.33333, 12.66667, 9.83333], "texture": "#2"},
				"south": {"uv": [9.33333, 12.66667, 8.66667, 13.16667], "texture": "#2"},
				"west": {"uv": [13.83333, 0, 13.33333, 0.5], "texture": "#2"},
				"up": {"uv": [13.16667, 10, 12.66667, 10.66667], "rotation": 90, "texture": "#2"},
				"down": {"uv": [13.16667, 11.33333, 12.66667, 10.66667], "rotation": 270, "texture": "#2"}
			}
		},
		{
			"from": [3.27979, 13.58581, 6.146],
			"to": [4.10579, 14.29381, 6.854],
			"rotation": {"angle": 0, "axis": "x", "origin": [8, 8, 8]},
			"faces": {
				"north": {"uv": [1.83333, 13.33333, 1.33333, 13.83333], "texture": "#2"},
				"south": {"uv": [13.83333, 0.66667, 13.33333, 1.16667], "texture": "#2"},
				"west": {"uv": [1.16667, 13.33333, 0.66667, 13.83333], "texture": "#2"},
				"up": {"uv": [13.83333, 1.33333, 13.33333, 1.83333], "rotation": 90, "texture": "#2"},
				"down": {"uv": [2.5, 13.83333, 2, 13.33333], "rotation": 270, "texture": "#2"}
			}
		},
		{
			"from": [0.67551, 11.38377, 6.205],
			"to": [1.50151, 11.97377, 6.795],
			"rotation": {"angle": -22.5, "axis": "z", "origin": [8, 8, 8]},
			"faces": {
				"north": {"uv": [9.16667, 13.33333, 8.66667, 13.66667], "texture": "#2"},
				"south": {"uv": [13.83333, 8, 13.33333, 8.33333], "texture": "#2"},
				"west": {"uv": [13.66667, 9.33333, 13.33333, 9.66667], "texture": "#2"},
				"up": {"uv": [13.66667, 8.66667, 13.33333, 9.16667], "rotation": 90, "texture": "#2"},
				"down": {"uv": [9.66667, 13.83333, 9.33333, 13.33333], "rotation": 270, "texture": "#2"}
			}
		},
		{
			"from": [8.47192, 10.47192, 6.25],
			"to": [9.47192, 11.47192, 6.75],
			"rotation": {"angle": 45, "axis": "z", "origin": [8, 8, 8]},
			"faces": {
				"north": {"uv": [4, 12, 3.33333, 12.66667], "texture": "#2"},
				"east": {"uv": [3.66667, 13.33333, 3.33333, 14], "texture": "#2"},
				"south": {"uv": [12.66667, 2.66667, 12, 3.33333], "texture": "#2"},
				"west": {"uv": [13.66667, 2.66667, 13.33333, 3.33333], "texture": "#2"},
				"up": {"uv": [13.66667, 3.33333, 13.33333, 4], "rotation": 90, "texture": "#2"},
				"down": {"uv": [4.33333, 14, 4, 13.33333], "rotation": 270, "texture": "#2"}
			}
		},
		{
			"from": [7.47192, 9.47192, 6.25],
			"to": [8.47192, 11.47192, 6.75],
			"rotation": {"angle": 45, "axis": "z", "origin": [8, 8, 8]},
			"faces": {
				"north": {"uv": [8, 10.66667, 7.33333, 12], "texture": "#2"},
				"east": {"uv": [6.33333, 12, 6, 13.33333], "texture": "#2"},
				"south": {"uv": [11.33333, 6.66667, 10.66667, 8], "texture": "#2"},
				"west": {"uv": [12.33333, 3.33333, 12, 4.66667], "texture": "#2"},
				"up": {"uv": [13.66667, 4, 13.33333, 4.66667], "rotation": 90, "texture": "#2"},
				"down": {"uv": [5, 14, 4.66667, 13.33333], "rotation": 270, "texture": "#2"}
			}
		},
		{
			"from": [6.87272, 8.54047, 6.255],
			"to": [7.87272, 9.54047, 6.745],
			"rotation": {"angle": 22.5, "axis": "z", "origin": [8, 8, 8]},
			"faces": {
				"north": {"uv": [12.66667, 6, 12, 6.66667], "texture": "#2"},
				"east": {"uv": [13.66667, 5.33333, 13.33333, 6], "texture": "#2"},
				"south": {"uv": [12.66667, 4.66667, 12, 5.33333], "texture": "#2"},
				"west": {"uv": [13.66667, 4.66667, 13.33333, 5.33333], "texture": "#2"},
				"up": {"uv": [6.33333, 13.33333, 6, 14], "rotation": 90, "texture": "#2"},
				"down": {"uv": [13.66667, 6.66667, 13.33333, 6], "rotation": 270, "texture": "#2"}
			}
		},
		{
			"from": [9.82843, 2.08161, 6.255],
			"to": [10.82843, 13.88161, 6.745],
			"rotation": {"angle": 0, "axis": "x", "origin": [8, 8, 8]},
			"faces": {
				"north": {"uv": [4.66667, 0, 5.33333, 7.83333], "texture": "#2"},
				"east": {"uv": [5.33333, 6.66667, 5.66667, 14.5], "texture": "#2"},
				"south": {"uv": [4, 0, 4.66667, 7.83333], "texture": "#2"},
				"west": {"uv": [6.66667, 5.33333, 7, 13.16667], "texture": "#2"},
				"up": {"uv": [7, 14, 6.66667, 13.33333], "rotation": 90, "texture": "#2"},
				"down": {"uv": [13.66667, 6.66667, 13.33333, 7.33333], "rotation": 270, "texture": "#2"}
			}
		},
		{
			"from": [6.15, -0.91839, 6.5],
			"to": [9.85, 13.88161, 6.5],
			"rotation": {"angle": 0, "axis": "x", "origin": [8, 8, 8]},
			"faces": {
				"north": {"uv": [0, 0, 2.5, 9.83333], "texture": "#2"},
				"east": {"uv": [0, 0, 0, 9.83333], "texture": "#2"},
				"south": {"uv": [2.5, 0, 0, 9.83333], "texture": "#2"},
				"west": {"uv": [0, 0, 0, 9.83333], "texture": "#2"},
				"up": {"uv": [0, 2.5, 0, 0], "rotation": 90, "texture": "#2"},
				"down": {"uv": [0, 0, 0, 2.5], "rotation": 270, "texture": "#2"}
			}
		},
		{
			"from": [10.03145, 1.08161, 5.51331],
			"to": [11.73145, 13.88161, 5.51331],
			"rotation": {"angle": -22.5, "axis": "y", "origin": [8, 8, 8]},
			"faces": {
				"north": {"uv": [2.66667, 0, 3.83333, 8.5], "texture": "#2"},
				"east": {"uv": [0, 0, 0, 8.5], "texture": "#2"},
				"south": {"uv": [3.83333, 0, 2.66667, 8.5], "texture": "#2"},
				"west": {"uv": [0, 0, 0, 8.5], "texture": "#2"},
				"up": {"uv": [0, 1.16667, 0, 0], "rotation": 90, "texture": "#2"},
				"down": {"uv": [0, 0, 0, 1.16667], "rotation": 270, "texture": "#2"}
			}
		},
		{
			"from": [4.26855, 1.08161, 5.51331],
			"to": [5.96855, 13.88161, 5.51331],
			"rotation": {"angle": 22.5, "axis": "y", "origin": [8, 8, 8]},
			"faces": {
				"north": {"uv": [3.83333, 0, 2.66667, 8.5], "texture": "#2"},
				"east": {"uv": [0, 0, 0, 8.5], "texture": "#2"},
				"south": {"uv": [2.66667, 0, 3.83333, 8.5], "texture": "#2"},
				"west": {"uv": [0, 0, 0, 8.5], "texture": "#2"},
				"up": {"uv": [0, 0, 0, 1.16667], "rotation": 90, "texture": "#2"},
				"down": {"uv": [0, 1.16667, 0, 0], "rotation": 270, "texture": "#2"}
			}
		},
		{
			"from": [13.18493, 3.81507, 6.26],
			"to": [14.18493, 5.81507, 6.74],
			"rotation": {"angle": -45, "axis": "z", "origin": [8, 8, 8]},
			"faces": {
				"north": {"uv": [10.66667, 8, 11.33333, 9.33333], "texture": "#2"},
				"east": {"uv": [9.33333, 12, 9.66667, 13.33333], "texture": "#2"},
				"south": {"uv": [8, 10.66667, 8.66667, 12], "texture": "#2"},
				"west": {"uv": [10, 12, 10.33333, 13.33333], "texture": "#2"},
				"up": {"uv": [7.66667, 14, 7.33333, 13.33333], "rotation": 90, "texture": "#2"},
				"down": {"uv": [13.66667, 7.33333, 13.33333, 8], "rotation": 270, "texture": "#2"}
			}
		},
		{
			"from": [5.17157, 2.08161, 6.255],
			"to": [6.17157, 13.88161, 6.745],
			"rotation": {"angle": 0, "axis": "x", "origin": [8, 8, 8]},
			"faces": {
				"north": {"uv": [5.33333, 0, 4.66667, 7.83333], "texture": "#2"},
				"east": {"uv": [7, 5.33333, 6.66667, 13.16667], "texture": "#2"},
				"south": {"uv": [4.66667, 0, 4, 7.83333], "texture": "#2"},
				"west": {"uv": [5.66667, 6.66667, 5.33333, 14.5], "texture": "#2"},
				"up": {"uv": [7, 13.33333, 6.66667, 14], "rotation": 90, "texture": "#2"},
				"down": {"uv": [13.66667, 7.33333, 13.33333, 6.66667], "rotation": 270, "texture": "#2"}
			}
		},
		{
			"from": [1.81507, 3.81507, 6.26],
			"to": [2.81507, 5.81507, 6.74],
			"rotation": {"angle": 45, "axis": "z", "origin": [8, 8, 8]},
			"faces": {
				"north": {"uv": [11.33333, 8, 10.66667, 9.33333], "texture": "#2"},
				"east": {"uv": [10.33333, 12, 10, 13.33333], "texture": "#2"},
				"south": {"uv": [8.66667, 10.66667, 8, 12], "texture": "#2"},
				"west": {"uv": [9.66667, 12, 9.33333, 13.33333], "texture": "#2"},
				"up": {"uv": [7.66667, 13.33333, 7.33333, 14], "rotation": 90, "texture": "#2"},
				"down": {"uv": [13.66667, 8, 13.33333, 7.33333], "rotation": 270, "texture": "#2"}
			}
		},
		{
			"from": [5.11124, 10.08876, 6.715],
			"to": [5.91124, 10.88876, 8.965],
			"rotation": {"angle": -45, "axis": "z", "origin": [8, 8, 8]},
			"faces": {
				"east": {"uv": [10.66667, 9.83333, 12.16667, 9.33333], "texture": "#2"},
				"west": {"uv": [10.66667, 9.33333, 12.16667, 9.83333], "texture": "#2"},
				"up": {"uv": [12.16667, 9.83333, 10.66667, 9.33333], "rotation": 90, "texture": "#2"},
				"down": {"uv": [12.16667, 9.83333, 10.66667, 9.33333], "rotation": 270, "texture": "#2"}
			}
		},
		{
			"from": [8.92962, 6.27038, 6.715],
			"to": [9.72962, 7.07038, 8.965],
			"rotation": {"angle": -45, "axis": "z", "origin": [8, 8, 8]},
			"faces": {
				"east": {"uv": [10.66667, 9.83333, 12.16667, 9.33333], "texture": "#2"},
				"west": {"uv": [10.66667, 9.33333, 12.16667, 9.83333], "texture": "#2"},
				"up": {"uv": [12.16667, 9.83333, 10.66667, 9.33333], "rotation": 90, "texture": "#2"},
				"down": {"uv": [12.16667, 9.83333, 10.66667, 9.33333], "rotation": 270, "texture": "#2"}
			}
		},
		{
			"from": [4.5, 9.5, 5.6],
			"to": [11.5, 16.5, 5.6],
			"rotation": {"angle": 0, "axis": "y", "origin": [8, 11.5, 8]},
			"faces": {
				"north": {"uv": [0, 0, 14, 14], "texture": "#0"},
				"east": {"uv": [0, 0, 0, 14], "texture": "#0"},
				"west": {"uv": [0, 0, 0, 14], "texture": "#0"},
				"up": {"uv": [0, 14, 0, 0], "rotation": 90, "texture": "#0"},
				"down": {"uv": [0, 0, 0, 14], "rotation": 270, "texture": "#0"}
			}
		}
	],
	"gui_light": "front",
	"display": {
		"thirdperson_righthand": {
			"rotation": [30, -35, 0],
			"translation": [1.5, -2.25, -1]
		},
		"thirdperson_lefthand": {
			"rotation": [30, -35, 0],
			"translation": [1.5, -2.25, -1]
		},
		"firstperson_righthand": {
			"rotation": [0, 0, 9],
			"translation": [-8.25, 3, 6.25]
		},
		"firstperson_lefthand": {
			"rotation": [0, 0, 9],
			"translation": [-8.25, 3, 6.25]
		},
		"ground": {
			"rotation": [45, 0, 0],
			"translation": [0, 5.5, 0]
		},
		"gui": {
			"rotation": [0, 180, 45],
			"translation": [-0.5, -0.5, 0],
			"scale": [1.10351, 1.10351, 1.10351]
		},
		"head": {
			"scale": [0, 0, 0]
		},
		"fixed": {
			"translation": [0, 0.25, -1.5],
			"scale": [1.73633, 1.73633, 1.73633]
		}
	}
}