{"credit":"MadebyPolygonMC","texture_size":[24,24],"textures":{"0":"deceaseset:animation_1","1":"deceaseset:sword","particle":"deceaseset:animation_1"},"elements":[{"from":[7.44,-0.06,7.44],"to":[8.56,1.06,8.56],"rotation":{"angle":-45,"axis":"x","origin":[8,0.5,8]},"faces":{"north":{"uv":[7.33333,6,8,6.66667],"texture":"#1"},"east":{"uv":[8.66667,5.33333,9.33333,6],"texture":"#1"},"south":{"uv":[8.66667,10,9.33333,10.66667],"texture":"#1"},"west":{"uv":[9.33333,10,10,10.66667],"texture":"#1"},"up":{"uv":[10.66667,10,10,9.33333],"texture":"#1"},"down":{"uv":[10.66667,10,10,10.66667],"texture":"#1"}}},{"from":[7.5,0.7,7.5],"to":[8.5,1.7,8.5],"rotation":{"angle":0,"axis":"x","origin":[8,1.2,8]},"faces":{"north":{"uv":[10.66667,0.66667,11.33333,1.33333],"texture":"#1"},"east":{"uv":[10.66667,0.66667,11.33333,1.33333],"texture":"#1"},"south":{"uv":[10.66667,0.66667,11.33333,1.33333],"texture":"#1"},"west":{"uv":[10.66667,2,11.33333,2.66667],"texture":"#1"},"up":{"uv":[11.33333,1.33333,10.66667,0.66667],"texture":"#1"},"down":{"uv":[11.33333,0.66667,10.66667,1.33333],"texture":"#1"}}},{"from":[7.5,4.7,7.5],"to":[8.5,5.7,8.5],"rotation":{"angle":0,"axis":"x","origin":[8,1.2,8]},"faces":{"north":{"uv":[10.66667,0.66667,11.33333,1.33333],"texture":"#1"},"east":{"uv":[10.66667,0.66667,11.33333,1.33333],"texture":"#1"},"south":{"uv":[10.66667,0.66667,11.33333,1.33333],"texture":"#1"},"west":{"uv":[10.66667,2,11.33333,2.66667],"texture":"#1"},"up":{"uv":[11.33333,1.33333,10.66667,0.66667],"texture":"#1"},"down":{"uv":[11.33333,0.66667,10.66667,1.33333],"texture":"#1"}}},{"from":[7.5,2.7,7.5],"to":[8.5,3.7,8.5],"rotation":{"angle":0,"axis":"x","origin":[8,3.2,8]},"faces":{"north":{"uv":[10.66667,6.66667,11.33333,7.33333],"texture":"#1"},"east":{"uv":[10.66667,6.66667,11.33333,7.33333],"texture":"#1"},"south":{"uv":[10.66667,6.66667,11.33333,7.33333],"texture":"#1"},"west":{"uv":[10.66667,6.66667,11.33333,7.33333],"texture":"#1"},"up":{"uv":[11.33333,7.33333,10.66667,6.66667],"texture":"#1"},"down":{"uv":[11.33333,6.66667,10.66667,7.33333],"texture":"#1"}}},{"from":[7.4,5.3,7.5],"to":[8.6,7.3,9.5],"rotation":{"angle":-45,"axis":"x","origin":[8,5.8,8]},"faces":{"north":{"uv":[5.33333,6.66667,6.16667,8],"texture":"#1"},"east":{"uv":[5.33333,1.33333,6.66667,2.66667],"texture":"#1"},"south":{"uv":[6.66667,6.66667,7.5,8],"texture":"#1"},"west":{"uv":[5.33333,2.66667,6.66667,4],"texture":"#1"},"up":{"uv":[8.16667,2.66667,7.33333,1.33333],"texture":"#1"},"down":{"uv":[8.16667,2.66667,7.33333,4],"texture":"#1"}}},{"from":[7.2,5.55,7.75],"to":[8.8,7.05,9.25],"rotation":{"angle":-45,"axis":"x","origin":[8,5.8,8]},"faces":{"north":{"uv":[8,0,9,1],"texture":"#1"},"east":{"uv":[8,6,9,7],"texture":"#1"},"south":{"uv":[6.66667,8,7.66667,9],"texture":"#1"},"west":{"uv":[8,7.33333,9,8.33333],"texture":"#1"},"up":{"uv":[9.66667,2.33333,8.66667,1.33333],"texture":"#1"},"down":{"uv":[9.66667,2.66667,8.66667,3.66667],"texture":"#1"}}},{"from":[7.6,1.7,7.6],"to":[8.4,4.7,8.4],"rotation":{"angle":0,"axis":"x","origin":[8,2.2,8]},"faces":{"north":{"uv":[7.33333,4,7.83333,6],"texture":"#1"},"east":{"uv":[8,4,8.5,6],"texture":"#1"},"south":{"uv":[5.33333,8,5.83333,10],"texture":"#1"},"west":{"uv":[6,8,6.5,10],"texture":"#1"},"up":{"uv":[11.83333,10.5,11.33333,10],"texture":"#1"},"down":{"uv":[11.16667,11.33333,10.66667,11.83333],"texture":"#1"}}},{"from":[8,-1.1,6],"to":[8,0.9,10],"rotation":{"angle":0,"axis":"y","origin":[8,-0.5,6]},"faces":{"north":{"uv":[0,0,0,1.33333],"texture":"#1"},"east":{"uv":[8,0,5.33333,1.33333],"texture":"#1"},"south":{"uv":[0,0,0,1.33333],"texture":"#1"},"west":{"uv":[5.33333,0,8,1.33333],"texture":"#1"},"up":{"uv":[0,2.66667,0,0],"texture":"#1"},"down":{"uv":[0,0,0,2.66667],"texture":"#1"}}},{"from":[7.41,5.85687,6.2007],"to":[8.59,7.03687,7.9707],"rotation":{"angle":-22.5,"axis":"x","origin":[7.41,5.85687,5.6107]},"faces":{"north":{"uv":[10,4,10.83333,4.83333],"texture":"#1"},"east":{"uv":[8.66667,4,9.83333,4.83333],"texture":"#1"},"south":{"uv":[5.33333,10,6.16667,10.83333],"texture":"#1"},"west":{"uv":[8,8.66667,9.16667,9.5],"texture":"#1"},"up":{"uv":[10.16667,1.16667,9.33333,0],"texture":"#1"},"down":{"uv":[10.16667,5.33333,9.33333,6.5],"texture":"#1"}}},{"from":[7.4985,6.12237,4.7552],"to":[8.5015,7.12537,6.1712],"rotation":{"angle":0,"axis":"x","origin":[8,6.62387,5.4632]},"faces":{"north":{"uv":[10.66667,10.66667,11.33333,11.33333],"texture":"#1"},"east":{"uv":[6.66667,10,7.66667,10.66667],"texture":"#1"},"south":{"uv":[0,0,0,0],"texture":"#1"},"west":{"uv":[10,7.33333,11,8],"texture":"#1"},"up":{"uv":[8.66667,11,8,10],"texture":"#1"},"down":{"uv":[10.66667,8,10,9],"texture":"#1"}}},{"from":[7.587,6.33213,3.90477],"to":[8.413,7.15813,4.96677],"rotation":{"angle":22.5,"axis":"x","origin":[8,6.77463,4.43577]},"faces":{"north":{"uv":[11.33333,10.66667,11.83333,11.16667],"texture":"#1"},"east":{"uv":[11.33333,8.66667,12,9.16667],"texture":"#1"},"south":{"uv":[0,0,0,0],"texture":"#1"},"west":{"uv":[9.33333,11.33333,10,11.83333],"texture":"#1"},"up":{"uv":[11.83333,10,11.33333,9.33333],"texture":"#1"},"down":{"uv":[10.5,11.33333,10,12],"texture":"#1"}}},{"from":[7.646,6.60202,3.27979],"to":[8.354,7.31002,4.10579],"rotation":{"angle":0,"axis":"x","origin":[8,7.22152,3.27979]},"faces":{"north":{"uv":[11.33333,11.33333,11.83333,11.83333],"texture":"#1"},"east":{"uv":[12,0,12.5,0.5],"texture":"#1"},"south":{"uv":[0,0,0,0],"texture":"#1"},"west":{"uv":[12,0.66667,12.5,1.16667],"texture":"#1"},"up":{"uv":[12.5,1.83333,12,1.33333],"texture":"#1"},"down":{"uv":[12.5,2,12,2.5],"texture":"#1"}}},{"from":[7.705,6.55942,2.6207],"to":[8.295,7.14942,3.4467],"rotation":{"angle":-22.5,"axis":"x","origin":[8,6.82492,3.0337]},"faces":{"north":{"uv":[12.66667,0,13,0.33333],"texture":"#1"},"east":{"uv":[12,10.66667,12.5,11],"texture":"#1"},"south":{"uv":[0,0,0,0],"texture":"#1"},"west":{"uv":[11.33333,12,11.83333,12.33333],"texture":"#1"},"up":{"uv":[12.33333,11.83333,12,11.33333],"texture":"#1"},"down":{"uv":[12.33333,12,12,12.5],"texture":"#1"}}},{"from":[7.41,5.85687,8.0293],"to":[8.59,7.03687,9.7993],"rotation":{"angle":22.5,"axis":"x","origin":[7.41,5.85687,10.3893]},"faces":{"north":{"uv":[6.16667,10,5.33333,10.83333],"texture":"#1"},"east":{"uv":[9.83333,4,8.66667,4.83333],"texture":"#1"},"south":{"uv":[10.83333,4,10,4.83333],"texture":"#1"},"west":{"uv":[9.16667,8.66667,8,9.5],"texture":"#1"},"up":{"uv":[10.16667,0,9.33333,1.16667],"texture":"#1"},"down":{"uv":[10.16667,6.5,9.33333,5.33333],"texture":"#1"}}},{"from":[7.4985,6.12237,9.8288],"to":[8.5015,7.12537,11.2448],"rotation":{"angle":0,"axis":"x","origin":[8,6.62387,10.5368]},"faces":{"north":{"uv":[0,0,0,0],"texture":"#1"},"east":{"uv":[7.66667,10,6.66667,10.66667],"texture":"#1"},"south":{"uv":[11.33333,10.66667,10.66667,11.33333],"texture":"#1"},"west":{"uv":[11,7.33333,10,8],"texture":"#1"},"up":{"uv":[8.66667,10,8,11],"texture":"#1"},"down":{"uv":[10.66667,9,10,8],"texture":"#1"}}},{"from":[7.587,6.33213,11.03323],"to":[8.413,7.15813,12.09523],"rotation":{"angle":-22.5,"axis":"x","origin":[8,6.77463,11.56423]},"faces":{"north":{"uv":[0,0,0,0],"texture":"#1"},"east":{"uv":[12,8.66667,11.33333,9.16667],"texture":"#1"},"south":{"uv":[11.83333,10.66667,11.33333,11.16667],"texture":"#1"},"west":{"uv":[10,11.33333,9.33333,11.83333],"texture":"#1"},"up":{"uv":[11.83333,9.33333,11.33333,10],"texture":"#1"},"down":{"uv":[10.5,12,10,11.33333],"texture":"#1"}}},{"from":[7.646,6.60202,11.89421],"to":[8.354,7.31002,12.72021],"rotation":{"angle":0,"axis":"x","origin":[8,7.22152,12.72021]},"faces":{"north":{"uv":[0,0,0,0],"texture":"#1"},"east":{"uv":[12.5,0,12,0.5],"texture":"#1"},"south":{"uv":[11.83333,11.33333,11.33333,11.83333],"texture":"#1"},"west":{"uv":[12.5,0.66667,12,1.16667],"texture":"#1"},"up":{"uv":[12.5,1.33333,12,1.83333],"texture":"#1"},"down":{"uv":[12.5,2.5,12,2],"texture":"#1"}}},{"from":[7.705,6.55942,12.5533],"to":[8.295,7.14942,13.3793],"rotation":{"angle":22.5,"axis":"x","origin":[8,6.82492,12.9663]},"faces":{"north":{"uv":[0,0,0,0],"texture":"#1"},"east":{"uv":[12.5,10.66667,12,11],"texture":"#1"},"south":{"uv":[13,0,12.66667,0.33333],"texture":"#1"},"west":{"uv":[11.83333,12,11.33333,12.33333],"texture":"#1"},"up":{"uv":[12.33333,11.33333,12,11.83333],"texture":"#1"},"down":{"uv":[12.33333,12.5,12,12],"texture":"#1"}}},{"from":[7.75,7,7],"to":[8.25,9,9],"rotation":{"angle":45,"axis":"x","origin":[8.25,8,8]},"faces":{"north":{"uv":[11.33333,0,11.66667,1.33333],"texture":"#1"},"east":{"uv":[5.33333,4,6.66667,5.33333],"texture":"#1"},"south":{"uv":[11.33333,1.33333,11.66667,2.66667],"texture":"#1"},"west":{"uv":[5.33333,5.33333,6.66667,6.66667],"texture":"#1"},"up":{"uv":[11.66667,4,11.33333,2.66667],"texture":"#1"},"down":{"uv":[11.66667,4,11.33333,5.33333],"texture":"#1"}}},{"from":[7.75,9,7],"to":[8.25,10,8],"rotation":{"angle":-45,"axis":"x","origin":[8.25,8,8]},"faces":{"north":{"uv":[12,2.66667,12.33333,3.33333],"texture":"#1"},"east":{"uv":[5.33333,11.33333,6,12],"texture":"#1"},"south":{"uv":[12,3.33333,12.33333,4],"texture":"#1"},"west":{"uv":[11.33333,5.33333,12,6],"texture":"#1"},"up":{"uv":[12.33333,4.66667,12,4],"texture":"#1"},"down":{"uv":[12.33333,4.66667,12,5.33333],"texture":"#1"}}},{"from":[7.75,10,7],"to":[8.25,11,9],"rotation":{"angle":-45,"axis":"x","origin":[8.25,8,8]},"faces":{"north":{"uv":[5.33333,12,5.66667,12.66667],"texture":"#1"},"east":{"uv":[6.66667,9.33333,8,10],"texture":"#1"},"south":{"uv":[12,5.33333,12.33333,6],"texture":"#1"},"west":{"uv":[9.33333,6.66667,10.66667,7.33333],"texture":"#1"},"up":{"uv":[6.33333,12.66667,6,11.33333],"texture":"#1"},"down":{"uv":[11.66667,6,11.33333,7.33333],"texture":"#1"}}},{"from":[7.755,10.23654,6.71364],"to":[8.245,11.23654,7.71364],"rotation":{"angle":22.5,"axis":"x","origin":[8.005,11.23654,7.21364]},"faces":{"north":{"uv":[12,6,12.33333,6.66667],"texture":"#1"},"east":{"uv":[6.66667,11.33333,7.33333,12],"texture":"#1"},"south":{"uv":[6.66667,12,7,12.66667],"texture":"#1"},"west":{"uv":[7.33333,11.33333,8,12],"texture":"#1"},"up":{"uv":[12.33333,7.33333,12,6.66667],"texture":"#1"},"down":{"uv":[7.66667,12,7.33333,12.66667],"texture":"#1"}}},{"from":[7.755,14.85386,6.71364],"to":[8.245,15.85386,7.71364],"rotation":{"angle":-22.5,"axis":"x","origin":[8.005,14.85386,7.21364]},"faces":{"north":{"uv":[12,9.33333,12.33333,10],"texture":"#1"},"east":{"uv":[11.33333,8,12,8.66667],"texture":"#1"},"south":{"uv":[10,12,10.33333,12.66667],"texture":"#1"},"west":{"uv":[8.66667,11.33333,9.33333,12],"texture":"#1"},"up":{"uv":[12.33333,10.66667,12,10],"texture":"#1"},"down":{"uv":[11,12,10.66667,12.66667],"texture":"#1"}}},{"from":[7.75,15.0904,8],"to":[8.25,16.0904,9],"rotation":{"angle":45,"axis":"x","origin":[8.25,18.0904,8]},"faces":{"north":{"uv":[12,8,12.33333,8.66667],"texture":"#1"},"east":{"uv":[11.33333,7.33333,12,8],"texture":"#1"},"south":{"uv":[8.66667,12,9,12.66667],"texture":"#1"},"west":{"uv":[8,11.33333,8.66667,12],"texture":"#1"},"up":{"uv":[12.33333,9.33333,12,8.66667],"texture":"#1"},"down":{"uv":[9.66667,12,9.33333,12.66667],"texture":"#1"}}},{"from":[7.76,11.0452,6.67558],"to":[8.24,15.0452,7.67558],"rotation":{"angle":0,"axis":"x","origin":[8.005,11.5452,7.17558]},"faces":{"north":{"uv":[9.33333,7.33333,9.66667,10],"texture":"#1"},"east":{"uv":[6.66667,1.33333,7.33333,4],"texture":"#1"},"south":{"uv":[10,1.33333,10.33333,4],"texture":"#1"},"west":{"uv":[6.66667,4,7.33333,6.66667],"texture":"#1"},"up":{"uv":[12.33333,8,12,7.33333],"texture":"#1"},"down":{"uv":[8.33333,12,8,12.66667],"texture":"#1"}}},{"from":[7.75,9,8],"to":[8.25,10,9],"rotation":{"angle":45,"axis":"x","origin":[8.25,8,8]},"faces":{"north":{"uv":[12.33333,3.33333,12,4],"texture":"#1"},"east":{"uv":[6,11.33333,5.33333,12],"texture":"#1"},"south":{"uv":[12.33333,2.66667,12,3.33333],"texture":"#1"},"west":{"uv":[12,5.33333,11.33333,6],"texture":"#1"},"up":{"uv":[12.33333,4,12,4.66667],"texture":"#1"},"down":{"uv":[12.33333,5.33333,12,4.66667],"texture":"#1"}}},{"from":[7.75,10,7],"to":[8.25,11,9],"rotation":{"angle":45,"axis":"x","origin":[8.25,8,8]},"faces":{"north":{"uv":[12.33333,5.33333,12,6],"texture":"#1"},"east":{"uv":[8,9.33333,6.66667,10],"texture":"#1"},"south":{"uv":[5.66667,12,5.33333,12.66667],"texture":"#1"},"west":{"uv":[10.66667,6.66667,9.33333,7.33333],"texture":"#1"},"up":{"uv":[6.33333,11.33333,6,12.66667],"texture":"#1"},"down":{"uv":[11.66667,7.33333,11.33333,6],"texture":"#1"}}},{"from":[7.755,10.23654,8.28636],"to":[8.245,11.23654,9.28636],"rotation":{"angle":-22.5,"axis":"x","origin":[8.005,11.23654,8.78636]},"faces":{"north":{"uv":[7,12,6.66667,12.66667],"texture":"#1"},"east":{"uv":[7.33333,11.33333,6.66667,12],"texture":"#1"},"south":{"uv":[12.33333,6,12,6.66667],"texture":"#1"},"west":{"uv":[8,11.33333,7.33333,12],"texture":"#1"},"up":{"uv":[12.33333,6.66667,12,7.33333],"texture":"#1"},"down":{"uv":[7.66667,12.66667,7.33333,12],"texture":"#1"}}},{"from":[7.76,11.0452,8.32442],"to":[8.24,15.0452,9.32442],"rotation":{"angle":0,"axis":"x","origin":[8.005,11.5452,8.82442]},"faces":{"north":{"uv":[10.33333,1.33333,10,4],"texture":"#1"},"east":{"uv":[7.33333,1.33333,6.66667,4],"texture":"#1"},"south":{"uv":[9.66667,7.33333,9.33333,10],"texture":"#1"},"west":{"uv":[7.33333,4,6.66667,6.66667],"texture":"#1"},"up":{"uv":[12.33333,7.33333,12,8],"texture":"#1"},"down":{"uv":[8.33333,12.66667,8,12],"texture":"#1"}}},{"from":[7.755,14.85386,8.28636],"to":[8.245,15.85386,9.28636],"rotation":{"angle":22.5,"axis":"x","origin":[8.005,14.85386,8.78636]},"faces":{"north":{"uv":[10.33333,12,10,12.66667],"texture":"#1"},"east":{"uv":[12,8,11.33333,8.66667],"texture":"#1"},"south":{"uv":[12.33333,9.33333,12,10],"texture":"#1"},"west":{"uv":[9.33333,11.33333,8.66667,12],"texture":"#1"},"up":{"uv":[12.33333,10,12,10.66667],"texture":"#1"},"down":{"uv":[11,12.66667,10.66667,12],"texture":"#1"}}},{"from":[7.75,15.0904,7],"to":[8.25,16.0904,8],"rotation":{"angle":-45,"axis":"x","origin":[8.25,18.0904,8]},"faces":{"north":{"uv":[9,12,8.66667,12.66667],"texture":"#1"},"east":{"uv":[12,7.33333,11.33333,8],"texture":"#1"},"south":{"uv":[12.33333,8,12,8.66667],"texture":"#1"},"west":{"uv":[8.66667,11.33333,8,12],"texture":"#1"},"up":{"uv":[12.33333,8.66667,12,9.33333],"texture":"#1"},"down":{"uv":[9.66667,12.66667,9.33333,12],"texture":"#1"}}},{"from":[8,8,4.35],"to":[8,29,11.65],"rotation":{"angle":0,"axis":"y","origin":[8,0,5.35]},"faces":{"north":{"uv":[0,0,0,14],"texture":"#1"},"east":{"uv":[4.83333,0,0,14],"texture":"#1"},"south":{"uv":[0,0,0,14],"texture":"#1"},"west":{"uv":[0,0,4.83333,14],"texture":"#1"},"up":{"uv":[0,4.83333,0,0],"texture":"#1"},"down":{"uv":[0,0,0,4.83333],"texture":"#1"}}},{"from":[7.1,3,4.5],"to":[7.1,10,11.5],"rotation":{"angle":0,"axis":"y","origin":[8,0,4.5]},"faces":{"north":{"uv":[0,0,0,14],"texture":"#0"},"south":{"uv":[0,0,0,14],"texture":"#0"},"west":{"uv":[0,0,14,14],"texture":"#0"},"up":{"uv":[0,14,0,0],"texture":"#0"},"down":{"uv":[0,0,0,14],"texture":"#0"}}},{"from":[8.9,3,4.5],"to":[8.9,10,11.5],"rotation":{"angle":0,"axis":"y","origin":[8,0,4.5]},"faces":{"north":{"uv":[0,0,0,14],"texture":"#0"},"east":{"uv":[14,0,0,14],"texture":"#0"},"south":{"uv":[0,0,0,14],"texture":"#0"},"up":{"uv":[0,14,0,0],"texture":"#0"},"down":{"uv":[0,0,0,14],"texture":"#0"}}}],"gui_light":"front","display":{"thirdperson_righthand":{"translation":[0,2.25,1.5],"scale":[1,1,0.87]},"thirdperson_lefthand":{"translation":[0,2.25,1.5],"scale":[1,1,0.87]},"firstperson_righthand":{"rotation":[3.5,0,0],"translation":[2.75,0.25,0],"scale":[0.77,0.77,0.77]},"firstperson_lefthand":{"rotation":[3.5,0,0],"translation":[2.75,0.25,0],"scale":[0.77,0.77,0.77]},"ground":{"translation":[0,9.5,0]},"gui":{"rotation":[90,-135,90],"translation":[-3,-3,0],"scale":[0.72461,0.72461,0.72461]},"head":{"scale":[0,0,0]},"fixed":{"rotation":[0,90,0],"translation":[0,-10.5,-1.25],"scale":[1.73633,1.73633,1.73633]}}}