{"credit":"MadewithBlockbench","textures":{"0":"elitecreatures:christmas_furniture_v1/04_snowglobe_texture","1":"elitecreatures:christmas_furniture_v1/04_animation_texture","particle":"elitecreatures:christmas_furniture_v1/04_snowglobe_texture"},"elements":[{"from":[5,0,5],"to":[11,2,11],"faces":{"north":{"uv":[6,6,9,7],"texture":"#0"},"east":{"uv":[6,6,9,7],"texture":"#0"},"south":{"uv":[6,6,9,7],"texture":"#0"},"west":{"uv":[6,6,9,7],"texture":"#0"},"up":{"uv":[3,3,0,0],"texture":"#0"},"down":{"uv":[3,3,0,6],"texture":"#0"}}},{"from":[5.5,2.75,8],"to":[10.5,7.75,8],"faces":{"north":{"uv":[0,0,5,5],"texture":"#1"},"east":{"uv":[0,0,0,5],"texture":"#1"},"south":{"uv":[0,5,5,10],"texture":"#1"},"west":{"uv":[0,0,0,5],"texture":"#1"},"up":{"uv":[5,0,0,0],"texture":"#1"},"down":{"uv":[5,0,0,0],"texture":"#1"}}},{"from":[8,2.75,5.5],"to":[8,7.75,10.5],"rotation":{"angle":0,"axis":"y","origin":[8,5.25,8]},"faces":{"north":{"uv":[0,0,0,5],"texture":"#1"},"east":{"uv":[0,5,5,10],"texture":"#1"},"south":{"uv":[0,0,0,5],"texture":"#1"},"west":{"uv":[0,0,5,5],"texture":"#1"},"up":{"uv":[5,0,0,0],"rotation":270,"texture":"#1"},"down":{"uv":[5,0,0,0],"rotation":90,"texture":"#1"}}},{"from":[5.7,2,6],"to":[7.45,2.5,9.5],"rotation":{"angle":0,"axis":"y","origin":[-0.3,0,0]},"faces":{"north":{"uv":[5,3,6,3.25],"texture":"#0"},"east":{"uv":[3,5,4.75,5.25],"texture":"#0"},"south":{"uv":[5,3.5,6,3.75],"texture":"#0"},"west":{"uv":[3,5.5,4.75,5.75],"texture":"#0"},"up":{"uv":[4,4.75,3,3],"texture":"#0"},"down":{"uv":[5,3,4,4.75],"texture":"#0"}}},{"from":[6.075,2,9.525],"to":[6.775,2.2,10.175],"rotation":{"angle":-22.5,"axis":"y","origin":[6.025,2.1,10.05]},"faces":{"north":{"uv":[3,5,4.75,5.25],"texture":"#0"},"east":{"uv":[5,3.5,6,3.75],"texture":"#0"},"south":{"uv":[3,5.5,4.75,5.75],"texture":"#0"},"west":{"uv":[5,3,6,3.25],"texture":"#0"},"up":{"uv":[4,4.75,3,3],"rotation":270,"texture":"#0"},"down":{"uv":[5,3,4,4.75],"rotation":90,"texture":"#0"}}},{"from":[8.45,2,6.75],"to":[10.2,2.5,9.5],"rotation":{"angle":22.5,"axis":"y","origin":[9.425,2.25,8.125]},"faces":{"north":{"uv":[6,1.5,7,1.75],"texture":"#0"},"east":{"uv":[1,6,2.5,6.25],"texture":"#0"},"south":{"uv":[6,2,7,2.25],"texture":"#0"},"west":{"uv":[6,1,7.5,1.25],"texture":"#0"},"up":{"uv":[6,5.5,5,4],"texture":"#0"},"down":{"uv":[6,5.5,5,7],"texture":"#0"}}},{"from":[10.15,2,5.95],"to":[10.7,2.2,6.5],"rotation":{"angle":22.5,"axis":"y","origin":[9.425,2.25,8.125]},"faces":{"north":{"uv":[6,1.5,7,1.75],"texture":"#0"},"east":{"uv":[1,6,2.5,6.25],"texture":"#0"},"south":{"uv":[6,2,7,2.25],"texture":"#0"},"west":{"uv":[6,1,7.5,1.25],"texture":"#0"},"up":{"uv":[6,5.5,5,4],"texture":"#0"},"down":{"uv":[6,5.5,5,7],"texture":"#0"}}},{"from":[8.55,1.49284,9.29966],"to":[10.3,1.99284,10.54966],"rotation":{"angle":22.5,"axis":"x","origin":[9.425,1.74284,10.67466]},"faces":{"north":{"uv":[2.5,6,3.5,6.25],"texture":"#0"},"east":{"uv":[3.5,6,4.25,6.25],"texture":"#0"},"south":{"uv":[6,2.5,7,2.75],"texture":"#0"},"west":{"uv":[1,6.5,1.75,6.75],"texture":"#0"},"up":{"uv":[1,6.75,0,6],"texture":"#0"},"down":{"uv":[7,0,6,0.75],"texture":"#0"}}},{"from":[7.28772,1.68418,6],"to":[8.53772,2.18418,9.5],"rotation":{"angle":-22.5,"axis":"z","origin":[8.16272,1.93418,7.75]},"faces":{"north":{"uv":[5,3,6,3.25],"texture":"#0"},"east":{"uv":[3,5,4.75,5.25],"texture":"#0"},"south":{"uv":[5,3.5,6,3.75],"texture":"#0"},"west":{"uv":[3,5.5,4.75,5.75],"texture":"#0"},"up":{"uv":[4,4.75,3,3],"texture":"#0"},"down":{"uv":[5,3,4,4.75],"texture":"#0"}}},{"from":[7.75,2,7],"to":[9.75,4,9],"rotation":{"angle":0,"axis":"y","origin":[0.75,0,0]},"faces":{"north":{"uv":[9,0,10,1],"texture":"#0"},"east":{"uv":[10,0,9,1],"texture":"#0"},"south":{"uv":[9,0,10,1],"texture":"#0"},"west":{"uv":[10,0,9,1],"texture":"#0"},"up":{"uv":[10,4,9,3],"texture":"#0"},"down":{"uv":[5,9,4,10],"texture":"#0"}}},{"from":[6.5,2,7.75],"to":[7,3.5,8.25],"rotation":{"angle":0,"axis":"y","origin":[0.25,0,0]},"faces":{"north":{"uv":[2.5,10,2.75,10.75],"texture":"#0"},"east":{"uv":[2.5,10,2.75,10.75],"texture":"#0"},"south":{"uv":[2.5,10,2.75,10.75],"texture":"#0"},"west":{"uv":[2.5,10,2.75,10.75],"texture":"#0"},"up":{"uv":[10.25,4.75,10,4.5],"texture":"#0"},"down":{"uv":[5.25,10,5,10.25],"texture":"#0"}}},{"from":[6,3.5,7.25],"to":[7.5,5,8.75],"rotation":{"angle":0,"axis":"y","origin":[0.25,0,0]},"faces":{"north":{"uv":[9,7,9.75,7.75],"texture":"#0"},"east":{"uv":[8,9,8.75,9.75],"texture":"#0"},"south":{"uv":[9,8,9.75,8.75],"texture":"#0"},"west":{"uv":[9,9,9.75,9.75],"texture":"#0"},"up":{"uv":[0.75,10.75,0,10],"texture":"#0"},"down":{"uv":[10.75,0,10,0.75],"texture":"#0"}}},{"from":[6.25,5,7.5],"to":[7.25,6,8.5],"rotation":{"angle":0,"axis":"y","origin":[0.25,0,0]},"faces":{"north":{"uv":[1,10,1.5,10.5],"texture":"#0"},"east":{"uv":[10,1,10.5,1.5],"texture":"#0"},"south":{"uv":[1.5,10,2,10.5],"texture":"#0"},"west":{"uv":[10,1.5,10.5,2],"texture":"#0"},"up":{"uv":[2.5,10.5,2,10],"texture":"#0"},"down":{"uv":[10.5,2,10,2.5],"texture":"#0"}}},{"from":[6.5,6,7.75],"to":[7,7,8.25],"rotation":{"angle":0,"axis":"y","origin":[0.25,0,0]},"faces":{"north":{"uv":[10,3.5,10.25,4],"texture":"#0"},"east":{"uv":[4,10,4.25,10.5],"texture":"#0"},"south":{"uv":[10,4,10.25,4.5],"texture":"#0"},"west":{"uv":[4.5,10,4.75,10.5],"texture":"#0"},"up":{"uv":[10.25,5.25,10,5],"texture":"#0"},"down":{"uv":[5.75,10,5.5,10.25],"texture":"#0"}}},{"from":[8.16421,3.6,7.1],"to":[9.56421,5,8.9],"rotation":{"angle":45,"axis":"z","origin":[9.16421,4,8]},"faces":{"north":{"uv":[9,6,9.75,6.75],"texture":"#0"},"east":{"uv":[9,4,10,4.75],"texture":"#0"},"south":{"uv":[9.75,6,9,6.75],"texture":"#0"},"west":{"uv":[5,9,6,9.75],"texture":"#0"},"up":{"uv":[9.75,6,9,5],"texture":"#0"},"down":{"uv":[6.75,9,6,10],"texture":"#0"}}},{"from":[5,2,5],"to":[11,8,11],"rotation":{"angle":0,"axis":"y","origin":[8,5,8]},"faces":{"north":{"uv":[3,0,6,3],"texture":"#0"},"east":{"uv":[3,0,6,3],"texture":"#0"},"south":{"uv":[3,0,6,3],"texture":"#0"},"west":{"uv":[3,0,6,3],"texture":"#0"},"up":{"uv":[3,0,6,3],"texture":"#0"},"down":{"uv":[9,3,6,6],"texture":"#0"}}}],"gui_light":"front","display":{"thirdperson_righthand":{"rotation":[67.5,0,0],"translation":[0,2.25,1.5],"scale":[0.49477,0.49477,0.49477]},"thirdperson_lefthand":{"rotation":[67.5,0,0],"translation":[0,2.25,1.5],"scale":[0.49477,0.49477,0.49477]},"firstperson_righthand":{"translation":[2.75,5.25,0],"scale":[0.55266,0.55266,0.55266]},"firstperson_lefthand":{"translation":[2.75,5.25,0],"scale":[0.55266,0.55266,0.55266]},"ground":{"translation":[0,6,0],"scale":[0.8,0.8,0.8]},"gui":{"rotation":[30,135,0],"translation":[0,4.5,0],"scale":[1.32422,1.32422,1.32422]},"head":{"rotation":[0,180,0],"translation":[0,-30.4,0],"scale":[1.6,1.6,1.6]},"fixed":{"rotation":[-90,0,0],"translation":[0,0,-16],"scale":[2,2,2]}}}