{"credit":"MadewithBlockbench","texture_size":[64,64],"textures":{"0":"elitecreatures:christmas_furniture_v2/14_bar_chair_texture","particle":"elitecreatures:christmas_furniture_v2/14_bar_chair_texture"},"elements":[{"from":[4,0,4],"to":[12,1,12],"faces":{"north":{"uv":[5,6.25,7,6.5],"texture":"#0"},"east":{"uv":[5,6.25,7,6.5],"texture":"#0"},"south":{"uv":[5,6.25,7,6.5],"texture":"#0"},"west":{"uv":[5,6.25,7,6.5],"texture":"#0"},"up":{"uv":[4.5,2,2.5,0],"texture":"#0"},"down":{"uv":[4.5,2,2.5,4],"texture":"#0"}}},{"from":[3,8,3],"to":[13,11,13],"faces":{"north":{"uv":[4.5,2,7,2.75],"texture":"#0"},"east":{"uv":[4.5,2,7,2.75],"texture":"#0"},"south":{"uv":[4.5,2,7,2.75],"texture":"#0"},"west":{"uv":[4.5,2,7,2.75],"texture":"#0"},"up":{"uv":[2.5,2.5,0,0],"texture":"#0"},"down":{"uv":[2.5,0,0,2.5],"texture":"#0"}}},{"from":[4,12,13.5],"to":[12,20,15.5],"faces":{"north":{"uv":[0.25,0.25,2.25,2.25],"texture":"#0"},"east":{"uv":[1,5,0.5,7],"texture":"#0"},"south":{"uv":[0.25,0.25,2.25,2.25],"texture":"#0"},"west":{"uv":[0.5,5,1,7],"texture":"#0"},"up":{"uv":[6.5,5.5,4.5,5],"texture":"#0"},"down":{"uv":[4.5,5,6.5,5.5],"texture":"#0"}}},{"from":[4,5.5,4],"to":[12,5.5,12],"faces":{"north":{"uv":[0,0,2,0],"texture":"#0"},"east":{"uv":[0,0,2,0],"texture":"#0"},"south":{"uv":[0,0,2,0],"texture":"#0"},"west":{"uv":[0,0,2,0],"texture":"#0"},"up":{"uv":[9.25,5,7.25,3],"texture":"#0"},"down":{"uv":[9.25,3,7.25,5],"texture":"#0"}}},{"from":[5,5,4],"to":[11,6,5],"rotation":{"angle":0,"axis":"y","origin":[8,4.5,8]},"faces":{"north":{"uv":[4,6.5,5.5,6.75],"texture":"#0"},"east":{"uv":[5.75,7,6,7.25],"texture":"#0"},"south":{"uv":[6.5,5,8,5.25],"texture":"#0"},"west":{"uv":[6,7,6.25,7.25],"texture":"#0"},"up":{"uv":[8,5.5,6.5,5.25],"texture":"#0"},"down":{"uv":[7,6.5,5.5,6.75],"texture":"#0"}}},{"from":[4,5,4],"to":[5,6,12],"faces":{"north":{"uv":[7,4.5,7.25,4.75],"texture":"#0"},"east":{"uv":[6.5,0,8.5,0.25],"texture":"#0"},"south":{"uv":[4.75,7,5,7.25],"texture":"#0"},"west":{"uv":[6.5,0.25,8.5,0.5],"texture":"#0"},"up":{"uv":[3.25,8.5,3,6.5],"texture":"#0"},"down":{"uv":[3.5,6.5,3.25,8.5],"texture":"#0"}}},{"from":[5,5,11],"to":[11,6,12],"rotation":{"angle":0,"axis":"y","origin":[8,4.5,8]},"faces":{"north":{"uv":[6.5,1,8,1.25],"texture":"#0"},"east":{"uv":[5.25,7,5.5,7.25],"texture":"#0"},"south":{"uv":[5.5,6.5,4,6.75],"texture":"#0"},"west":{"uv":[5.5,7,5.75,7.25],"texture":"#0"},"up":{"uv":[8,1.75,6.5,1.5],"texture":"#0"},"down":{"uv":[8,1.75,6.5,2],"texture":"#0"}}},{"from":[11,5,4],"to":[12,6,12],"rotation":{"angle":0,"axis":"y","origin":[16,0,0]},"faces":{"north":{"uv":[7,4.75,7.25,5],"texture":"#0"},"east":{"uv":[8.5,0.25,6.5,0.5],"texture":"#0"},"south":{"uv":[5,7,5.25,7.25],"texture":"#0"},"west":{"uv":[6.5,0.75,8.5,1],"texture":"#0"},"up":{"uv":[3.75,8.5,3.5,6.5],"texture":"#0"},"down":{"uv":[4,6.5,3.75,8.5],"texture":"#0"}}},{"from":[5,5,7.5],"to":[11,6,8.5],"rotation":{"angle":0,"axis":"y","origin":[8,4.5,8]},"faces":{"north":{"uv":[6.5,5.5,8,5.75],"texture":"#0"},"east":{"uv":[7,6,7.25,6.25],"texture":"#0"},"south":{"uv":[6.5,5.75,8,6],"texture":"#0"},"west":{"uv":[6.25,7,6.5,7.25],"texture":"#0"},"up":{"uv":[2.5,7,1,6.75],"texture":"#0"},"down":{"uv":[5.5,6.75,4,7],"texture":"#0"}}},{"from":[7.5,5,5],"to":[8.5,6,11],"rotation":{"angle":0,"axis":"y","origin":[8,4.5,8]},"faces":{"north":{"uv":[7,6.25,7.25,6.5],"texture":"#0"},"east":{"uv":[5.5,6.75,7,7],"texture":"#0"},"south":{"uv":[6.5,7,6.75,7.25],"texture":"#0"},"west":{"uv":[0,7,1.5,7.25],"texture":"#0"},"up":{"uv":[1.75,8.5,1.5,7],"texture":"#0"},"down":{"uv":[2,7,1.75,8.5],"texture":"#0"}}},{"from":[7.5,9,13],"to":[8.5,10,15],"rotation":{"angle":0,"axis":"y","origin":[8,4.5,8]},"faces":{"north":{"uv":[7,6.5,7.25,6.75],"texture":"#0"},"east":{"uv":[7.5,2.75,7,3],"texture":"#0"},"south":{"uv":[6.75,7,7,7.25],"texture":"#0"},"west":{"uv":[7,2.75,7.5,3],"texture":"#0"},"up":{"uv":[7.25,3.5,7,3],"texture":"#0"},"down":{"uv":[7.25,3.5,7,4],"texture":"#0"}}},{"from":[7.5,10,14],"to":[8.5,12,15],"rotation":{"angle":0,"axis":"y","origin":[8,4.5,8]},"faces":{"north":{"uv":[4,7,4.25,7.5],"texture":"#0"},"east":{"uv":[4.75,7,4.5,7.5],"texture":"#0"},"south":{"uv":[4.25,7,4.5,7.5],"texture":"#0"},"west":{"uv":[4.5,7,4.75,7.5],"texture":"#0"},"up":{"uv":[7.25,7,7,6.75],"texture":"#0"},"down":{"uv":[7.25,7,7,7.25],"texture":"#0"}}},{"from":[7,1,7],"to":[9,8,9],"faces":{"north":{"uv":[1,5,1.5,6.75],"texture":"#0"},"east":{"uv":[1,5,1.5,6.75],"texture":"#0"},"south":{"uv":[1,5,1.5,6.75],"texture":"#0"},"west":{"uv":[1,5,1.5,6.75],"texture":"#0"},"up":{"uv":[2.5,7.5,2,7],"texture":"#0"},"down":{"uv":[7.5,2,7,2.5],"texture":"#0"}}}],"gui_light":"front","display":{"thirdperson_righthand":{"rotation":[67.5,0,0],"translation":[0,1.5,0.25],"scale":[0.31,0.31,0.31]},"thirdperson_lefthand":{"rotation":[67.5,0,0],"translation":[0,1.5,0.25],"scale":[0.31,0.31,0.31]},"firstperson_righthand":{"translation":[2.75,3.5,0],"scale":[0.37813,0.37813,0.37813]},"firstperson_lefthand":{"translation":[2.75,3.5,0],"scale":[0.37813,0.37813,0.37813]},"ground":{"translation":[0,6,0],"scale":[0.55,0.55,0.55]},"gui":{"rotation":[30,135,0],"translation":[-0.5,-1.5,0],"scale":[0.6425,0.6425,0.6425]},"head":{"rotation":[0,180,0],"translation":[0,-30.4,0],"scale":[1.6,1.6,1.6]},"fixed":{"rotation":[-90,0,0],"translation":[0,0,-16],"scale":[2,2,2]}}}