{"credit":"MadewithBlockbench","texture_size":[32,32],"textures":{"2":"elitecreatures:christmas_furniture_v2/04_bell_decoration_texture","particle":"elitecreatures:christmas_furniture_v2/04_bell_decoration_texture"},"elements":[{"from":[6.8,6.8,12.8],"to":[9.2,10.2,15.2],"rotation":{"angle":0,"axis":"y","origin":[0,7,5.5]},"faces":{"north":{"uv":[0,9.5,1,11],"texture":"#2"},"east":{"uv":[9.5,0,10.5,1.5],"texture":"#2"},"south":{"uv":[1,9.5,2,11],"texture":"#2"},"west":{"uv":[2,9.5,3,11],"texture":"#2"},"up":{"uv":[10.5,11,9.5,10],"texture":"#2"},"down":{"uv":[11.5,0,10.5,1],"texture":"#2"}}},{"from":[1,7,12],"to":[6,7,13],"rotation":{"angle":22.5,"axis":"z","origin":[5,7,12.5]},"faces":{"north":{"uv":[0,0,2.5,0],"texture":"#2"},"east":{"uv":[0,0,0.5,0],"texture":"#2"},"south":{"uv":[0,0,2.5,0],"texture":"#2"},"west":{"uv":[0,0,0.5,0],"texture":"#2"},"up":{"uv":[8.5,2.5,6,2],"texture":"#2"},"down":{"uv":[8.5,2,6,2.5],"texture":"#2"}}},{"from":[1.51418,2.22597,12.5],"to":[2.51418,5.22597,12.5],"rotation":{"angle":-22.5,"axis":"z","origin":[3.61418,6.42597,12.5]},"faces":{"north":{"uv":[5,6,5.5,7.5],"texture":"#2"},"east":{"uv":[0,0,0,1.5],"texture":"#2"},"south":{"uv":[5.5,6,5,7.5],"texture":"#2"},"west":{"uv":[0,0,0,1.5],"texture":"#2"},"up":{"uv":[0.5,0,0,0],"texture":"#2"},"down":{"uv":[0.5,0,0,0],"texture":"#2"}}},{"from":[0.10273,3.64379,8.7],"to":[1.10273,3.64379,11.7],"rotation":{"angle":-45,"axis":"x","origin":[1.10273,4.54379,12.5]},"faces":{"north":{"uv":[0,0,0.5,0],"texture":"#2"},"east":{"uv":[0,0,1.5,0],"texture":"#2"},"south":{"uv":[0,0,0.5,0],"texture":"#2"},"west":{"uv":[0,0,1.5,0],"texture":"#2"},"up":{"uv":[4.5,7.5,4,6],"texture":"#2"},"down":{"uv":[4.5,6,4,7.5],"texture":"#2"}}},{"from":[14.89727,3.64379,8.7],"to":[15.89727,3.64379,11.7],"rotation":{"angle":-45,"axis":"x","origin":[14.89727,4.54379,12.5]},"faces":{"north":{"uv":[0.5,0,0,0],"texture":"#2"},"east":{"uv":[1.5,0,0,0],"texture":"#2"},"south":{"uv":[0.5,0,0,0],"texture":"#2"},"west":{"uv":[1.5,0,0,0],"texture":"#2"},"up":{"uv":[4,7.5,4.5,6],"texture":"#2"},"down":{"uv":[4,6,4.5,7.5],"texture":"#2"}}},{"from":[13.48582,2.22597,12.5],"to":[14.48582,5.22597,12.5],"rotation":{"angle":22.5,"axis":"z","origin":[12.38582,6.42597,12.5]},"faces":{"north":{"uv":[5.5,6,5,7.5],"texture":"#2"},"east":{"uv":[0,0,0,1.5],"texture":"#2"},"south":{"uv":[5,6,5.5,7.5],"texture":"#2"},"west":{"uv":[0,0,0,1.5],"texture":"#2"},"up":{"uv":[0,0,0.5,0],"texture":"#2"},"down":{"uv":[0,0,0.5,0],"texture":"#2"}}},{"from":[10,7,12],"to":[15,7,13],"rotation":{"angle":-22.5,"axis":"z","origin":[11,7,12.5]},"faces":{"north":{"uv":[2.5,0,0,0],"texture":"#2"},"east":{"uv":[0.5,0,0,0],"texture":"#2"},"south":{"uv":[2.5,0,0,0],"texture":"#2"},"west":{"uv":[0.5,0,0,0],"texture":"#2"},"up":{"uv":[6,2.5,8.5,2],"texture":"#2"},"down":{"uv":[6,2,8.5,2.5],"texture":"#2"}}},{"from":[6.5,6,14],"to":[9.5,8,14],"rotation":{"angle":0,"axis":"y","origin":[0,7,5.5]},"faces":{"north":{"uv":[9.5,9,11,10],"texture":"#2"},"east":{"uv":[0,0,0,1],"texture":"#2"},"south":{"uv":[10,1.5,11.5,2.5],"texture":"#2"},"west":{"uv":[0,0,0,1],"texture":"#2"},"up":{"uv":[1.5,0,0,0],"texture":"#2"},"down":{"uv":[1.5,0,0,0],"texture":"#2"}}},{"from":[7.5,4.3,12.5],"to":[10.5,6.3,15.5],"rotation":{"angle":22.5,"axis":"z","origin":[8,6.5,14]},"faces":{"north":{"uv":[5,9.5,6.5,10.5],"texture":"#2"},"east":{"uv":[6.5,9.5,8,10.5],"texture":"#2"},"south":{"uv":[8,9.5,9.5,10.5],"texture":"#2"},"west":{"uv":[9.5,8,11,9],"texture":"#2"},"up":{"uv":[8,8,6.5,6.5],"texture":"#2"},"down":{"uv":[5.5,7.5,4,9],"texture":"#2"}}},{"from":[7,0.3,12],"to":[11,4.3,16],"rotation":{"angle":22.5,"axis":"z","origin":[8,6.5,14]},"faces":{"north":{"uv":[0,0,2,2],"texture":"#2"},"east":{"uv":[0,2,2,4],"texture":"#2"},"south":{"uv":[2,0,4,2],"texture":"#2"},"west":{"uv":[2,2,4,4],"texture":"#2"},"up":{"uv":[2,6,0,4],"texture":"#2"},"down":{"uv":[6,0,4,2],"texture":"#2"}}},{"from":[5.5,4.3,12.2],"to":[8.5,6.3,15.2],"rotation":{"angle":-22.5,"axis":"z","origin":[8,6.5,14]},"faces":{"north":{"uv":[10,2.5,11.5,3.5],"texture":"#2"},"east":{"uv":[10,3.5,11.5,4.5],"texture":"#2"},"south":{"uv":[10,6,11.5,7],"texture":"#2"},"west":{"uv":[10,7,11.5,8],"texture":"#2"},"up":{"uv":[1.5,9.5,0,8],"texture":"#2"},"down":{"uv":[9.5,0,8,1.5],"texture":"#2"}}},{"from":[5,0.3,11.7],"to":[9,4.3,15.7],"rotation":{"angle":-22.5,"axis":"z","origin":[8,6.5,14]},"faces":{"north":{"uv":[2,4,4,6],"texture":"#2"},"east":{"uv":[4,2,6,4],"texture":"#2"},"south":{"uv":[4,4,6,6],"texture":"#2"},"west":{"uv":[0,6,2,8],"texture":"#2"},"up":{"uv":[8,2,6,0],"texture":"#2"},"down":{"uv":[4,6,2,8],"texture":"#2"}}},{"from":[5.55391,7.20289,12.83863],"to":[8.05391,9.70289,13.33863],"rotation":{"angle":-22.5,"axis":"y","origin":[8,8.45289,11]},"faces":{"north":{"uv":[8.5,1.5,9.75,2.75],"texture":"#2"},"east":{"uv":[1,11,1.25,12.25],"texture":"#2"},"south":{"uv":[8.5,3,9.75,4.25],"texture":"#2"},"west":{"uv":[1.5,11,1.75,12.25],"texture":"#2"},"up":{"uv":[7.25,11.25,6,11],"texture":"#2"},"down":{"uv":[12.25,8,11,8.25],"texture":"#2"}}},{"from":[4.61669,7.20289,7.42402],"to":[5.11669,9.70289,10.92402],"rotation":{"angle":22.5,"axis":"y","origin":[8,8.45289,11]},"faces":{"north":{"uv":[2,11,2.25,12.25],"texture":"#2"},"east":{"uv":[1.5,8,3.25,9.25],"texture":"#2"},"south":{"uv":[2.5,11,2.75,12.25],"texture":"#2"},"west":{"uv":[3.25,8,1.5,9.25],"texture":"#2"},"up":{"uv":[8.75,12.25,8.5,10.5],"texture":"#2"},"down":{"uv":[9.25,10.5,9,12.25],"texture":"#2"}}},{"from":[3.01669,7.20289,7.42402],"to":[4.61669,9.70289,7.92402],"rotation":{"angle":22.5,"axis":"y","origin":[8,8.45289,11]},"faces":{"north":{"uv":[3,10.5,3.75,11.75],"texture":"#2"},"east":{"uv":[7.5,11,7.75,12.25],"texture":"#2"},"south":{"uv":[3.75,10.5,3,11.75],"texture":"#2"},"west":{"uv":[8,11,8.25,12.25],"texture":"#2"},"up":{"uv":[6.25,7.75,5.5,7.5],"texture":"#2"},"down":{"uv":[9.75,6,9,6.25],"texture":"#2"}}},{"from":[2.96395,7.20289,13.94603],"to":[7.61395,9.70289,14.44603],"rotation":{"angle":-45,"axis":"y","origin":[8,8.45289,11]},"faces":{"north":{"uv":[6,3.5,8.25,4.75],"texture":"#2"},"east":{"uv":[11,8.5,11.25,9.75],"texture":"#2"},"south":{"uv":[6,3.5,8.25,4.75],"texture":"#2"},"west":{"uv":[9.5,11,9.75,12.25],"texture":"#2"},"up":{"uv":[12.75,1.25,10.5,1],"texture":"#2"},"down":{"uv":[8.25,10.5,6,10.75],"texture":"#2"}}},{"from":[7.94609,7.20289,12.83863],"to":[10.44609,9.70289,13.33863],"rotation":{"angle":22.5,"axis":"y","origin":[8,8.45289,11]},"faces":{"north":{"uv":[9.75,1.5,8.5,2.75],"texture":"#2"},"east":{"uv":[1.75,11,1.5,12.25],"texture":"#2"},"south":{"uv":[9.75,3,8.5,4.25],"texture":"#2"},"west":{"uv":[1.25,11,1,12.25],"texture":"#2"},"up":{"uv":[6,11.25,7.25,11],"texture":"#2"},"down":{"uv":[11,8,12.25,8.25],"texture":"#2"}}},{"from":[10.88331,7.20289,7.42402],"to":[11.38331,9.70289,10.92402],"rotation":{"angle":-22.5,"axis":"y","origin":[8,8.45289,11]},"faces":{"north":{"uv":[2.25,11,2,12.25],"texture":"#2"},"east":{"uv":[1.5,8,3.25,9.25],"texture":"#2"},"south":{"uv":[2.75,11,2.5,12.25],"texture":"#2"},"west":{"uv":[3.25,8,1.5,9.25],"texture":"#2"},"up":{"uv":[8.5,12.25,8.75,10.5],"texture":"#2"},"down":{"uv":[9,10.5,9.25,12.25],"texture":"#2"}}},{"from":[11.38331,7.20289,7.42402],"to":[12.98331,9.70289,7.92402],"rotation":{"angle":-22.5,"axis":"y","origin":[8,8.45289,11]},"faces":{"north":{"uv":[3.75,10.5,3,11.75],"texture":"#2"},"east":{"uv":[8.25,11,8,12.25],"texture":"#2"},"south":{"uv":[3,10.5,3.75,11.75],"texture":"#2"},"west":{"uv":[7.75,11,7.5,12.25],"texture":"#2"},"up":{"uv":[5.5,7.75,6.25,7.5],"texture":"#2"},"down":{"uv":[9,6,9.75,6.25],"texture":"#2"}}},{"from":[8.38605,7.20289,13.94603],"to":[13.03605,9.70289,14.44603],"rotation":{"angle":45,"axis":"y","origin":[8,8.45289,11]},"faces":{"north":{"uv":[8.25,3.5,6,4.75],"texture":"#2"},"east":{"uv":[9.75,11,9.5,12.25],"texture":"#2"},"south":{"uv":[8.25,3.5,6,4.75],"texture":"#2"},"west":{"uv":[11.25,8.5,11,9.75],"texture":"#2"},"up":{"uv":[10.5,1.25,12.75,1],"texture":"#2"},"down":{"uv":[6,10.5,8.25,10.75],"texture":"#2"}}}],"gui_light":"front","display":{"thirdperson_righthand":{"rotation":[67.5,0,0],"translation":[0,2.25,-1],"scale":[0.34297,0.34297,0.34297]},"thirdperson_lefthand":{"rotation":[67.5,0,0],"translation":[0,2.25,-1],"scale":[0.34297,0.34297,0.34297]},"firstperson_righthand":{"translation":[1.5,5,0],"scale":[0.45023,0.45023,0.45023]},"firstperson_lefthand":{"translation":[1.5,5,0],"scale":[0.45023,0.45023,0.45023]},"ground":{"translation":[0,6,-2.25],"scale":[0.6,0.6,0.6]},"gui":{"rotation":[30,135,0],"translation":[-3.25,1.75,0],"scale":[1.07,1.07,1.07]},"head":{"rotation":[0,180,0],"translation":[0,-30.4,0],"scale":[1.6,1.6,1.6]},"fixed":{"translation":[0,0,-16],"scale":[2,2,2]}}}