{"credit":"MadewithBlockbench","texture_size":[64,64],"textures":{"0":"elitecreatures:christmas_furniture_v2/11_chair_texture","particle":"elitecreatures:christmas_furniture_v2/11_chair_texture"},"elements":[{"from":[2,9,2],"to":[14,11,14],"faces":{"north":{"uv":[4.125,12.5,7.125,13],"texture":"#0"},"east":{"uv":[4.125,12.5,7.125,13],"texture":"#0"},"south":{"uv":[4.125,12.5,7.125,13],"texture":"#0"},"west":{"uv":[4.125,12.5,7.125,13],"texture":"#0"},"up":{"uv":[7.125,13,4.125,10],"texture":"#0"},"down":{"uv":[7.125,13,4.125,10],"texture":"#0"}}},{"from":[2,0,2],"to":[4,9,4],"faces":{"north":{"uv":[1,6,1.5,8.25],"texture":"#0"},"east":{"uv":[1.5,6,1,8.25],"texture":"#0"},"south":{"uv":[1,6,1.5,8.25],"texture":"#0"},"west":{"uv":[1.5,6,1,8.25],"texture":"#0"},"up":{"uv":[8.5,1.5,8,1],"texture":"#0"},"down":{"uv":[8.5,1.5,8,2],"texture":"#0"}}},{"from":[12,0,2],"to":[14,9,4],"rotation":{"angle":0,"axis":"y","origin":[16,0,0]},"faces":{"north":{"uv":[1.5,6,1,8.25],"texture":"#0"},"east":{"uv":[1,6,1.5,8.25],"texture":"#0"},"south":{"uv":[1.5,6,1,8.25],"texture":"#0"},"west":{"uv":[1,6,1.5,8.25],"texture":"#0"},"up":{"uv":[8,1.5,8.5,1],"texture":"#0"},"down":{"uv":[8,1.5,8.5,2],"texture":"#0"}}},{"from":[12,0,12],"to":[14,9,14],"rotation":{"angle":0,"axis":"y","origin":[16,0,16]},"faces":{"north":{"uv":[1,6,1.5,8.25],"texture":"#0"},"east":{"uv":[1.5,6,1,8.25],"texture":"#0"},"south":{"uv":[1,6,1.5,8.25],"texture":"#0"},"west":{"uv":[1.5,6,1,8.25],"texture":"#0"},"up":{"uv":[8,1,8.5,1.5],"texture":"#0"},"down":{"uv":[8,2,8.5,1.5],"texture":"#0"}}},{"from":[2,0,12],"to":[4,9,14],"rotation":{"angle":0,"axis":"y","origin":[0,0,16]},"faces":{"north":{"uv":[1.5,6,1,8.25],"texture":"#0"},"east":{"uv":[1,6,1.5,8.25],"texture":"#0"},"south":{"uv":[1.5,6,1,8.25],"texture":"#0"},"west":{"uv":[1,6,1.5,8.25],"texture":"#0"},"up":{"uv":[8.5,1,8,1.5],"texture":"#0"},"down":{"uv":[8.5,2,8,1.5],"texture":"#0"}}},{"from":[2,11,12],"to":[4,23,14],"rotation":{"angle":0,"axis":"y","origin":[0,0,16]},"faces":{"north":{"uv":[4.5,5,4,8],"texture":"#0"},"east":{"uv":[4,5,4.5,8],"texture":"#0"},"south":{"uv":[4.5,5,4,8],"texture":"#0"},"west":{"uv":[4,5,4.5,8],"texture":"#0"},"up":{"uv":[4.5,8.5,4,8],"texture":"#0"},"down":{"uv":[8.5,4,8,4.5],"texture":"#0"}}},{"from":[12,11,12],"to":[14,23,14],"rotation":{"angle":0,"axis":"y","origin":[16,0,16]},"faces":{"north":{"uv":[4,5,4.5,8],"texture":"#0"},"east":{"uv":[4.5,5,4,8],"texture":"#0"},"south":{"uv":[4,5,4.5,8],"texture":"#0"},"west":{"uv":[4.5,5,4,8],"texture":"#0"},"up":{"uv":[4,8.5,4.5,8],"texture":"#0"},"down":{"uv":[8,4,8.5,4.5],"texture":"#0"}}},{"from":[4,13,12],"to":[12,22,14],"rotation":{"angle":0,"axis":"y","origin":[0,0,16]},"faces":{"north":{"uv":[4.625,10.375,6.625,12.625],"texture":"#0"},"east":{"uv":[0,6,0.5,8.25],"texture":"#0"},"south":{"uv":[4.625,10.375,6.625,12.625],"texture":"#0"},"west":{"uv":[0.5,6,1,8.25],"texture":"#0"},"up":{"uv":[6.625,10.5,4.625,10],"texture":"#0"},"down":{"uv":[6.625,10.5,4.625,10],"texture":"#0"}}}],"gui_light":"front","display":{"thirdperson_righthand":{"rotation":[67.5,0,0],"translation":[0,1.5,-0.5],"scale":[0.26898,0.26898,0.26898]},"thirdperson_lefthand":{"rotation":[67.5,0,0],"translation":[0,1.5,-0.5],"scale":[0.26898,0.26898,0.26898]},"firstperson_righthand":{"translation":[1.75,3.5,0],"scale":[0.32828,0.32828,0.32828]},"firstperson_lefthand":{"translation":[1.75,3.5,0],"scale":[0.32828,0.32828,0.32828]},"ground":{"translation":[0,6,0],"scale":[0.5,0.5,0.5]},"gui":{"rotation":[30,135,0],"translation":[0,-1.75,0],"scale":[0.55492,0.55492,0.55492]},"head":{"rotation":[0,180,0],"translation":[0,-30.4,0],"scale":[1.6,1.6,1.6]},"fixed":{"rotation":[-90,0,0],"translation":[0,0,-16],"scale":[2,2,2]}}}