{"credit":"MadewithBlockbench","texture_size":[64,64],"textures":{"2":"elitecreatures:christmas_furniture_v2/16_leaf_decoration_texture","particle":"elitecreatures:christmas_furniture_v2/16_leaf_decoration_texture"},"elements":[{"from":[11.96066,3.28198,13.81],"to":[17.96066,6.28198,15.79],"rotation":{"angle":45,"axis":"z","origin":[14.96066,4.78198,14.3]},"faces":{"north":{"uv":[1.5,4.5,3,5.25],"texture":"#2"},"east":{"uv":[2,7.25,2.5,8],"texture":"#2"},"south":{"uv":[4.5,4,6,4.75],"texture":"#2"},"west":{"uv":[2.5,7.25,3,8],"texture":"#2"},"up":{"uv":[7.5,6.5,6,6],"texture":"#2"},"down":{"uv":[4.5,6.25,3,6.75],"texture":"#2"}}},{"from":[11.76066,3.08198,13.61],"to":[18.16066,6.48198,15.99],"rotation":{"angle":45,"axis":"z","origin":[14.96066,4.78198,14.3]},"faces":{"north":{"uv":[0,5.25,1.5,6],"texture":"#2"},"east":{"uv":[5,7.25,5.5,8],"texture":"#2"},"south":{"uv":[5.25,0,6.75,0.75],"texture":"#2"},"west":{"uv":[5.5,7.25,6,8],"texture":"#2"},"up":{"uv":[1.5,7.25,0,6.75],"texture":"#2"},"down":{"uv":[8.25,0,6.75,0.5],"texture":"#2"}}},{"from":[2.1,1.4,13.6],"to":[14,4.8,16],"rotation":{"angle":0,"axis":"y","origin":[0,1.6,6.3]},"faces":{"north":{"uv":[0,1.5,2.875,2.25],"texture":"#2"},"east":{"uv":[3,7.25,3.5,8],"texture":"#2"},"south":{"uv":[0,2.25,2.875,3],"texture":"#2"},"west":{"uv":[3.5,7.25,4,8],"texture":"#2"},"up":{"uv":[5.125,4,2.25,3.5],"texture":"#2"},"down":{"uv":[2.875,4,0,4.5],"texture":"#2"}}},{"from":[8.25,2.1,12.3],"to":[9.75,3.6,13.8],"rotation":{"angle":-22.5,"axis":"y","origin":[9,2.85,13.55]},"faces":{"north":{"uv":[4.5,8,4.875,8.375],"texture":"#2"},"east":{"uv":[5,8,5.375,8.375],"texture":"#2"},"south":{"uv":[8,5,8.375,5.375],"texture":"#2"},"west":{"uv":[5.5,8,5.875,8.375],"texture":"#2"},"up":{"uv":[8.375,5.875,8,5.5],"texture":"#2"},"down":{"uv":[8.375,6,8,6.375],"texture":"#2"}}},{"from":[2.3,1.6,13.8],"to":[13.8,4.6,15.8],"rotation":{"angle":0,"axis":"y","origin":[0,1.6,6.3]},"faces":{"north":{"uv":[0,0,2.875,0.75],"texture":"#2"},"east":{"uv":[0,7.25,0.5,8],"texture":"#2"},"south":{"uv":[0,0,2.875,0.75],"texture":"#2"},"west":{"uv":[0.5,7.25,1,8],"texture":"#2"},"up":{"uv":[5.125,3.5,2.25,3],"texture":"#2"},"down":{"uv":[5.875,2.25,3,2.75],"texture":"#2"}}},{"from":[2.85,4.6,12.5],"to":[4.35,6.1,14],"rotation":{"angle":0,"axis":"y","origin":[0.15,1.6,6.8]},"faces":{"north":{"uv":[2,8,2.375,8.375],"texture":"#2"},"east":{"uv":[2.5,8,2.875,8.375],"texture":"#2"},"south":{"uv":[3,8,3.375,8.375],"texture":"#2"},"west":{"uv":[8,3.25,8.375,3.625],"texture":"#2"},"up":{"uv":[3.875,8.375,3.5,8],"texture":"#2"},"down":{"uv":[4.375,8,4,8.375],"texture":"#2"}}},{"from":[-2.01066,3.08198,13.61],"to":[4.38934,6.48198,15.99],"rotation":{"angle":-45,"axis":"z","origin":[1.18934,4.78198,14.3]},"faces":{"north":{"uv":[3,4.75,4.5,5.5],"texture":"#2"},"east":{"uv":[4,7.25,4.5,8],"texture":"#2"},"south":{"uv":[4.5,4.75,6,5.5],"texture":"#2"},"west":{"uv":[4.5,7.25,5,8],"texture":"#2"},"up":{"uv":[6,6.75,4.5,6.25],"texture":"#2"},"down":{"uv":[7.5,6.5,6,7],"texture":"#2"}}},{"from":[-1.81066,3.28198,13.81],"to":[4.18934,6.28198,15.79],"rotation":{"angle":-45,"axis":"z","origin":[1.18934,4.78198,14.3]},"faces":{"north":{"uv":[3,4,4.5,4.75],"texture":"#2"},"east":{"uv":[1,7.25,1.5,8],"texture":"#2"},"south":{"uv":[0,4.5,1.5,5.25],"texture":"#2"},"west":{"uv":[1.5,7.25,2,8],"texture":"#2"},"up":{"uv":[7.5,5.5,6,5],"texture":"#2"},"down":{"uv":[7.5,5.5,6,6],"texture":"#2"}}},{"from":[-3.93934,3.28198,13.91],"to":[2.06066,6.28198,15.69],"rotation":{"angle":45,"axis":"z","origin":[-0.93934,4.78198,14.3]},"faces":{"north":{"uv":[5.25,0.75,6.75,1.5],"texture":"#2"},"east":{"uv":[7.5,3.25,8,4],"texture":"#2"},"south":{"uv":[1.5,5.25,3,6],"texture":"#2"},"west":{"uv":[7.5,5,8,5.75],"texture":"#2"},"up":{"uv":[8.25,1,6.75,0.5],"texture":"#2"},"down":{"uv":[8.25,1,6.75,1.5],"texture":"#2"}}},{"from":[-4.13934,3.08198,13.61],"to":[2.26066,6.48198,15.99],"rotation":{"angle":45,"axis":"z","origin":[-0.93934,4.78198,14.3]},"faces":{"north":{"uv":[5.25,1.5,6.75,2.25],"texture":"#2"},"east":{"uv":[7.5,5.75,8,6.5],"texture":"#2"},"south":{"uv":[5.25,2.75,6.75,3.5],"texture":"#2"},"west":{"uv":[6,7.5,6.5,8.25],"texture":"#2"},"up":{"uv":[3,7.25,1.5,6.75],"texture":"#2"},"down":{"uv":[8.25,1.5,6.75,2],"texture":"#2"}}},{"from":[-10.9,1.4,13.6],"to":[-1.9,4.8,16],"rotation":{"angle":0,"axis":"y","origin":[-15.9,1.6,6.3]},"faces":{"north":{"uv":[0,3,2.125,3.75],"texture":"#2"},"east":{"uv":[6.5,7.5,7,8.25],"texture":"#2"},"south":{"uv":[3,0,5.125,0.75],"texture":"#2"},"west":{"uv":[7.5,6.5,8,7.25],"texture":"#2"},"up":{"uv":[7.375,4,5.25,3.5],"texture":"#2"},"down":{"uv":[8.125,2.25,6,2.75],"texture":"#2"}}},{"from":[-7.65,2.1,12.3],"to":[-6.15,3.6,13.8],"rotation":{"angle":-22.5,"axis":"y","origin":[-6.9,2.85,13.55]},"faces":{"north":{"uv":[8,6.5,8.375,6.875],"texture":"#2"},"east":{"uv":[8,7,8.375,7.375],"texture":"#2"},"south":{"uv":[7.5,8,7.875,8.375],"texture":"#2"},"west":{"uv":[8,7.5,8.375,7.875],"texture":"#2"},"up":{"uv":[8.375,8.375,8,8],"texture":"#2"},"down":{"uv":[8.625,0,8.25,0.375],"texture":"#2"}}},{"from":[-10.7,1.6,13.8],"to":[-2.1,4.6,15.8],"rotation":{"angle":0,"axis":"y","origin":[-15.9,1.6,6.3]},"faces":{"north":{"uv":[3,0.75,5.125,1.5],"texture":"#2"},"east":{"uv":[7,7.5,7.5,8.25],"texture":"#2"},"south":{"uv":[3,1.5,5.125,2.25],"texture":"#2"},"west":{"uv":[7.5,7.25,8,8],"texture":"#2"},"up":{"uv":[8.125,4.5,6,4],"texture":"#2"},"down":{"uv":[8.125,4.5,6,5],"texture":"#2"}}},{"from":[-12.65,4.6,12.5],"to":[-11.15,6.1,14],"rotation":{"angle":0,"axis":"y","origin":[-12.75,1.6,6.8]},"faces":{"north":{"uv":[8.25,0.5,8.625,0.875],"texture":"#2"},"east":{"uv":[8.25,1,8.625,1.375],"texture":"#2"},"south":{"uv":[8.25,1.5,8.625,1.875],"texture":"#2"},"west":{"uv":[8.25,2,8.625,2.375],"texture":"#2"},"up":{"uv":[8.625,2.875,8.25,2.5],"texture":"#2"},"down":{"uv":[8.625,3.75,8.25,4.125],"texture":"#2"}}},{"from":[-14.91066,3.08198,13.61],"to":[-8.51066,6.48198,15.99],"rotation":{"angle":-45,"axis":"z","origin":[-11.71066,4.78198,14.3]},"faces":{"north":{"uv":[3,5.5,4.5,6.25],"texture":"#2"},"east":{"uv":[0,8,0.5,8.75],"texture":"#2"},"south":{"uv":[4.5,5.5,6,6.25],"texture":"#2"},"west":{"uv":[0.5,8,1,8.75],"texture":"#2"},"up":{"uv":[8.25,3.25,6.75,2.75],"texture":"#2"},"down":{"uv":[4.5,6.75,3,7.25],"texture":"#2"}}},{"from":[-14.71066,3.28198,13.81],"to":[-8.71066,6.28198,15.79],"rotation":{"angle":-45,"axis":"z","origin":[-11.71066,4.78198,14.3]},"faces":{"north":{"uv":[0,6,1.5,6.75],"texture":"#2"},"east":{"uv":[1,8,1.5,8.75],"texture":"#2"},"south":{"uv":[1.5,6,3,6.75],"texture":"#2"},"west":{"uv":[1.5,8,2,8.75],"texture":"#2"},"up":{"uv":[6,7.25,4.5,6.75],"texture":"#2"},"down":{"uv":[7.5,7,6,7.5],"texture":"#2"}}},{"from":[13.93934,3.28198,13.91],"to":[19.93934,6.28198,15.69],"rotation":{"angle":-45,"axis":"z","origin":[16.93934,4.78198,14.3]},"faces":{"north":{"uv":[6.75,0.75,5.25,1.5],"texture":"#2"},"east":{"uv":[8,5,7.5,5.75],"texture":"#2"},"south":{"uv":[3,5.25,1.5,6],"texture":"#2"},"west":{"uv":[8,3.25,7.5,4],"texture":"#2"},"up":{"uv":[6.75,1,8.25,0.5],"texture":"#2"},"down":{"uv":[6.75,1,8.25,1.5],"texture":"#2"}}},{"from":[13.73934,3.08198,13.61],"to":[20.13934,6.48198,15.99],"rotation":{"angle":-45,"axis":"z","origin":[16.93934,4.78198,14.3]},"faces":{"north":{"uv":[6.75,1.5,5.25,2.25],"texture":"#2"},"east":{"uv":[6.5,7.5,6,8.25],"texture":"#2"},"south":{"uv":[6.75,2.75,5.25,3.5],"texture":"#2"},"west":{"uv":[8,5.75,7.5,6.5],"texture":"#2"},"up":{"uv":[1.5,7.25,3,6.75],"texture":"#2"},"down":{"uv":[6.75,1.5,8.25,2],"texture":"#2"}}},{"from":[17.9,1.4,13.6],"to":[26.9,4.8,16],"rotation":{"angle":0,"axis":"y","origin":[31.9,1.6,6.3]},"faces":{"north":{"uv":[2.125,3,0,3.75],"texture":"#2"},"east":{"uv":[8,6.5,7.5,7.25],"texture":"#2"},"south":{"uv":[5.125,0,3,0.75],"texture":"#2"},"west":{"uv":[7,7.5,6.5,8.25],"texture":"#2"},"up":{"uv":[5.25,4,7.375,3.5],"texture":"#2"},"down":{"uv":[6,2.25,8.125,2.75],"texture":"#2"}}},{"from":[22.15,2.1,12.3],"to":[23.65,3.6,13.8],"rotation":{"angle":22.5,"axis":"y","origin":[22.9,2.85,13.55]},"faces":{"north":{"uv":[8.375,6.5,8,6.875],"texture":"#2"},"east":{"uv":[8.375,7.5,8,7.875],"texture":"#2"},"south":{"uv":[7.875,8,7.5,8.375],"texture":"#2"},"west":{"uv":[8.375,7,8,7.375],"texture":"#2"},"up":{"uv":[8,8.375,8.375,8],"texture":"#2"},"down":{"uv":[8.25,0,8.625,0.375],"texture":"#2"}}},{"from":[18.1,1.6,13.8],"to":[26.7,4.6,15.8],"rotation":{"angle":0,"axis":"y","origin":[31.9,1.6,6.3]},"faces":{"north":{"uv":[5.125,0.75,3,1.5],"texture":"#2"},"east":{"uv":[8,7.25,7.5,8],"texture":"#2"},"south":{"uv":[5.125,1.5,3,2.25],"texture":"#2"},"west":{"uv":[7.5,7.5,7,8.25],"texture":"#2"},"up":{"uv":[6,4.5,8.125,4],"texture":"#2"},"down":{"uv":[6,4.5,8.125,5],"texture":"#2"}}},{"from":[27.15,4.6,12.5],"to":[28.65,6.1,14],"rotation":{"angle":0,"axis":"y","origin":[28.75,1.6,6.8]},"faces":{"north":{"uv":[8.625,0.5,8.25,0.875],"texture":"#2"},"east":{"uv":[8.625,2,8.25,2.375],"texture":"#2"},"south":{"uv":[8.625,1.5,8.25,1.875],"texture":"#2"},"west":{"uv":[8.625,1,8.25,1.375],"texture":"#2"},"up":{"uv":[8.25,2.875,8.625,2.5],"texture":"#2"},"down":{"uv":[8.25,3.75,8.625,4.125],"texture":"#2"}}},{"from":[24.51066,3.08198,13.61],"to":[30.91066,6.48198,15.99],"rotation":{"angle":45,"axis":"z","origin":[27.71066,4.78198,14.3]},"faces":{"north":{"uv":[4.5,5.5,3,6.25],"texture":"#2"},"east":{"uv":[1,8,0.5,8.75],"texture":"#2"},"south":{"uv":[6,5.5,4.5,6.25],"texture":"#2"},"west":{"uv":[0.5,8,0,8.75],"texture":"#2"},"up":{"uv":[6.75,3.25,8.25,2.75],"texture":"#2"},"down":{"uv":[3,6.75,4.5,7.25],"texture":"#2"}}},{"from":[24.71066,3.28198,13.81],"to":[30.71066,6.28198,15.79],"rotation":{"angle":45,"axis":"z","origin":[27.71066,4.78198,14.3]},"faces":{"north":{"uv":[1.5,6,0,6.75],"texture":"#2"},"east":{"uv":[2,8,1.5,8.75],"texture":"#2"},"south":{"uv":[3,6,1.5,6.75],"texture":"#2"},"west":{"uv":[1.5,8,1,8.75],"texture":"#2"},"up":{"uv":[4.5,7.25,6,6.75],"texture":"#2"},"down":{"uv":[6,7,7.5,7.5],"texture":"#2"}}},{"from":[-0.95,3.15,12.75],"to":[1.45,6.55,14.15],"rotation":{"angle":0,"axis":"y","origin":[-7.75,3.35,5.45]},"faces":{"north":{"uv":[2.5,0.75,3,1.5],"texture":"#2"},"east":{"uv":[7.75,8.5,8,9.25],"texture":"#2"},"south":{"uv":[2.5,0.75,3,1.5],"texture":"#2"},"west":{"uv":[7.75,8.5,8,9.25],"texture":"#2"},"up":{"uv":[1.75,4,1.25,3.75],"texture":"#2"},"down":{"uv":[2.25,3.75,1.75,4],"texture":"#2"}}},{"from":[-1.75,-0.15,12.95],"to":[0.25,3.85,12.95],"rotation":{"angle":-22.5,"axis":"z","origin":[0.25,4.85,12.95]},"faces":{"north":{"uv":[7,8.25,7.5,9.25],"texture":"#2"},"east":{"uv":[0,0,0,1],"texture":"#2"},"south":{"uv":[7.5,8.25,7,9.25],"texture":"#2"},"west":{"uv":[0,0,0,1],"texture":"#2"},"up":{"uv":[0.5,0,0,0],"texture":"#2"},"down":{"uv":[0.5,0,0,0],"texture":"#2"}}},{"from":[0.97807,-1.23896,12.95],"to":[2.97807,2.76104,12.95],"rotation":{"angle":22.5,"axis":"z","origin":[-1.82193,2.46104,12.95]},"faces":{"north":{"uv":[7,8.25,7.5,9.25],"texture":"#2"},"east":{"uv":[0,0,0,1],"texture":"#2"},"south":{"uv":[7.5,8.25,7,9.25],"texture":"#2"},"west":{"uv":[0,0,0,1],"texture":"#2"},"up":{"uv":[0.5,0,0,0],"texture":"#2"},"down":{"uv":[0.5,0,0,0],"texture":"#2"}}},{"from":[0.19609,3.55289,12.78863],"to":[2.69609,6.05289,13.28863],"rotation":{"angle":22.5,"axis":"y","origin":[0.25,4.80289,10.95]},"faces":{"north":{"uv":[4.75,8.5,5.375,9.125],"texture":"#2"},"east":{"uv":[1.25,8.75,1.375,9.375],"texture":"#2"},"south":{"uv":[8.5,5,9.125,5.625],"texture":"#2"},"west":{"uv":[1.5,8.75,1.625,9.375],"texture":"#2"},"up":{"uv":[7.375,3.375,6.75,3.25],"texture":"#2"},"down":{"uv":[8.125,2,7.5,2.125],"texture":"#2"}}},{"from":[3.13331,3.55289,7.37402],"to":[3.63331,6.05289,10.87402],"rotation":{"angle":-22.5,"axis":"y","origin":[0.25,4.80289,10.95]},"faces":{"north":{"uv":[8.75,1.5,8.875,2.125],"texture":"#2"},"east":{"uv":[2,8.5,2.875,9.125],"texture":"#2"},"south":{"uv":[1.75,8.75,1.875,9.375],"texture":"#2"},"west":{"uv":[3,8.5,3.875,9.125],"texture":"#2"},"up":{"uv":[8.375,9.375,8.25,8.5],"texture":"#2"},"down":{"uv":[0.125,8.75,0,9.625],"texture":"#2"}}},{"from":[0.63605,3.55289,13.89603],"to":[5.28605,6.05289,14.39603],"rotation":{"angle":45,"axis":"y","origin":[0.25,4.80289,10.95]},"faces":{"north":{"uv":[0,0.75,1.125,1.375],"texture":"#2"},"east":{"uv":[8.75,2.25,8.875,2.875],"texture":"#2"},"south":{"uv":[1.25,0.75,2.375,1.375],"texture":"#2"},"west":{"uv":[8.75,8,8.875,8.625],"texture":"#2"},"up":{"uv":[4.125,2.875,3,2.75],"texture":"#2"},"down":{"uv":[1.125,3.75,0,3.875],"texture":"#2"}}},{"from":[3.63331,3.55289,7.37402],"to":[5.23331,6.05289,7.87402],"rotation":{"angle":-22.5,"axis":"y","origin":[0.25,4.80289,10.95]},"faces":{"north":{"uv":[8.5,6.5,8.875,7.125],"texture":"#2"},"east":{"uv":[8.75,8.75,8.875,9.375],"texture":"#2"},"south":{"uv":[8.5,7.25,8.875,7.875],"texture":"#2"},"west":{"uv":[9,0,9.125,0.625],"texture":"#2"},"up":{"uv":[9.375,0.875,9,0.75],"texture":"#2"},"down":{"uv":[9.375,1,9,1.125],"texture":"#2"}}},{"from":[-4.88605,3.55289,13.89603],"to":[-0.23605,6.05289,14.39603],"rotation":{"angle":-45,"axis":"y","origin":[0.15,4.80289,10.95]},"faces":{"north":{"uv":[1.125,0.75,0,1.375],"texture":"#2"},"east":{"uv":[8.875,8,8.75,8.625],"texture":"#2"},"south":{"uv":[2.375,0.75,1.25,1.375],"texture":"#2"},"west":{"uv":[8.875,2.25,8.75,2.875],"texture":"#2"},"up":{"uv":[3,2.875,4.125,2.75],"texture":"#2"},"down":{"uv":[0,3.75,1.125,3.875],"texture":"#2"}}},{"from":[-4.83331,3.55289,7.37402],"to":[-3.23331,6.05289,7.87402],"rotation":{"angle":22.5,"axis":"y","origin":[0.15,4.80289,10.95]},"faces":{"north":{"uv":[8.875,6.5,8.5,7.125],"texture":"#2"},"east":{"uv":[9.125,0,9,0.625],"texture":"#2"},"south":{"uv":[8.875,7.25,8.5,7.875],"texture":"#2"},"west":{"uv":[8.875,8.75,8.75,9.375],"texture":"#2"},"up":{"uv":[9,0.875,9.375,0.75],"texture":"#2"},"down":{"uv":[9,1,9.375,1.125],"texture":"#2"}}},{"from":[-3.23331,3.55289,7.37402],"to":[-2.73331,6.05289,10.87402],"rotation":{"angle":22.5,"axis":"y","origin":[0.15,4.80289,10.95]},"faces":{"north":{"uv":[8.875,1.5,8.75,2.125],"texture":"#2"},"east":{"uv":[3.875,8.5,3,9.125],"texture":"#2"},"south":{"uv":[1.875,8.75,1.75,9.375],"texture":"#2"},"west":{"uv":[2.875,8.5,2,9.125],"texture":"#2"},"up":{"uv":[8.25,9.375,8.375,8.5],"texture":"#2"},"down":{"uv":[0,8.75,0.125,9.625],"texture":"#2"}}},{"from":[-2.29609,3.55289,12.78863],"to":[0.20391,6.05289,13.28863],"rotation":{"angle":-22.5,"axis":"y","origin":[0.15,4.80289,10.95]},"faces":{"north":{"uv":[5.375,8.5,4.75,9.125],"texture":"#2"},"east":{"uv":[1.625,8.75,1.5,9.375],"texture":"#2"},"south":{"uv":[9.125,5,8.5,5.625],"texture":"#2"},"west":{"uv":[1.375,8.75,1.25,9.375],"texture":"#2"},"up":{"uv":[6.75,3.375,7.375,3.25],"texture":"#2"},"down":{"uv":[7.5,2,8.125,2.125],"texture":"#2"}}},{"from":[14.65,3.15,12.75],"to":[17.05,6.55,14.15],"rotation":{"angle":0,"axis":"y","origin":[7.85,3.35,5.45]},"faces":{"north":{"uv":[2.5,0.75,3,1.5],"texture":"#2"},"east":{"uv":[7.75,8.5,8,9.25],"texture":"#2"},"south":{"uv":[2.5,0.75,3,1.5],"texture":"#2"},"west":{"uv":[7.75,8.5,8,9.25],"texture":"#2"},"up":{"uv":[1.75,4,1.25,3.75],"texture":"#2"},"down":{"uv":[2.25,3.75,1.75,4],"texture":"#2"}}},{"from":[13.85,-0.15,12.95],"to":[15.85,3.85,12.95],"rotation":{"angle":-22.5,"axis":"z","origin":[15.85,4.85,12.95]},"faces":{"north":{"uv":[7,8.25,7.5,9.25],"texture":"#2"},"east":{"uv":[0,0,0,1],"texture":"#2"},"south":{"uv":[7.5,8.25,7,9.25],"texture":"#2"},"west":{"uv":[0,0,0,1],"texture":"#2"},"up":{"uv":[0.5,0,0,0],"texture":"#2"},"down":{"uv":[0.5,0,0,0],"texture":"#2"}}},{"from":[16.57807,-1.23896,12.95],"to":[18.57807,2.76104,12.95],"rotation":{"angle":22.5,"axis":"z","origin":[13.77807,2.46104,12.95]},"faces":{"north":{"uv":[7,8.25,7.5,9.25],"texture":"#2"},"east":{"uv":[0,0,0,1],"texture":"#2"},"south":{"uv":[7.5,8.25,7,9.25],"texture":"#2"},"west":{"uv":[0,0,0,1],"texture":"#2"},"up":{"uv":[0.5,0,0,0],"texture":"#2"},"down":{"uv":[0.5,0,0,0],"texture":"#2"}}},{"from":[15.79609,3.55289,12.78863],"to":[18.29609,6.05289,13.28863],"rotation":{"angle":22.5,"axis":"y","origin":[15.85,4.80289,10.95]},"faces":{"north":{"uv":[4.75,8.5,5.375,9.125],"texture":"#2"},"east":{"uv":[1.25,8.75,1.375,9.375],"texture":"#2"},"south":{"uv":[8.5,5,9.125,5.625],"texture":"#2"},"west":{"uv":[1.5,8.75,1.625,9.375],"texture":"#2"},"up":{"uv":[7.375,3.375,6.75,3.25],"texture":"#2"},"down":{"uv":[8.125,2,7.5,2.125],"texture":"#2"}}},{"from":[18.73331,3.55289,7.37402],"to":[19.23331,6.05289,10.87402],"rotation":{"angle":-22.5,"axis":"y","origin":[15.85,4.80289,10.95]},"faces":{"north":{"uv":[8.75,1.5,8.875,2.125],"texture":"#2"},"east":{"uv":[2,8.5,2.875,9.125],"texture":"#2"},"south":{"uv":[1.75,8.75,1.875,9.375],"texture":"#2"},"west":{"uv":[3,8.5,3.875,9.125],"texture":"#2"},"up":{"uv":[8.375,9.375,8.25,8.5],"texture":"#2"},"down":{"uv":[0.125,8.75,0,9.625],"texture":"#2"}}},{"from":[16.23605,3.55289,13.89603],"to":[20.88605,6.05289,14.39603],"rotation":{"angle":45,"axis":"y","origin":[15.85,4.80289,10.95]},"faces":{"north":{"uv":[0,0.75,1.125,1.375],"texture":"#2"},"east":{"uv":[8.75,2.25,8.875,2.875],"texture":"#2"},"south":{"uv":[1.25,0.75,2.375,1.375],"texture":"#2"},"west":{"uv":[8.75,8,8.875,8.625],"texture":"#2"},"up":{"uv":[4.125,2.875,3,2.75],"texture":"#2"},"down":{"uv":[1.125,3.75,0,3.875],"texture":"#2"}}},{"from":[19.23331,3.55289,7.37402],"to":[20.83331,6.05289,7.87402],"rotation":{"angle":-22.5,"axis":"y","origin":[15.85,4.80289,10.95]},"faces":{"north":{"uv":[8.5,6.5,8.875,7.125],"texture":"#2"},"east":{"uv":[8.75,8.75,8.875,9.375],"texture":"#2"},"south":{"uv":[8.5,7.25,8.875,7.875],"texture":"#2"},"west":{"uv":[9,0,9.125,0.625],"texture":"#2"},"up":{"uv":[9.375,0.875,9,0.75],"texture":"#2"},"down":{"uv":[9.375,1,9,1.125],"texture":"#2"}}},{"from":[10.71395,3.55289,13.89603],"to":[15.36395,6.05289,14.39603],"rotation":{"angle":-45,"axis":"y","origin":[15.75,4.80289,10.95]},"faces":{"north":{"uv":[1.125,0.75,0,1.375],"texture":"#2"},"east":{"uv":[8.875,8,8.75,8.625],"texture":"#2"},"south":{"uv":[2.375,0.75,1.25,1.375],"texture":"#2"},"west":{"uv":[8.875,2.25,8.75,2.875],"texture":"#2"},"up":{"uv":[3,2.875,4.125,2.75],"texture":"#2"},"down":{"uv":[0,3.75,1.125,3.875],"texture":"#2"}}},{"from":[10.76669,3.55289,7.37402],"to":[12.36669,6.05289,7.87402],"rotation":{"angle":22.5,"axis":"y","origin":[15.75,4.80289,10.95]},"faces":{"north":{"uv":[8.875,6.5,8.5,7.125],"texture":"#2"},"east":{"uv":[9.125,0,9,0.625],"texture":"#2"},"south":{"uv":[8.875,7.25,8.5,7.875],"texture":"#2"},"west":{"uv":[8.875,8.75,8.75,9.375],"texture":"#2"},"up":{"uv":[9,0.875,9.375,0.75],"texture":"#2"},"down":{"uv":[9,1,9.375,1.125],"texture":"#2"}}},{"from":[12.36669,3.55289,7.37402],"to":[12.86669,6.05289,10.87402],"rotation":{"angle":22.5,"axis":"y","origin":[15.75,4.80289,10.95]},"faces":{"north":{"uv":[8.875,1.5,8.75,2.125],"texture":"#2"},"east":{"uv":[3.875,8.5,3,9.125],"texture":"#2"},"south":{"uv":[1.875,8.75,1.75,9.375],"texture":"#2"},"west":{"uv":[2.875,8.5,2,9.125],"texture":"#2"},"up":{"uv":[8.25,9.375,8.375,8.5],"texture":"#2"},"down":{"uv":[0,8.75,0.125,9.625],"texture":"#2"}}},{"from":[13.30391,3.55289,12.78863],"to":[15.80391,6.05289,13.28863],"rotation":{"angle":-22.5,"axis":"y","origin":[15.75,4.80289,10.95]},"faces":{"north":{"uv":[5.375,8.5,4.75,9.125],"texture":"#2"},"east":{"uv":[1.625,8.75,1.5,9.375],"texture":"#2"},"south":{"uv":[9.125,5,8.5,5.625],"texture":"#2"},"west":{"uv":[1.375,8.75,1.25,9.375],"texture":"#2"},"up":{"uv":[6.75,3.375,7.375,3.25],"texture":"#2"},"down":{"uv":[7.5,2,8.125,2.125],"texture":"#2"}}}],"gui_light":"front","display":{"thirdperson_righthand":{"rotation":[67.5,0,0],"translation":[0,2.25,0],"scale":[0.27,0.27,0.27]},"thirdperson_lefthand":{"rotation":[67.5,0,0],"translation":[0,2.25,0],"scale":[0.27,0.27,0.27]},"firstperson_righthand":{"translation":[1.75,3.75,0],"scale":[0.33977,0.33977,0.33977]},"firstperson_lefthand":{"translation":[1.75,3.75,0],"scale":[0.33977,0.33977,0.33977]},"ground":{"translation":[0,6,-3],"scale":[0.5,0.5,0.5]},"gui":{"rotation":[30,135,0],"translation":[-2.25,0,0],"scale":[0.45641,0.45641,0.45641]},"head":{"rotation":[0,180,0],"translation":[0,-30.4,0],"scale":[1.6,1.6,1.6]},"fixed":{"translation":[0,0,-16],"scale":[2,2,2]}}}