{
	"credit": "Made with Blockbench",
	"texture_size": [32, 32],
	"textures": {
		"0": "gamergirlset:bowtex",
		"1": "gamergirlset:boxs",
		"2": "gamergirlset:square",
		"particle": "gamergirlset:bowtex"
	},
	"elements": [
		{
			"from": [5.83959, 11.12733, -0.45481],
			"to": [7.83959, 24.12733, 1.54519],
			"rotation": {"angle": 22.5, "axis": "x", "origin": [6.83959, 8, 8]},
			"faces": {
				"north": {"uv": [1, 0, 2, 6.5], "texture": "#0"},
				"east": {"uv": [0, 1, 1, 7.5], "texture": "#0"},
				"south": {"uv": [1, 0, 2, 6.5], "texture": "#0"},
				"west": {"uv": [1, 1, 0, 7.5], "texture": "#0"},
				"up": {"uv": [0, 0, 1, 1], "rotation": 270, "texture": "#0"},
				"down": {"uv": [0, 0, 1, 1], "rotation": 90, "texture": "#0"}
			}
		},
		{
			"from": [5.33959, 10.17733, 4.17323],
			"to": [8.33959, 16.17733, 6.17323],
			"rotation": {"angle": -22.5, "axis": "x", "origin": [6.83959, 8, 8]},
			"faces": {
				"north": {"uv": [1.5, 11.25, 3, 14.25], "texture": "#0"},
				"east": {"uv": [4, 13, 5, 16], "texture": "#0"},
				"south": {"uv": [5, 13, 6.5, 16], "texture": "#0"},
				"west": {"uv": [4, 13, 5, 16], "texture": "#0"},
				"up": {"uv": [4, 11.5, 5, 13], "rotation": 270, "texture": "#0"},
				"down": {"uv": [4, 11.5, 5, 13], "rotation": 90, "texture": "#0"}
			}
		},
		{
			"from": [5.83959, 11.17733, 2.17323],
			"to": [7.83959, 14.17733, 4.17323],
			"rotation": {"angle": -22.5, "axis": "x", "origin": [6.83959, 8, 8]},
			"faces": {
				"north": {"uv": [9, 5.5, 10, 7], "texture": "#0"},
				"east": {"uv": [8, 4.75, 9, 6.25], "texture": "#0"},
				"south": {"uv": [9, 5.5, 10, 7], "texture": "#0"},
				"west": {"uv": [8, 4.75, 9, 6.25], "texture": "#0"},
				"up": {"uv": [9, 7, 10, 8], "rotation": 270, "texture": "#0"},
				"down": {"uv": [9, 7, 10, 8], "rotation": 90, "texture": "#0"}
			}
		},
		{
			"from": [5.83959, 9.12733, 1.54519],
			"to": [7.83959, 25.12733, 3.54519],
			"rotation": {"angle": 22.5, "axis": "x", "origin": [6.83959, 8, 8]},
			"faces": {
				"north": {"uv": [3, 8, 4, 16], "texture": "#0"},
				"east": {"uv": [3, 0, 4, 8], "texture": "#0"},
				"south": {"uv": [3, 8, 4, 16], "texture": "#0"},
				"west": {"uv": [4, 0, 3, 8], "texture": "#0"},
				"up": {"uv": [2, 1.5, 3, 2.5], "rotation": 270, "texture": "#0"},
				"down": {"uv": [2, 1.5, 3, 2.5], "rotation": 90, "texture": "#0"}
			}
		},
		{
			"from": [6.83959, 13.12733, 2.54519],
			"to": [6.83959, 21.62733, 6.54519],
			"rotation": {"angle": 22.5, "axis": "x", "origin": [6.83959, 8, 8]},
			"faces": {
				"north": {"uv": [3, 8, 3, 14.25], "texture": "#0"},
				"east": {"uv": [7, 0.5, 9, 4.75], "texture": "#0"},
				"south": {"uv": [3, 8, 3, 14.25], "texture": "#0"},
				"west": {"uv": [9, 0.5, 7, 4.75], "texture": "#0"},
				"up": {"uv": [2, 1.5, 4.5, 1.5], "rotation": 270, "texture": "#0"},
				"down": {"uv": [2, 1.5, 4.5, 1.5], "rotation": 90, "texture": "#0"}
			}
		},
		{
			"from": [3.83959, 21.45, 3.63959],
			"to": [3.83959, 29.45, 11.63959],
			"rotation": {"angle": 0, "axis": "y", "origin": [6.83959, 8, 8]},
			"faces": {
				"north": {"uv": [8, 8, 8, 12], "texture": "#2"},
				"east": {"uv": [8, 8, 12, 12], "texture": "#2"},
				"south": {"uv": [8, 8, 8, 12], "texture": "#2"},
				"west": {"uv": [8, 8, 12, 12], "texture": "#2"},
				"up": {"uv": [8, 8, 14, 8], "rotation": 270, "texture": "#2"},
				"down": {"uv": [8, 8, 14, 8], "rotation": 90, "texture": "#2"}
			}
		},
		{
			"from": [3.83959, 19.98378, -3.0108],
			"to": [3.83959, 27.98378, 4.9892],
			"rotation": {"angle": 22.5, "axis": "x", "origin": [6.83959, 8, 8]},
			"faces": {
				"north": {"uv": [8, 8, 8, 12], "texture": "#2"},
				"east": {"uv": [12, 8, 16, 12], "texture": "#2"},
				"south": {"uv": [8, 8, 8, 12], "texture": "#2"},
				"west": {"uv": [12, 8, 16, 12], "texture": "#2"},
				"up": {"uv": [8, 8, 14, 8], "rotation": 270, "texture": "#2"},
				"down": {"uv": [8, 8, 14, 8], "rotation": 90, "texture": "#2"}
			}
		},
		{
			"from": [3.83959, 16.59386, 16.08417],
			"to": [3.83959, 24.59386, 24.08417],
			"rotation": {"angle": -45, "axis": "x", "origin": [6.83959, 8, 8]},
			"faces": {
				"north": {"uv": [8, 8, 14, 8], "rotation": 270, "texture": "#2"},
				"east": {"uv": [8, 12, 12, 16], "rotation": 270, "texture": "#2"},
				"south": {"uv": [8, 8, 14, 8], "rotation": 270, "texture": "#2"},
				"west": {"uv": [8, 12, 12, 16], "rotation": 90, "texture": "#2"},
				"up": {"uv": [8, 8, 8, 12], "rotation": 180, "texture": "#2"},
				"down": {"uv": [8, 8, 8, 12], "texture": "#2"}
			}
		},
		{
			"from": [3.83959, 20.25962, 10.34485],
			"to": [3.83959, 28.25962, 18.34485],
			"rotation": {"angle": -22.5, "axis": "x", "origin": [6.83959, 8, 8]},
			"faces": {
				"north": {"uv": [8, 8, 14, 8], "rotation": 270, "texture": "#2"},
				"east": {"uv": [12, 12, 16, 16], "rotation": 270, "texture": "#2"},
				"south": {"uv": [8, 8, 14, 8], "rotation": 270, "texture": "#2"},
				"west": {"uv": [12, 12, 16, 16], "rotation": 90, "texture": "#2"},
				"up": {"uv": [8, 8, 8, 12], "rotation": 180, "texture": "#2"},
				"down": {"uv": [8, 8, 8, 12], "texture": "#2"}
			}
		},
		{
			"from": [2.83959, 20.25962, 10.34485],
			"to": [2.83959, 28.25962, 18.34485],
			"rotation": {"angle": -22.5, "axis": "x", "origin": [6.83959, 8, 8]},
			"faces": {
				"north": {"uv": [0, 0, 6, 0], "rotation": 270, "texture": "#2"},
				"east": {"uv": [4, 4, 8, 8], "rotation": 270, "texture": "#2"},
				"south": {"uv": [0, 0, 6, 0], "rotation": 270, "texture": "#2"},
				"west": {"uv": [4, 4, 8, 8], "rotation": 90, "texture": "#2"},
				"up": {"uv": [0, 0, 0, 4], "rotation": 180, "texture": "#2"},
				"down": {"uv": [0, 0, 0, 4], "texture": "#2"}
			}
		},
		{
			"from": [2.83959, 16.59386, 16.08417],
			"to": [2.83959, 24.59386, 24.08417],
			"rotation": {"angle": -45, "axis": "x", "origin": [6.83959, 8, 8]},
			"faces": {
				"north": {"uv": [0, 0, 6, 0], "rotation": 270, "texture": "#2"},
				"east": {"uv": [0, 4, 4, 8], "rotation": 270, "texture": "#2"},
				"south": {"uv": [0, 0, 6, 0], "rotation": 270, "texture": "#2"},
				"west": {"uv": [0, 4, 4, 8], "rotation": 90, "texture": "#2"},
				"up": {"uv": [0, 0, 0, 4], "rotation": 180, "texture": "#2"},
				"down": {"uv": [0, 0, 0, 4], "texture": "#2"}
			}
		},
		{
			"from": [2.83959, 19.98378, -3.0108],
			"to": [2.83959, 27.98378, 4.9892],
			"rotation": {"angle": 22.5, "axis": "x", "origin": [6.83959, 8, 8]},
			"faces": {
				"north": {"uv": [0, 0, 0, 4], "texture": "#2"},
				"east": {"uv": [4, 0, 8, 4], "texture": "#2"},
				"south": {"uv": [0, 0, 0, 4], "texture": "#2"},
				"west": {"uv": [4, 0, 8, 4], "texture": "#2"},
				"up": {"uv": [0, 0, 6, 0], "rotation": 270, "texture": "#2"},
				"down": {"uv": [0, 0, 6, 0], "rotation": 90, "texture": "#2"}
			}
		},
		{
			"from": [2.83959, 21.45, 3.63959],
			"to": [2.83959, 29.45, 11.63959],
			"rotation": {"angle": 0, "axis": "y", "origin": [6.83959, 8, 8]},
			"faces": {
				"north": {"uv": [0, 0, 0, 4], "texture": "#2"},
				"east": {"uv": [0, 0, 4, 4], "texture": "#2"},
				"south": {"uv": [0, 0, 0, 4], "texture": "#2"},
				"west": {"uv": [0, 0, 4, 4], "texture": "#2"},
				"up": {"uv": [0, 0, 6, 0], "rotation": 270, "texture": "#2"},
				"down": {"uv": [0, 0, 6, 0], "rotation": 90, "texture": "#2"}
			}
		},
		{
			"from": [10.83959, 21.45, 3.63959],
			"to": [10.83959, 29.45, 11.63959],
			"rotation": {"angle": 0, "axis": "y", "origin": [6.83959, 8, 8]},
			"faces": {
				"north": {"uv": [0, 0, 0, 4], "texture": "#2"},
				"east": {"uv": [4, 0, 0, 4], "texture": "#2"},
				"south": {"uv": [0, 0, 0, 4], "texture": "#2"},
				"west": {"uv": [4, 0, 0, 4], "texture": "#2"},
				"up": {"uv": [0, 0, 6, 0], "rotation": 270, "texture": "#2"},
				"down": {"uv": [0, 0, 6, 0], "rotation": 90, "texture": "#2"}
			}
		},
		{
			"from": [10.83959, 19.98378, -3.0108],
			"to": [10.83959, 27.98378, 4.9892],
			"rotation": {"angle": 22.5, "axis": "x", "origin": [6.83959, 8, 8]},
			"faces": {
				"north": {"uv": [0, 0, 0, 4], "texture": "#2"},
				"east": {"uv": [8, 0, 4, 4], "texture": "#2"},
				"south": {"uv": [0, 0, 0, 4], "texture": "#2"},
				"west": {"uv": [8, 0, 4, 4], "texture": "#2"},
				"up": {"uv": [0, 0, 6, 0], "rotation": 270, "texture": "#2"},
				"down": {"uv": [0, 0, 6, 0], "rotation": 90, "texture": "#2"}
			}
		},
		{
			"from": [10.83959, 16.59386, 16.08417],
			"to": [10.83959, 24.59386, 24.08417],
			"rotation": {"angle": -45, "axis": "x", "origin": [6.83959, 8, 8]},
			"faces": {
				"north": {"uv": [0, 0, 6, 0], "rotation": 270, "texture": "#2"},
				"east": {"uv": [0, 8, 4, 4], "rotation": 90, "texture": "#2"},
				"south": {"uv": [0, 0, 6, 0], "rotation": 270, "texture": "#2"},
				"west": {"uv": [0, 8, 4, 4], "rotation": 270, "texture": "#2"},
				"up": {"uv": [0, 0, 0, 4], "rotation": 180, "texture": "#2"},
				"down": {"uv": [0, 0, 0, 4], "texture": "#2"}
			}
		},
		{
			"from": [10.83959, 20.25962, 10.34485],
			"to": [10.83959, 28.25962, 18.34485],
			"rotation": {"angle": -22.5, "axis": "x", "origin": [6.83959, 8, 8]},
			"faces": {
				"north": {"uv": [0, 0, 6, 0], "rotation": 270, "texture": "#2"},
				"east": {"uv": [4, 8, 8, 4], "rotation": 90, "texture": "#2"},
				"south": {"uv": [0, 0, 6, 0], "rotation": 270, "texture": "#2"},
				"west": {"uv": [4, 8, 8, 4], "rotation": 270, "texture": "#2"},
				"up": {"uv": [0, 0, 0, 4], "rotation": 180, "texture": "#2"},
				"down": {"uv": [0, 0, 0, 4], "texture": "#2"}
			}
		},
		{
			"from": [9.83959, 20.25962, 10.34485],
			"to": [9.83959, 28.25962, 18.34485],
			"rotation": {"angle": -22.5, "axis": "x", "origin": [6.83959, 8, 8]},
			"faces": {
				"north": {"uv": [8, 8, 14, 8], "rotation": 270, "texture": "#2"},
				"east": {"uv": [12, 16, 16, 12], "rotation": 90, "texture": "#2"},
				"south": {"uv": [8, 8, 14, 8], "rotation": 270, "texture": "#2"},
				"west": {"uv": [12, 16, 16, 12], "rotation": 270, "texture": "#2"},
				"up": {"uv": [8, 8, 8, 12], "rotation": 180, "texture": "#2"},
				"down": {"uv": [8, 8, 8, 12], "texture": "#2"}
			}
		},
		{
			"from": [9.83959, 16.59386, 16.08417],
			"to": [9.83959, 24.59386, 24.08417],
			"rotation": {"angle": -45, "axis": "x", "origin": [6.83959, 8, 8]},
			"faces": {
				"north": {"uv": [8, 8, 14, 8], "rotation": 270, "texture": "#2"},
				"east": {"uv": [8, 16, 12, 12], "rotation": 90, "texture": "#2"},
				"south": {"uv": [8, 8, 14, 8], "rotation": 270, "texture": "#2"},
				"west": {"uv": [8, 16, 12, 12], "rotation": 270, "texture": "#2"},
				"up": {"uv": [8, 8, 8, 12], "rotation": 180, "texture": "#2"},
				"down": {"uv": [8, 8, 8, 12], "texture": "#2"}
			}
		},
		{
			"from": [9.83959, 19.98378, -3.0108],
			"to": [9.83959, 27.98378, 4.9892],
			"rotation": {"angle": 22.5, "axis": "x", "origin": [6.83959, 8, 8]},
			"faces": {
				"north": {"uv": [8, 8, 8, 12], "texture": "#2"},
				"east": {"uv": [16, 8, 12, 12], "texture": "#2"},
				"south": {"uv": [8, 8, 8, 12], "texture": "#2"},
				"west": {"uv": [16, 8, 12, 12], "texture": "#2"},
				"up": {"uv": [8, 8, 14, 8], "rotation": 270, "texture": "#2"},
				"down": {"uv": [8, 8, 14, 8], "rotation": 90, "texture": "#2"}
			}
		},
		{
			"from": [9.83959, 21.45, 3.63959],
			"to": [9.83959, 29.45, 11.63959],
			"rotation": {"angle": 0, "axis": "y", "origin": [6.83959, 8, 8]},
			"faces": {
				"north": {"uv": [8, 8, 8, 12], "texture": "#2"},
				"east": {"uv": [12, 8, 8, 12], "texture": "#2"},
				"south": {"uv": [8, 8, 8, 12], "texture": "#2"},
				"west": {"uv": [12, 8, 8, 12], "texture": "#2"},
				"up": {"uv": [8, 8, 14, 8], "rotation": 270, "texture": "#2"},
				"down": {"uv": [8, 8, 14, 8], "rotation": 90, "texture": "#2"}
			}
		},
		{
			"from": [10.83959, -13.45, 3.63959],
			"to": [10.83959, -5.45, 11.63959],
			"rotation": {"angle": 0, "axis": "y", "origin": [6.83959, 8, 8]},
			"faces": {
				"north": {"uv": [0, 4, 0, 0], "texture": "#2"},
				"east": {"uv": [4, 4, 0, 0], "texture": "#2"},
				"south": {"uv": [0, 4, 0, 0], "texture": "#2"},
				"west": {"uv": [4, 4, 0, 0], "texture": "#2"},
				"up": {"uv": [0, 0, 6, 0], "rotation": 270, "texture": "#2"},
				"down": {"uv": [0, 0, 6, 0], "rotation": 90, "texture": "#2"}
			}
		},
		{
			"from": [10.83959, -11.98378, -3.0108],
			"to": [10.83959, -3.98378, 4.9892],
			"rotation": {"angle": -22.5, "axis": "x", "origin": [6.83959, 8, 8]},
			"faces": {
				"north": {"uv": [0, 4, 0, 0], "texture": "#2"},
				"east": {"uv": [8, 4, 4, 0], "texture": "#2"},
				"south": {"uv": [0, 4, 0, 0], "texture": "#2"},
				"west": {"uv": [8, 4, 4, 0], "texture": "#2"},
				"up": {"uv": [0, 0, 6, 0], "rotation": 270, "texture": "#2"},
				"down": {"uv": [0, 0, 6, 0], "rotation": 90, "texture": "#2"}
			}
		},
		{
			"from": [10.83959, -8.59386, 16.08417],
			"to": [10.83959, -0.59386, 24.08417],
			"rotation": {"angle": 45, "axis": "x", "origin": [6.83959, 8, 8]},
			"faces": {
				"north": {"uv": [6, 0, 0, 0], "rotation": 270, "texture": "#2"},
				"east": {"uv": [4, 8, 0, 4], "rotation": 90, "texture": "#2"},
				"south": {"uv": [6, 0, 0, 0], "rotation": 270, "texture": "#2"},
				"west": {"uv": [4, 8, 0, 4], "rotation": 270, "texture": "#2"},
				"up": {"uv": [0, 0, 0, 4], "rotation": 180, "texture": "#2"},
				"down": {"uv": [0, 0, 0, 4], "texture": "#2"}
			}
		},
		{
			"from": [10.83959, -12.25962, 10.34485],
			"to": [10.83959, -4.25962, 18.34485],
			"rotation": {"angle": 22.5, "axis": "x", "origin": [6.83959, 8, 8]},
			"faces": {
				"north": {"uv": [6, 0, 0, 0], "rotation": 270, "texture": "#2"},
				"east": {"uv": [8, 8, 4, 4], "rotation": 90, "texture": "#2"},
				"south": {"uv": [6, 0, 0, 0], "rotation": 270, "texture": "#2"},
				"west": {"uv": [8, 8, 4, 4], "rotation": 270, "texture": "#2"},
				"up": {"uv": [0, 0, 0, 4], "rotation": 180, "texture": "#2"},
				"down": {"uv": [0, 0, 0, 4], "texture": "#2"}
			}
		},
		{
			"from": [9.83959, -12.25962, 10.34485],
			"to": [9.83959, -4.25962, 18.34485],
			"rotation": {"angle": 22.5, "axis": "x", "origin": [6.83959, 8, 8]},
			"faces": {
				"north": {"uv": [14, 8, 8, 8], "rotation": 270, "texture": "#2"},
				"east": {"uv": [16, 16, 12, 12], "rotation": 90, "texture": "#2"},
				"south": {"uv": [14, 8, 8, 8], "rotation": 270, "texture": "#2"},
				"west": {"uv": [16, 16, 12, 12], "rotation": 270, "texture": "#2"},
				"up": {"uv": [8, 8, 8, 12], "rotation": 180, "texture": "#2"},
				"down": {"uv": [8, 8, 8, 12], "texture": "#2"}
			}
		},
		{
			"from": [9.83959, -8.59386, 16.08417],
			"to": [9.83959, -0.59386, 24.08417],
			"rotation": {"angle": 45, "axis": "x", "origin": [6.83959, 8, 8]},
			"faces": {
				"north": {"uv": [14, 8, 8, 8], "rotation": 270, "texture": "#2"},
				"east": {"uv": [12, 16, 8, 12], "rotation": 90, "texture": "#2"},
				"south": {"uv": [14, 8, 8, 8], "rotation": 270, "texture": "#2"},
				"west": {"uv": [12, 16, 8, 12], "rotation": 270, "texture": "#2"},
				"up": {"uv": [8, 8, 8, 12], "rotation": 180, "texture": "#2"},
				"down": {"uv": [8, 8, 8, 12], "texture": "#2"}
			}
		},
		{
			"from": [9.83959, -11.98378, -3.0108],
			"to": [9.83959, -3.98378, 4.9892],
			"rotation": {"angle": -22.5, "axis": "x", "origin": [6.83959, 8, 8]},
			"faces": {
				"north": {"uv": [8, 12, 8, 8], "texture": "#2"},
				"east": {"uv": [16, 12, 12, 8], "texture": "#2"},
				"south": {"uv": [8, 12, 8, 8], "texture": "#2"},
				"west": {"uv": [16, 12, 12, 8], "texture": "#2"},
				"up": {"uv": [8, 8, 14, 8], "rotation": 270, "texture": "#2"},
				"down": {"uv": [8, 8, 14, 8], "rotation": 90, "texture": "#2"}
			}
		},
		{
			"from": [9.83959, -13.45, 3.63959],
			"to": [9.83959, -5.45, 11.63959],
			"rotation": {"angle": 0, "axis": "y", "origin": [6.83959, 8, 8]},
			"faces": {
				"north": {"uv": [8, 12, 8, 8], "texture": "#2"},
				"east": {"uv": [12, 12, 8, 8], "texture": "#2"},
				"south": {"uv": [8, 12, 8, 8], "texture": "#2"},
				"west": {"uv": [12, 12, 8, 8], "texture": "#2"},
				"up": {"uv": [8, 8, 14, 8], "rotation": 270, "texture": "#2"},
				"down": {"uv": [8, 8, 14, 8], "rotation": 90, "texture": "#2"}
			}
		},
		{
			"from": [2.83959, -13.45, 3.63959],
			"to": [2.83959, -5.45, 11.63959],
			"rotation": {"angle": 0, "axis": "y", "origin": [6.83959, 8, 8]},
			"faces": {
				"north": {"uv": [0, 4, 0, 0], "texture": "#2"},
				"east": {"uv": [0, 4, 4, 0], "texture": "#2"},
				"south": {"uv": [0, 4, 0, 0], "texture": "#2"},
				"west": {"uv": [0, 4, 4, 0], "texture": "#2"},
				"up": {"uv": [0, 0, 6, 0], "rotation": 270, "texture": "#2"},
				"down": {"uv": [0, 0, 6, 0], "rotation": 90, "texture": "#2"}
			}
		},
		{
			"from": [6.83959, -5, 7.83959],
			"to": [6.83959, 9, 21.83959],
			"rotation": {"angle": 0, "axis": "y", "origin": [6.83959, 8, 8]},
			"faces": {
				"north": {"uv": [0, 16, 0, 0], "texture": "#1"},
				"east": {"uv": [14, 16, 0, 2], "texture": "#1"},
				"south": {"uv": [0, 16, 0, 0], "texture": "#1"},
				"west": {"uv": [0, 16, 14, 2], "texture": "#1"},
				"up": {"uv": [0, 0, 4.5, 0], "rotation": 270, "texture": "#1"},
				"down": {"uv": [0, 0, 4.5, 0], "rotation": 90, "texture": "#1"}
			}
		},
		{
			"from": [6.83959, 7, 7.83959],
			"to": [6.83959, 21, 21.83959],
			"rotation": {"angle": 0, "axis": "y", "origin": [6.83959, 8, 8]},
			"faces": {
				"north": {"uv": [0, 0, 0, 16], "texture": "#1"},
				"east": {"uv": [14, 2, 0, 16], "texture": "#1"},
				"south": {"uv": [0, 0, 0, 16], "texture": "#1"},
				"west": {"uv": [0, 2, 14, 16], "texture": "#1"},
				"up": {"uv": [0, 0, 4.5, 0], "rotation": 270, "texture": "#1"},
				"down": {"uv": [0, 0, 4.5, 0], "rotation": 90, "texture": "#1"}
			}
		},
		{
			"from": [2.83959, -11.98378, -3.0108],
			"to": [2.83959, -3.98378, 4.9892],
			"rotation": {"angle": -22.5, "axis": "x", "origin": [6.83959, 8, 8]},
			"faces": {
				"north": {"uv": [0, 4, 0, 0], "texture": "#2"},
				"east": {"uv": [4, 4, 8, 0], "texture": "#2"},
				"south": {"uv": [0, 4, 0, 0], "texture": "#2"},
				"west": {"uv": [4, 4, 8, 0], "texture": "#2"},
				"up": {"uv": [0, 0, 6, 0], "rotation": 270, "texture": "#2"},
				"down": {"uv": [0, 0, 6, 0], "rotation": 90, "texture": "#2"}
			}
		},
		{
			"from": [2.83959, -8.59386, 16.08417],
			"to": [2.83959, -0.59386, 24.08417],
			"rotation": {"angle": 45, "axis": "x", "origin": [6.83959, 8, 8]},
			"faces": {
				"north": {"uv": [6, 0, 0, 0], "rotation": 270, "texture": "#2"},
				"east": {"uv": [4, 4, 0, 8], "rotation": 270, "texture": "#2"},
				"south": {"uv": [6, 0, 0, 0], "rotation": 270, "texture": "#2"},
				"west": {"uv": [4, 4, 0, 8], "rotation": 90, "texture": "#2"},
				"up": {"uv": [0, 0, 0, 4], "rotation": 180, "texture": "#2"},
				"down": {"uv": [0, 0, 0, 4], "texture": "#2"}
			}
		},
		{
			"from": [2.83959, -12.25962, 10.34485],
			"to": [2.83959, -4.25962, 18.34485],
			"rotation": {"angle": 22.5, "axis": "x", "origin": [6.83959, 8, 8]},
			"faces": {
				"north": {"uv": [6, 0, 0, 0], "rotation": 270, "texture": "#2"},
				"east": {"uv": [8, 4, 4, 8], "rotation": 270, "texture": "#2"},
				"south": {"uv": [6, 0, 0, 0], "rotation": 270, "texture": "#2"},
				"west": {"uv": [8, 4, 4, 8], "rotation": 90, "texture": "#2"},
				"up": {"uv": [0, 0, 0, 4], "rotation": 180, "texture": "#2"},
				"down": {"uv": [0, 0, 0, 4], "texture": "#2"}
			}
		},
		{
			"from": [3.83959, -12.25962, 10.34485],
			"to": [3.83959, -4.25962, 18.34485],
			"rotation": {"angle": 22.5, "axis": "x", "origin": [6.83959, 8, 8]},
			"faces": {
				"north": {"uv": [14, 8, 8, 8], "rotation": 270, "texture": "#2"},
				"east": {"uv": [16, 12, 12, 16], "rotation": 270, "texture": "#2"},
				"south": {"uv": [14, 8, 8, 8], "rotation": 270, "texture": "#2"},
				"west": {"uv": [16, 12, 12, 16], "rotation": 90, "texture": "#2"},
				"up": {"uv": [8, 8, 8, 12], "rotation": 180, "texture": "#2"},
				"down": {"uv": [8, 8, 8, 12], "texture": "#2"}
			}
		},
		{
			"from": [3.83959, -8.59386, 16.08417],
			"to": [3.83959, -0.59386, 24.08417],
			"rotation": {"angle": 45, "axis": "x", "origin": [6.83959, 8, 8]},
			"faces": {
				"north": {"uv": [14, 8, 8, 8], "rotation": 270, "texture": "#2"},
				"east": {"uv": [12, 12, 8, 16], "rotation": 270, "texture": "#2"},
				"south": {"uv": [14, 8, 8, 8], "rotation": 270, "texture": "#2"},
				"west": {"uv": [12, 12, 8, 16], "rotation": 90, "texture": "#2"},
				"up": {"uv": [8, 8, 8, 12], "rotation": 180, "texture": "#2"},
				"down": {"uv": [8, 8, 8, 12], "texture": "#2"}
			}
		},
		{
			"from": [3.83959, -11.98378, -3.0108],
			"to": [3.83959, -3.98378, 4.9892],
			"rotation": {"angle": -22.5, "axis": "x", "origin": [6.83959, 8, 8]},
			"faces": {
				"north": {"uv": [8, 12, 8, 8], "texture": "#2"},
				"east": {"uv": [12, 12, 16, 8], "texture": "#2"},
				"south": {"uv": [8, 12, 8, 8], "texture": "#2"},
				"west": {"uv": [12, 12, 16, 8], "texture": "#2"},
				"up": {"uv": [8, 8, 14, 8], "rotation": 270, "texture": "#2"},
				"down": {"uv": [8, 8, 14, 8], "rotation": 90, "texture": "#2"}
			}
		},
		{
			"from": [3.83959, -13.45, 3.63959],
			"to": [3.83959, -5.45, 11.63959],
			"rotation": {"angle": 0, "axis": "y", "origin": [6.83959, 8, 8]},
			"faces": {
				"north": {"uv": [8, 12, 8, 8], "texture": "#2"},
				"east": {"uv": [8, 12, 12, 8], "texture": "#2"},
				"south": {"uv": [8, 12, 8, 8], "texture": "#2"},
				"west": {"uv": [8, 12, 12, 8], "texture": "#2"},
				"up": {"uv": [8, 8, 14, 8], "rotation": 270, "texture": "#2"},
				"down": {"uv": [8, 8, 14, 8], "rotation": 90, "texture": "#2"}
			}
		},
		{
			"from": [6.83959, -5.62733, 2.54519],
			"to": [6.83959, 2.87267, 6.54519],
			"rotation": {"angle": -22.5, "axis": "x", "origin": [6.83959, 8, 8]},
			"faces": {
				"north": {"uv": [3, 14.25, 3, 8], "texture": "#0"},
				"east": {"uv": [7, 4.75, 9, 0.5], "texture": "#0"},
				"south": {"uv": [3, 14.25, 3, 8], "texture": "#0"},
				"west": {"uv": [9, 4.75, 7, 0.5], "texture": "#0"},
				"up": {"uv": [2, 1.5, 4.5, 1.5], "rotation": 270, "texture": "#0"},
				"down": {"uv": [2, 1.5, 4.5, 1.5], "rotation": 90, "texture": "#0"}
			}
		},
		{
			"from": [5.83959, 22.84667, 13.54662],
			"to": [7.83959, 27.84667, 15.54662],
			"rotation": {"angle": -22.5, "axis": "x", "origin": [6.83959, 8, 8]},
			"faces": {
				"north": {"uv": [0, 11.25, 1, 13.75], "texture": "#0"},
				"east": {"uv": [2, 3.5, 3, 6], "texture": "#0"},
				"south": {"uv": [0, 11.25, 1, 13.75], "texture": "#0"},
				"west": {"uv": [2, 3.5, 3, 6], "texture": "#0"},
				"up": {"uv": [2, 2.5, 3, 3.5], "rotation": 270, "texture": "#0"},
				"down": {"uv": [2, 2.5, 3, 3.5], "rotation": 90, "texture": "#0"}
			}
		},
		{
			"from": [10.26637, 12.05, -1.46942],
			"to": [16.26637, 13.55, -0.46942],
			"rotation": {"angle": 45, "axis": "y", "origin": [6.83959, 8, 8]},
			"faces": {
				"north": {"uv": [15, 14, 14.25, 11], "rotation": 270, "texture": "#0"},
				"east": {"uv": [4.75, 1.75, 4, 1.25], "rotation": 270, "texture": "#0"},
				"south": {"uv": [14.25, 12.75, 11.25, 12], "texture": "#0"},
				"west": {"uv": [4, 1.75, 4.75, 1.25], "rotation": 90, "texture": "#0"},
				"up": {"uv": [14.25, 11.5, 11.25, 11], "rotation": 180, "texture": "#0"},
				"down": {"uv": [14.25, 12, 11.25, 11.5], "texture": "#0"}
			}
		},
		{
			"from": [-1.6579, 12.05, -1.39871],
			"to": [3.3421, 13.55, -0.39871],
			"rotation": {"angle": -45, "axis": "y", "origin": [6.83959, 8, 8]},
			"faces": {
				"north": {"uv": [11, 9, 10.25, 6.5], "rotation": 270, "texture": "#0"},
				"east": {"uv": [11, 6.5, 10.25, 6], "rotation": 270, "texture": "#0"},
				"south": {"uv": [5, 6.75, 4.25, 4.25], "rotation": 270, "texture": "#0"},
				"west": {"uv": [11, 6.5, 10.25, 6], "rotation": 90, "texture": "#0"},
				"up": {"uv": [4.5, 4.25, 4, 1.75], "rotation": 270, "texture": "#0"},
				"down": {"uv": [5, 4.25, 4.5, 1.75], "rotation": 90, "texture": "#0"}
			}
		},
		{
			"from": [2.53959, 11.8, -1.06041],
			"to": [3.53959, 13.8, 8.93959],
			"rotation": {"angle": 0, "axis": "y", "origin": [6.83959, 8, 8]},
			"faces": {
				"north": {"uv": [8, 0, 7, 0.5], "rotation": 270, "texture": "#0"},
				"east": {"uv": [16, 16, 11, 15], "texture": "#0"},
				"south": {"uv": [8, 0.5, 7, 0], "rotation": 270, "texture": "#0"},
				"west": {"uv": [16, 15, 15, 10], "rotation": 270, "texture": "#0"},
				"up": {"uv": [15, 14.5, 10, 14], "rotation": 90, "texture": "#0"},
				"down": {"uv": [15, 15, 10, 14.5], "rotation": 90, "texture": "#0"}
			}
		},
		{
			"from": [10.13959, 11.8, -1.06041],
			"to": [11.13959, 13.8, 8.93959],
			"rotation": {"angle": 0, "axis": "y", "origin": [6.83959, 8, 8]},
			"faces": {
				"north": {"uv": [8, 0.5, 7, 0], "rotation": 270, "texture": "#0"},
				"east": {"uv": [15, 15, 16, 10], "rotation": 90, "texture": "#0"},
				"south": {"uv": [8, 0, 7, 0.5], "rotation": 270, "texture": "#0"},
				"west": {"uv": [16, 15, 11, 16], "rotation": 180, "texture": "#0"},
				"up": {"uv": [15, 14, 10, 14.5], "rotation": 90, "texture": "#0"},
				"down": {"uv": [15, 14.5, 10, 15], "rotation": 90, "texture": "#0"}
			}
		},
		{
			"from": [10.16459, 11.87031, 5.41387],
			"to": [11.11459, 17.87031, 7.41387],
			"rotation": {"angle": 22.5, "axis": "x", "origin": [6.83959, 8, 8]},
			"faces": {
				"north": {"uv": [3, 14.5, 0, 15], "rotation": 270, "texture": "#0"},
				"east": {"uv": [16, 7, 15, 10], "texture": "#0"},
				"south": {"uv": [13.5, 9, 10.5, 9.5], "rotation": 90, "texture": "#0"},
				"west": {"uv": [6, 4.25, 5, 7.25], "rotation": 180, "texture": "#0"},
				"up": {"uv": [16, 6.25, 15, 6.75], "rotation": 90, "texture": "#0"},
				"down": {"uv": [16, 6.25, 15, 7], "rotation": 90, "texture": "#0"}
			}
		},
		{
			"from": [2.56459, 17.85057, 5.4291],
			"to": [11.11459, 18.85057, 6.9291],
			"rotation": {"angle": 22.5, "axis": "x", "origin": [6.83959, 8, 8]},
			"faces": {
				"north": {"uv": [14.25, 13.5, 10, 13], "texture": "#0"},
				"east": {"uv": [8.75, 0.5, 8, 0], "texture": "#0"},
				"south": {"uv": [14.25, 14, 10, 13.5], "texture": "#0"},
				"west": {"uv": [8.75, 0, 8, 0.5], "rotation": 180, "texture": "#0"},
				"up": {"uv": [10.75, 16, 6.5, 15.25], "rotation": 180, "texture": "#0"},
				"down": {"uv": [6.75, 10.25, 6, 6], "rotation": 90, "texture": "#0"}
			}
		},
		{
			"from": [2.56459, 11.87031, 5.41387],
			"to": [3.51459, 17.87031, 7.41387],
			"rotation": {"angle": 22.5, "axis": "x", "origin": [6.83959, 8, 8]},
			"faces": {
				"north": {"uv": [3, 15, 0, 14.5], "rotation": 270, "texture": "#0"},
				"east": {"uv": [6, 7.25, 5, 4.25], "texture": "#0"},
				"south": {"uv": [13.5, 9.5, 10.5, 9], "rotation": 90, "texture": "#0"},
				"west": {"uv": [16, 10, 15, 7], "rotation": 180, "texture": "#0"},
				"up": {"uv": [16, 6.75, 15, 6.25], "rotation": 90, "texture": "#0"},
				"down": {"uv": [16, 7, 15, 6.25], "rotation": 90, "texture": "#0"}
			}
		},
		{
			"from": [4.83959, 18.62922, 18.11952],
			"to": [6.83959, 22.62922, 22.11952],
			"rotation": {"angle": -45, "axis": "x", "origin": [6.83959, 8, 8]},
			"faces": {
				"north": {"uv": [9, 8.25, 7, 7.25], "rotation": 90, "texture": "#0"},
				"east": {"uv": [7, 10.25, 9, 8.25], "rotation": 180, "texture": "#0"},
				"south": {"uv": [7, 6.25, 9, 7.25], "rotation": 90, "texture": "#0"},
				"west": {"uv": [7, 8.25, 9, 10.25], "texture": "#0"},
				"up": {"uv": [7, 8.25, 9, 7.25], "rotation": 270, "texture": "#0"},
				"down": {"uv": [7, 6.25, 9, 7.25], "rotation": 90, "texture": "#0"}
			}
		},
		{
			"from": [5.83959, -3.43144, 15.18018],
			"to": [7.83959, 0.56856, 19.18018],
			"rotation": {"angle": -45, "axis": "x", "origin": [6.83959, 8, 8]},
			"faces": {
				"north": {"uv": [9, 8.25, 7, 7.25], "rotation": 90, "texture": "#0"},
				"east": {"uv": [7, 10.25, 9, 8.25], "rotation": 180, "texture": "#0"},
				"south": {"uv": [7, 6.25, 9, 7.25], "rotation": 90, "texture": "#0"},
				"west": {"uv": [7, 8.25, 9, 10.25], "texture": "#0"},
				"up": {"uv": [7, 8.25, 9, 7.25], "rotation": 270, "texture": "#0"},
				"down": {"uv": [7, 6.25, 9, 7.25], "rotation": 90, "texture": "#0"}
			}
		},
		{
			"from": [4.83959, 17.14084, -7.6079],
			"to": [6.83959, 20.14084, -6.6079],
			"rotation": {"angle": 45, "axis": "x", "origin": [6.83959, 8, 8]},
			"faces": {
				"north": {"uv": [16, 3.25, 15, 4.75], "rotation": 180, "texture": "#0"},
				"east": {"uv": [13.5, 9.5, 15, 9], "rotation": 90, "texture": "#0"},
				"south": {"uv": [16, 4.75, 15, 6.25], "texture": "#0"},
				"west": {"uv": [13.5, 9.5, 15, 9], "rotation": 90, "texture": "#0"},
				"up": {"uv": [5.5, 12.25, 6.5, 11.75], "texture": "#0"},
				"down": {"uv": [9, 9, 10, 9.5], "rotation": 180, "texture": "#0"}
			}
		},
		{
			"from": [6.83959, 17.14084, -7.6079],
			"to": [8.83959, 20.14084, -6.6079],
			"rotation": {"angle": 45, "axis": "x", "origin": [6.83959, 8, 8]},
			"faces": {
				"north": {"uv": [15, 3.25, 16, 4.75], "rotation": 180, "texture": "#0"},
				"east": {"uv": [13.5, 9, 15, 9.5], "rotation": 90, "texture": "#0"},
				"south": {"uv": [15, 4.75, 16, 6.25], "texture": "#0"},
				"west": {"uv": [13.5, 9, 15, 9.5], "rotation": 90, "texture": "#0"},
				"up": {"uv": [6.5, 12.25, 5.5, 11.75], "texture": "#0"},
				"down": {"uv": [10, 9.5, 9, 9], "rotation": 180, "texture": "#0"}
			}
		},
		{
			"from": [4.76852, 6.07107, -1.66041],
			"to": [8.76852, 10.07107, 7.33959],
			"rotation": {"angle": -45, "axis": "z", "origin": [6.83959, 8, 8]},
			"faces": {
				"north": {"uv": [13, 9, 15, 7], "rotation": 180, "texture": "#0"},
				"east": {"uv": [13, 2.5, 15, 7], "rotation": 270, "texture": "#0"},
				"south": {"uv": [13, 9, 15, 7], "texture": "#0"},
				"west": {"uv": [13, 4.5, 11, 9], "rotation": 90, "texture": "#0"},
				"up": {"uv": [11, 4.5, 13, 9], "rotation": 180, "texture": "#0"},
				"down": {"uv": [15, 2.5, 13, 7], "texture": "#0"}
			}
		},
		{
			"from": [4.33959, 12.85472, 5.42848],
			"to": [9.33959, 17.85472, 7.42848],
			"rotation": {"angle": 22.5, "axis": "x", "origin": [6.83959, 8, 8]},
			"faces": {
				"north": {"uv": [6.5, 12.75, 9, 15.25], "rotation": 180, "texture": "#0"},
				"east": {"uv": [0, 15, 2.5, 16], "rotation": 90, "texture": "#0"},
				"south": {"uv": [6.5, 10.25, 9, 12.75], "texture": "#0"},
				"west": {"uv": [0, 15, 2.5, 16], "rotation": 270, "texture": "#0"},
				"up": {"uv": [2.5, 15, 0, 16], "texture": "#0"},
				"down": {"uv": [2.5, 15, 0, 16], "rotation": 180, "texture": "#0"}
			}
		},
		{
			"from": [6.83959, 18.62922, 18.11952],
			"to": [8.83959, 22.62922, 22.11952],
			"rotation": {"angle": -45, "axis": "x", "origin": [6.83959, 8, 8]},
			"faces": {
				"north": {"uv": [7, 8.25, 9, 7.25], "rotation": 90, "texture": "#0"},
				"east": {"uv": [9, 8.25, 7, 10.25], "texture": "#0"},
				"south": {"uv": [7, 7.25, 9, 6.25], "rotation": 90, "texture": "#0"},
				"west": {"uv": [9, 10.25, 7, 8.25], "rotation": 180, "texture": "#0"},
				"up": {"uv": [7, 7.25, 9, 8.25], "rotation": 270, "texture": "#0"},
				"down": {"uv": [7, 7.25, 9, 6.25], "rotation": 90, "texture": "#0"}
			}
		},
		{
			"from": [5.83959, -8.12733, -0.45481],
			"to": [7.83959, 4.87267, 1.54519],
			"rotation": {"angle": -22.5, "axis": "x", "origin": [6.83959, 8, 8]},
			"faces": {
				"north": {"uv": [1, 6.5, 2, 0], "texture": "#0"},
				"east": {"uv": [0, 7.5, 1, 1], "texture": "#0"},
				"south": {"uv": [1, 6.5, 2, 0], "texture": "#0"},
				"west": {"uv": [1, 7.5, 0, 1], "texture": "#0"},
				"up": {"uv": [0, 1, 1, 0], "rotation": 270, "texture": "#0"},
				"down": {"uv": [0, 1, 1, 0], "rotation": 90, "texture": "#0"}
			}
		},
		{
			"from": [5.83959, -9.12733, 1.54519],
			"to": [7.83959, 6.87267, 3.54519],
			"rotation": {"angle": -22.5, "axis": "x", "origin": [6.83959, 8, 8]},
			"faces": {
				"north": {"uv": [3, 16, 4, 8], "texture": "#0"},
				"east": {"uv": [3, 8, 4, 0], "texture": "#0"},
				"south": {"uv": [3, 16, 4, 8], "texture": "#0"},
				"west": {"uv": [4, 8, 3, 0], "texture": "#0"},
				"up": {"uv": [2, 2.5, 3, 1.5], "rotation": 270, "texture": "#0"},
				"down": {"uv": [2, 2.5, 3, 1.5], "rotation": 90, "texture": "#0"}
			}
		},
		{
			"from": [5.83959, -11.84667, 13.54662],
			"to": [7.83959, -6.84667, 15.54662],
			"rotation": {"angle": 22.5, "axis": "x", "origin": [6.83959, 8, 8]},
			"faces": {
				"north": {"uv": [0, 13.75, 1, 11.25], "texture": "#0"},
				"east": {"uv": [2, 6, 3, 3.5], "texture": "#0"},
				"south": {"uv": [0, 13.75, 1, 11.25], "texture": "#0"},
				"west": {"uv": [2, 6, 3, 3.5], "texture": "#0"},
				"up": {"uv": [2, 3.5, 3, 2.5], "rotation": 270, "texture": "#0"},
				"down": {"uv": [2, 3.5, 3, 2.5], "rotation": 90, "texture": "#0"}
			}
		},
		{
			"from": [5.83959, -10.84667, 15.54662],
			"to": [7.83959, -7.84667, 21.54662],
			"rotation": {"angle": 22.5, "axis": "x", "origin": [6.83959, 8, 8]},
			"faces": {
				"north": {"uv": [2, 1.5, 3, 0], "texture": "#0"},
				"east": {"uv": [0, 10.25, 3, 8.75], "texture": "#0"},
				"south": {"uv": [2, 1.5, 3, 0], "texture": "#0"},
				"west": {"uv": [0, 10.25, 3, 8.75], "texture": "#0"},
				"up": {"uv": [0, 11.25, 3, 10.25], "rotation": 270, "texture": "#0"},
				"down": {"uv": [0, 8.75, 3, 7.75], "rotation": 90, "texture": "#0"}
			}
		},
		{
			"from": [5.83959, 23.84667, 15.54662],
			"to": [7.83959, 26.84667, 21.54662],
			"rotation": {"angle": -22.5, "axis": "x", "origin": [6.83959, 8, 8]},
			"faces": {
				"north": {"uv": [2, 0, 3, 1.5], "texture": "#0"},
				"east": {"uv": [0, 8.75, 3, 10.25], "texture": "#0"},
				"south": {"uv": [2, 0, 3, 1.5], "texture": "#0"},
				"west": {"uv": [0, 8.75, 3, 10.25], "texture": "#0"},
				"up": {"uv": [0, 7.75, 3, 8.75], "rotation": 270, "texture": "#0"},
				"down": {"uv": [0, 10.25, 3, 11.25], "rotation": 90, "texture": "#0"}
			}
		},
		{
			"from": [5.33959, -0.17733, 4.17323],
			"to": [8.33959, 5.82267, 6.17323],
			"rotation": {"angle": 22.5, "axis": "x", "origin": [6.83959, 8, 8]},
			"faces": {
				"north": {"uv": [1.5, 14.25, 3, 11.25], "texture": "#0"},
				"east": {"uv": [4, 16, 5, 13], "texture": "#0"},
				"south": {"uv": [5, 16, 6.5, 13], "texture": "#0"},
				"west": {"uv": [4, 16, 5, 13], "texture": "#0"},
				"up": {"uv": [4, 13, 5, 11.5], "rotation": 270, "texture": "#0"},
				"down": {"uv": [4, 13, 5, 11.5], "rotation": 90, "texture": "#0"}
			}
		},
		{
			"from": [5.83959, 1.82267, 2.17323],
			"to": [7.83959, 4.82267, 4.17323],
			"rotation": {"angle": 22.5, "axis": "x", "origin": [6.83959, 8, 8]},
			"faces": {
				"north": {"uv": [9, 7, 10, 5.5], "texture": "#0"},
				"east": {"uv": [8, 6.25, 9, 4.75], "texture": "#0"},
				"south": {"uv": [9, 7, 10, 5.5], "texture": "#0"},
				"west": {"uv": [8, 6.25, 9, 4.75], "texture": "#0"},
				"up": {"uv": [9, 8, 10, 7], "rotation": 270, "texture": "#0"},
				"down": {"uv": [9, 8, 10, 7], "rotation": 90, "texture": "#0"}
			}
		},
		{
			"from": [10.26637, 2.45, -1.46942],
			"to": [16.26637, 3.95, -0.46942],
			"rotation": {"angle": 45, "axis": "y", "origin": [6.83959, 8, 8]},
			"faces": {
				"north": {"uv": [14.25, 14, 15, 11], "rotation": 270, "texture": "#0"},
				"east": {"uv": [4, 1.75, 4.75, 1.25], "rotation": 270, "texture": "#0"},
				"south": {"uv": [14.25, 12, 11.25, 12.75], "texture": "#0"},
				"west": {"uv": [4.75, 1.75, 4, 1.25], "rotation": 90, "texture": "#0"},
				"up": {"uv": [11.25, 12, 14.25, 11.5], "rotation": 180, "texture": "#0"},
				"down": {"uv": [11.25, 11.5, 14.25, 11], "texture": "#0"}
			}
		},
		{
			"from": [-1.6579, 2.45, -1.39871],
			"to": [3.3421, 3.95, -0.39871],
			"rotation": {"angle": -45, "axis": "y", "origin": [6.83959, 8, 8]},
			"faces": {
				"north": {"uv": [10.25, 9, 11, 6.5], "rotation": 270, "texture": "#0"},
				"east": {"uv": [10.25, 6.5, 11, 6], "rotation": 270, "texture": "#0"},
				"south": {"uv": [4.25, 6.75, 5, 4.25], "rotation": 270, "texture": "#0"},
				"west": {"uv": [10.25, 6.5, 11, 6], "rotation": 90, "texture": "#0"},
				"up": {"uv": [5, 1.75, 4.5, 4.25], "rotation": 270, "texture": "#0"},
				"down": {"uv": [4.5, 1.75, 4, 4.25], "rotation": 90, "texture": "#0"}
			}
		},
		{
			"from": [2.53959, 2.2, -1.06041],
			"to": [3.53959, 4.2, 8.93959],
			"rotation": {"angle": 0, "axis": "y", "origin": [6.83959, 8, 8]},
			"faces": {
				"north": {"uv": [7, 0, 8, 0.5], "rotation": 270, "texture": "#0"},
				"east": {"uv": [16, 15, 11, 16], "texture": "#0"},
				"south": {"uv": [7, 0.5, 8, 0], "rotation": 270, "texture": "#0"},
				"west": {"uv": [15, 15, 16, 10], "rotation": 270, "texture": "#0"},
				"up": {"uv": [15, 14.5, 10, 15], "rotation": 270, "texture": "#0"},
				"down": {"uv": [15, 14, 10, 14.5], "rotation": 270, "texture": "#0"}
			}
		},
		{
			"from": [10.13959, 2.2, -1.06041],
			"to": [11.13959, 4.2, 8.93959],
			"rotation": {"angle": 0, "axis": "y", "origin": [6.83959, 8, 8]},
			"faces": {
				"north": {"uv": [7, 0.5, 8, 0], "rotation": 270, "texture": "#0"},
				"east": {"uv": [16, 15, 15, 10], "rotation": 90, "texture": "#0"},
				"south": {"uv": [7, 0, 8, 0.5], "rotation": 270, "texture": "#0"},
				"west": {"uv": [16, 16, 11, 15], "rotation": 180, "texture": "#0"},
				"up": {"uv": [15, 15, 10, 14.5], "rotation": 270, "texture": "#0"},
				"down": {"uv": [15, 14.5, 10, 14], "rotation": 270, "texture": "#0"}
			}
		},
		{
			"from": [10.16459, -1.87031, 5.41387],
			"to": [11.11459, 4.12969, 7.41387],
			"rotation": {"angle": -22.5, "axis": "x", "origin": [6.83959, 8, 8]},
			"faces": {
				"north": {"uv": [0, 14.5, 3, 15], "rotation": 270, "texture": "#0"},
				"east": {"uv": [16, 10, 15, 7], "texture": "#0"},
				"south": {"uv": [10.5, 9, 13.5, 9.5], "rotation": 90, "texture": "#0"},
				"west": {"uv": [6, 7.25, 5, 4.25], "rotation": 180, "texture": "#0"},
				"up": {"uv": [16, 7, 15, 6.25], "rotation": 270, "texture": "#0"},
				"down": {"uv": [16, 6.75, 15, 6.25], "rotation": 270, "texture": "#0"}
			}
		},
		{
			"from": [2.56459, -1.87031, 5.41387],
			"to": [3.51459, 4.12969, 7.41387],
			"rotation": {"angle": -22.5, "axis": "x", "origin": [6.83959, 8, 8]},
			"faces": {
				"north": {"uv": [0, 15, 3, 14.5], "rotation": 270, "texture": "#0"},
				"east": {"uv": [6, 4.25, 5, 7.25], "texture": "#0"},
				"south": {"uv": [10.5, 9.5, 13.5, 9], "rotation": 90, "texture": "#0"},
				"west": {"uv": [16, 7, 15, 10], "rotation": 180, "texture": "#0"},
				"up": {"uv": [16, 6.25, 15, 7], "rotation": 270, "texture": "#0"},
				"down": {"uv": [16, 6.25, 15, 6.75], "rotation": 270, "texture": "#0"}
			}
		},
		{
			"from": [2.56459, -2.85057, 5.4291],
			"to": [11.11459, -1.85057, 6.9291],
			"rotation": {"angle": -22.5, "axis": "x", "origin": [6.83959, 8, 8]},
			"faces": {
				"north": {"uv": [14.25, 13, 10, 13.5], "texture": "#0"},
				"east": {"uv": [8.75, 0, 8, 0.5], "texture": "#0"},
				"south": {"uv": [14.25, 13.5, 10, 14], "texture": "#0"},
				"west": {"uv": [8.75, 0.5, 8, 0], "rotation": 180, "texture": "#0"},
				"up": {"uv": [6.75, 6, 6, 10.25], "rotation": 270, "texture": "#0"},
				"down": {"uv": [6.5, 16, 10.75, 15.25], "texture": "#0"}
			}
		},
		{
			"from": [5.08959, -7.15596, -2.42935],
			"to": [8.58959, -1.15596, -0.42935],
			"rotation": {"angle": -22.5, "axis": "x", "origin": [6.83959, 8, 8]},
			"faces": {
				"north": {"uv": [4.25, 10.25, 6, 7.25], "rotation": 180, "texture": "#0"},
				"east": {"uv": [5, 4.25, 6, 1.25], "texture": "#0"},
				"south": {"uv": [4.25, 10.25, 6, 7.25], "rotation": 180, "texture": "#0"},
				"west": {"uv": [5, 1.25, 6, 4.25], "rotation": 180, "texture": "#0"},
				"up": {"uv": [7, 0.25, 6, 2], "rotation": 270, "texture": "#0"},
				"down": {"uv": [7, 2, 6, 0.25], "rotation": 90, "texture": "#0"}
			}
		},
		{
			"from": [5.08959, 16.95596, -2.42935],
			"to": [8.58959, 22.95596, -0.42935],
			"rotation": {"angle": 22.5, "axis": "x", "origin": [6.83959, 8, 8]},
			"faces": {
				"north": {"uv": [4.25, 7.25, 6, 10.25], "rotation": 180, "texture": "#0"},
				"east": {"uv": [5, 1.25, 6, 4.25], "texture": "#0"},
				"south": {"uv": [4.25, 7.25, 6, 10.25], "rotation": 180, "texture": "#0"},
				"west": {"uv": [5, 4.25, 6, 1.25], "rotation": 180, "texture": "#0"},
				"up": {"uv": [7, 0.25, 6, 2], "rotation": 270, "texture": "#0"},
				"down": {"uv": [7, 2, 6, 0.25], "rotation": 90, "texture": "#0"}
			}
		},
		{
			"from": [4.83959, -6.62922, 18.11952],
			"to": [6.83959, -2.62922, 22.11952],
			"rotation": {"angle": 45, "axis": "x", "origin": [6.83959, 8, 8]},
			"faces": {
				"north": {"uv": [7, 8.25, 9, 7.25], "rotation": 90, "texture": "#0"},
				"east": {"uv": [7, 8.25, 9, 10.25], "rotation": 180, "texture": "#0"},
				"south": {"uv": [9, 6.25, 7, 7.25], "rotation": 90, "texture": "#0"},
				"west": {"uv": [7, 10.25, 9, 8.25], "texture": "#0"},
				"up": {"uv": [7, 7.25, 9, 6.25], "rotation": 270, "texture": "#0"},
				"down": {"uv": [7, 7.25, 9, 8.25], "rotation": 90, "texture": "#0"}
			}
		},
		{
			"from": [4.83959, -4.14084, -7.6079],
			"to": [6.83959, -1.14084, -6.6079],
			"rotation": {"angle": -45, "axis": "x", "origin": [6.83959, 8, 8]},
			"faces": {
				"north": {"uv": [16, 4.75, 15, 3.25], "rotation": 180, "texture": "#0"},
				"east": {"uv": [15, 9.5, 13.5, 9], "rotation": 90, "texture": "#0"},
				"south": {"uv": [16, 6.25, 15, 4.75], "texture": "#0"},
				"west": {"uv": [15, 9.5, 13.5, 9], "rotation": 90, "texture": "#0"},
				"up": {"uv": [10, 9, 9, 9.5], "texture": "#0"},
				"down": {"uv": [6.5, 12.25, 5.5, 11.75], "rotation": 180, "texture": "#0"}
			}
		},
		{
			"from": [6.83959, -4.14084, -7.6079],
			"to": [8.83959, -1.14084, -6.6079],
			"rotation": {"angle": -45, "axis": "x", "origin": [6.83959, 8, 8]},
			"faces": {
				"north": {"uv": [15, 4.75, 16, 3.25], "rotation": 180, "texture": "#0"},
				"east": {"uv": [15, 9, 13.5, 9.5], "rotation": 90, "texture": "#0"},
				"south": {"uv": [15, 6.25, 16, 4.75], "texture": "#0"},
				"west": {"uv": [15, 9, 13.5, 9.5], "rotation": 90, "texture": "#0"},
				"up": {"uv": [9, 9.5, 10, 9], "texture": "#0"},
				"down": {"uv": [5.5, 12.25, 6.5, 11.75], "rotation": 180, "texture": "#0"}
			}
		},
		{
			"from": [6.83959, -6.62922, 18.11952],
			"to": [8.83959, -2.62922, 22.11952],
			"rotation": {"angle": 45, "axis": "x", "origin": [6.83959, 8, 8]},
			"faces": {
				"north": {"uv": [9, 8.25, 7, 7.25], "rotation": 90, "texture": "#0"},
				"east": {"uv": [9, 10.25, 7, 8.25], "texture": "#0"},
				"south": {"uv": [9, 7.25, 7, 6.25], "rotation": 90, "texture": "#0"},
				"west": {"uv": [9, 8.25, 7, 10.25], "rotation": 180, "texture": "#0"},
				"up": {"uv": [7, 6.25, 9, 7.25], "rotation": 270, "texture": "#0"},
				"down": {"uv": [7, 8.25, 9, 7.25], "rotation": 90, "texture": "#0"}
			}
		},
		{
			"from": [4.33959, -1.85472, 5.42848],
			"to": [9.33959, 3.14528, 7.42848],
			"rotation": {"angle": -22.5, "axis": "x", "origin": [6.83959, 8, 8]},
			"faces": {
				"north": {"uv": [6.5, 15.25, 9, 12.75], "rotation": 180, "texture": "#0"},
				"east": {"uv": [2.5, 15, 0, 16], "rotation": 90, "texture": "#0"},
				"south": {"uv": [6.5, 12.75, 9, 10.25], "texture": "#0"},
				"west": {"uv": [2.5, 15, 0, 16], "rotation": 270, "texture": "#0"},
				"up": {"uv": [0, 15, 2.5, 16], "texture": "#0"},
				"down": {"uv": [0, 15, 2.5, 16], "rotation": 180, "texture": "#0"}
			}
		},
		{
			"from": [6.33959, 7.5, -3.66041],
			"to": [7.33959, 8.5, 8.33959],
			"rotation": {"angle": 0, "axis": "y", "origin": [6.83959, 8, 8]},
			"faces": {
				"north": {"uv": [10, 9, 10.5, 9.5], "texture": "#0"},
				"east": {"uv": [9, 10, 15, 10.5], "texture": "#0"},
				"south": {"uv": [10, 9, 10.5, 9.5], "texture": "#0"},
				"west": {"uv": [15, 10, 9, 10.5], "texture": "#0"},
				"up": {"uv": [9, 9.5, 15, 10], "rotation": 270, "texture": "#0"},
				"down": {"uv": [9, 10.5, 15, 11], "rotation": 90, "texture": "#0"}
			}
		},
		{
			"from": [6.33959, 7.5, 8.33959],
			"to": [7.33959, 8.5, 20.33959],
			"rotation": {"angle": 0, "axis": "y", "origin": [6.83959, 8, 8]},
			"faces": {
				"north": {"uv": [10.5, 9, 10, 9.5], "texture": "#0"},
				"east": {"uv": [15, 10, 9, 10.5], "texture": "#0"},
				"south": {"uv": [10.5, 9, 10, 9.5], "texture": "#0"},
				"west": {"uv": [9, 10, 15, 10.5], "texture": "#0"},
				"up": {"uv": [15, 9.5, 9, 10], "rotation": 270, "texture": "#0"},
				"down": {"uv": [15, 10.5, 9, 11], "rotation": 90, "texture": "#0"}
			}
		},
		{
			"from": [6.83959, 4.24288, 20.04875],
			"to": [6.83959, 26.24288, 20.54875],
			"rotation": {"angle": -22.5, "axis": "x", "origin": [6.83959, 8, 8]},
			"faces": {
				"north": {"uv": [0, 0, 0, 11], "texture": "#0"},
				"east": {"uv": [15.75, 5, 16, 16], "texture": "#0"},
				"south": {"uv": [0, 0, 0, 11], "texture": "#0"},
				"west": {"uv": [15.75, 5, 16, 16], "texture": "#0"},
				"up": {"uv": [0, 0, 2, 0], "rotation": 270, "texture": "#0"},
				"down": {"uv": [0, 0, 2, 0], "rotation": 90, "texture": "#0"}
			}
		},
		{
			"from": [6.83959, -10.24288, 20.04875],
			"to": [6.83959, 11.75712, 20.54875],
			"rotation": {"angle": 22.5, "axis": "x", "origin": [6.83959, 8, 8]},
			"faces": {
				"north": {"uv": [0, 11, 0, 0], "texture": "#0"},
				"east": {"uv": [15.75, 16, 16, 5], "texture": "#0"},
				"south": {"uv": [0, 11, 0, 0], "texture": "#0"},
				"west": {"uv": [15.75, 16, 16, 5], "texture": "#0"},
				"up": {"uv": [0, 0, 2, 0], "rotation": 270, "texture": "#0"},
				"down": {"uv": [0, 0, 2, 0], "rotation": 90, "texture": "#0"}
			}
		},
		{
			"from": [6.83959, 8, -8.66041],
			"to": [9.83959, 8, -1.66041],
			"rotation": {"angle": 0, "axis": "y", "origin": [6.83959, 8, 8]},
			"faces": {
				"north": {"uv": [0, 0, 0, 1.5], "rotation": 270, "texture": "#0"},
				"east": {"uv": [12.5, 0, 16, 0], "texture": "#0"},
				"south": {"uv": [0, 0, 0, 1.5], "rotation": 90, "texture": "#0"},
				"west": {"uv": [12.5, 0, 16, 0], "rotation": 180, "texture": "#0"},
				"up": {"uv": [16, 0, 12.5, 1.5], "rotation": 90, "texture": "#0"},
				"down": {"uv": [12.5, 0, 16, 1.5], "rotation": 90, "texture": "#0"}
			}
		},
		{
			"from": [3.83959, 8, -8.66041],
			"to": [6.83959, 8, -1.66041],
			"rotation": {"angle": 0, "axis": "y", "origin": [6.83959, 8, 8]},
			"faces": {
				"north": {"uv": [0, 1.5, 0, 0], "rotation": 270, "texture": "#0"},
				"east": {"uv": [12.5, 0, 16, 0], "texture": "#0"},
				"south": {"uv": [0, 1.5, 0, 0], "rotation": 90, "texture": "#0"},
				"west": {"uv": [12.5, 0, 16, 0], "rotation": 180, "texture": "#0"},
				"up": {"uv": [16, 1.5, 12.5, 0], "rotation": 90, "texture": "#0"},
				"down": {"uv": [12.5, 1.5, 16, 0], "rotation": 90, "texture": "#0"}
			}
		},
		{
			"from": [6.83959, 8, -8.66041],
			"to": [6.83959, 11, -1.66041],
			"rotation": {"angle": 0, "axis": "y", "origin": [6.83959, 8, 8]},
			"faces": {
				"north": {"uv": [0, 0, 0, 1.5], "texture": "#0"},
				"east": {"uv": [12.5, 0, 16, 1.5], "texture": "#0"},
				"south": {"uv": [0, 0, 0, 1.5], "texture": "#0"},
				"west": {"uv": [16, 0, 12.5, 1.5], "texture": "#0"},
				"up": {"uv": [12.5, 0, 16, 0], "rotation": 270, "texture": "#0"},
				"down": {"uv": [12.5, 0, 16, 0], "rotation": 90, "texture": "#0"}
			}
		},
		{
			"from": [6.83959, 5, -8.66041],
			"to": [6.83959, 8, -1.66041],
			"rotation": {"angle": 0, "axis": "y", "origin": [6.83959, 8, 8]},
			"faces": {
				"north": {"uv": [0, 1.5, 0, 0], "texture": "#0"},
				"east": {"uv": [12.5, 1.5, 16, 0], "texture": "#0"},
				"south": {"uv": [0, 1.5, 0, 0], "texture": "#0"},
				"west": {"uv": [16, 1.5, 12.5, 0], "texture": "#0"},
				"up": {"uv": [12.5, 0, 16, 0], "rotation": 270, "texture": "#0"},
				"down": {"uv": [12.5, 0, 16, 0], "rotation": 90, "texture": "#0"}
			}
		}
	],
	"gui_light": "front",
	"display": {
		"thirdperson_righthand": {
			"translation": [0, -1.5, 0.75],
			"scale": [0.45, 0.45, 0.45]
		},
		"thirdperson_lefthand": {
			"translation": [0, -1.5, 0.75],
			"scale": [0.45, 0.45, 0.45]
		},
		"firstperson_righthand": {
			"rotation": [19, 31, 0.27],
			"translation": [4.25, 8, -13],
			"scale": [0.68594, 0.68594, 0.68594]
		},
		"firstperson_lefthand": {
			"rotation": [19, 31, 0.27],
			"translation": [4.25, 8, -13],
			"scale": [0.68594, 0.68594, 0.68594]
		},
		"ground": {
			"rotation": [0, 0, 90],
			"translation": [1.25, 0.25, 0],
			"scale": [0.5, 0.5, 0.5]
		},
		"gui": {
			"rotation": [90, 45, -90],
			"translation": [-1.5, 1.5, 0],
			"scale": [0.37703, 0.37703, 0.37898]
		},
		"head": {
			"rotation": [90, -168, 90],
			"translation": [-0.5, 9.75, 0],
			"scale": [0.56, 0.56, 0.56]
		},
		"fixed": {
			"rotation": [0, 90, 0],
			"translation": [-2, 0, -2.25],
			"scale": [0.98719, 0.98719, 0.98719]
		}
	}
}