{
	"credit": "Made with Blockbench",
	"texture_size": [32, 32],
	"textures": {
		"0": "gamergirlset:bowtex",
		"1": "gamergirlset:square",
		"particle": "gamergirlset:bowtex"
	},
	"elements": [
		{
			"from": [7.33959, 11.70136, 0.93101],
			"to": [9.33959, 24.70136, 2.93101],
			"rotation": {"angle": 22.5, "axis": "x", "origin": [8.33959, 8, 8]},
			"faces": {
				"north": {"uv": [1, 0, 2, 6.5], "texture": "#0"},
				"east": {"uv": [0, 1, 1, 7.5], "texture": "#0"},
				"south": {"uv": [1, 0, 2, 6.5], "texture": "#0"},
				"west": {"uv": [1, 1, 0, 7.5], "texture": "#0"},
				"up": {"uv": [0, 0, 1, 1], "rotation": 270, "texture": "#0"},
				"down": {"uv": [0, 0, 1, 1], "rotation": 90, "texture": "#0"}
			}
		},
		{
			"from": [6.83959, 9.6033, 5.55905],
			"to": [9.83959, 15.6033, 7.55905],
			"rotation": {"angle": -22.5, "axis": "x", "origin": [8.33959, 8, 8]},
			"faces": {
				"north": {"uv": [1.5, 11.25, 3, 14.25], "texture": "#0"},
				"east": {"uv": [4, 13, 5, 16], "texture": "#0"},
				"south": {"uv": [5, 13, 6.5, 16], "texture": "#0"},
				"west": {"uv": [4, 13, 5, 16], "texture": "#0"},
				"up": {"uv": [4, 11.5, 5, 13], "rotation": 270, "texture": "#0"},
				"down": {"uv": [4, 11.5, 5, 13], "rotation": 90, "texture": "#0"}
			}
		},
		{
			"from": [7.33959, 10.6033, 3.55905],
			"to": [9.33959, 13.6033, 5.55905],
			"rotation": {"angle": -22.5, "axis": "x", "origin": [8.33959, 8, 8]},
			"faces": {
				"north": {"uv": [9, 5.5, 10, 7], "texture": "#0"},
				"east": {"uv": [8, 4.75, 9, 6.25], "texture": "#0"},
				"south": {"uv": [9, 5.5, 10, 7], "texture": "#0"},
				"west": {"uv": [8, 4.75, 9, 6.25], "texture": "#0"},
				"up": {"uv": [9, 7, 10, 8], "rotation": 270, "texture": "#0"},
				"down": {"uv": [9, 7, 10, 8], "rotation": 90, "texture": "#0"}
			}
		},
		{
			"from": [7.33959, 9.70136, 2.93101],
			"to": [9.33959, 25.70136, 4.93101],
			"rotation": {"angle": 22.5, "axis": "x", "origin": [8.33959, 8, 8]},
			"faces": {
				"north": {"uv": [3, 8, 4, 16], "texture": "#0"},
				"east": {"uv": [3, 0, 4, 8], "texture": "#0"},
				"south": {"uv": [3, 8, 4, 16], "texture": "#0"},
				"west": {"uv": [4, 0, 3, 8], "texture": "#0"},
				"up": {"uv": [2, 1.5, 3, 2.5], "rotation": 270, "texture": "#0"},
				"down": {"uv": [2, 1.5, 3, 2.5], "rotation": 90, "texture": "#0"}
			}
		},
		{
			"from": [8.33959, 13.70136, 3.93101],
			"to": [8.33959, 22.20136, 7.93101],
			"rotation": {"angle": 22.5, "axis": "x", "origin": [8.33959, 8, 8]},
			"faces": {
				"north": {"uv": [3, 8, 3, 14.25], "texture": "#0"},
				"east": {"uv": [7, 0.5, 9, 4.75], "texture": "#0"},
				"south": {"uv": [3, 8, 3, 14.25], "texture": "#0"},
				"west": {"uv": [9, 0.5, 7, 4.75], "texture": "#0"},
				"up": {"uv": [2, 1.5, 4.5, 1.5], "rotation": 270, "texture": "#0"},
				"down": {"uv": [2, 1.5, 4.5, 1.5], "rotation": 90, "texture": "#0"}
			}
		},
		{
			"from": [8.33959, -6.20136, 3.93101],
			"to": [8.33959, 2.29864, 7.93101],
			"rotation": {"angle": -22.5, "axis": "x", "origin": [8.33959, 8, 8]},
			"faces": {
				"north": {"uv": [3, 14.25, 3, 8], "texture": "#0"},
				"east": {"uv": [7, 4.75, 9, 0.5], "texture": "#0"},
				"south": {"uv": [3, 14.25, 3, 8], "texture": "#0"},
				"west": {"uv": [9, 4.75, 7, 0.5], "texture": "#0"},
				"up": {"uv": [2, 1.5, 4.5, 1.5], "rotation": 270, "texture": "#0"},
				"down": {"uv": [2, 1.5, 4.5, 1.5], "rotation": 90, "texture": "#0"}
			}
		},
		{
			"from": [7.33959, 22.27264, 14.93244],
			"to": [9.33959, 27.27264, 16.93244],
			"rotation": {"angle": -22.5, "axis": "x", "origin": [8.33959, 8, 8]},
			"faces": {
				"north": {"uv": [0, 11.25, 1, 13.75], "texture": "#0"},
				"east": {"uv": [2, 3.5, 3, 6], "texture": "#0"},
				"south": {"uv": [0, 11.25, 1, 13.75], "texture": "#0"},
				"west": {"uv": [2, 3.5, 3, 6], "texture": "#0"},
				"up": {"uv": [2, 2.5, 3, 3.5], "rotation": 270, "texture": "#0"},
				"down": {"uv": [2, 2.5, 3, 3.5], "rotation": 90, "texture": "#0"}
			}
		},
		{
			"from": [10.70571, 12.05, -0.40876],
			"to": [16.70571, 13.55, 0.59124],
			"rotation": {"angle": 45, "axis": "y", "origin": [8.33959, 8, 8]},
			"faces": {
				"north": {"uv": [15, 14, 14.25, 11], "rotation": 270, "texture": "#0"},
				"east": {"uv": [4.75, 1.75, 4, 1.25], "rotation": 270, "texture": "#0"},
				"south": {"uv": [14.25, 12.75, 11.25, 12], "texture": "#0"},
				"west": {"uv": [4, 1.75, 4.75, 1.25], "rotation": 90, "texture": "#0"},
				"up": {"uv": [14.25, 11.5, 11.25, 11], "rotation": 180, "texture": "#0"},
				"down": {"uv": [14.25, 12, 11.25, 11.5], "texture": "#0"}
			}
		},
		{
			"from": [0.90277, 12.05, -0.33805],
			"to": [5.90277, 13.55, 0.66195],
			"rotation": {"angle": -45, "axis": "y", "origin": [8.33959, 8, 8]},
			"faces": {
				"north": {"uv": [11, 9, 10.25, 6.5], "rotation": 270, "texture": "#0"},
				"east": {"uv": [11, 6.5, 10.25, 6], "rotation": 270, "texture": "#0"},
				"south": {"uv": [5, 6.75, 4.25, 4.25], "rotation": 270, "texture": "#0"},
				"west": {"uv": [11, 6.5, 10.25, 6], "rotation": 90, "texture": "#0"},
				"up": {"uv": [4.5, 4.25, 4, 1.75], "rotation": 270, "texture": "#0"},
				"down": {"uv": [5, 4.25, 4.5, 1.75], "rotation": 90, "texture": "#0"}
			}
		},
		{
			"from": [4.03959, 11.8, 0.43959],
			"to": [5.03959, 13.8, 10.43959],
			"rotation": {"angle": 0, "axis": "y", "origin": [8.33959, 8, 8]},
			"faces": {
				"north": {"uv": [8, 0, 7, 0.5], "rotation": 270, "texture": "#0"},
				"east": {"uv": [16, 16, 11, 15], "texture": "#0"},
				"south": {"uv": [8, 0.5, 7, 0], "rotation": 270, "texture": "#0"},
				"west": {"uv": [16, 15, 15, 10], "rotation": 270, "texture": "#0"},
				"up": {"uv": [15, 14.5, 10, 14], "rotation": 90, "texture": "#0"},
				"down": {"uv": [15, 15, 10, 14.5], "rotation": 90, "texture": "#0"}
			}
		},
		{
			"from": [11.63959, 11.8, 0.43959],
			"to": [12.63959, 13.8, 10.43959],
			"rotation": {"angle": 0, "axis": "y", "origin": [8.33959, 8, 8]},
			"faces": {
				"north": {"uv": [8, 0.5, 7, 0], "rotation": 270, "texture": "#0"},
				"east": {"uv": [15, 15, 16, 10], "rotation": 90, "texture": "#0"},
				"south": {"uv": [8, 0, 7, 0.5], "rotation": 270, "texture": "#0"},
				"west": {"uv": [16, 15, 11, 16], "rotation": 180, "texture": "#0"},
				"up": {"uv": [15, 14, 10, 14.5], "rotation": 90, "texture": "#0"},
				"down": {"uv": [15, 14.5, 10, 15], "rotation": 90, "texture": "#0"}
			}
		},
		{
			"from": [11.66459, 12.44433, 6.79969],
			"to": [12.61459, 18.44433, 8.79969],
			"rotation": {"angle": 22.5, "axis": "x", "origin": [8.33959, 8, 8]},
			"faces": {
				"north": {"uv": [3, 14.5, 0, 15], "rotation": 270, "texture": "#0"},
				"east": {"uv": [16, 7, 15, 10], "texture": "#0"},
				"south": {"uv": [13.5, 9, 10.5, 9.5], "rotation": 90, "texture": "#0"},
				"west": {"uv": [6, 4.25, 5, 7.25], "rotation": 180, "texture": "#0"},
				"up": {"uv": [16, 6.25, 15, 6.75], "rotation": 90, "texture": "#0"},
				"down": {"uv": [16, 6.25, 15, 7], "rotation": 90, "texture": "#0"}
			}
		},
		{
			"from": [4.06459, 18.4246, 6.81492],
			"to": [12.61459, 19.4246, 8.31492],
			"rotation": {"angle": 22.5, "axis": "x", "origin": [8.33959, 8, 8]},
			"faces": {
				"north": {"uv": [14.25, 13.5, 10, 13], "texture": "#0"},
				"east": {"uv": [8.75, 0.5, 8, 0], "texture": "#0"},
				"south": {"uv": [14.25, 14, 10, 13.5], "texture": "#0"},
				"west": {"uv": [8.75, 0, 8, 0.5], "rotation": 180, "texture": "#0"},
				"up": {"uv": [10.75, 16, 6.5, 15.25], "rotation": 180, "texture": "#0"},
				"down": {"uv": [6.75, 10.25, 6, 6], "rotation": 90, "texture": "#0"}
			}
		},
		{
			"from": [4.06459, 12.44433, 6.79969],
			"to": [5.01459, 18.44433, 8.79969],
			"rotation": {"angle": 22.5, "axis": "x", "origin": [8.33959, 8, 8]},
			"faces": {
				"north": {"uv": [3, 15, 0, 14.5], "rotation": 270, "texture": "#0"},
				"east": {"uv": [6, 7.25, 5, 4.25], "texture": "#0"},
				"south": {"uv": [13.5, 9.5, 10.5, 9], "rotation": 90, "texture": "#0"},
				"west": {"uv": [16, 10, 15, 7], "rotation": 180, "texture": "#0"},
				"up": {"uv": [16, 6.75, 15, 6.25], "rotation": 90, "texture": "#0"},
				"down": {"uv": [16, 7, 15, 6.25], "rotation": 90, "texture": "#0"}
			}
		},
		{
			"from": [6.33959, 17.56856, 19.18018],
			"to": [8.33959, 21.56856, 23.18018],
			"rotation": {"angle": -45, "axis": "x", "origin": [8.33959, 8, 8]},
			"faces": {
				"north": {"uv": [9, 8.25, 7, 7.25], "rotation": 90, "texture": "#0"},
				"east": {"uv": [7, 10.25, 9, 8.25], "rotation": 180, "texture": "#0"},
				"south": {"uv": [7, 6.25, 9, 7.25], "rotation": 90, "texture": "#0"},
				"west": {"uv": [7, 8.25, 9, 10.25], "texture": "#0"},
				"up": {"uv": [7, 8.25, 9, 7.25], "rotation": 270, "texture": "#0"},
				"down": {"uv": [7, 6.25, 9, 7.25], "rotation": 90, "texture": "#0"}
			}
		},
		{
			"from": [7.33959, -3.43144, 15.18018],
			"to": [9.33959, 0.56856, 19.18018],
			"rotation": {"angle": -45, "axis": "x", "origin": [8.33959, 8, 8]},
			"faces": {
				"north": {"uv": [9, 8.25, 7, 7.25], "rotation": 90, "texture": "#0"},
				"east": {"uv": [7, 10.25, 9, 8.25], "rotation": 180, "texture": "#0"},
				"south": {"uv": [7, 6.25, 9, 7.25], "rotation": 90, "texture": "#0"},
				"west": {"uv": [7, 8.25, 9, 10.25], "texture": "#0"},
				"up": {"uv": [7, 8.25, 9, 7.25], "rotation": 270, "texture": "#0"},
				"down": {"uv": [7, 6.25, 9, 7.25], "rotation": 90, "texture": "#0"}
			}
		},
		{
			"from": [6.33959, 18.2015, -6.54723],
			"to": [8.33959, 21.2015, -5.54723],
			"rotation": {"angle": 45, "axis": "x", "origin": [8.33959, 8, 8]},
			"faces": {
				"north": {"uv": [16, 3.25, 15, 4.75], "rotation": 180, "texture": "#0"},
				"east": {"uv": [13.5, 9.5, 15, 9], "rotation": 90, "texture": "#0"},
				"south": {"uv": [16, 4.75, 15, 6.25], "texture": "#0"},
				"west": {"uv": [13.5, 9.5, 15, 9], "rotation": 90, "texture": "#0"},
				"up": {"uv": [6.5, 12.25, 5.5, 11.75], "texture": "#0"},
				"down": {"uv": [9, 9, 10, 9.5], "rotation": 180, "texture": "#0"}
			}
		},
		{
			"from": [8.33959, 18.2015, -6.54723],
			"to": [10.33959, 21.2015, -5.54723],
			"rotation": {"angle": 45, "axis": "x", "origin": [8.33959, 8, 8]},
			"faces": {
				"north": {"uv": [15, 3.25, 16, 4.75], "rotation": 180, "texture": "#0"},
				"east": {"uv": [13.5, 9, 15, 9.5], "rotation": 90, "texture": "#0"},
				"south": {"uv": [15, 4.75, 16, 6.25], "texture": "#0"},
				"west": {"uv": [13.5, 9, 15, 9.5], "rotation": 90, "texture": "#0"},
				"up": {"uv": [6.5, 12.25, 5.5, 11.75], "texture": "#0"},
				"down": {"uv": [10, 9.5, 9, 9], "rotation": 180, "texture": "#0"}
			}
		},
		{
			"from": [6.26852, 6.07107, -0.16041],
			"to": [10.26852, 10.07107, 8.83959],
			"rotation": {"angle": -45, "axis": "z", "origin": [8.33959, 8, 8]},
			"faces": {
				"north": {"uv": [13, 9, 15, 7], "rotation": 180, "texture": "#0"},
				"east": {"uv": [13, 2.5, 15, 7], "rotation": 270, "texture": "#0"},
				"south": {"uv": [13, 9, 15, 7], "texture": "#0"},
				"west": {"uv": [13, 4.5, 11, 9], "rotation": 90, "texture": "#0"},
				"up": {"uv": [11, 4.5, 13, 9], "rotation": 180, "texture": "#0"},
				"down": {"uv": [15, 2.5, 13, 7], "texture": "#0"}
			}
		},
		{
			"from": [5.83959, 13.42875, 6.8143],
			"to": [10.83959, 18.42875, 8.8143],
			"rotation": {"angle": 22.5, "axis": "x", "origin": [8.33959, 8, 8]},
			"faces": {
				"north": {"uv": [6.5, 12.75, 9, 15.25], "rotation": 180, "texture": "#0"},
				"east": {"uv": [0, 15, 2.5, 16], "rotation": 90, "texture": "#0"},
				"south": {"uv": [6.5, 10.25, 9, 12.75], "texture": "#0"},
				"west": {"uv": [0, 15, 2.5, 16], "rotation": 270, "texture": "#0"},
				"up": {"uv": [2.5, 15, 0, 16], "texture": "#0"},
				"down": {"uv": [2.5, 15, 0, 16], "rotation": 180, "texture": "#0"}
			}
		},
		{
			"from": [8.33959, 17.56856, 19.18018],
			"to": [10.33959, 21.56856, 23.18018],
			"rotation": {"angle": -45, "axis": "x", "origin": [8.33959, 8, 8]},
			"faces": {
				"north": {"uv": [7, 8.25, 9, 7.25], "rotation": 90, "texture": "#0"},
				"east": {"uv": [9, 8.25, 7, 10.25], "texture": "#0"},
				"south": {"uv": [7, 7.25, 9, 6.25], "rotation": 90, "texture": "#0"},
				"west": {"uv": [9, 10.25, 7, 8.25], "rotation": 180, "texture": "#0"},
				"up": {"uv": [7, 7.25, 9, 8.25], "rotation": 270, "texture": "#0"},
				"down": {"uv": [7, 7.25, 9, 6.25], "rotation": 90, "texture": "#0"}
			}
		},
		{
			"from": [7.33959, -8.70136, 0.93101],
			"to": [9.33959, 4.29864, 2.93101],
			"rotation": {"angle": -22.5, "axis": "x", "origin": [8.33959, 8, 8]},
			"faces": {
				"north": {"uv": [1, 6.5, 2, 0], "texture": "#0"},
				"east": {"uv": [0, 7.5, 1, 1], "texture": "#0"},
				"south": {"uv": [1, 6.5, 2, 0], "texture": "#0"},
				"west": {"uv": [1, 7.5, 0, 1], "texture": "#0"},
				"up": {"uv": [0, 1, 1, 0], "rotation": 270, "texture": "#0"},
				"down": {"uv": [0, 1, 1, 0], "rotation": 90, "texture": "#0"}
			}
		},
		{
			"from": [7.33959, -9.70136, 2.93101],
			"to": [9.33959, 6.29864, 4.93101],
			"rotation": {"angle": -22.5, "axis": "x", "origin": [8.33959, 8, 8]},
			"faces": {
				"north": {"uv": [3, 16, 4, 8], "texture": "#0"},
				"east": {"uv": [3, 8, 4, 0], "texture": "#0"},
				"south": {"uv": [3, 16, 4, 8], "texture": "#0"},
				"west": {"uv": [4, 8, 3, 0], "texture": "#0"},
				"up": {"uv": [2, 2.5, 3, 1.5], "rotation": 270, "texture": "#0"},
				"down": {"uv": [2, 2.5, 3, 1.5], "rotation": 90, "texture": "#0"}
			}
		},
		{
			"from": [7.33959, -11.27264, 14.93244],
			"to": [9.33959, -6.27264, 16.93244],
			"rotation": {"angle": 22.5, "axis": "x", "origin": [8.33959, 8, 8]},
			"faces": {
				"north": {"uv": [0, 13.75, 1, 11.25], "texture": "#0"},
				"east": {"uv": [2, 6, 3, 3.5], "texture": "#0"},
				"south": {"uv": [0, 13.75, 1, 11.25], "texture": "#0"},
				"west": {"uv": [2, 6, 3, 3.5], "texture": "#0"},
				"up": {"uv": [2, 3.5, 3, 2.5], "rotation": 270, "texture": "#0"},
				"down": {"uv": [2, 3.5, 3, 2.5], "rotation": 90, "texture": "#0"}
			}
		},
		{
			"from": [7.33959, -10.27264, 16.93244],
			"to": [9.33959, -7.27264, 22.93244],
			"rotation": {"angle": 22.5, "axis": "x", "origin": [8.33959, 8, 8]},
			"faces": {
				"north": {"uv": [2, 1.5, 3, 0], "texture": "#0"},
				"east": {"uv": [0, 10.25, 3, 8.75], "texture": "#0"},
				"south": {"uv": [2, 1.5, 3, 0], "texture": "#0"},
				"west": {"uv": [0, 10.25, 3, 8.75], "texture": "#0"},
				"up": {"uv": [0, 11.25, 3, 10.25], "rotation": 270, "texture": "#0"},
				"down": {"uv": [0, 8.75, 3, 7.75], "rotation": 90, "texture": "#0"}
			}
		},
		{
			"from": [7.33959, 23.27264, 16.93244],
			"to": [9.33959, 26.27264, 22.93244],
			"rotation": {"angle": -22.5, "axis": "x", "origin": [8.33959, 8, 8]},
			"faces": {
				"north": {"uv": [2, 0, 3, 1.5], "texture": "#0"},
				"east": {"uv": [0, 8.75, 3, 10.25], "texture": "#0"},
				"south": {"uv": [2, 0, 3, 1.5], "texture": "#0"},
				"west": {"uv": [0, 8.75, 3, 10.25], "texture": "#0"},
				"up": {"uv": [0, 7.75, 3, 8.75], "rotation": 270, "texture": "#0"},
				"down": {"uv": [0, 10.25, 3, 11.25], "rotation": 90, "texture": "#0"}
			}
		},
		{
			"from": [6.83959, 0.3967, 5.55905],
			"to": [9.83959, 6.3967, 7.55905],
			"rotation": {"angle": 22.5, "axis": "x", "origin": [8.33959, 8, 8]},
			"faces": {
				"north": {"uv": [1.5, 14.25, 3, 11.25], "texture": "#0"},
				"east": {"uv": [4, 16, 5, 13], "texture": "#0"},
				"south": {"uv": [5, 16, 6.5, 13], "texture": "#0"},
				"west": {"uv": [4, 16, 5, 13], "texture": "#0"},
				"up": {"uv": [4, 13, 5, 11.5], "rotation": 270, "texture": "#0"},
				"down": {"uv": [4, 13, 5, 11.5], "rotation": 90, "texture": "#0"}
			}
		},
		{
			"from": [7.33959, 2.3967, 3.55905],
			"to": [9.33959, 5.3967, 5.55905],
			"rotation": {"angle": 22.5, "axis": "x", "origin": [8.33959, 8, 8]},
			"faces": {
				"north": {"uv": [9, 7, 10, 5.5], "texture": "#0"},
				"east": {"uv": [8, 6.25, 9, 4.75], "texture": "#0"},
				"south": {"uv": [9, 7, 10, 5.5], "texture": "#0"},
				"west": {"uv": [8, 6.25, 9, 4.75], "texture": "#0"},
				"up": {"uv": [9, 8, 10, 7], "rotation": 270, "texture": "#0"},
				"down": {"uv": [9, 8, 10, 7], "rotation": 90, "texture": "#0"}
			}
		},
		{
			"from": [10.70571, 2.45, -0.40876],
			"to": [16.70571, 3.95, 0.59124],
			"rotation": {"angle": 45, "axis": "y", "origin": [8.33959, 8, 8]},
			"faces": {
				"north": {"uv": [14.25, 14, 15, 11], "rotation": 270, "texture": "#0"},
				"east": {"uv": [4, 1.75, 4.75, 1.25], "rotation": 270, "texture": "#0"},
				"south": {"uv": [14.25, 12, 11.25, 12.75], "texture": "#0"},
				"west": {"uv": [4.75, 1.75, 4, 1.25], "rotation": 90, "texture": "#0"},
				"up": {"uv": [11.25, 12, 14.25, 11.5], "rotation": 180, "texture": "#0"},
				"down": {"uv": [11.25, 11.5, 14.25, 11], "texture": "#0"}
			}
		},
		{
			"from": [0.90277, 2.45, -0.33805],
			"to": [5.90277, 3.95, 0.66195],
			"rotation": {"angle": -45, "axis": "y", "origin": [8.33959, 8, 8]},
			"faces": {
				"north": {"uv": [10.25, 9, 11, 6.5], "rotation": 270, "texture": "#0"},
				"east": {"uv": [10.25, 6.5, 11, 6], "rotation": 270, "texture": "#0"},
				"south": {"uv": [4.25, 6.75, 5, 4.25], "rotation": 270, "texture": "#0"},
				"west": {"uv": [10.25, 6.5, 11, 6], "rotation": 90, "texture": "#0"},
				"up": {"uv": [5, 1.75, 4.5, 4.25], "rotation": 270, "texture": "#0"},
				"down": {"uv": [4.5, 1.75, 4, 4.25], "rotation": 90, "texture": "#0"}
			}
		},
		{
			"from": [4.03959, 2.2, 0.43959],
			"to": [5.03959, 4.2, 10.43959],
			"rotation": {"angle": 0, "axis": "y", "origin": [8.33959, 8, 8]},
			"faces": {
				"north": {"uv": [7, 0, 8, 0.5], "rotation": 270, "texture": "#0"},
				"east": {"uv": [16, 15, 11, 16], "texture": "#0"},
				"south": {"uv": [7, 0.5, 8, 0], "rotation": 270, "texture": "#0"},
				"west": {"uv": [15, 15, 16, 10], "rotation": 270, "texture": "#0"},
				"up": {"uv": [15, 14.5, 10, 15], "rotation": 270, "texture": "#0"},
				"down": {"uv": [15, 14, 10, 14.5], "rotation": 270, "texture": "#0"}
			}
		},
		{
			"from": [11.63959, 2.2, 0.43959],
			"to": [12.63959, 4.2, 10.43959],
			"rotation": {"angle": 0, "axis": "y", "origin": [8.33959, 8, 8]},
			"faces": {
				"north": {"uv": [7, 0.5, 8, 0], "rotation": 270, "texture": "#0"},
				"east": {"uv": [16, 15, 15, 10], "rotation": 90, "texture": "#0"},
				"south": {"uv": [7, 0, 8, 0.5], "rotation": 270, "texture": "#0"},
				"west": {"uv": [16, 16, 11, 15], "rotation": 180, "texture": "#0"},
				"up": {"uv": [15, 15, 10, 14.5], "rotation": 270, "texture": "#0"},
				"down": {"uv": [15, 14.5, 10, 14], "rotation": 270, "texture": "#0"}
			}
		},
		{
			"from": [11.66459, -2.44433, 6.79969],
			"to": [12.61459, 3.55567, 8.79969],
			"rotation": {"angle": -22.5, "axis": "x", "origin": [8.33959, 8, 8]},
			"faces": {
				"north": {"uv": [0, 14.5, 3, 15], "rotation": 270, "texture": "#0"},
				"east": {"uv": [16, 10, 15, 7], "texture": "#0"},
				"south": {"uv": [10.5, 9, 13.5, 9.5], "rotation": 90, "texture": "#0"},
				"west": {"uv": [6, 7.25, 5, 4.25], "rotation": 180, "texture": "#0"},
				"up": {"uv": [16, 7, 15, 6.25], "rotation": 270, "texture": "#0"},
				"down": {"uv": [16, 6.75, 15, 6.25], "rotation": 270, "texture": "#0"}
			}
		},
		{
			"from": [4.06459, -2.44433, 6.79969],
			"to": [5.01459, 3.55567, 8.79969],
			"rotation": {"angle": -22.5, "axis": "x", "origin": [8.33959, 8, 8]},
			"faces": {
				"north": {"uv": [0, 15, 3, 14.5], "rotation": 270, "texture": "#0"},
				"east": {"uv": [6, 4.25, 5, 7.25], "texture": "#0"},
				"south": {"uv": [10.5, 9.5, 13.5, 9], "rotation": 90, "texture": "#0"},
				"west": {"uv": [16, 7, 15, 10], "rotation": 180, "texture": "#0"},
				"up": {"uv": [16, 6.25, 15, 7], "rotation": 270, "texture": "#0"},
				"down": {"uv": [16, 6.25, 15, 6.75], "rotation": 270, "texture": "#0"}
			}
		},
		{
			"from": [4.06459, -3.4246, 6.81492],
			"to": [12.61459, -2.4246, 8.31492],
			"rotation": {"angle": -22.5, "axis": "x", "origin": [8.33959, 8, 8]},
			"faces": {
				"north": {"uv": [14.25, 13, 10, 13.5], "texture": "#0"},
				"east": {"uv": [8.75, 0, 8, 0.5], "texture": "#0"},
				"south": {"uv": [14.25, 13.5, 10, 14], "texture": "#0"},
				"west": {"uv": [8.75, 0.5, 8, 0], "rotation": 180, "texture": "#0"},
				"up": {"uv": [6.75, 6, 6, 10.25], "rotation": 270, "texture": "#0"},
				"down": {"uv": [6.5, 16, 10.75, 15.25], "texture": "#0"}
			}
		},
		{
			"from": [6.58959, -7.72998, -1.04353],
			"to": [10.08959, -1.72998, 0.95647],
			"rotation": {"angle": -22.5, "axis": "x", "origin": [8.33959, 8, 8]},
			"faces": {
				"north": {"uv": [4.25, 10.25, 6, 7.25], "rotation": 180, "texture": "#0"},
				"east": {"uv": [5, 4.25, 6, 1.25], "texture": "#0"},
				"south": {"uv": [4.25, 10.25, 6, 7.25], "rotation": 180, "texture": "#0"},
				"west": {"uv": [5, 1.25, 6, 4.25], "rotation": 180, "texture": "#0"},
				"up": {"uv": [7, 0.25, 6, 2], "rotation": 270, "texture": "#0"},
				"down": {"uv": [7, 2, 6, 0.25], "rotation": 90, "texture": "#0"}
			}
		},
		{
			"from": [6.58959, 17.52998, -1.04353],
			"to": [10.08959, 23.52998, 0.95647],
			"rotation": {"angle": 22.5, "axis": "x", "origin": [8.33959, 8, 8]},
			"faces": {
				"north": {"uv": [4.25, 7.25, 6, 10.25], "rotation": 180, "texture": "#0"},
				"east": {"uv": [5, 1.25, 6, 4.25], "texture": "#0"},
				"south": {"uv": [4.25, 7.25, 6, 10.25], "rotation": 180, "texture": "#0"},
				"west": {"uv": [5, 4.25, 6, 1.25], "rotation": 180, "texture": "#0"},
				"up": {"uv": [7, 0.25, 6, 2], "rotation": 270, "texture": "#0"},
				"down": {"uv": [7, 2, 6, 0.25], "rotation": 90, "texture": "#0"}
			}
		},
		{
			"from": [6.33959, -5.56856, 19.18018],
			"to": [8.33959, -1.56856, 23.18018],
			"rotation": {"angle": 45, "axis": "x", "origin": [8.33959, 8, 8]},
			"faces": {
				"north": {"uv": [7, 8.25, 9, 7.25], "rotation": 90, "texture": "#0"},
				"east": {"uv": [7, 8.25, 9, 10.25], "rotation": 180, "texture": "#0"},
				"south": {"uv": [9, 6.25, 7, 7.25], "rotation": 90, "texture": "#0"},
				"west": {"uv": [7, 10.25, 9, 8.25], "texture": "#0"},
				"up": {"uv": [7, 7.25, 9, 6.25], "rotation": 270, "texture": "#0"},
				"down": {"uv": [7, 7.25, 9, 8.25], "rotation": 90, "texture": "#0"}
			}
		},
		{
			"from": [6.33959, -5.2015, -6.54723],
			"to": [8.33959, -2.2015, -5.54723],
			"rotation": {"angle": -45, "axis": "x", "origin": [8.33959, 8, 8]},
			"faces": {
				"north": {"uv": [16, 4.75, 15, 3.25], "rotation": 180, "texture": "#0"},
				"east": {"uv": [15, 9.5, 13.5, 9], "rotation": 90, "texture": "#0"},
				"south": {"uv": [16, 6.25, 15, 4.75], "texture": "#0"},
				"west": {"uv": [15, 9.5, 13.5, 9], "rotation": 90, "texture": "#0"},
				"up": {"uv": [10, 9, 9, 9.5], "texture": "#0"},
				"down": {"uv": [5.5, 12.25, 6.5, 11.75], "rotation": 180, "texture": "#0"}
			}
		},
		{
			"from": [8.33959, -5.2015, -6.54723],
			"to": [10.33959, -2.2015, -5.54723],
			"rotation": {"angle": -45, "axis": "x", "origin": [8.33959, 8, 8]},
			"faces": {
				"north": {"uv": [15, 4.75, 16, 3.25], "rotation": 180, "texture": "#0"},
				"east": {"uv": [15, 9, 13.5, 9.5], "rotation": 90, "texture": "#0"},
				"south": {"uv": [15, 6.25, 16, 4.75], "texture": "#0"},
				"west": {"uv": [15, 9, 13.5, 9.5], "rotation": 90, "texture": "#0"},
				"up": {"uv": [9, 9.5, 10, 9], "texture": "#0"},
				"down": {"uv": [5.5, 12.25, 6.5, 11.75], "rotation": 180, "texture": "#0"}
			}
		},
		{
			"from": [8.33959, -5.56856, 19.18018],
			"to": [10.33959, -1.56856, 23.18018],
			"rotation": {"angle": 45, "axis": "x", "origin": [8.33959, 8, 8]},
			"faces": {
				"north": {"uv": [9, 8.25, 7, 7.25], "rotation": 90, "texture": "#0"},
				"east": {"uv": [9, 10.25, 7, 8.25], "texture": "#0"},
				"south": {"uv": [9, 7.25, 7, 6.25], "rotation": 90, "texture": "#0"},
				"west": {"uv": [9, 8.25, 7, 10.25], "rotation": 180, "texture": "#0"},
				"up": {"uv": [7, 6.25, 9, 7.25], "rotation": 270, "texture": "#0"},
				"down": {"uv": [7, 8.25, 9, 7.25], "rotation": 90, "texture": "#0"}
			}
		},
		{
			"from": [5.83959, -2.42875, 6.8143],
			"to": [10.83959, 2.57125, 8.8143],
			"rotation": {"angle": -22.5, "axis": "x", "origin": [8.33959, 8, 8]},
			"faces": {
				"north": {"uv": [6.5, 15.25, 9, 12.75], "rotation": 180, "texture": "#0"},
				"east": {"uv": [2.5, 15, 0, 16], "rotation": 90, "texture": "#0"},
				"south": {"uv": [6.5, 12.75, 9, 10.25], "texture": "#0"},
				"west": {"uv": [2.5, 15, 0, 16], "rotation": 270, "texture": "#0"},
				"up": {"uv": [0, 15, 2.5, 16], "texture": "#0"},
				"down": {"uv": [0, 15, 2.5, 16], "rotation": 180, "texture": "#0"}
			}
		},
		{
			"from": [7.83959, 7.5, -3.66041],
			"to": [8.83959, 8.5, 8.33959],
			"rotation": {"angle": 0, "axis": "y", "origin": [8.33959, 8, 8]},
			"faces": {
				"north": {"uv": [10, 9, 10.5, 9.5], "texture": "#0"},
				"east": {"uv": [9, 10, 15, 10.5], "texture": "#0"},
				"south": {"uv": [10, 9, 10.5, 9.5], "texture": "#0"},
				"west": {"uv": [15, 10, 9, 10.5], "texture": "#0"},
				"up": {"uv": [9, 9.5, 15, 10], "rotation": 270, "texture": "#0"},
				"down": {"uv": [9, 10.5, 15, 11], "rotation": 90, "texture": "#0"}
			}
		},
		{
			"from": [7.83959, 7.5, 8.33959],
			"to": [8.83959, 8.5, 20.33959],
			"rotation": {"angle": 0, "axis": "y", "origin": [8.33959, 8, 8]},
			"faces": {
				"north": {"uv": [10.5, 9, 10, 9.5], "texture": "#0"},
				"east": {"uv": [15, 10, 9, 10.5], "texture": "#0"},
				"south": {"uv": [10.5, 9, 10, 9.5], "texture": "#0"},
				"west": {"uv": [9, 10, 15, 10.5], "texture": "#0"},
				"up": {"uv": [15, 9.5, 9, 10], "rotation": 270, "texture": "#0"},
				"down": {"uv": [15, 10.5, 9, 11], "rotation": 90, "texture": "#0"}
			}
		},
		{
			"from": [8.33959, 4.05153, 20.51069],
			"to": [8.33959, 26.05153, 21.01069],
			"rotation": {"angle": -22.5, "axis": "x", "origin": [8.33959, 8, 8]},
			"faces": {
				"north": {"uv": [0, 0, 0, 11], "texture": "#0"},
				"east": {"uv": [15.75, 5, 16, 16], "texture": "#0"},
				"south": {"uv": [0, 0, 0, 11], "texture": "#0"},
				"west": {"uv": [15.75, 5, 16, 16], "texture": "#0"},
				"up": {"uv": [0, 0, 2, 0], "rotation": 270, "texture": "#0"},
				"down": {"uv": [0, 0, 2, 0], "rotation": 90, "texture": "#0"}
			}
		},
		{
			"from": [8.33959, -10.05153, 20.51069],
			"to": [8.33959, 11.94847, 21.01069],
			"rotation": {"angle": 22.5, "axis": "x", "origin": [8.33959, 8, 8]},
			"faces": {
				"north": {"uv": [0, 11, 0, 0], "texture": "#0"},
				"east": {"uv": [15.75, 16, 16, 5], "texture": "#0"},
				"south": {"uv": [0, 11, 0, 0], "texture": "#0"},
				"west": {"uv": [15.75, 16, 16, 5], "texture": "#0"},
				"up": {"uv": [0, 0, 2, 0], "rotation": 270, "texture": "#0"},
				"down": {"uv": [0, 0, 2, 0], "rotation": 90, "texture": "#0"}
			}
		},
		{
			"from": [8.33959, 8, -8.66041],
			"to": [11.33959, 8, -1.66041],
			"rotation": {"angle": 0, "axis": "y", "origin": [8.33959, 8, 8]},
			"faces": {
				"north": {"uv": [0, 0, 0, 1.5], "rotation": 270, "texture": "#0"},
				"east": {"uv": [12.5, 0, 16, 0], "texture": "#0"},
				"south": {"uv": [0, 0, 0, 1.5], "rotation": 90, "texture": "#0"},
				"west": {"uv": [12.5, 0, 16, 0], "rotation": 180, "texture": "#0"},
				"up": {"uv": [16, 0, 12.5, 1.5], "rotation": 90, "texture": "#0"},
				"down": {"uv": [12.5, 0, 16, 1.5], "rotation": 90, "texture": "#0"}
			}
		},
		{
			"from": [5.33959, 8, -8.66041],
			"to": [8.33959, 8, -1.66041],
			"rotation": {"angle": 0, "axis": "y", "origin": [8.33959, 8, 8]},
			"faces": {
				"north": {"uv": [0, 1.5, 0, 0], "rotation": 270, "texture": "#0"},
				"east": {"uv": [12.5, 0, 16, 0], "texture": "#0"},
				"south": {"uv": [0, 1.5, 0, 0], "rotation": 90, "texture": "#0"},
				"west": {"uv": [12.5, 0, 16, 0], "rotation": 180, "texture": "#0"},
				"up": {"uv": [16, 1.5, 12.5, 0], "rotation": 90, "texture": "#0"},
				"down": {"uv": [12.5, 1.5, 16, 0], "rotation": 90, "texture": "#0"}
			}
		},
		{
			"from": [8.33959, 8, -8.66041],
			"to": [8.33959, 11, -1.66041],
			"rotation": {"angle": 0, "axis": "y", "origin": [8.33959, 8, 8]},
			"faces": {
				"north": {"uv": [0, 0, 0, 1.5], "texture": "#0"},
				"east": {"uv": [12.5, 0, 16, 1.5], "texture": "#0"},
				"south": {"uv": [0, 0, 0, 1.5], "texture": "#0"},
				"west": {"uv": [16, 0, 12.5, 1.5], "texture": "#0"},
				"up": {"uv": [12.5, 0, 16, 0], "rotation": 270, "texture": "#0"},
				"down": {"uv": [12.5, 0, 16, 0], "rotation": 90, "texture": "#0"}
			}
		},
		{
			"from": [8.33959, 5, -8.66041],
			"to": [8.33959, 8, -1.66041],
			"rotation": {"angle": 0, "axis": "y", "origin": [8.33959, 8, 8]},
			"faces": {
				"north": {"uv": [0, 1.5, 0, 0], "texture": "#0"},
				"east": {"uv": [12.5, 1.5, 16, 0], "texture": "#0"},
				"south": {"uv": [0, 1.5, 0, 0], "texture": "#0"},
				"west": {"uv": [16, 1.5, 12.5, 0], "texture": "#0"},
				"up": {"uv": [12.5, 0, 16, 0], "rotation": 270, "texture": "#0"},
				"down": {"uv": [12.5, 0, 16, 0], "rotation": 90, "texture": "#0"}
			}
		},
		{
			"from": [4.33959, 21.45, 5.13959],
			"to": [4.33959, 29.45, 13.13959],
			"rotation": {"angle": 0, "axis": "y", "origin": [8.33959, 8, 8]},
			"faces": {
				"north": {"uv": [0, 0, 0, 4], "texture": "#1"},
				"east": {"uv": [0, 0, 4, 4], "texture": "#1"},
				"south": {"uv": [0, 0, 0, 4], "texture": "#1"},
				"west": {"uv": [0, 0, 4, 4], "texture": "#1"},
				"up": {"uv": [0, 0, 6, 0], "rotation": 270, "texture": "#1"},
				"down": {"uv": [0, 0, 6, 0], "rotation": 90, "texture": "#1"}
			}
		},
		{
			"from": [4.33959, 20.5578, -1.62498],
			"to": [4.33959, 28.5578, 6.37502],
			"rotation": {"angle": 22.5, "axis": "x", "origin": [8.33959, 8, 8]},
			"faces": {
				"north": {"uv": [0, 0, 0, 4], "texture": "#1"},
				"east": {"uv": [4, 0, 8, 4], "texture": "#1"},
				"south": {"uv": [0, 0, 0, 4], "texture": "#1"},
				"west": {"uv": [4, 0, 8, 4], "texture": "#1"},
				"up": {"uv": [0, 0, 6, 0], "rotation": 270, "texture": "#1"},
				"down": {"uv": [0, 0, 6, 0], "rotation": 90, "texture": "#1"}
			}
		},
		{
			"from": [4.33959, 15.5332, 17.14483],
			"to": [4.33959, 23.5332, 25.14483],
			"rotation": {"angle": -45, "axis": "x", "origin": [8.33959, 8, 8]},
			"faces": {
				"north": {"uv": [0, 0, 6, 0], "rotation": 270, "texture": "#1"},
				"east": {"uv": [0, 4, 4, 8], "rotation": 270, "texture": "#1"},
				"south": {"uv": [0, 0, 6, 0], "rotation": 270, "texture": "#1"},
				"west": {"uv": [0, 4, 4, 8], "rotation": 90, "texture": "#1"},
				"up": {"uv": [0, 0, 0, 4], "rotation": 180, "texture": "#1"},
				"down": {"uv": [0, 0, 0, 4], "texture": "#1"}
			}
		},
		{
			"from": [4.33959, 19.68559, 11.73067],
			"to": [4.33959, 27.68559, 19.73067],
			"rotation": {"angle": -22.5, "axis": "x", "origin": [8.33959, 8, 8]},
			"faces": {
				"north": {"uv": [0, 0, 6, 0], "rotation": 270, "texture": "#1"},
				"east": {"uv": [4, 4, 8, 8], "rotation": 270, "texture": "#1"},
				"south": {"uv": [0, 0, 6, 0], "rotation": 270, "texture": "#1"},
				"west": {"uv": [4, 4, 8, 8], "rotation": 90, "texture": "#1"},
				"up": {"uv": [0, 0, 0, 4], "rotation": 180, "texture": "#1"},
				"down": {"uv": [0, 0, 0, 4], "texture": "#1"}
			}
		},
		{
			"from": [5.33959, 19.68559, 11.73067],
			"to": [5.33959, 27.68559, 19.73067],
			"rotation": {"angle": -22.5, "axis": "x", "origin": [8.33959, 8, 8]},
			"faces": {
				"north": {"uv": [8, 8, 14, 8], "rotation": 270, "texture": "#1"},
				"east": {"uv": [12, 12, 16, 16], "rotation": 270, "texture": "#1"},
				"south": {"uv": [8, 8, 14, 8], "rotation": 270, "texture": "#1"},
				"west": {"uv": [12, 12, 16, 16], "rotation": 90, "texture": "#1"},
				"up": {"uv": [8, 8, 8, 12], "rotation": 180, "texture": "#1"},
				"down": {"uv": [8, 8, 8, 12], "texture": "#1"}
			}
		},
		{
			"from": [5.33959, 15.5332, 17.14483],
			"to": [5.33959, 23.5332, 25.14483],
			"rotation": {"angle": -45, "axis": "x", "origin": [8.33959, 8, 8]},
			"faces": {
				"north": {"uv": [8, 8, 14, 8], "rotation": 270, "texture": "#1"},
				"east": {"uv": [8, 12, 12, 16], "rotation": 270, "texture": "#1"},
				"south": {"uv": [8, 8, 14, 8], "rotation": 270, "texture": "#1"},
				"west": {"uv": [8, 12, 12, 16], "rotation": 90, "texture": "#1"},
				"up": {"uv": [8, 8, 8, 12], "rotation": 180, "texture": "#1"},
				"down": {"uv": [8, 8, 8, 12], "texture": "#1"}
			}
		},
		{
			"from": [5.33959, 20.5578, -1.62498],
			"to": [5.33959, 28.5578, 6.37502],
			"rotation": {"angle": 22.5, "axis": "x", "origin": [8.33959, 8, 8]},
			"faces": {
				"north": {"uv": [8, 8, 8, 12], "texture": "#1"},
				"east": {"uv": [12, 8, 16, 12], "texture": "#1"},
				"south": {"uv": [8, 8, 8, 12], "texture": "#1"},
				"west": {"uv": [12, 8, 16, 12], "texture": "#1"},
				"up": {"uv": [8, 8, 14, 8], "rotation": 270, "texture": "#1"},
				"down": {"uv": [8, 8, 14, 8], "rotation": 90, "texture": "#1"}
			}
		},
		{
			"from": [5.33959, 21.45, 5.13959],
			"to": [5.33959, 29.45, 13.13959],
			"rotation": {"angle": 0, "axis": "y", "origin": [8.33959, 8, 8]},
			"faces": {
				"north": {"uv": [8, 8, 8, 12], "texture": "#1"},
				"east": {"uv": [8, 8, 12, 12], "texture": "#1"},
				"south": {"uv": [8, 8, 8, 12], "texture": "#1"},
				"west": {"uv": [8, 8, 12, 12], "texture": "#1"},
				"up": {"uv": [8, 8, 14, 8], "rotation": 270, "texture": "#1"},
				"down": {"uv": [8, 8, 14, 8], "rotation": 90, "texture": "#1"}
			}
		},
		{
			"from": [12.33959, 21.45, 5.13959],
			"to": [12.33959, 29.45, 13.13959],
			"rotation": {"angle": 0, "axis": "y", "origin": [8.33959, 8, 8]},
			"faces": {
				"north": {"uv": [0, 0, 0, 4], "texture": "#1"},
				"east": {"uv": [4, 0, 0, 4], "texture": "#1"},
				"south": {"uv": [0, 0, 0, 4], "texture": "#1"},
				"west": {"uv": [4, 0, 0, 4], "texture": "#1"},
				"up": {"uv": [0, 0, 6, 0], "rotation": 270, "texture": "#1"},
				"down": {"uv": [0, 0, 6, 0], "rotation": 90, "texture": "#1"}
			}
		},
		{
			"from": [12.33959, 20.5578, -1.62498],
			"to": [12.33959, 28.5578, 6.37502],
			"rotation": {"angle": 22.5, "axis": "x", "origin": [8.33959, 8, 8]},
			"faces": {
				"north": {"uv": [0, 0, 0, 4], "texture": "#1"},
				"east": {"uv": [8, 0, 4, 4], "texture": "#1"},
				"south": {"uv": [0, 0, 0, 4], "texture": "#1"},
				"west": {"uv": [8, 0, 4, 4], "texture": "#1"},
				"up": {"uv": [0, 0, 6, 0], "rotation": 270, "texture": "#1"},
				"down": {"uv": [0, 0, 6, 0], "rotation": 90, "texture": "#1"}
			}
		},
		{
			"from": [12.33959, 15.5332, 17.14483],
			"to": [12.33959, 23.5332, 25.14483],
			"rotation": {"angle": -45, "axis": "x", "origin": [8.33959, 8, 8]},
			"faces": {
				"north": {"uv": [0, 0, 6, 0], "rotation": 270, "texture": "#1"},
				"east": {"uv": [0, 8, 4, 4], "rotation": 90, "texture": "#1"},
				"south": {"uv": [0, 0, 6, 0], "rotation": 270, "texture": "#1"},
				"west": {"uv": [0, 8, 4, 4], "rotation": 270, "texture": "#1"},
				"up": {"uv": [0, 0, 0, 4], "rotation": 180, "texture": "#1"},
				"down": {"uv": [0, 0, 0, 4], "texture": "#1"}
			}
		},
		{
			"from": [12.33959, 19.68559, 11.73067],
			"to": [12.33959, 27.68559, 19.73067],
			"rotation": {"angle": -22.5, "axis": "x", "origin": [8.33959, 8, 8]},
			"faces": {
				"north": {"uv": [0, 0, 6, 0], "rotation": 270, "texture": "#1"},
				"east": {"uv": [4, 8, 8, 4], "rotation": 90, "texture": "#1"},
				"south": {"uv": [0, 0, 6, 0], "rotation": 270, "texture": "#1"},
				"west": {"uv": [4, 8, 8, 4], "rotation": 270, "texture": "#1"},
				"up": {"uv": [0, 0, 0, 4], "rotation": 180, "texture": "#1"},
				"down": {"uv": [0, 0, 0, 4], "texture": "#1"}
			}
		},
		{
			"from": [11.33959, 19.68559, 11.73067],
			"to": [11.33959, 27.68559, 19.73067],
			"rotation": {"angle": -22.5, "axis": "x", "origin": [8.33959, 8, 8]},
			"faces": {
				"north": {"uv": [8, 8, 14, 8], "rotation": 270, "texture": "#1"},
				"east": {"uv": [12, 16, 16, 12], "rotation": 90, "texture": "#1"},
				"south": {"uv": [8, 8, 14, 8], "rotation": 270, "texture": "#1"},
				"west": {"uv": [12, 16, 16, 12], "rotation": 270, "texture": "#1"},
				"up": {"uv": [8, 8, 8, 12], "rotation": 180, "texture": "#1"},
				"down": {"uv": [8, 8, 8, 12], "texture": "#1"}
			}
		},
		{
			"from": [11.33959, 15.5332, 17.14483],
			"to": [11.33959, 23.5332, 25.14483],
			"rotation": {"angle": -45, "axis": "x", "origin": [8.33959, 8, 8]},
			"faces": {
				"north": {"uv": [8, 8, 14, 8], "rotation": 270, "texture": "#1"},
				"east": {"uv": [8, 16, 12, 12], "rotation": 90, "texture": "#1"},
				"south": {"uv": [8, 8, 14, 8], "rotation": 270, "texture": "#1"},
				"west": {"uv": [8, 16, 12, 12], "rotation": 270, "texture": "#1"},
				"up": {"uv": [8, 8, 8, 12], "rotation": 180, "texture": "#1"},
				"down": {"uv": [8, 8, 8, 12], "texture": "#1"}
			}
		},
		{
			"from": [11.33959, 20.5578, -1.62498],
			"to": [11.33959, 28.5578, 6.37502],
			"rotation": {"angle": 22.5, "axis": "x", "origin": [8.33959, 8, 8]},
			"faces": {
				"north": {"uv": [8, 8, 8, 12], "texture": "#1"},
				"east": {"uv": [16, 8, 12, 12], "texture": "#1"},
				"south": {"uv": [8, 8, 8, 12], "texture": "#1"},
				"west": {"uv": [16, 8, 12, 12], "texture": "#1"},
				"up": {"uv": [8, 8, 14, 8], "rotation": 270, "texture": "#1"},
				"down": {"uv": [8, 8, 14, 8], "rotation": 90, "texture": "#1"}
			}
		},
		{
			"from": [11.33959, 21.45, 5.13959],
			"to": [11.33959, 29.45, 13.13959],
			"rotation": {"angle": 0, "axis": "y", "origin": [8.33959, 8, 8]},
			"faces": {
				"north": {"uv": [8, 8, 8, 12], "texture": "#1"},
				"east": {"uv": [12, 8, 8, 12], "texture": "#1"},
				"south": {"uv": [8, 8, 8, 12], "texture": "#1"},
				"west": {"uv": [12, 8, 8, 12], "texture": "#1"},
				"up": {"uv": [8, 8, 14, 8], "rotation": 270, "texture": "#1"},
				"down": {"uv": [8, 8, 14, 8], "rotation": 90, "texture": "#1"}
			}
		},
		{
			"from": [12.33959, -13.45, 5.13959],
			"to": [12.33959, -5.45, 13.13959],
			"rotation": {"angle": 0, "axis": "y", "origin": [8.33959, 8, 8]},
			"faces": {
				"north": {"uv": [0, 4, 0, 0], "texture": "#1"},
				"east": {"uv": [4, 4, 0, 0], "texture": "#1"},
				"south": {"uv": [0, 4, 0, 0], "texture": "#1"},
				"west": {"uv": [4, 4, 0, 0], "texture": "#1"},
				"up": {"uv": [0, 0, 6, 0], "rotation": 270, "texture": "#1"},
				"down": {"uv": [0, 0, 6, 0], "rotation": 90, "texture": "#1"}
			}
		},
		{
			"from": [12.33959, -12.5578, -1.62498],
			"to": [12.33959, -4.5578, 6.37502],
			"rotation": {"angle": -22.5, "axis": "x", "origin": [8.33959, 8, 8]},
			"faces": {
				"north": {"uv": [0, 4, 0, 0], "texture": "#1"},
				"east": {"uv": [8, 4, 4, 0], "texture": "#1"},
				"south": {"uv": [0, 4, 0, 0], "texture": "#1"},
				"west": {"uv": [8, 4, 4, 0], "texture": "#1"},
				"up": {"uv": [0, 0, 6, 0], "rotation": 270, "texture": "#1"},
				"down": {"uv": [0, 0, 6, 0], "rotation": 90, "texture": "#1"}
			}
		},
		{
			"from": [12.33959, -7.5332, 17.14483],
			"to": [12.33959, 0.4668, 25.14483],
			"rotation": {"angle": 45, "axis": "x", "origin": [8.33959, 8, 8]},
			"faces": {
				"north": {"uv": [6, 0, 0, 0], "rotation": 270, "texture": "#1"},
				"east": {"uv": [4, 8, 0, 4], "rotation": 90, "texture": "#1"},
				"south": {"uv": [6, 0, 0, 0], "rotation": 270, "texture": "#1"},
				"west": {"uv": [4, 8, 0, 4], "rotation": 270, "texture": "#1"},
				"up": {"uv": [0, 0, 0, 4], "rotation": 180, "texture": "#1"},
				"down": {"uv": [0, 0, 0, 4], "texture": "#1"}
			}
		},
		{
			"from": [12.33959, -11.68559, 11.73067],
			"to": [12.33959, -3.68559, 19.73067],
			"rotation": {"angle": 22.5, "axis": "x", "origin": [8.33959, 8, 8]},
			"faces": {
				"north": {"uv": [6, 0, 0, 0], "rotation": 270, "texture": "#1"},
				"east": {"uv": [8, 8, 4, 4], "rotation": 90, "texture": "#1"},
				"south": {"uv": [6, 0, 0, 0], "rotation": 270, "texture": "#1"},
				"west": {"uv": [8, 8, 4, 4], "rotation": 270, "texture": "#1"},
				"up": {"uv": [0, 0, 0, 4], "rotation": 180, "texture": "#1"},
				"down": {"uv": [0, 0, 0, 4], "texture": "#1"}
			}
		},
		{
			"from": [11.33959, -11.68559, 11.73067],
			"to": [11.33959, -3.68559, 19.73067],
			"rotation": {"angle": 22.5, "axis": "x", "origin": [8.33959, 8, 8]},
			"faces": {
				"north": {"uv": [14, 8, 8, 8], "rotation": 270, "texture": "#1"},
				"east": {"uv": [16, 16, 12, 12], "rotation": 90, "texture": "#1"},
				"south": {"uv": [14, 8, 8, 8], "rotation": 270, "texture": "#1"},
				"west": {"uv": [16, 16, 12, 12], "rotation": 270, "texture": "#1"},
				"up": {"uv": [8, 8, 8, 12], "rotation": 180, "texture": "#1"},
				"down": {"uv": [8, 8, 8, 12], "texture": "#1"}
			}
		},
		{
			"from": [11.33959, -7.5332, 17.14483],
			"to": [11.33959, 0.4668, 25.14483],
			"rotation": {"angle": 45, "axis": "x", "origin": [8.33959, 8, 8]},
			"faces": {
				"north": {"uv": [14, 8, 8, 8], "rotation": 270, "texture": "#1"},
				"east": {"uv": [12, 16, 8, 12], "rotation": 90, "texture": "#1"},
				"south": {"uv": [14, 8, 8, 8], "rotation": 270, "texture": "#1"},
				"west": {"uv": [12, 16, 8, 12], "rotation": 270, "texture": "#1"},
				"up": {"uv": [8, 8, 8, 12], "rotation": 180, "texture": "#1"},
				"down": {"uv": [8, 8, 8, 12], "texture": "#1"}
			}
		},
		{
			"from": [11.33959, -12.5578, -1.62498],
			"to": [11.33959, -4.5578, 6.37502],
			"rotation": {"angle": -22.5, "axis": "x", "origin": [8.33959, 8, 8]},
			"faces": {
				"north": {"uv": [8, 12, 8, 8], "texture": "#1"},
				"east": {"uv": [16, 12, 12, 8], "texture": "#1"},
				"south": {"uv": [8, 12, 8, 8], "texture": "#1"},
				"west": {"uv": [16, 12, 12, 8], "texture": "#1"},
				"up": {"uv": [8, 8, 14, 8], "rotation": 270, "texture": "#1"},
				"down": {"uv": [8, 8, 14, 8], "rotation": 90, "texture": "#1"}
			}
		},
		{
			"from": [11.33959, -13.45, 5.13959],
			"to": [11.33959, -5.45, 13.13959],
			"rotation": {"angle": 0, "axis": "y", "origin": [8.33959, 8, 8]},
			"faces": {
				"north": {"uv": [8, 12, 8, 8], "texture": "#1"},
				"east": {"uv": [12, 12, 8, 8], "texture": "#1"},
				"south": {"uv": [8, 12, 8, 8], "texture": "#1"},
				"west": {"uv": [12, 12, 8, 8], "texture": "#1"},
				"up": {"uv": [8, 8, 14, 8], "rotation": 270, "texture": "#1"},
				"down": {"uv": [8, 8, 14, 8], "rotation": 90, "texture": "#1"}
			}
		},
		{
			"from": [4.33959, -13.45, 5.13959],
			"to": [4.33959, -5.45, 13.13959],
			"rotation": {"angle": 0, "axis": "y", "origin": [8.33959, 8, 8]},
			"faces": {
				"north": {"uv": [0, 4, 0, 0], "texture": "#1"},
				"east": {"uv": [0, 4, 4, 0], "texture": "#1"},
				"south": {"uv": [0, 4, 0, 0], "texture": "#1"},
				"west": {"uv": [0, 4, 4, 0], "texture": "#1"},
				"up": {"uv": [0, 0, 6, 0], "rotation": 270, "texture": "#1"},
				"down": {"uv": [0, 0, 6, 0], "rotation": 90, "texture": "#1"}
			}
		},
		{
			"from": [4.33959, -12.5578, -1.62498],
			"to": [4.33959, -4.5578, 6.37502],
			"rotation": {"angle": -22.5, "axis": "x", "origin": [8.33959, 8, 8]},
			"faces": {
				"north": {"uv": [0, 4, 0, 0], "texture": "#1"},
				"east": {"uv": [4, 4, 8, 0], "texture": "#1"},
				"south": {"uv": [0, 4, 0, 0], "texture": "#1"},
				"west": {"uv": [4, 4, 8, 0], "texture": "#1"},
				"up": {"uv": [0, 0, 6, 0], "rotation": 270, "texture": "#1"},
				"down": {"uv": [0, 0, 6, 0], "rotation": 90, "texture": "#1"}
			}
		},
		{
			"from": [4.33959, -7.5332, 17.14483],
			"to": [4.33959, 0.4668, 25.14483],
			"rotation": {"angle": 45, "axis": "x", "origin": [8.33959, 8, 8]},
			"faces": {
				"north": {"uv": [6, 0, 0, 0], "rotation": 270, "texture": "#1"},
				"east": {"uv": [4, 4, 0, 8], "rotation": 270, "texture": "#1"},
				"south": {"uv": [6, 0, 0, 0], "rotation": 270, "texture": "#1"},
				"west": {"uv": [4, 4, 0, 8], "rotation": 90, "texture": "#1"},
				"up": {"uv": [0, 0, 0, 4], "rotation": 180, "texture": "#1"},
				"down": {"uv": [0, 0, 0, 4], "texture": "#1"}
			}
		},
		{
			"from": [4.33959, -11.68559, 11.73067],
			"to": [4.33959, -3.68559, 19.73067],
			"rotation": {"angle": 22.5, "axis": "x", "origin": [8.33959, 8, 8]},
			"faces": {
				"north": {"uv": [6, 0, 0, 0], "rotation": 270, "texture": "#1"},
				"east": {"uv": [8, 4, 4, 8], "rotation": 270, "texture": "#1"},
				"south": {"uv": [6, 0, 0, 0], "rotation": 270, "texture": "#1"},
				"west": {"uv": [8, 4, 4, 8], "rotation": 90, "texture": "#1"},
				"up": {"uv": [0, 0, 0, 4], "rotation": 180, "texture": "#1"},
				"down": {"uv": [0, 0, 0, 4], "texture": "#1"}
			}
		},
		{
			"from": [5.33959, -11.68559, 11.73067],
			"to": [5.33959, -3.68559, 19.73067],
			"rotation": {"angle": 22.5, "axis": "x", "origin": [8.33959, 8, 8]},
			"faces": {
				"north": {"uv": [14, 8, 8, 8], "rotation": 270, "texture": "#1"},
				"east": {"uv": [16, 12, 12, 16], "rotation": 270, "texture": "#1"},
				"south": {"uv": [14, 8, 8, 8], "rotation": 270, "texture": "#1"},
				"west": {"uv": [16, 12, 12, 16], "rotation": 90, "texture": "#1"},
				"up": {"uv": [8, 8, 8, 12], "rotation": 180, "texture": "#1"},
				"down": {"uv": [8, 8, 8, 12], "texture": "#1"}
			}
		},
		{
			"from": [5.33959, -7.5332, 17.14483],
			"to": [5.33959, 0.4668, 25.14483],
			"rotation": {"angle": 45, "axis": "x", "origin": [8.33959, 8, 8]},
			"faces": {
				"north": {"uv": [14, 8, 8, 8], "rotation": 270, "texture": "#1"},
				"east": {"uv": [12, 12, 8, 16], "rotation": 270, "texture": "#1"},
				"south": {"uv": [14, 8, 8, 8], "rotation": 270, "texture": "#1"},
				"west": {"uv": [12, 12, 8, 16], "rotation": 90, "texture": "#1"},
				"up": {"uv": [8, 8, 8, 12], "rotation": 180, "texture": "#1"},
				"down": {"uv": [8, 8, 8, 12], "texture": "#1"}
			}
		},
		{
			"from": [5.33959, -12.5578, -1.62498],
			"to": [5.33959, -4.5578, 6.37502],
			"rotation": {"angle": -22.5, "axis": "x", "origin": [8.33959, 8, 8]},
			"faces": {
				"north": {"uv": [8, 12, 8, 8], "texture": "#1"},
				"east": {"uv": [12, 12, 16, 8], "texture": "#1"},
				"south": {"uv": [8, 12, 8, 8], "texture": "#1"},
				"west": {"uv": [12, 12, 16, 8], "texture": "#1"},
				"up": {"uv": [8, 8, 14, 8], "rotation": 270, "texture": "#1"},
				"down": {"uv": [8, 8, 14, 8], "rotation": 90, "texture": "#1"}
			}
		},
		{
			"from": [5.33959, -13.45, 5.13959],
			"to": [5.33959, -5.45, 13.13959],
			"rotation": {"angle": 0, "axis": "y", "origin": [8.33959, 8, 8]},
			"faces": {
				"north": {"uv": [8, 12, 8, 8], "texture": "#1"},
				"east": {"uv": [8, 12, 12, 8], "texture": "#1"},
				"south": {"uv": [8, 12, 8, 8], "texture": "#1"},
				"west": {"uv": [8, 12, 12, 8], "texture": "#1"},
				"up": {"uv": [8, 8, 14, 8], "rotation": 270, "texture": "#1"},
				"down": {"uv": [8, 8, 14, 8], "rotation": 90, "texture": "#1"}
			}
		}
	],
	"gui_light": "front",
	"display": {
		"thirdperson_righthand": {
			"translation": [0, -1.5, 0.75],
			"scale": [0.45, 0.45, 0.45]
		},
		"thirdperson_lefthand": {
			"translation": [0, -1.5, 0.75],
			"scale": [0.45, 0.45, 0.45]
		},
		"firstperson_righthand": {
			"rotation": [19, 31, 0.27],
			"translation": [4.25, 8, -13],
			"scale": [0.68594, 0.68594, 0.68594]
		},
		"firstperson_lefthand": {
			"rotation": [19, 31, 0.27],
			"translation": [4.25, 8, -13],
			"scale": [0.68594, 0.68594, 0.68594]
		},
		"ground": {
			"rotation": [0, 0, 90],
			"translation": [1.25, 0.25, 0],
			"scale": [0.5, 0.5, 0.5]
		},
		"gui": {
			"rotation": [90, 45, -90],
			"translation": [-1.5, 1.5, 0],
			"scale": [0.37703, 0.37703, 0.37898]
		},
		"head": {
			"rotation": [90, -168, 90],
			"translation": [-0.5, 9.75, 0],
			"scale": [0.56, 0.56, 0.56]
		},
		"fixed": {
			"rotation": [0, 90, 0],
			"translation": [-2, 0, -2.25],
			"scale": [0.98719, 0.98719, 0.98719]
		}
	}
}