{"credit":"Made with Blockbench","texture_size":[32,32],"textures":{"0":"gamergirlset:pickaxetex","2":"gamergirlset:square","particle":"gamergirlset:pickaxetex"},"elements":[{"from":[8.05,13.91582,15.91008],"to":[10.05,17.91582,19.91008],"rotation":{"angle":-45,"axis":"x","origin":[8.05,5.93503,8]},"faces":{"north":{"uv":[9.25,13,7.25,14],"rotation":90,"texture":"#0"},"east":{"uv":[9.25,14,7.25,16],"texture":"#0"},"south":{"uv":[7.25,13,9.25,12],"rotation":90,"texture":"#0"},"west":{"uv":[9.25,16,7.25,14],"rotation":180,"texture":"#0"},"up":{"uv":[9.25,14,7.25,13],"rotation":90,"texture":"#0"},"down":{"uv":[9.25,12,7.25,13],"rotation":270,"texture":"#0"}}},{"from":[6.3,14,5.95],"to":[9.8,20,9.95],"rotation":{"angle":0,"axis":"y","origin":[8.05,5.93503,8]},"faces":{"north":{"uv":[11,1.25,9,4.25],"texture":"#0"},"east":{"uv":[11,4.25,9,1.25],"rotation":180,"texture":"#0"},"south":{"uv":[11,1.25,9,4.25],"texture":"#0"},"west":{"uv":[11,1.25,9,4.25],"texture":"#0"},"up":{"uv":[11.5,7.25,13.5,9],"rotation":90,"texture":"#0"},"down":{"uv":[11.5,9,13.5,7.25],"rotation":270,"texture":"#0"}}},{"from":[7.05,2,6.95],"to":[9.05,8,8.95],"rotation":{"angle":0,"axis":"y","origin":[8.05,5.93503,8]},"faces":{"north":{"uv":[10.25,13,9.25,16],"texture":"#0"},"east":{"uv":[11.25,16,10.25,13],"rotation":180,"texture":"#0"},"south":{"uv":[10.25,13,9.25,16],"texture":"#0"},"west":{"uv":[11.25,13,10.25,16],"texture":"#0"},"up":{"uv":[9,0,10,1],"rotation":90,"texture":"#0"},"down":{"uv":[9,1,10,0],"rotation":270,"texture":"#0"}}},{"from":[7.05,-10,6.95],"to":[9.05,-4,8.95],"rotation":{"angle":0,"axis":"y","origin":[8.05,5.93503,8]},"faces":{"north":{"uv":[10.25,13,9.25,16],"texture":"#0"},"east":{"uv":[11.25,16,10.25,13],"rotation":180,"texture":"#0"},"south":{"uv":[10.25,13,9.25,16],"texture":"#0"},"west":{"uv":[11.25,13,10.25,16],"texture":"#0"},"up":{"uv":[9,0,10,1],"rotation":90,"texture":"#0"},"down":{"uv":[9,1,10,0],"rotation":270,"texture":"#0"}}},{"from":[6.05,13.91582,15.91008],"to":[8.05,17.91582,19.91008],"rotation":{"angle":-45,"axis":"x","origin":[8.05,5.93503,8]},"faces":{"north":{"uv":[7.25,13,9.25,14],"rotation":90,"texture":"#0"},"east":{"uv":[7.25,16,9.25,14],"rotation":180,"texture":"#0"},"south":{"uv":[7.25,12,9.25,13],"rotation":90,"texture":"#0"},"west":{"uv":[7.25,14,9.25,16],"texture":"#0"},"up":{"uv":[9.25,13,7.25,14],"rotation":90,"texture":"#0"},"down":{"uv":[9.25,13,7.25,12],"rotation":270,"texture":"#0"}}},{"from":[7.05,8,6.95],"to":[9.05,14,8.95],"rotation":{"angle":0,"axis":"y","origin":[8.05,5.93503,8]},"faces":{"north":{"uv":[10.25,16,9.25,13],"texture":"#0"},"east":{"uv":[11.25,13,10.25,16],"rotation":180,"texture":"#0"},"south":{"uv":[10.25,16,9.25,13],"texture":"#0"},"west":{"uv":[11.25,16,10.25,13],"texture":"#0"},"up":{"uv":[9,0,10,1],"rotation":90,"texture":"#0"},"down":{"uv":[9,1,10,0],"rotation":270,"texture":"#0"}}},{"from":[15.02092,12.90595,9.85],"to":[20.02092,17.90595,11.85],"rotation":{"angle":45,"axis":"z","origin":[8.05,5.93503,8]},"faces":{"north":{"uv":[13.5,12.25,16,9.75],"texture":"#0"},"east":{"uv":[16,6.25,13.5,7.25],"rotation":90,"texture":"#0"},"south":{"uv":[13.5,9.75,16,7.25],"rotation":180,"texture":"#0"},"west":{"uv":[13.5,6.25,11,7.25],"rotation":270,"texture":"#0"},"up":{"uv":[16,6.25,13.5,7.25],"texture":"#0"},"down":{"uv":[11,6.25,13.5,7.25],"rotation":180,"texture":"#0"}}},{"from":[7.5335,4.994,6.95],"to":[9.5335,10.994,8.95],"rotation":{"angle":-22.5,"axis":"z","origin":[8.05,5.93503,8]},"faces":{"north":{"uv":[0,13,1,16],"texture":"#0"},"east":{"uv":[2,13,1,16],"texture":"#0"},"south":{"uv":[1,13,0,16],"texture":"#0"},"west":{"uv":[1,13,2,16],"texture":"#0"},"up":{"uv":[0,12,1,13],"rotation":180,"texture":"#0"},"down":{"uv":[0,12,1,13],"rotation":180,"texture":"#0"}}},{"from":[6.05,9.5,5.95],"to":[10.05,11.5,9.95],"rotation":{"angle":0,"axis":"y","origin":[8.05,5.93503,8]},"faces":{"north":{"uv":[2,15,4,16],"texture":"#0"},"east":{"uv":[2,15,4,16],"texture":"#0"},"south":{"uv":[2,15,4,16],"texture":"#0"},"west":{"uv":[2,15,4,16],"texture":"#0"},"up":{"uv":[2,13,4,15],"rotation":90,"texture":"#0"},"down":{"uv":[4.25,14,6.25,16],"rotation":270,"texture":"#0"}}},{"from":[6.55,-12,6.45],"to":[9.55,-10,9.45],"rotation":{"angle":0,"axis":"y","origin":[8.05,5.93503,8]},"faces":{"north":{"uv":[11.5,0,13,1],"texture":"#0"},"east":{"uv":[13,0,14.5,1],"texture":"#0"},"south":{"uv":[11.5,0,13,1],"texture":"#0"},"west":{"uv":[13,0,14.5,1],"texture":"#0"},"up":{"uv":[14.5,0,16,1.5],"rotation":90,"texture":"#0"},"down":{"uv":[10.75,4.25,12.25,5.75],"rotation":270,"texture":"#0"}}},{"from":[6.5665,4.994,6.95],"to":[8.5665,10.994,8.95],"rotation":{"angle":22.5,"axis":"z","origin":[8.05,5.93503,8]},"faces":{"north":{"uv":[1,13,0,16],"texture":"#0"},"east":{"uv":[2,13,1,16],"texture":"#0"},"south":{"uv":[0,13,1,16],"texture":"#0"},"west":{"uv":[2,13,1,16],"texture":"#0"},"up":{"uv":[1,12,0,13],"rotation":180,"texture":"#0"},"down":{"uv":[1,12,0,13],"rotation":180,"texture":"#0"}}},{"from":[7.05,4.97487,7.43731],"to":[9.05,10.97487,9.43731],"rotation":{"angle":22.5,"axis":"x","origin":[8.05,5.93503,8]},"faces":{"north":{"uv":[1,13,2,16],"texture":"#0"},"east":{"uv":[0,13,1,16],"texture":"#0"},"south":{"uv":[2,13,1,16],"texture":"#0"},"west":{"uv":[1,13,0,16],"texture":"#0"},"up":{"uv":[0,12,1,13],"rotation":270,"texture":"#0"},"down":{"uv":[0,12,1,13],"rotation":90,"texture":"#0"}}},{"from":[7.05,5.01313,6.4703],"to":[9.05,11.01313,8.4703],"rotation":{"angle":-22.5,"axis":"x","origin":[8.05,5.93503,8]},"faces":{"north":{"uv":[2,13,1,16],"texture":"#0"},"east":{"uv":[1,13,0,16],"texture":"#0"},"south":{"uv":[2,13,1,16],"texture":"#0"},"west":{"uv":[0,13,1,16],"texture":"#0"},"up":{"uv":[1,12,0,13],"rotation":270,"texture":"#0"},"down":{"uv":[1,12,0,13],"rotation":90,"texture":"#0"}}},{"from":[7.05,-4,6.95],"to":[9.05,2,8.95],"rotation":{"angle":0,"axis":"y","origin":[8.05,5.93503,8]},"faces":{"north":{"uv":[10.25,16,9.25,13],"texture":"#0"},"east":{"uv":[11.25,13,10.25,16],"rotation":180,"texture":"#0"},"south":{"uv":[10.25,16,9.25,13],"texture":"#0"},"west":{"uv":[11.25,16,10.25,13],"texture":"#0"},"up":{"uv":[9,0,10,1],"rotation":90,"texture":"#0"},"down":{"uv":[9,1,10,0],"rotation":270,"texture":"#0"}}},{"from":[7.05,18.64101,5.93266],"to":[9.05,21.64101,10.93266],"rotation":{"angle":-22.5,"axis":"x","origin":[8.05,5.93503,8]},"faces":{"north":{"uv":[0,1,1.5,0],"rotation":270,"texture":"#0"},"east":{"uv":[1.5,2.5,3,0],"rotation":90,"texture":"#0"},"south":{"uv":[0,1,1.5,0],"rotation":270,"texture":"#0"},"west":{"uv":[3,2.5,1.5,0],"rotation":270,"texture":"#0"},"up":{"uv":[4,2.5,5,0],"texture":"#0"},"down":{"uv":[3,2.5,4,0],"rotation":180,"texture":"#0"}}},{"from":[7.3,5.55516,-7.20678],"to":[8.8,10.05516,-4.70678],"rotation":{"angle":45,"axis":"x","origin":[8.05,5.93503,8]},"faces":{"north":{"uv":[5,2.75,7.25,2],"rotation":90,"texture":"#0"},"east":{"uv":[5,0,7.25,1.25],"rotation":90,"texture":"#0"},"south":{"uv":[5,2,7.25,1.25],"rotation":90,"texture":"#0"},"west":{"uv":[5,1.25,7.25,0],"rotation":90,"texture":"#0"},"up":{"uv":[7.25,1.25,8,0],"rotation":180,"texture":"#0"},"down":{"uv":[7.25,1.25,8,0],"texture":"#0"}}},{"from":[15.02092,12.90595,4.05],"to":[20.02092,17.90595,6.05],"rotation":{"angle":45,"axis":"z","origin":[8.05,5.93503,8]},"faces":{"north":{"uv":[16,9.75,13.5,7.25],"rotation":180,"texture":"#0"},"east":{"uv":[16,7.25,13.5,6.25],"rotation":90,"texture":"#0"},"south":{"uv":[16,12.25,13.5,9.75],"texture":"#0"},"west":{"uv":[13.5,7.25,11,6.25],"rotation":270,"texture":"#0"},"up":{"uv":[16,7.25,13.5,6.25],"texture":"#0"},"down":{"uv":[11,7.25,13.5,6.25],"rotation":180,"texture":"#0"}}},{"from":[7.55,6.87612,-6.18536],"to":[8.55,11.37612,-4.68536],"rotation":{"angle":22.5,"axis":"x","origin":[8.05,5.93503,8]},"faces":{"north":{"uv":[2,3.75,4.25,3.25],"rotation":90,"texture":"#0"},"east":{"uv":[2,2.5,4.25,3.25],"rotation":90,"texture":"#0"},"south":{"uv":[2,4.25,4.25,3.75],"rotation":90,"texture":"#0"},"west":{"uv":[2,3.25,4.25,2.5],"rotation":90,"texture":"#0"},"up":{"uv":[1.5,3.25,2,2.5],"rotation":180,"texture":"#0"},"down":{"uv":[1.5,3.25,2,2.5],"texture":"#0"}}},{"from":[8.05,17.92394,17.96084],"to":[10.05,18.92394,20.96084],"rotation":{"angle":-45,"axis":"x","origin":[8.05,5.93503,8]},"faces":{"north":{"uv":[13,11.75,12,11.25],"texture":"#0"},"east":{"uv":[14.5,12.75,16,12.25],"rotation":180,"texture":"#0"},"south":{"uv":[11.5,10.5,10.5,10],"texture":"#0"},"west":{"uv":[14.5,12.75,16,12.25],"texture":"#0"},"up":{"uv":[16,3.25,15,4.75],"rotation":180,"texture":"#0"},"down":{"uv":[16,4.75,15,6.25],"rotation":180,"texture":"#0"}}},{"from":[8.05,15.92394,19.96084],"to":[10.05,17.92394,20.96084],"rotation":{"angle":-45,"axis":"x","origin":[8.05,5.93503,8]},"faces":{"north":{"uv":[10.25,6.875,9.25,6],"rotation":270,"texture":"#0"},"east":{"uv":[10.5,7.5,9.5,8],"rotation":90,"texture":"#0"},"south":{"uv":[10.25,6,9.25,6.875],"rotation":270,"texture":"#0"},"west":{"uv":[10.5,8,9.5,7.5],"rotation":90,"texture":"#0"},"up":{"uv":[9,8,9.5,7.125],"rotation":270,"texture":"#0"},"down":{"uv":[9,8,9.5,7.125],"rotation":270,"texture":"#0"}}},{"from":[6.05,17.92394,17.96084],"to":[8.05,18.92394,20.96084],"rotation":{"angle":-45,"axis":"x","origin":[8.05,5.93503,8]},"faces":{"north":{"uv":[13,11.75,12,11.25],"texture":"#0"},"east":{"uv":[14.5,12.25,16,12.75],"rotation":180,"texture":"#0"},"south":{"uv":[11.5,10.5,10.5,10],"texture":"#0"},"west":{"uv":[14.5,12.25,16,12.75],"texture":"#0"},"up":{"uv":[15,3.25,16,4.75],"rotation":180,"texture":"#0"},"down":{"uv":[15,4.75,16,6.25],"rotation":180,"texture":"#0"}}},{"from":[6.05,15.92394,19.96084],"to":[8.05,17.92394,20.96084],"rotation":{"angle":-45,"axis":"x","origin":[8.05,5.93503,8]},"faces":{"north":{"uv":[10.25,6,9.25,6.875],"rotation":270,"texture":"#0"},"east":{"uv":[9.5,8,10.5,7.5],"rotation":270,"texture":"#0"},"south":{"uv":[10.25,6.875,9.25,6],"rotation":270,"texture":"#0"},"west":{"uv":[9.5,7.5,10.5,8],"rotation":270,"texture":"#0"},"up":{"uv":[9,7.125,9.5,8],"rotation":270,"texture":"#0"},"down":{"uv":[9,7.125,9.5,8],"rotation":270,"texture":"#0"}}},{"from":[7.55,6.87612,20.68536],"to":[8.55,11.37612,22.18536],"rotation":{"angle":-22.5,"axis":"x","origin":[8.05,5.93503,8]},"faces":{"north":{"uv":[2,3.75,4.25,4.25],"rotation":90,"texture":"#0"},"east":{"uv":[2,3.25,4.25,2.5],"rotation":90,"texture":"#0"},"south":{"uv":[2,3.25,4.25,3.75],"rotation":90,"texture":"#0"},"west":{"uv":[2,2.5,4.25,3.25],"rotation":90,"texture":"#0"},"up":{"uv":[1.5,2.5,2,3.25],"rotation":180,"texture":"#0"},"down":{"uv":[1.5,2.5,2,3.25],"texture":"#0"}}},{"from":[7.3,5.55516,20.70678],"to":[8.8,10.05516,23.20678],"rotation":{"angle":-45,"axis":"x","origin":[8.05,5.93503,8]},"faces":{"north":{"uv":[5,1.25,7.25,2],"rotation":90,"texture":"#0"},"east":{"uv":[5,1.25,7.25,0],"rotation":90,"texture":"#0"},"south":{"uv":[5,2,7.25,2.75],"rotation":90,"texture":"#0"},"west":{"uv":[5,0,7.25,1.25],"rotation":90,"texture":"#0"},"up":{"uv":[7.25,0,8,1.25],"rotation":180,"texture":"#0"},"down":{"uv":[7.25,0,8,1.25],"texture":"#0"}}},{"from":[7.05,18.60274,4.97495],"to":[9.05,21.60274,9.97495],"rotation":{"angle":22.5,"axis":"x","origin":[8.05,5.93503,8]},"faces":{"north":{"uv":[0,0,1.5,1],"rotation":270,"texture":"#0"},"east":{"uv":[1.5,0,3,2.5],"rotation":90,"texture":"#0"},"south":{"uv":[0,0,1.5,1],"rotation":270,"texture":"#0"},"west":{"uv":[3,0,1.5,2.5],"rotation":270,"texture":"#0"},"up":{"uv":[4,0,5,2.5],"texture":"#0"},"down":{"uv":[3,0,4,2.5],"rotation":180,"texture":"#0"}}},{"from":[11.05,16,4],"to":[11.05,24,12],"rotation":{"angle":0,"axis":"y","origin":[8.05,5.93503,8]},"faces":{"north":{"uv":[8,8,8,12],"texture":"#2"},"east":{"uv":[8,8,12,12],"texture":"#2"},"south":{"uv":[8,8,8,12],"texture":"#2"},"west":{"uv":[8,8,12,12],"texture":"#2"},"up":{"uv":[8,8,14,8],"rotation":90,"texture":"#2"},"down":{"uv":[8,8,14,8],"rotation":270,"texture":"#2"}}},{"from":[11.05,14.92937,9.38243],"to":[11.05,22.92937,17.38243],"rotation":{"angle":-22.5,"axis":"x","origin":[8.05,5.93503,8]},"faces":{"north":{"uv":[8,8,8,12],"texture":"#2"},"east":{"uv":[12,8,16,12],"texture":"#2"},"south":{"uv":[8,8,8,12],"texture":"#2"},"west":{"uv":[12,8,16,12],"texture":"#2"},"up":{"uv":[8,8,14,8],"rotation":90,"texture":"#2"},"down":{"uv":[8,8,14,8],"rotation":270,"texture":"#2"}}},{"from":[11.05,11.88047,-5.94544],"to":[11.05,19.88047,2.05456],"rotation":{"angle":45,"axis":"x","origin":[8.05,5.93503,8]},"faces":{"north":{"uv":[8,8,14,8],"rotation":270,"texture":"#2"},"east":{"uv":[8,12,12,16],"rotation":90,"texture":"#2"},"south":{"uv":[8,8,14,8],"rotation":270,"texture":"#2"},"west":{"uv":[8,12,12,16],"rotation":270,"texture":"#2"},"up":{"uv":[8,8,8,12],"texture":"#2"},"down":{"uv":[8,8,8,12],"rotation":180,"texture":"#2"}}},{"from":[11.05,14.92937,-1.38243],"to":[11.05,22.92937,6.61757],"rotation":{"angle":22.5,"axis":"x","origin":[8.05,5.93503,8]},"faces":{"north":{"uv":[8,8,14,8],"rotation":270,"texture":"#2"},"east":{"uv":[12,12,16,16],"rotation":90,"texture":"#2"},"south":{"uv":[8,8,14,8],"rotation":270,"texture":"#2"},"west":{"uv":[12,12,16,16],"rotation":270,"texture":"#2"},"up":{"uv":[8,8,8,12],"texture":"#2"},"down":{"uv":[8,8,8,12],"rotation":180,"texture":"#2"}}},{"from":[12.05,14.92937,-1.38243],"to":[12.05,22.92937,6.61757],"rotation":{"angle":22.5,"axis":"x","origin":[8.05,5.93503,8]},"faces":{"north":{"uv":[0,0,6,0],"rotation":270,"texture":"#2"},"east":{"uv":[4,4,8,8],"rotation":90,"texture":"#2"},"south":{"uv":[0,0,6,0],"rotation":270,"texture":"#2"},"west":{"uv":[4,4,8,8],"rotation":270,"texture":"#2"},"up":{"uv":[0,0,0,4],"texture":"#2"},"down":{"uv":[0,0,0,4],"rotation":180,"texture":"#2"}}},{"from":[12.05,11.88047,-5.94544],"to":[12.05,19.88047,2.05456],"rotation":{"angle":45,"axis":"x","origin":[8.05,5.93503,8]},"faces":{"north":{"uv":[0,0,6,0],"rotation":270,"texture":"#2"},"east":{"uv":[0,4,4,8],"rotation":90,"texture":"#2"},"south":{"uv":[0,0,6,0],"rotation":270,"texture":"#2"},"west":{"uv":[0,4,4,8],"rotation":270,"texture":"#2"},"up":{"uv":[0,0,0,4],"texture":"#2"},"down":{"uv":[0,0,0,4],"rotation":180,"texture":"#2"}}},{"from":[12.05,14.92937,9.38243],"to":[12.05,22.92937,17.38243],"rotation":{"angle":-22.5,"axis":"x","origin":[8.05,5.93503,8]},"faces":{"north":{"uv":[0,0,0,4],"texture":"#2"},"east":{"uv":[4,0,8,4],"texture":"#2"},"south":{"uv":[0,0,0,4],"texture":"#2"},"west":{"uv":[4,0,8,4],"texture":"#2"},"up":{"uv":[0,0,6,0],"rotation":90,"texture":"#2"},"down":{"uv":[0,0,6,0],"rotation":270,"texture":"#2"}}},{"from":[12.05,16,4],"to":[12.05,24,12],"rotation":{"angle":0,"axis":"y","origin":[8.05,5.93503,8]},"faces":{"north":{"uv":[0,0,0,4],"texture":"#2"},"east":{"uv":[0,0,4,4],"texture":"#2"},"south":{"uv":[0,0,0,4],"texture":"#2"},"west":{"uv":[0,0,4,4],"texture":"#2"},"up":{"uv":[0,0,6,0],"rotation":90,"texture":"#2"},"down":{"uv":[0,0,6,0],"rotation":270,"texture":"#2"}}},{"from":[4.05,16,4],"to":[4.05,24,12],"rotation":{"angle":0,"axis":"y","origin":[8.05,5.93503,8]},"faces":{"north":{"uv":[0,0,0,4],"texture":"#2"},"east":{"uv":[4,0,0,4],"texture":"#2"},"south":{"uv":[0,0,0,4],"texture":"#2"},"west":{"uv":[4,0,0,4],"texture":"#2"},"up":{"uv":[0,0,6,0],"rotation":90,"texture":"#2"},"down":{"uv":[0,0,6,0],"rotation":270,"texture":"#2"}}},{"from":[4.05,14.92937,9.38243],"to":[4.05,22.92937,17.38243],"rotation":{"angle":-22.5,"axis":"x","origin":[8.05,5.93503,8]},"faces":{"north":{"uv":[0,0,0,4],"texture":"#2"},"east":{"uv":[8,0,4,4],"texture":"#2"},"south":{"uv":[0,0,0,4],"texture":"#2"},"west":{"uv":[8,0,4,4],"texture":"#2"},"up":{"uv":[0,0,6,0],"rotation":90,"texture":"#2"},"down":{"uv":[0,0,6,0],"rotation":270,"texture":"#2"}}},{"from":[4.05,11.88047,-5.94544],"to":[4.05,19.88047,2.05456],"rotation":{"angle":45,"axis":"x","origin":[8.05,5.93503,8]},"faces":{"north":{"uv":[0,0,6,0],"rotation":270,"texture":"#2"},"east":{"uv":[0,8,4,4],"rotation":270,"texture":"#2"},"south":{"uv":[0,0,6,0],"rotation":270,"texture":"#2"},"west":{"uv":[0,8,4,4],"rotation":90,"texture":"#2"},"up":{"uv":[0,0,0,4],"texture":"#2"},"down":{"uv":[0,0,0,4],"rotation":180,"texture":"#2"}}},{"from":[4.05,14.92937,-1.38243],"to":[4.05,22.92937,6.61757],"rotation":{"angle":22.5,"axis":"x","origin":[8.05,5.93503,8]},"faces":{"north":{"uv":[0,0,6,0],"rotation":270,"texture":"#2"},"east":{"uv":[4,8,8,4],"rotation":270,"texture":"#2"},"south":{"uv":[0,0,6,0],"rotation":270,"texture":"#2"},"west":{"uv":[4,8,8,4],"rotation":90,"texture":"#2"},"up":{"uv":[0,0,0,4],"texture":"#2"},"down":{"uv":[0,0,0,4],"rotation":180,"texture":"#2"}}},{"from":[5.05,14.92937,-1.38243],"to":[5.05,22.92937,6.61757],"rotation":{"angle":22.5,"axis":"x","origin":[8.05,5.93503,8]},"faces":{"north":{"uv":[8,8,14,8],"rotation":270,"texture":"#2"},"east":{"uv":[12,16,16,12],"rotation":270,"texture":"#2"},"south":{"uv":[8,8,14,8],"rotation":270,"texture":"#2"},"west":{"uv":[12,16,16,12],"rotation":90,"texture":"#2"},"up":{"uv":[8,8,8,12],"texture":"#2"},"down":{"uv":[8,8,8,12],"rotation":180,"texture":"#2"}}},{"from":[5.05,11.88047,-5.94544],"to":[5.05,19.88047,2.05456],"rotation":{"angle":45,"axis":"x","origin":[8.05,5.93503,8]},"faces":{"north":{"uv":[8,8,14,8],"rotation":270,"texture":"#2"},"east":{"uv":[8,16,12,12],"rotation":270,"texture":"#2"},"south":{"uv":[8,8,14,8],"rotation":270,"texture":"#2"},"west":{"uv":[8,16,12,12],"rotation":90,"texture":"#2"},"up":{"uv":[8,8,8,12],"texture":"#2"},"down":{"uv":[8,8,8,12],"rotation":180,"texture":"#2"}}},{"from":[5.05,14.92937,9.38243],"to":[5.05,22.92937,17.38243],"rotation":{"angle":-22.5,"axis":"x","origin":[8.05,5.93503,8]},"faces":{"north":{"uv":[8,8,8,12],"texture":"#2"},"east":{"uv":[16,8,12,12],"texture":"#2"},"south":{"uv":[8,8,8,12],"texture":"#2"},"west":{"uv":[16,8,12,12],"texture":"#2"},"up":{"uv":[8,8,14,8],"rotation":90,"texture":"#2"},"down":{"uv":[8,8,14,8],"rotation":270,"texture":"#2"}}},{"from":[5.05,16,4],"to":[5.05,24,12],"rotation":{"angle":0,"axis":"y","origin":[8.05,5.93503,8]},"faces":{"north":{"uv":[8,8,8,12],"texture":"#2"},"east":{"uv":[12,8,8,12],"texture":"#2"},"south":{"uv":[8,8,8,12],"texture":"#2"},"west":{"uv":[12,8,8,12],"texture":"#2"},"up":{"uv":[8,8,14,8],"rotation":90,"texture":"#2"},"down":{"uv":[8,8,14,8],"rotation":270,"texture":"#2"}}}],"gui_light":"front","display":{"thirdperson_righthand":{"translation":[0,5.75,1.5],"scale":[0.65,0.65,0.65]},"thirdperson_lefthand":{"translation":[0,5.75,1.5],"scale":[0.65,0.65,0.65]},"firstperson_righthand":{"rotation":[-12,15,3],"translation":[2.75,2.75,-2.25],"scale":[0.51953,0.51953,0.51953]},"firstperson_lefthand":{"rotation":[-12,15,3],"translation":[2.75,2.75,-2.25],"scale":[0.51953,0.51953,0.51953]},"ground":{"rotation":[0,0,90],"translation":[-2,0.25,0],"scale":[0.5,0.5,0.5]},"gui":{"rotation":[106,135,-90],"translation":[0,0,-1.25],"scale":[0.4068,0.4068,0.4068]},"head":{"rotation":[90,-168,90],"translation":[-0.5,11.75,0],"scale":[0.56,0.56,0.56]},"fixed":{"rotation":[0,90,0],"translation":[0,0,-2.25],"scale":[1.06336,1.06336,1.06336]}}}