{"credit":"Made with Blockbench","texture_size":[32,32],"textures":{"0":"gamergirlset:shoveltex","1":"gamergirlset:boxs","particle":"gamergirlset:shoveltex"},"elements":[{"from":[-1.21887,12.40463,6.86732],"to":[2.78113,16.40463,8.86732],"rotation":{"angle":-45,"axis":"z","origin":[6.38268,6.32821,8]},"faces":{"north":{"uv":[9.25,16,7.25,14],"rotation":180,"texture":"#0"},"east":{"uv":[9.25,13,7.25,14],"rotation":90,"texture":"#0"},"south":{"uv":[9.25,14,7.25,16],"texture":"#0"},"west":{"uv":[7.25,13,9.25,12],"rotation":90,"texture":"#0"},"up":{"uv":[9.25,14,7.25,13],"rotation":180,"texture":"#0"},"down":{"uv":[9.25,12,7.25,13],"rotation":180,"texture":"#0"}}},{"from":[6.13268,10,5.11732],"to":[10.13268,16,8.61732],"rotation":{"angle":0,"axis":"y","origin":[6.38268,6.32821,8]},"faces":{"north":{"uv":[11,1.25,9,4.25],"texture":"#0"},"east":{"uv":[11,1.25,9,4.25],"texture":"#0"},"south":{"uv":[11,4.25,9,1.25],"rotation":180,"texture":"#0"},"west":{"uv":[11,1.25,9,4.25],"texture":"#0"},"up":{"uv":[11.5,7.25,13.5,9],"rotation":180,"texture":"#0"},"down":{"uv":[11.5,9,13.5,7.25],"rotation":180,"texture":"#0"}}},{"from":[7.13268,-2,5.86732],"to":[9.13268,4,7.86732],"rotation":{"angle":0,"axis":"y","origin":[6.38268,6.32821,8]},"faces":{"north":{"uv":[11.25,13,10.25,16],"texture":"#0"},"east":{"uv":[10.25,13,9.25,16],"texture":"#0"},"south":{"uv":[11.25,16,10.25,13],"rotation":180,"texture":"#0"},"west":{"uv":[10.25,13,9.25,16],"texture":"#0"},"up":{"uv":[9,0,10,1],"rotation":180,"texture":"#0"},"down":{"uv":[9,1,10,0],"rotation":180,"texture":"#0"}}},{"from":[7.13268,-14,5.86732],"to":[9.13268,-8,7.86732],"rotation":{"angle":0,"axis":"y","origin":[6.38268,6.32821,8]},"faces":{"north":{"uv":[11.25,13,10.25,16],"texture":"#0"},"east":{"uv":[10.25,13,9.25,16],"texture":"#0"},"south":{"uv":[11.25,16,10.25,13],"rotation":180,"texture":"#0"},"west":{"uv":[10.25,13,9.25,16],"texture":"#0"},"up":{"uv":[9,0,10,1],"rotation":180,"texture":"#0"},"down":{"uv":[9,1,10,0],"rotation":180,"texture":"#0"}}},{"from":[-1.21887,12.40463,4.86732],"to":[2.78113,16.40463,6.86732],"rotation":{"angle":-45,"axis":"z","origin":[6.38268,6.32821,8]},"faces":{"north":{"uv":[7.25,14,9.25,16],"texture":"#0"},"east":{"uv":[7.25,13,9.25,14],"rotation":90,"texture":"#0"},"south":{"uv":[7.25,16,9.25,14],"rotation":180,"texture":"#0"},"west":{"uv":[7.25,12,9.25,13],"rotation":90,"texture":"#0"},"up":{"uv":[9.25,13,7.25,14],"rotation":180,"texture":"#0"},"down":{"uv":[9.25,13,7.25,12],"rotation":180,"texture":"#0"}}},{"from":[7.13268,4,5.86732],"to":[9.13268,10,7.86732],"rotation":{"angle":0,"axis":"y","origin":[6.38268,6.32821,8]},"faces":{"north":{"uv":[11.25,16,10.25,13],"texture":"#0"},"east":{"uv":[10.25,16,9.25,13],"texture":"#0"},"south":{"uv":[11.25,13,10.25,16],"rotation":180,"texture":"#0"},"west":{"uv":[10.25,16,9.25,13],"texture":"#0"},"up":{"uv":[9,0,10,1],"rotation":180,"texture":"#0"},"down":{"uv":[9,1,10,0],"rotation":180,"texture":"#0"}}},{"from":[4.23268,10.99361,11.06354],"to":[6.23268,15.99361,16.06354],"rotation":{"angle":-45,"axis":"x","origin":[6.38268,6.32821,8]},"faces":{"north":{"uv":[13.5,6.25,11,7.25],"rotation":270,"texture":"#0"},"east":{"uv":[13.5,12.25,16,9.75],"texture":"#0"},"south":{"uv":[16,6.25,13.5,7.25],"rotation":90,"texture":"#0"},"west":{"uv":[13.5,9.75,16,7.25],"rotation":180,"texture":"#0"},"up":{"uv":[16,6.25,13.5,7.25],"rotation":90,"texture":"#0"},"down":{"uv":[11,6.25,13.5,7.25],"rotation":90,"texture":"#0"}}},{"from":[7.13268,0.89495,8.11824],"to":[9.13268,6.89495,10.11824],"rotation":{"angle":22.5,"axis":"x","origin":[6.38268,6.32821,8]},"faces":{"north":{"uv":[1,13,2,16],"texture":"#0"},"east":{"uv":[0,13,1,16],"texture":"#0"},"south":{"uv":[2,13,1,16],"texture":"#0"},"west":{"uv":[1,13,0,16],"texture":"#0"},"up":{"uv":[0,12,1,13],"rotation":270,"texture":"#0"},"down":{"uv":[0,12,1,13],"rotation":90,"texture":"#0"}}},{"from":[6.13268,5.5,4.86732],"to":[10.13268,7.5,8.86732],"rotation":{"angle":0,"axis":"y","origin":[6.38268,6.32821,8]},"faces":{"north":{"uv":[2,15,4,16],"texture":"#0"},"east":{"uv":[2,15,4,16],"texture":"#0"},"south":{"uv":[2,15,4,16],"texture":"#0"},"west":{"uv":[2,15,4,16],"texture":"#0"},"up":{"uv":[2,13,4,15],"rotation":180,"texture":"#0"},"down":{"uv":[4.25,14,6.25,16],"rotation":180,"texture":"#0"}}},{"from":[6.63268,-16,5.36732],"to":[9.63268,-14,8.36732],"rotation":{"angle":0,"axis":"y","origin":[6.38268,6.32821,8]},"faces":{"north":{"uv":[13,0,14.5,1],"texture":"#0"},"east":{"uv":[11.5,0,13,1],"texture":"#0"},"south":{"uv":[13,0,14.5,1],"texture":"#0"},"west":{"uv":[11.5,0,13,1],"texture":"#0"},"up":{"uv":[14.5,0,16,1.5],"rotation":180,"texture":"#0"},"down":{"uv":[10.75,4.25,12.25,5.75],"rotation":180,"texture":"#0"}}},{"from":[7.13268,1.76187,3.78884],"to":[9.13268,7.76187,5.78884],"rotation":{"angle":-22.5,"axis":"x","origin":[6.38268,6.32821,8]},"faces":{"north":{"uv":[2,13,1,16],"texture":"#0"},"east":{"uv":[1,13,0,16],"texture":"#0"},"south":{"uv":[2,13,1,16],"texture":"#0"},"west":{"uv":[0,13,1,16],"texture":"#0"},"up":{"uv":[1,12,0,13],"rotation":270,"texture":"#0"},"down":{"uv":[1,12,0,13],"rotation":90,"texture":"#0"}}},{"from":[4.83477,0.65871,5.86732],"to":[6.83477,6.65871,7.86732],"rotation":{"angle":22.5,"axis":"z","origin":[6.38268,6.32821,8]},"faces":{"north":{"uv":[1,13,0,16],"texture":"#0"},"east":{"uv":[1,13,2,16],"texture":"#0"},"south":{"uv":[0,13,1,16],"texture":"#0"},"west":{"uv":[2,13,1,16],"texture":"#0"},"up":{"uv":[0,12,1,13],"texture":"#0"},"down":{"uv":[0,12,1,13],"texture":"#0"}}},{"from":[9.16417,1.99811,5.86732],"to":[11.16417,7.99811,7.86732],"rotation":{"angle":-22.5,"axis":"z","origin":[6.38268,6.32821,8]},"faces":{"north":{"uv":[0,13,1,16],"texture":"#0"},"east":{"uv":[2,13,1,16],"texture":"#0"},"south":{"uv":[1,13,0,16],"texture":"#0"},"west":{"uv":[2,13,1,16],"texture":"#0"},"up":{"uv":[1,12,0,13],"texture":"#0"},"down":{"uv":[1,12,0,13],"texture":"#0"}}},{"from":[7.13268,-8,5.86732],"to":[9.13268,-2,7.86732],"rotation":{"angle":0,"axis":"y","origin":[6.38268,6.32821,8]},"faces":{"north":{"uv":[11.25,16,10.25,13],"texture":"#0"},"east":{"uv":[10.25,16,9.25,13],"texture":"#0"},"south":{"uv":[11.25,13,10.25,16],"rotation":180,"texture":"#0"},"west":{"uv":[10.25,16,9.25,13],"texture":"#0"},"up":{"uv":[9,0,10,1],"rotation":180,"texture":"#0"},"down":{"uv":[9,1,10,0],"rotation":180,"texture":"#0"}}},{"from":[10.03268,10.99361,11.06354],"to":[12.03268,15.99361,16.06354],"rotation":{"angle":-45,"axis":"x","origin":[6.38268,6.32821,8]},"faces":{"north":{"uv":[13.5,7.25,11,6.25],"rotation":270,"texture":"#0"},"east":{"uv":[16,9.75,13.5,7.25],"rotation":180,"texture":"#0"},"south":{"uv":[16,7.25,13.5,6.25],"rotation":90,"texture":"#0"},"west":{"uv":[16,12.25,13.5,9.75],"texture":"#0"},"up":{"uv":[16,7.25,13.5,6.25],"rotation":90,"texture":"#0"},"down":{"uv":[11,7.25,13.5,6.25],"rotation":90,"texture":"#0"}}},{"from":[4.13268,14,9.86732],"to":[12.13268,26,10.86732],"rotation":{"angle":0,"axis":"y","origin":[6.38268,6.32821,8]},"faces":{"north":{"uv":[0.5,0.5,4.5,6.5],"texture":"#0"},"east":{"uv":[0.5,0.5,0,6.5],"texture":"#0"},"south":{"uv":[4.5,0.5,8.5,6.5],"texture":"#0"},"west":{"uv":[0,0.5,0.5,6.5],"texture":"#0"},"up":{"uv":[0,0,4,0.5],"rotation":180,"texture":"#0"},"down":{"uv":[4,0,8,0.5],"rotation":180,"texture":"#0"}}},{"from":[4.63268,16.13792,2.79873],"to":[5.63268,21.13792,4.79873],"rotation":{"angle":22.5,"axis":"x","origin":[6.38268,6.32821,8]},"faces":{"north":{"uv":[7.5,6.5,8,9],"texture":"#0"},"east":{"uv":[9,6.5,8,9],"texture":"#0"},"south":{"uv":[7.5,6.5,8,9],"texture":"#0"},"west":{"uv":[8,6.5,9,9],"texture":"#0"},"up":{"uv":[7,6.5,7.5,7.5],"rotation":180,"texture":"#0"},"down":{"uv":[7,6.5,7.5,7.5],"rotation":180,"texture":"#0"}}},{"from":[4.63268,23.4053,17.17712],"to":[11.63268,27.4053,18.17712],"rotation":{"angle":-22.5,"axis":"x","origin":[6.38268,6.32821,8]},"faces":{"north":{"uv":[4,8.5,7.5,10.5],"texture":"#0"},"east":{"uv":[0.5,8.5,0,10.5],"texture":"#0"},"south":{"uv":[0.5,8.5,4,10.5],"texture":"#0"},"west":{"uv":[0,8.5,0.5,10.5],"texture":"#0"},"up":{"uv":[0,8,3.5,8.5],"rotation":180,"texture":"#0"},"down":{"uv":[0,8,3.5,8.5],"rotation":180,"texture":"#0"}}},{"from":[10.13268,14,8.86732],"to":[12.13268,26,9.86732],"rotation":{"angle":0,"axis":"y","origin":[6.38268,6.32821,8]},"faces":{"north":{"uv":[1,6.5,7,7.5],"rotation":90,"texture":"#0"},"east":{"uv":[1,7.5,7,8],"rotation":90,"texture":"#0"},"south":{"uv":[1,6.5,7,7.5],"rotation":90,"texture":"#0"},"west":{"uv":[1,7.5,7,8],"rotation":90,"texture":"#0"},"up":{"uv":[0,7,1,7.5],"rotation":180,"texture":"#0"},"down":{"uv":[0,6.5,1,7],"rotation":180,"texture":"#0"}}},{"from":[4.13268,14,8.86732],"to":[6.13268,26,9.86732],"rotation":{"angle":0,"axis":"y","origin":[6.38268,6.32821,8]},"faces":{"north":{"uv":[1,7.5,7,6.5],"rotation":90,"texture":"#0"},"east":{"uv":[1,8,7,7.5],"rotation":90,"texture":"#0"},"south":{"uv":[1,7.5,7,6.5],"rotation":90,"texture":"#0"},"west":{"uv":[1,8,7,7.5],"rotation":90,"texture":"#0"},"up":{"uv":[0,7,1,7.5],"rotation":180,"texture":"#0"},"down":{"uv":[1,6.5,0,7],"rotation":180,"texture":"#0"}}},{"from":[10.63268,16.13792,2.79873],"to":[11.63268,21.13792,4.79873],"rotation":{"angle":22.5,"axis":"x","origin":[6.38268,6.32821,8]},"faces":{"north":{"uv":[8,6.5,7.5,9],"texture":"#0"},"east":{"uv":[9,6.5,8,9],"texture":"#0"},"south":{"uv":[8,6.5,7.5,9],"texture":"#0"},"west":{"uv":[8,6.5,9,9],"texture":"#0"},"up":{"uv":[7.5,6.5,7,7.5],"rotation":180,"texture":"#0"},"down":{"uv":[7.5,6.5,7,7.5],"rotation":180,"texture":"#0"}}},{"from":[-7.61732,3,8.36732],"to":[6.38268,17,8.36732],"rotation":{"angle":0,"axis":"y","origin":[6.38268,6.32821,8]},"faces":{"north":{"uv":[0,2,14,16],"texture":"#1"},"east":{"uv":[0,0,0,16],"texture":"#1"},"south":{"uv":[14,2,0,16],"texture":"#1"},"west":{"uv":[0,0,0,16],"texture":"#1"},"up":{"uv":[4.5,0,0,0],"rotation":180,"texture":"#1"},"down":{"uv":[4.5,0,0,0],"rotation":180,"texture":"#1"}}},{"from":[8.38268,3,8.36732],"to":[22.38268,17,8.36732],"rotation":{"angle":0,"axis":"y","origin":[6.38268,6.32821,8]},"faces":{"north":{"uv":[14,2,0,16],"texture":"#1"},"east":{"uv":[0,0,0,16],"texture":"#1"},"south":{"uv":[0,2,14,16],"texture":"#1"},"west":{"uv":[0,0,0,16],"texture":"#1"},"up":{"uv":[0,0,4.5,0],"rotation":180,"texture":"#1"},"down":{"uv":[0,0,4.5,0],"rotation":180,"texture":"#1"}}}],"gui_light":"front","display":{"thirdperson_righthand":{"rotation":[0,67.5,0],"translation":[0,4,1.5],"scale":[0.48008,0.48008,0.48008]},"thirdperson_lefthand":{"rotation":[0,67.5,0],"translation":[0,4,1.5],"scale":[0.48008,0.48008,0.48008]},"firstperson_righthand":{"rotation":[-125.23,75.8,125.92],"translation":[4,3.25,-4.25],"scale":[0.51953,0.51953,0.51953]},"firstperson_lefthand":{"rotation":[-125.23,75.8,125.92],"translation":[4,3.25,-4.25],"scale":[0.51953,0.51953,0.51953]},"ground":{"rotation":[0,0,90],"translation":[1.25,0.25,0],"scale":[0.5,0.5,0.5]},"gui":{"rotation":[-136,30,119],"translation":[-0.25,0,-1.25],"scale":[0.4068,0.4068,0.4068]},"head":{"rotation":[90,-168,90],"translation":[-0.5,11.75,0],"scale":[0.56,0.56,0.56]},"fixed":{"rotation":[0,67,0],"translation":[0,-2.25,-2.25],"scale":[0.87,0.87,0.87]}}}