{"credit":"MadebyBlockbench.","texture_size":[64,64],"textures":{"0":"elitecreatures:santa_decoration/candy_cane_0"},"elements":[{"from":[6.01,14.75,9.5],"to":[9.99,18.75,15.5],"rotation":{"angle":45,"axis":"x","origin":[8,18,12]},"faces":{"north":{"uv":[7.5,0,8.5,1],"texture":"#0"},"east":{"uv":[5,2,6.5,3],"texture":"#0"},"south":{"uv":[7.5,1,8.5,2],"texture":"#0"},"west":{"uv":[5,3,6.5,4],"texture":"#0"},"up":{"uv":[6,5.5,5,4],"texture":"#0"},"down":{"uv":[6,5.5,5,7],"texture":"#0"}}},{"from":[6,-16,11],"to":[10,16,15],"faces":{"north":{"uv":[0,0,1,8],"texture":"#0"},"east":{"uv":[1,0,2,8],"texture":"#0"},"south":{"uv":[2,0,3,8],"texture":"#0"},"west":{"uv":[3,0,4,8],"texture":"#0"},"up":{"uv":[8.5,3,7.5,2],"texture":"#0"},"down":{"uv":[5,7.5,4,8.5],"texture":"#0"}}},{"from":[6,16.5,2.75],"to":[10,20.25,10.75],"faces":{"north":{"uv":[0,8,1,9],"texture":"#0"},"east":{"uv":[4,0,6,1],"texture":"#0"},"south":{"uv":[1,8,2,9],"texture":"#0"},"west":{"uv":[4,1,6,2],"texture":"#0"},"up":{"uv":[5,4,4,2],"texture":"#0"},"down":{"uv":[5,4,4,6],"texture":"#0"}}},{"from":[6.01,16.5,-1.25],"to":[9.99,20.5,4.75],"rotation":{"angle":-45,"axis":"x","origin":[8,18,4]},"faces":{"north":{"uv":[2,8,3,9],"texture":"#0"},"east":{"uv":[6,0,7.5,1],"texture":"#0"},"south":{"uv":[3,8,4,9],"texture":"#0"},"west":{"uv":[6,1,7.5,2],"texture":"#0"},"up":{"uv":[5,7.5,4,6],"texture":"#0"},"down":{"uv":[7,4,6,5.5],"texture":"#0"}}},{"from":[9,3,15.1],"to":[12,8,16.1],"rotation":{"angle":22.5,"axis":"z","origin":[9.125,7.10897,15.94533]},"faces":{"north":{"uv":[8,5,8.75,6.25],"texture":"#0"},"east":{"uv":[5.75,8.5,6,9.75],"texture":"#0"},"south":{"uv":[6,8,6.75,9.25],"texture":"#0"},"west":{"uv":[7.5,8.75,7.75,10],"texture":"#0"},"up":{"uv":[9.5,7.25,8.75,7],"texture":"#0"},"down":{"uv":[9.5,7.25,8.75,7.5],"texture":"#0"}}},{"from":[6,10,-1.5],"to":[10,16,2.5],"faces":{"north":{"uv":[6,5.5,7,7],"texture":"#0"},"east":{"uv":[6.5,2,7.5,3.5],"texture":"#0"},"south":{"uv":[7,3.5,8,5],"texture":"#0"},"west":{"uv":[5,7,6,8.5],"texture":"#0"},"up":{"uv":[9,4,8,3],"texture":"#0"},"down":{"uv":[9,4,8,5],"texture":"#0"}}},{"from":[9,7,15],"to":[13,11,17],"faces":{"north":{"uv":[7,5,8,6],"texture":"#0"},"east":{"uv":[4.75,8.5,5.25,9.5],"texture":"#0"},"south":{"uv":[6,7,7,8],"texture":"#0"},"west":{"uv":[5.25,8.5,5.75,9.5],"texture":"#0"},"up":{"uv":[9,8,8,7.5],"texture":"#0"},"down":{"uv":[9.5,8,8.5,8.5],"texture":"#0"}}},{"from":[6,6.9,15],"to":[10,9.9,18],"faces":{"north":{"uv":[7.5,8,8.5,8.75],"texture":"#0"},"east":{"uv":[8.5,2.25,9.25,3],"texture":"#0"},"south":{"uv":[8.5,0,9.5,0.75],"texture":"#0"},"west":{"uv":[4,8.5,4.75,9.25],"texture":"#0"},"up":{"uv":[9.5,1.5,8.5,0.75],"texture":"#0"},"down":{"uv":[9.5,1.5,8.5,2.25],"texture":"#0"}}},{"from":[4,3,15.1],"to":[7,8,16.1],"rotation":{"angle":-22.5,"axis":"z","origin":[6.875,7.10897,15.94533]},"faces":{"north":{"uv":[8,6.25,8.75,7.5],"texture":"#0"},"east":{"uv":[7.75,8.75,8,10],"texture":"#0"},"south":{"uv":[6.75,8,7.5,9.25],"texture":"#0"},"west":{"uv":[8,8.75,8.25,10],"texture":"#0"},"up":{"uv":[0.75,9.25,0,9],"texture":"#0"},"down":{"uv":[1.5,9,0.75,9.25],"texture":"#0"}}},{"from":[3,7,15],"to":[7,11,17],"faces":{"north":{"uv":[7,6,8,7],"texture":"#0"},"east":{"uv":[8.5,8.5,9,9.5],"texture":"#0"},"south":{"uv":[7,7,8,8],"texture":"#0"},"west":{"uv":[8.75,5,9.25,6],"texture":"#0"},"up":{"uv":[9.75,6.5,8.75,6],"texture":"#0"},"down":{"uv":[9.75,6.5,8.75,7],"texture":"#0"}}}],"gui_light":"front","display":{"thirdperson_righthand":{"rotation":[67.5,0,0],"translation":[0,2.5,2],"scale":[0.375,0.375,0.375]},"thirdperson_lefthand":{"rotation":[67.5,0,0],"translation":[0,2.5,2],"scale":[0.375,0.375,0.375]},"firstperson_righthand":{"rotation":[0,45,0],"scale":[0.4,0.4,0.4]},"firstperson_lefthand":{"rotation":[0,45,0],"scale":[0.4,0.4,0.4]},"ground":{"translation":[0,8.25,0],"scale":[0.5,0.5,0.5]},"gui":{"rotation":[30,45,0],"translation":[0,2.15,0],"scale":[0.39141,0.39141,0.39141]},"head":{"translation":[0,-4.65,-8.5],"scale":[0,0,0]},"fixed":{"rotation":[-90,0,0],"translation":[0,-9,-48],"scale":[2,2,2]}}}