{"credit":"MadebyBlockbench.","texture_size":[64,64],"textures":{"0":"elitecreatures:santa_decoration/christmas_wreath_0"},"elements":[{"from":[2,0,13],"to":[14,4,16],"faces":{"north":{"uv":[4,3.5,7,4.5],"texture":"#0"},"east":{"uv":[8,3,8.75,4],"texture":"#0"},"south":{"uv":[4,4.5,7,5.5],"texture":"#0"},"west":{"uv":[8,4,8.75,5],"texture":"#0"},"up":{"uv":[9.75,0.75,6.75,0],"texture":"#0"},"down":{"uv":[9.75,0.75,6.75,1.5],"texture":"#0"}}},{"from":[10,4,13],"to":[14,8,16],"faces":{"north":{"uv":[7,3,8,4],"texture":"#0"},"east":{"uv":[8,5,8.75,6],"texture":"#0"},"south":{"uv":[7,4,8,5],"texture":"#0"},"west":{"uv":[8,6,8.75,7],"texture":"#0"},"up":{"uv":[4.75,9,3.75,8.25],"texture":"#0"},"down":{"uv":[5.75,8.25,4.75,9],"texture":"#0"}}},{"from":[2,8,13],"to":[14,12,16],"faces":{"north":{"uv":[4,5.5,7,6.5],"texture":"#0"},"east":{"uv":[5.75,8.25,6.5,9.25],"texture":"#0"},"south":{"uv":[4,6.5,7,7.5],"texture":"#0"},"west":{"uv":[6.5,8.5,7.25,9.5],"texture":"#0"},"up":{"uv":[9.75,2.25,6.75,1.5],"texture":"#0"},"down":{"uv":[9.75,2.25,6.75,3],"texture":"#0"}}},{"from":[2,4,13],"to":[6,8,16],"faces":{"north":{"uv":[7,5,8,6],"texture":"#0"},"east":{"uv":[7.25,8.5,8,9.5],"texture":"#0"},"south":{"uv":[7,6,8,7],"texture":"#0"},"west":{"uv":[8,8.5,8.75,9.5],"texture":"#0"},"up":{"uv":[9.25,7.75,8.25,7],"texture":"#0"},"down":{"uv":[1,8.75,0,9.5],"texture":"#0"}}},{"from":[0,-2,14.5],"to":[16,14,14.5],"faces":{"north":{"uv":[0,0,4,4],"texture":"#0"},"east":{"uv":[0,0,0,4],"texture":"#0"},"south":{"uv":[0,4,4,8],"texture":"#0"},"west":{"uv":[0,0,0,4],"texture":"#0"},"up":{"uv":[4,0,0,0],"texture":"#0"},"down":{"uv":[4,0,0,0],"texture":"#0"}}},{"from":[8.53284,8.5,11.97122],"to":[13.53284,11.5,12.97122],"faces":{"north":{"uv":[7,7,8.25,7.75],"texture":"#0"},"east":{"uv":[8.75,3.75,9,4.5],"texture":"#0"},"south":{"uv":[4,7.5,5.25,8.25],"texture":"#0"},"west":{"uv":[8.75,4.5,9,5.25],"texture":"#0"},"up":{"uv":[3.75,9,2.5,8.75],"texture":"#0"},"down":{"uv":[10,3,8.75,3.25],"texture":"#0"}}},{"from":[2.53284,8.5,11.97122],"to":[7.53284,11.5,12.97122],"faces":{"north":{"uv":[5.25,7.5,6.5,8.25],"texture":"#0"},"east":{"uv":[8.75,5.25,9,6],"texture":"#0"},"south":{"uv":[6.5,7.75,7.75,8.5],"texture":"#0"},"west":{"uv":[8.75,6,9,6.75],"texture":"#0"},"up":{"uv":[10,3.5,8.75,3.25],"texture":"#0"},"down":{"uv":[10,3.5,8.75,3.75],"texture":"#0"}}},{"from":[5.53284,6.5,10.97122],"to":[10.53284,9.5,13.97122],"faces":{"north":{"uv":[7.75,7.75,9,8.5],"texture":"#0"},"east":{"uv":[1,8.75,1.75,9.5],"texture":"#0"},"south":{"uv":[9,7.75,7.75,8.5],"texture":"#0"},"west":{"uv":[1.75,8.75,2.5,9.5],"texture":"#0"},"up":{"uv":[2.5,8.75,1.25,8],"texture":"#0"},"down":{"uv":[3.75,8,2.5,8.75],"texture":"#0"}}},{"from":[2.53284,3.5,12.72122],"to":[13.53284,10.5,12.72122],"faces":{"north":{"uv":[4,0,6.75,1.75],"texture":"#0"},"east":{"uv":[0,0,0,1.75],"texture":"#0"},"south":{"uv":[6.75,0,4,1.75],"texture":"#0"},"west":{"uv":[0,0,0,1.75],"texture":"#0"},"up":{"uv":[2.75,0,0,0],"texture":"#0"},"down":{"uv":[2.75,0,0,0],"texture":"#0"}}}],"gui_light":"front","display":{"thirdperson_righthand":{"rotation":[67.5,0,0],"translation":[0,3.25,0.75],"scale":[0.45703,0.45703,0.45703]},"thirdperson_lefthand":{"rotation":[67.5,0,0],"translation":[0,3.25,0.75],"scale":[0.45703,0.45703,0.45703]},"firstperson_righthand":{"rotation":[-180,70,-180],"translation":[0,3,0],"scale":[0.4,0.4,0.4]},"firstperson_lefthand":{"rotation":[-180,70,180],"translation":[0,3,0],"scale":[0.4,0.4,0.4]},"ground":{"translation":[0,2,-3.25],"scale":[0.5,0.5,0.5]},"gui":{"rotation":[-145.91,43.19,-179.97],"translation":[-4,-0.85,0],"scale":[0.90039,0.90039,0.90039]},"head":{"rotation":[90,0,0],"translation":[0,-30.4,3.25],"scale":[0,0,0]},"fixed":{"translation":[0,4,-16],"scale":[2,2,2]}}}