{"credit":"MadebyBlockbench.","texture_size":[32,32],"textures":{"0":"elitecreatures:santa_decoration/santa_decoration_0"},"elements":[{"from":[10,0,1],"to":[13,1,6],"faces":{"north":{"uv":[1,11,2.5,11.5],"texture":"#0"},"east":{"uv":[4,9,6.5,9.5],"texture":"#0"},"south":{"uv":[11,1,12.5,1.5],"texture":"#0"},"west":{"uv":[0,9.5,2.5,10],"texture":"#0"},"up":{"uv":[7.5,2.5,6,0],"texture":"#0"},"down":{"uv":[7.5,2.5,6,5],"texture":"#0"}}},{"from":[7,0,1],"to":[10,1,4],"faces":{"north":{"uv":[11,1.5,12.5,2],"texture":"#0"},"east":{"uv":[11,2,12.5,2.5],"texture":"#0"},"south":{"uv":[2.5,11,4,11.5],"texture":"#0"},"west":{"uv":[11,2.5,12.5,3],"texture":"#0"},"up":{"uv":[1.5,9.5,0,8],"texture":"#0"},"down":{"uv":[3,8,1.5,9.5],"texture":"#0"}}},{"from":[5,0,1],"to":[7,1,5],"faces":{"north":{"uv":[11,4.5,12,5],"texture":"#0"},"east":{"uv":[10,7.5,12,8],"texture":"#0"},"south":{"uv":[5,11,6,11.5],"texture":"#0"},"west":{"uv":[10.5,8,12.5,8.5],"texture":"#0"},"up":{"uv":[9.5,10,8.5,8],"texture":"#0"},"down":{"uv":[4,9,3,11],"texture":"#0"}}},{"from":[0,0,11],"to":[2,1,15],"rotation":{"angle":45,"axis":"y","origin":[-1.25,0.5,13]},"faces":{"north":{"uv":[1,10.5,2,11],"texture":"#0"},"east":{"uv":[0,10,2,10.5],"texture":"#0"},"south":{"uv":[11,4,12,4.5],"texture":"#0"},"west":{"uv":[10,0,12,0.5],"texture":"#0"},"up":{"uv":[7.5,10,6.5,8],"texture":"#0"},"down":{"uv":[8.5,8,7.5,10],"texture":"#0"}}},{"from":[2,0,11],"to":[5,1,14],"rotation":{"angle":45,"axis":"y","origin":[-1.25,0.5,13]},"faces":{"north":{"uv":[10.5,8.5,12,9],"texture":"#0"},"east":{"uv":[10.5,9,12,9.5],"texture":"#0"},"south":{"uv":[10.5,9.5,12,10],"texture":"#0"},"west":{"uv":[10.5,10,12,10.5],"texture":"#0"},"up":{"uv":[5,9,3.5,7.5],"texture":"#0"},"down":{"uv":[6.5,7.5,5,9],"texture":"#0"}}},{"from":[5,0,11],"to":[8,1,16],"rotation":{"angle":45,"axis":"y","origin":[-1.25,0.5,13]},"faces":{"north":{"uv":[10.5,10.5,12,11],"texture":"#0"},"east":{"uv":[7.5,4,10,4.5],"texture":"#0"},"south":{"uv":[11,0.5,12.5,1],"texture":"#0"},"west":{"uv":[7.5,4.5,10,5],"texture":"#0"},"up":{"uv":[5,7.5,3.5,5],"texture":"#0"},"down":{"uv":[6.5,5,5,7.5],"texture":"#0"}}},{"from":[13.5,2,9.5],"to":[15.5,4,11.5],"rotation":{"angle":-22.5,"axis":"z","origin":[14,4,10]},"faces":{"north":{"uv":[10,5.5,11,6.5],"texture":"#0"},"east":{"uv":[6,10,7,11],"texture":"#0"},"south":{"uv":[10,6.5,11,7.5],"texture":"#0"},"west":{"uv":[7,10,8,11],"texture":"#0"},"up":{"uv":[9,11,8,10],"texture":"#0"},"down":{"uv":[1,10.5,0,11.5],"texture":"#0"}}},{"from":[7.5,0.5,7],"to":[14.5,2.5,14],"faces":{"north":{"uv":[6.5,5,10,6],"texture":"#0"},"east":{"uv":[6.5,6,10,7],"texture":"#0"},"south":{"uv":[0,7,3.5,8],"texture":"#0"},"west":{"uv":[6.5,7,10,8],"texture":"#0"},"up":{"uv":[3.5,3.5,0,0],"texture":"#0"},"down":{"uv":[3.5,3.5,0,7],"texture":"#0"}}},{"from":[8.5,2.5,8],"to":[13.5,4.5,13],"faces":{"north":{"uv":[7.5,0,10,1],"texture":"#0"},"east":{"uv":[7.5,1,10,2],"texture":"#0"},"south":{"uv":[7.5,2,10,3],"texture":"#0"},"west":{"uv":[7.5,3,10,4],"texture":"#0"},"up":{"uv":[6,2.5,3.5,0],"texture":"#0"},"down":{"uv":[6,2.5,3.5,5],"texture":"#0"}}},{"from":[15,0.5,9.75],"to":[16.5,3.5,11.25],"rotation":{"angle":45,"axis":"z","origin":[15.75,1.5,10.5]},"faces":{"north":{"uv":[4,9.5,4.75,11],"texture":"#0"},"east":{"uv":[5,9.5,5.75,11],"texture":"#0"},"south":{"uv":[9.5,8,10.25,9.5],"texture":"#0"},"west":{"uv":[9.5,9.5,10.25,11],"texture":"#0"},"up":{"uv":[11.75,3.75,11,3],"texture":"#0"},"down":{"uv":[4.75,11,4,11.75],"texture":"#0"}}},{"from":[15.75,0,9.5],"to":[17.75,2,11.5],"faces":{"north":{"uv":[10,0.5,11,1.5],"texture":"#0"},"east":{"uv":[10,1.5,11,2.5],"texture":"#0"},"south":{"uv":[2,10,3,11],"texture":"#0"},"west":{"uv":[10,2.5,11,3.5],"texture":"#0"},"up":{"uv":[11,4.5,10,3.5],"texture":"#0"},"down":{"uv":[11,4.5,10,5.5],"texture":"#0"}}}],"gui_light":"front","display":{"thirdperson_righthand":{"rotation":[67.5,0,0],"translation":[0,2.5,3.25],"scale":[0.44141,0.44141,0.44141]},"thirdperson_lefthand":{"rotation":[67.5,0,0],"translation":[0,2.5,3.25],"scale":[0.44141,0.44141,0.44141]},"firstperson_righthand":{"rotation":[0,45,0],"translation":[0,3,0],"scale":[0.4,0.4,0.4]},"firstperson_lefthand":{"rotation":[0,45,0],"translation":[0,3,0],"scale":[0.4,0.4,0.4]},"ground":{"translation":[0,2,0],"scale":[0.5,0.5,0.5]},"gui":{"rotation":[30,45,0],"translation":[-1,4.4,0],"scale":[0.82031,0.82031,0.82031]},"head":{"translation":[0,-30.4,0],"scale":[0,0,0]},"fixed":{"rotation":[-90,0,0],"translation":[0,0,-16],"scale":[2,2,2]}}}