{"credit":"MadebyBlockbench.","texture_size":[128,128],"textures":{"0":"elitecreatures:santa_decoration/snowman_0"},"elements":[{"from":[3,-4,2],"to":[13,6,14],"faces":{"north":{"uv":[4.25,5.375,5.5,6.625],"texture":"#0"},"east":{"uv":[6.25,1.25,4.75,2.5],"texture":"#0"},"south":{"uv":[4.875,1.25,6.125,2.5],"texture":"#0"},"west":{"uv":[4.75,1.25,6.25,2.5],"texture":"#0"},"up":{"uv":[6,4,4.75,2.5],"texture":"#0"},"down":{"uv":[4.25,4.75,3,6.25],"texture":"#0"}}},{"from":[2,-16,1],"to":[14,-4,15],"faces":{"north":{"uv":[3.25,1.75,4.75,3.25],"texture":"#0"},"east":{"uv":[1.75,1.5,0,3],"texture":"#0"},"south":{"uv":[0.125,1.5,1.625,3],"texture":"#0"},"west":{"uv":[0,1.5,1.75,3],"texture":"#0"},"up":{"uv":[3.25,1.75,1.75,0],"texture":"#0"},"down":{"uv":[3.25,1.75,1.75,3.5],"texture":"#0"}}},{"from":[3,6,4],"to":[13,12,13],"faces":{"north":{"uv":[0,6.25,1.25,7],"texture":"#0"},"east":{"uv":[3.875,6.25,2.75,7],"texture":"#0"},"south":{"uv":[4.875,1.5625,6.125,2.3125],"texture":"#0"},"west":{"uv":[2.75,6.25,3.875,7],"texture":"#0"},"up":{"uv":[7.25,3.625,6,2.5],"texture":"#0"},"down":{"uv":[7.25,3.625,6,4.75],"texture":"#0"}}},{"from":[2,12,2],"to":[14,15,14],"faces":{"north":{"uv":[6.75,5.375,8.25,5.75],"texture":"#0"},"east":{"uv":[6.875,6.5,8.375,6.875],"texture":"#0"},"south":{"uv":[8.25,5.375,6.75,5.75],"texture":"#0"},"west":{"uv":[6.875,6.5,8.375,6.875],"texture":"#0"},"up":{"uv":[3,5,1.5,3.5],"texture":"#0"},"down":{"uv":[1.5,4.75,0,6.25],"texture":"#0"}}},{"from":[13,-3,8],"to":[25,-1,10],"rotation":{"angle":-45,"axis":"z","origin":[19,2,8.5]},"faces":{"north":{"uv":[1.5,7,3,7.25],"texture":"#0"},"east":{"uv":[1.5,3,1.75,3.25],"texture":"#0"},"south":{"uv":[3,7,1.5,7.25],"texture":"#0"},"west":{"uv":[1.5,3.25,1.75,3.5],"texture":"#0"},"up":{"uv":[3,7,1.5,7.25],"texture":"#0"},"down":{"uv":[3,7,1.5,7.25],"texture":"#0"}}},{"from":[3,15,3],"to":[13,20,14],"faces":{"north":{"uv":[1.25,6.375,2.5,7],"texture":"#0"},"east":{"uv":[7.625,0.75,6.25,1.375],"texture":"#0"},"south":{"uv":[3.875,6.625,5.125,7.25],"texture":"#0"},"west":{"uv":[6.25,0.75,7.625,1.375],"texture":"#0"},"up":{"uv":[6,5.375,4.75,4],"texture":"#0"},"down":{"uv":[2.75,5,1.5,6.375],"texture":"#0"}}},{"from":[2,2.99,1],"to":[14,5.99,15],"faces":{"north":{"uv":[6.875,6.875,8.375,7.25],"texture":"#0"},"east":{"uv":[6.875,6.625,5.125,7],"texture":"#0"},"south":{"uv":[6.875,6.875,8.375,7.25],"texture":"#0"},"west":{"uv":[5.125,6.625,6.875,7],"texture":"#0"},"up":{"uv":[1.5,4.75,0,3],"texture":"#0"},"down":{"uv":[4.75,0,3.25,1.75],"texture":"#0"}}},{"from":[2,-4,1],"to":[5,3,1],"faces":{"north":{"uv":[3,7,3.375,7.875],"texture":"#0"},"east":{"uv":[0,0,0,0.875],"texture":"#0"},"south":{"uv":[3.375,7,3,7.875],"texture":"#0"},"west":{"uv":[0,0,0,0.875],"texture":"#0"},"up":{"uv":[0.375,0,0,0],"texture":"#0"},"down":{"uv":[0.375,0,0,0],"texture":"#0"}}},{"from":[7.5,8,1],"to":[8.5,9,4],"faces":{"north":{"uv":[3,3.875,3.125,4],"texture":"#0"},"east":{"uv":[4.25,4.75,4.625,4.875],"texture":"#0"},"south":{"uv":[3.125,3.875,3.25,4],"texture":"#0"},"west":{"uv":[4.25,4.875,4.625,5],"texture":"#0"},"up":{"uv":[3.125,3.875,3,3.5],"texture":"#0"},"down":{"uv":[3.25,3.5,3.125,3.875],"texture":"#0"}}},{"from":[-9,-3,8],"to":[3,-1,10],"rotation":{"angle":45,"axis":"z","origin":[-3,2,8.5]},"faces":{"north":{"uv":[3,7,1.5,7.25],"texture":"#0"},"east":{"uv":[1.75,3.25,1.5,3.5],"texture":"#0"},"south":{"uv":[1.5,7,3,7.25],"texture":"#0"},"west":{"uv":[1.75,3,1.5,3.25],"texture":"#0"},"up":{"uv":[1.5,7,3,7.25],"texture":"#0"},"down":{"uv":[1.5,7,3,7.25],"texture":"#0"}}}],"gui_light":"front","display":{"thirdperson_righthand":{"rotation":[67.5,0,0],"translation":[0,2.5,3],"scale":[0.30469,0.30469,0.30469]},"thirdperson_lefthand":{"rotation":[67.5,0,0],"translation":[0,2.5,3],"scale":[0.30469,0.30469,0.30469]},"firstperson_righthand":{"rotation":[-180,45,-180],"translation":[0,3,0],"scale":[0.4,0.4,0.4]},"firstperson_lefthand":{"rotation":[-180,45,-180],"translation":[0,3,0],"scale":[0.4,0.4,0.4]},"ground":{"translation":[0,10.25,0],"scale":[0.5,0.5,0.5]},"gui":{"rotation":[30,225,0],"translation":[0,2,0],"scale":[0.36484,0.36484,0.36484]},"head":{"translation":[0,-4.65,0],"scale":[0,0,0]},"fixed":{"rotation":[-90,0,0],"translation":[0,0,-48],"scale":[2,2,2]}}}