{"credit":"Made with Blockbench","texture_size":[64,64],"textures":{"0":"glowsquidset:glowsquid_bow_texture","particle":"glowsquidset:glowsquid_bow_texture"},"elements":[{"name":"string","from":[-6.68986,-1.49574,8],"to":[4.31014,16.50426,8],"rotation":{"angle":0,"axis":"y","origin":[0.06014,-3.89574,-1]},"faces":{"north":{"uv":[0,0,2.75,4.5],"texture":"#0"},"east":{"uv":[0,0,0,4.5],"texture":"#0"},"south":{"uv":[2.75,0,5.5,4.5],"texture":"#0"},"west":{"uv":[2.75,0,2.75,4.5],"texture":"#0"},"up":{"uv":[2.75,0,0,0],"texture":"#0"},"down":{"uv":[5.5,0,2.75,0],"texture":"#0"}}},{"from":[7,4,7],"to":[9,11,9],"rotation":{"angle":0,"axis":"y","origin":[0,-2,0]},"faces":{"north":{"uv":[6.25,3,6.75,4.75],"texture":"#0"},"east":{"uv":[5.75,3,6.25,4.75],"texture":"#0"},"south":{"uv":[7.25,3,7.75,4.75],"texture":"#0"},"west":{"uv":[6.75,3,7.25,4.75],"texture":"#0"},"up":{"uv":[6.75,3,6.25,2.5],"texture":"#0"},"down":{"uv":[7.25,2.5,6.75,3],"texture":"#0"}}},{"from":[8.5,9,7],"to":[10.5,11,9],"rotation":{"angle":45,"axis":"z","origin":[8,11.5,8]},"faces":{"north":{"uv":[0.5,8.5,1,9],"texture":"#0"},"east":{"uv":[0,8.5,0.5,9],"texture":"#0"},"south":{"uv":[1.5,8.5,2,9],"texture":"#0"},"west":{"uv":[1,8.5,1.5,9],"texture":"#0"},"up":{"uv":[1,8.5,0.5,8],"texture":"#0"},"down":{"uv":[1.5,8,1,8.5],"texture":"#0"}}},{"from":[9.5,8,8],"to":[13.5,12,8],"rotation":{"angle":45,"axis":"z","origin":[8,11.5,8]},"faces":{"north":{"uv":[7.75,5.25,8.75,6.25],"texture":"#0"},"east":{"uv":[7.75,5.25,7.75,6.25],"texture":"#0"},"south":{"uv":[8.75,5.25,9.75,6.25],"texture":"#0"},"west":{"uv":[8.75,5.25,8.75,6.25],"texture":"#0"},"up":{"uv":[8.75,5.25,7.75,5.25],"texture":"#0"},"down":{"uv":[9.75,5.25,8.75,5.25],"texture":"#0"}}},{"from":[8.91421,3,7],"to":[10.91421,5,9],"rotation":{"angle":-45,"axis":"z","origin":[9.41421,3.5,7.5]},"faces":{"north":{"uv":[8.25,3.5,8.75,4],"texture":"#0"},"east":{"uv":[7.75,3.5,8.25,4],"texture":"#0"},"south":{"uv":[9.25,3.5,9.75,4],"texture":"#0"},"west":{"uv":[8.75,3.5,9.25,4],"texture":"#0"},"up":{"uv":[8.75,3.5,8.25,3],"texture":"#0"},"down":{"uv":[9.25,3,8.75,3.5],"texture":"#0"}}},{"from":[9.91421,2,8],"to":[13.91421,6,8],"rotation":{"angle":-45,"axis":"z","origin":[9.41421,3.5,7.5]},"faces":{"north":{"uv":[7.5,7.5,8.5,8.5],"texture":"#0"},"east":{"uv":[7.5,7.5,7.5,8.5],"texture":"#0"},"south":{"uv":[8.5,7.5,9.5,8.5],"texture":"#0"},"west":{"uv":[8.5,7.5,8.5,8.5],"texture":"#0"},"up":{"uv":[8.5,7.5,7.5,7.5],"texture":"#0"},"down":{"uv":[9.5,7.5,8.5,7.5],"texture":"#0"}}},{"from":[6.5,10,6.5],"to":[9.5,13,9.5],"rotation":{"angle":45,"axis":"z","origin":[8,11.5,8]},"faces":{"north":{"uv":[0.75,5.75,1.5,6.5],"texture":"#0"},"east":{"uv":[0,5.75,0.75,6.5],"texture":"#0"},"south":{"uv":[2.25,5.75,3,6.5],"texture":"#0"},"west":{"uv":[1.5,5.75,2.25,6.5],"texture":"#0"},"up":{"uv":[1.5,5.75,0.75,5],"texture":"#0"},"down":{"uv":[2.25,5,1.5,5.75],"texture":"#0"}}},{"from":[7.5,13,7],"to":[9.5,15,9],"rotation":{"angle":45,"axis":"z","origin":[8,11.5,8]},"faces":{"north":{"uv":[6,8,6.5,8.5],"texture":"#0"},"east":{"uv":[5.5,8,6,8.5],"texture":"#0"},"south":{"uv":[7,8,7.5,8.5],"texture":"#0"},"west":{"uv":[6.5,8,7,8.5],"texture":"#0"},"up":{"uv":[6.5,8,6,7.5],"texture":"#0"},"down":{"uv":[7,7.5,6.5,8],"texture":"#0"}}},{"from":[4.13874,13.8137,7],"to":[6.13874,16.8137,9],"rotation":{"angle":22.5,"axis":"z","origin":[5.13874,16.3137,8]},"faces":{"north":{"uv":[2,7.75,2.5,8.5],"texture":"#0"},"east":{"uv":[1.5,7.75,2,8.5],"texture":"#0"},"south":{"uv":[3,7.75,3.5,8.5],"texture":"#0"},"west":{"uv":[2.5,7.75,3,8.5],"texture":"#0"},"up":{"uv":[2.5,7.75,2,7.25],"texture":"#0"},"down":{"uv":[3,7.25,2.5,7.75],"texture":"#0"}}},{"from":[2.13874,14.8137,7],"to":[4.13874,16.8137,9],"rotation":{"angle":22.5,"axis":"z","origin":[5.13874,16.3137,8]},"faces":{"north":{"uv":[4,8,4.5,8.5],"texture":"#0"},"east":{"uv":[3.5,8,4,8.5],"texture":"#0"},"south":{"uv":[5,8,5.5,8.5],"texture":"#0"},"west":{"uv":[4.5,8,5,8.5],"texture":"#0"},"up":{"uv":[4.5,8,4,7.5],"texture":"#0"},"down":{"uv":[5,7.5,4.5,8],"texture":"#0"}}},{"from":[7.5,0,7],"to":[9.5,2,9],"rotation":{"angle":-45,"axis":"z","origin":[8,3.5,8]},"faces":{"north":{"uv":[8,2.5,8.5,3],"texture":"#0"},"east":{"uv":[7.5,2.5,8,3],"texture":"#0"},"south":{"uv":[9,2.5,9.5,3],"texture":"#0"},"west":{"uv":[8.5,2.5,9,3],"texture":"#0"},"up":{"uv":[8.5,2.5,8,2],"texture":"#0"},"down":{"uv":[9,2,8.5,2.5],"texture":"#0"}}},{"from":[4.13874,-1.8137,7],"to":[6.13874,1.1863,9],"rotation":{"angle":-22.5,"axis":"z","origin":[5.13874,-1.3137,8]},"faces":{"north":{"uv":[0.5,7,1,7.75],"texture":"#0"},"east":{"uv":[0,7,0.5,7.75],"texture":"#0"},"south":{"uv":[1.5,7,2,7.75],"texture":"#0"},"west":{"uv":[1,7,1.5,7.75],"texture":"#0"},"up":{"uv":[1,7,0.5,6.5],"texture":"#0"},"down":{"uv":[1.5,6.5,1,7],"texture":"#0"}}},{"from":[2.13874,-1.8137,7],"to":[4.13874,0.1863,9],"rotation":{"angle":-22.5,"axis":"z","origin":[5.13874,-1.3137,8]},"faces":{"north":{"uv":[7.75,4.75,8.25,5.25],"texture":"#0"},"east":{"uv":[7.25,4.75,7.75,5.25],"texture":"#0"},"south":{"uv":[8.75,4.75,9.25,5.25],"texture":"#0"},"west":{"uv":[8.25,4.75,8.75,5.25],"texture":"#0"},"up":{"uv":[8.25,4.75,7.75,4.25],"texture":"#0"},"down":{"uv":[8.75,4.25,8.25,4.75],"texture":"#0"}}},{"from":[6.5,2,6.5],"to":[9.5,5,9.5],"rotation":{"angle":-45,"axis":"z","origin":[8,3.5,8]},"faces":{"north":{"uv":[5.5,5.5,6.25,6.25],"texture":"#0"},"east":{"uv":[4.75,5.5,5.5,6.25],"texture":"#0"},"south":{"uv":[7,5.5,7.75,6.25],"texture":"#0"},"west":{"uv":[6.25,5.5,7,6.25],"texture":"#0"},"up":{"uv":[6.25,5.5,5.5,4.75],"texture":"#0"},"down":{"uv":[7,4.75,6.25,5.5],"texture":"#0"}}}],"gui_light":"front","display":{"thirdperson_righthand":{"rotation":[90,90,-90],"translation":[0,-1.5,2]},"thirdperson_lefthand":{"rotation":[-90,90,-90],"translation":[0,-2.5,2]},"firstperson_righthand":{"rotation":[0.25,90,0],"translation":[2.25,5.75,-1.75]},"firstperson_lefthand":{"rotation":[0.25,-90,0],"translation":[2.25,5.75,-1.75]},"ground":{"translation":[0,5.25,0],"scale":[0.5,0.5,0.5]},"gui":{"rotation":[0,0,137],"scale":[0.7,0.7,0.7]},"fixed":{"translation":[0,0.75,-2]}}}