{"credit":"Made with Blockbench","texture_size":[32,32],"textures":{"0":"glowsquidset:glowsquid_hoe_texture","particle":"glowsquidset:glowsquid_hoe_texture"},"elements":[{"from":[4,0,8],"to":[12,10,8],"rotation":{"angle":0,"axis":"y","origin":[0.5,-0.925,0.5]},"faces":{"north":{"uv":[7,0,11,5],"texture":"#0"},"east":{"uv":[7,0,7,5],"texture":"#0"},"south":{"uv":[11,0,15,5],"texture":"#0"},"west":{"uv":[11,0,11,5],"texture":"#0"},"up":{"uv":[11,0,7,0],"texture":"#0"},"down":{"uv":[15,0,11,0],"texture":"#0"}}},{"from":[6.5,0,6.5],"to":[9.5,2,9.5],"faces":{"north":{"uv":[7.5,11.5,9,12.5],"texture":"#0"},"east":{"uv":[6,11.5,7.5,12.5],"texture":"#0"},"south":{"uv":[10.5,11.5,12,12.5],"texture":"#0"},"west":{"uv":[9,11.5,10.5,12.5],"texture":"#0"},"up":{"uv":[9,11.5,7.5,10],"texture":"#0"},"down":{"uv":[10.5,10,9,11.5],"texture":"#0"}}},{"from":[8,-5,4.5],"to":[8,1,11.5],"faces":{"north":{"uv":[3.5,3.5,3.5,6.5],"texture":"#0"},"east":{"uv":[0,3.5,3.5,6.5],"texture":"#0"},"south":{"uv":[7,3.5,7,6.5],"texture":"#0"},"west":{"uv":[3.5,3.5,7,6.5],"texture":"#0"},"up":{"uv":[3.5,3.5,3.5,0],"texture":"#0"},"down":{"uv":[3.5,0,3.5,3.5],"texture":"#0"}}},{"from":[6.5,8,6.5],"to":[9.5,10,9.5],"faces":{"north":{"uv":[1.5,11.5,3,12.5],"texture":"#0"},"east":{"uv":[0,11.5,1.5,12.5],"texture":"#0"},"south":{"uv":[4.5,11.5,6,12.5],"texture":"#0"},"west":{"uv":[3,11.5,4.5,12.5],"texture":"#0"},"up":{"uv":[3,11.5,1.5,10],"texture":"#0"},"down":{"uv":[4.5,10,3,11.5],"texture":"#0"}}},{"from":[7,9.125,6.5],"to":[9,12.125,9.5],"rotation":{"angle":-45,"axis":"x","origin":[8,10.625,8]},"faces":{"north":{"uv":[1.5,14,2.5,15.5],"texture":"#0"},"east":{"uv":[0,14,1.5,15.5],"texture":"#0"},"south":{"uv":[4,14,5,15.5],"texture":"#0"},"west":{"uv":[2.5,14,4,15.5],"texture":"#0"},"up":{"uv":[2.5,14,1.5,12.5],"texture":"#0"},"down":{"uv":[3.5,12.5,2.5,14],"texture":"#0"}}},{"from":[7,2,7],"to":[9,8,9],"rotation":{"angle":0,"axis":"y","origin":[0.5,-0.925,0.5]},"faces":{"north":{"uv":[12,12.5,13,15.5],"texture":"#0"},"east":{"uv":[11,12.5,12,15.5],"texture":"#0"},"south":{"uv":[14,12.5,15,15.5],"texture":"#0"},"west":{"uv":[13,12.5,14,15.5],"texture":"#0"},"up":{"uv":[13,12.5,12,11.5],"texture":"#0"},"down":{"uv":[14,11.5,13,12.5],"texture":"#0"}}},{"from":[6,13.16053,-2.41421],"to":[10,13.16053,1.58579],"rotation":{"angle":-45,"axis":"x","origin":[8,13.16053,1.58579]},"faces":{"north":{"uv":[2,2,4,2],"rotation":180,"texture":"#0"},"east":{"uv":[0,2,2,2],"rotation":90,"texture":"#0"},"south":{"uv":[6,2,8,2],"texture":"#0"},"west":{"uv":[4,2,6,2],"rotation":270,"texture":"#0"},"up":{"uv":[4,2,2,0],"texture":"#0"},"down":{"uv":[6,0,4,2],"rotation":180,"texture":"#0"}}},{"from":[6,13.16053,1.58579],"to":[10,14.16053,3.58579],"rotation":{"angle":0,"axis":"y","origin":[7,13.16053,5.58579]},"faces":{"north":{"uv":[1,3,3,3.5],"texture":"#0"},"east":{"uv":[0,3,1,3.5],"texture":"#0"},"south":{"uv":[4,3,6,3.5],"texture":"#0"},"west":{"uv":[3,3,4,3.5],"texture":"#0"},"up":{"uv":[3,3,1,2],"texture":"#0"},"down":{"uv":[5,2,3,3],"texture":"#0"}}},{"from":[7,13.16053,3.58579],"to":[9,14.16053,6.58579],"rotation":{"angle":0,"axis":"y","origin":[7,13.16053,5.58579]},"faces":{"north":{"uv":[7,6.5,8,7],"texture":"#0"},"east":{"uv":[5.5,6.5,7,7],"texture":"#0"},"south":{"uv":[9.5,6.5,10.5,7],"texture":"#0"},"west":{"uv":[8,6.5,9.5,7],"texture":"#0"},"up":{"uv":[8,6.5,7,5],"texture":"#0"},"down":{"uv":[9,5,8,6.5],"texture":"#0"}}},{"from":[7,12.74632,5.58579],"to":[9,13.74632,7.58579],"rotation":{"angle":45,"axis":"x","origin":[7,12.74632,6.58579]},"faces":{"north":{"uv":[10,6,11,6.5],"texture":"#0"},"east":{"uv":[9,6,10,6.5],"texture":"#0"},"south":{"uv":[12,6,13,6.5],"texture":"#0"},"west":{"uv":[11,6,12,6.5],"texture":"#0"},"up":{"uv":[11,6,10,5],"texture":"#0"},"down":{"uv":[12,5,11,6],"texture":"#0"}}},{"from":[8,8.16053,-1.41421],"to":[8,14.16053,12.58579],"rotation":{"angle":0,"axis":"y","origin":[16,16.32107,-2.82843]},"faces":{"north":{"uv":[7,7,7,10],"texture":"#0"},"east":{"uv":[0,7,7,10],"texture":"#0"},"south":{"uv":[14,7,14,10],"texture":"#0"},"west":{"uv":[7,7,14,10],"texture":"#0"},"up":{"uv":[7,7,7,0],"texture":"#0"},"down":{"uv":[7,0,7,7],"texture":"#0"}}}],"gui_light":"front","display":{"thirdperson_righthand":{"translation":[0,1,2]},"thirdperson_lefthand":{"translation":[0,1,2]},"firstperson_righthand":{"rotation":[-9.75,0,0],"translation":[2.75,4.5,0]},"firstperson_lefthand":{"rotation":[-9.75,0,0],"translation":[2.75,4.5,0]},"ground":{"translation":[0,5.25,0],"scale":[0.5,0.5,0.5]},"gui":{"rotation":[-90,45,90],"translation":[-0.5,2,0],"scale":[0.66,0.66,0.66]},"fixed":{"rotation":[0,90,0],"translation":[0,2,-2]}}}