{"credit":"Made with Blockbench","texture_size":[64,64],"textures":{"0":"glowsquidset:glowsquid_pickaxe_texture","particle":"glowsquidset:glowsquid_pickaxe_texture"},"elements":[{"from":[4,0,8],"to":[12,10,8],"rotation":{"angle":0,"axis":"y","origin":[0.5,-0.925,0.5]},"faces":{"north":{"uv":[3.5,0,5.5,2.5],"texture":"#0"},"east":{"uv":[3.5,0,3.5,2.5],"texture":"#0"},"south":{"uv":[5.5,0,7.5,2.5],"texture":"#0"},"west":{"uv":[5.5,0,5.5,2.5],"texture":"#0"},"up":{"uv":[5.5,0,3.5,0],"texture":"#0"},"down":{"uv":[7.5,0,5.5,0],"texture":"#0"}}},{"from":[6.5,0,6.5],"to":[9.5,2,9.5],"faces":{"north":{"uv":[3.5,3.25,4.25,3.75],"texture":"#0"},"east":{"uv":[2.75,3.25,3.5,3.75],"texture":"#0"},"south":{"uv":[5,3.25,5.75,3.75],"texture":"#0"},"west":{"uv":[4.25,3.25,5,3.75],"texture":"#0"},"up":{"uv":[4.25,3.25,3.5,2.5],"texture":"#0"},"down":{"uv":[5,2.5,4.25,3.25],"texture":"#0"}}},{"from":[8,-5,4.5],"to":[8,1,11.5],"faces":{"north":{"uv":[1.75,1.75,1.75,3.25],"texture":"#0"},"east":{"uv":[0,1.75,1.75,3.25],"texture":"#0"},"south":{"uv":[3.5,1.75,3.5,3.25],"texture":"#0"},"west":{"uv":[1.75,1.75,3.5,3.25],"texture":"#0"},"up":{"uv":[1.75,1.75,1.75,0],"texture":"#0"},"down":{"uv":[1.75,0,1.75,1.75],"texture":"#0"}}},{"from":[6.5,8,6.5],"to":[9.5,10,9.5],"faces":{"north":{"uv":[0.75,0.75,1.5,1.25],"texture":"#0"},"east":{"uv":[0,0.75,0.75,1.25],"texture":"#0"},"south":{"uv":[2.25,0.75,3,1.25],"texture":"#0"},"west":{"uv":[1.5,0.75,2.25,1.25],"texture":"#0"},"up":{"uv":[1.5,0.75,0.75,0],"texture":"#0"},"down":{"uv":[2.25,0,1.5,0.75],"texture":"#0"}}},{"from":[7,9.125,6.5],"to":[9,12.125,9.5],"rotation":{"angle":-45,"axis":"x","origin":[8,10.625,8]},"faces":{"north":{"uv":[0.75,4,1.25,4.75],"texture":"#0"},"east":{"uv":[0,4,0.75,4.75],"texture":"#0"},"south":{"uv":[2,4,2.5,4.75],"texture":"#0"},"west":{"uv":[1.25,4,2,4.75],"texture":"#0"},"up":{"uv":[1.25,4,0.75,3.25],"texture":"#0"},"down":{"uv":[1.75,3.25,1.25,4],"texture":"#0"}}},{"from":[7,2,7],"to":[9,8,9],"rotation":{"angle":0,"axis":"y","origin":[0.5,-0.925,0.5]},"faces":{"north":{"uv":[6.25,3,6.75,4.5],"texture":"#0"},"east":{"uv":[5.75,3,6.25,4.5],"texture":"#0"},"south":{"uv":[7.25,3,7.75,4.5],"texture":"#0"},"west":{"uv":[6.75,3,7.25,4.5],"texture":"#0"},"up":{"uv":[6.75,3,6.25,2.5],"texture":"#0"},"down":{"uv":[7.25,2.5,6.75,3],"texture":"#0"}}},{"from":[8,8.16053,-1.41421],"to":[8,14.16053,17.58579],"rotation":{"angle":0,"axis":"y","origin":[0,-0.03947,-1.41421]},"faces":{"north":{"uv":[4.75,4.75,4.75,6.25],"texture":"#0"},"east":{"uv":[0,4.75,4.75,6.25],"texture":"#0"},"south":{"uv":[9.5,4.75,9.5,6.25],"texture":"#0"},"west":{"uv":[4.75,4.75,9.5,6.25],"texture":"#0"},"up":{"uv":[4.75,4.75,4.75,0],"texture":"#0"},"down":{"uv":[4.75,0,4.75,4.75],"texture":"#0"}}},{"from":[7,12.03921,8.70711],"to":[9,13.03921,10.70711],"rotation":{"angle":-45,"axis":"x","origin":[7,12.03921,8.70711]},"faces":{"north":{"uv":[0.5,7.5,1,7.75],"texture":"#0"},"east":{"uv":[0,7.5,0.5,7.75],"texture":"#0"},"south":{"uv":[1.5,7.5,2,7.75],"texture":"#0"},"west":{"uv":[1,7.5,1.5,7.75],"texture":"#0"},"up":{"uv":[1,7.5,0.5,7],"texture":"#0"},"down":{"uv":[1.5,7,1,7.5],"texture":"#0"}}},{"from":[7,13.16053,9.41421],"to":[9,14.16053,12.41421],"rotation":{"angle":0,"axis":"y","origin":[7,13.16053,9.41421]},"faces":{"north":{"uv":[5.5,7,6,7.25],"texture":"#0"},"east":{"uv":[4.75,7,5.5,7.25],"texture":"#0"},"south":{"uv":[6.75,7,7.25,7.25],"texture":"#0"},"west":{"uv":[6,7,6.75,7.25],"texture":"#0"},"up":{"uv":[6,7,5.5,6.25],"texture":"#0"},"down":{"uv":[6.5,6.25,6,7],"texture":"#0"}}},{"from":[6,13.16053,12.41421],"to":[10,14.16053,14.41421],"rotation":{"angle":0,"axis":"y","origin":[7,13.16053,9.41421]},"faces":{"north":{"uv":[0.5,6.75,1.5,7],"texture":"#0"},"east":{"uv":[0,6.75,0.5,7],"texture":"#0"},"south":{"uv":[2,6.75,3,7],"texture":"#0"},"west":{"uv":[1.5,6.75,2,7],"texture":"#0"},"up":{"uv":[1.5,6.75,0.5,6.25],"texture":"#0"},"down":{"uv":[2.5,6.25,1.5,6.75],"texture":"#0"}}},{"from":[7,12.03921,5.29289],"to":[9,13.03921,7.29289],"rotation":{"angle":45,"axis":"x","origin":[7,12.03921,7.29289]},"faces":{"north":{"uv":[7,6.75,7.5,7],"texture":"#0"},"east":{"uv":[6.5,6.75,7,7],"texture":"#0"},"south":{"uv":[8,6.75,8.5,7],"texture":"#0"},"west":{"uv":[7.5,6.75,8,7],"texture":"#0"},"up":{"uv":[7.5,6.75,7,6.25],"texture":"#0"},"down":{"uv":[8,6.25,7.5,6.75],"texture":"#0"}}},{"from":[7,13.16053,3.58579],"to":[9,14.16053,6.58579],"rotation":{"angle":0,"axis":"y","origin":[7,13.16053,6.58579]},"faces":{"north":{"uv":[3,7,3.5,7.25],"texture":"#0"},"east":{"uv":[2.25,7,3,7.25],"texture":"#0"},"south":{"uv":[4.25,7,4.75,7.25],"texture":"#0"},"west":{"uv":[3.5,7,4.25,7.25],"texture":"#0"},"up":{"uv":[3.5,7,3,6.25],"texture":"#0"},"down":{"uv":[4,6.25,3.5,7],"texture":"#0"}}},{"from":[6,13.16053,1.58579],"to":[10,14.16053,3.58579],"rotation":{"angle":0,"axis":"y","origin":[7,13.16053,6.58579]},"faces":{"north":{"uv":[3,4.25,4,4.5],"texture":"#0"},"east":{"uv":[2.5,4.25,3,4.5],"texture":"#0"},"south":{"uv":[4.5,4.25,5.5,4.5],"texture":"#0"},"west":{"uv":[4,4.25,4.5,4.5],"texture":"#0"},"up":{"uv":[4,4.25,3,3.75],"texture":"#0"},"down":{"uv":[5,3.75,4,4.25],"texture":"#0"}}}],"gui_light":"front","display":{"thirdperson_righthand":{"translation":[0,1,2]},"thirdperson_lefthand":{"translation":[0,1,2]},"firstperson_righthand":{"rotation":[-9.75,0,0],"translation":[2.75,4.5,0]},"firstperson_lefthand":{"rotation":[-9.75,0,0],"translation":[2.75,4.5,0]},"ground":{"translation":[0,5.25,0],"scale":[0.5,0.5,0.5]},"gui":{"rotation":[-90,45,90],"translation":[-0.25,0.5,0],"scale":[0.6,0.6,0.6]},"fixed":{"rotation":[0,90,0],"translation":[0,3.5,-2]}}}