{"credit":"Made with Blockbench","texture_size":[12,12],"textures":{"1":"demon_edgeset:pickaxe","2":"demon_edgeset:animations/animation_2","particle":"demon_edgeset:animations/animation_2"},"elements":[{"from":[7.25,1.75,7.25],"to":[8.75,2.25,8.75],"rotation":{"angle":45,"axis":"y","origin":[8,2.5,8]},"faces":{"north":{"uv":[12.66667,1.33333,13.66667,1.66667],"texture":"#1"},"east":{"uv":[4.66667,12.66667,5.66667,13],"texture":"#1"},"south":{"uv":[12.66667,4.66667,13.66667,5],"texture":"#1"},"west":{"uv":[12.66667,5.33333,13.66667,5.66667],"texture":"#1"},"up":{"uv":[9,6.33333,8,5.33333],"texture":"#1"},"down":{"uv":[7.66667,8,6.66667,9],"texture":"#1"}}},{"from":[7.25,2.5,7.25],"to":[8.75,3,8.75],"rotation":{"angle":45,"axis":"y","origin":[8,2.25,8]},"faces":{"north":{"uv":[6,12.66667,7,13],"texture":"#1"},"east":{"uv":[12.66667,6,13.66667,6.33333],"texture":"#1"},"south":{"uv":[12.66667,6.66667,13.66667,7],"texture":"#1"},"west":{"uv":[7.33333,12.66667,8.33333,13],"texture":"#1"},"up":{"uv":[9,7.66667,8,6.66667],"texture":"#1"},"down":{"uv":[9,8,8,9],"texture":"#1"}}},{"from":[7.25,7.15,7.25],"to":[8.75,7.65,8.75],"rotation":{"angle":45,"axis":"y","origin":[8,6.9,8]},"faces":{"north":{"uv":[12.66667,7.33333,13.66667,7.66667],"texture":"#1"},"east":{"uv":[12.66667,8,13.66667,8.33333],"texture":"#1"},"south":{"uv":[12.66667,8.66667,13.66667,9],"texture":"#1"},"west":{"uv":[12.66667,9.33333,13.66667,9.66667],"texture":"#1"},"up":{"uv":[9.66667,1,8.66667,0],"texture":"#1"},"down":{"uv":[3.66667,8.66667,2.66667,9.66667],"texture":"#1"}}},{"from":[7.25,6.4,7.25],"to":[8.75,6.9,8.75],"rotation":{"angle":45,"axis":"y","origin":[8,7.15,8]},"faces":{"north":{"uv":[10,12.66667,11,13],"texture":"#1"},"east":{"uv":[12.66667,10,13.66667,10.33333],"texture":"#1"},"south":{"uv":[12.66667,10.66667,13.66667,11],"texture":"#1"},"west":{"uv":[11.33333,12.66667,12.33333,13],"texture":"#1"},"up":{"uv":[5,9.66667,4,8.66667],"texture":"#1"},"down":{"uv":[2.33333,9.33333,1.33333,10.33333],"texture":"#1"}}},{"from":[7.25,-0.15,7.7],"to":[8.75,1.45,9.3],"rotation":{"angle":-45,"axis":"x","origin":[7.5,0.15,8]},"faces":{"north":{"uv":[9.33333,1.33333,10.33333,2.33333],"texture":"#1"},"east":{"uv":[9.33333,2.66667,10.33333,3.66667],"texture":"#1"},"south":{"uv":[9.33333,4,10.33333,5],"texture":"#1"},"west":{"uv":[5.33333,9.33333,6.33333,10.33333],"texture":"#1"},"up":{"uv":[10.33333,6.33333,9.33333,5.33333],"texture":"#1"},"down":{"uv":[7.66667,9.33333,6.66667,10.33333],"texture":"#1"}}},{"from":[7,0.1,7.95],"to":[9,1.2,9.05],"rotation":{"angle":-45,"axis":"x","origin":[7.5,0.15,8]},"faces":{"north":{"uv":[10.66667,2,12,2.66667],"texture":"#1"},"east":{"uv":[6,2,6.66667,2.66667],"texture":"#1"},"south":{"uv":[10.66667,2.66667,12,3.33333],"texture":"#1"},"west":{"uv":[6,5.33333,6.66667,6],"texture":"#1"},"up":{"uv":[12,4,10.66667,3.33333],"texture":"#1"},"down":{"uv":[12,4,10.66667,4.66667],"texture":"#1"}}},{"from":[7.25,11.45,7.7],"to":[8.75,14.05,10.3],"rotation":{"angle":-45,"axis":"x","origin":[7.5,11.75,8]},"faces":{"north":{"uv":[4.66667,4,5.66667,5.66667],"texture":"#1"},"east":{"uv":[14.33333,1.66667,16,3.33333],"texture":"#1"},"south":{"uv":[6,0,7,1.66667],"texture":"#1"},"west":{"uv":[14.33333,0,16,1.66667],"texture":"#1"},"up":{"uv":[1.66667,7.66667,0.66667,6],"texture":"#1"},"down":{"uv":[3,6,2,7.66667],"texture":"#1"}}},{"from":[7,11.95,8.2],"to":[9,13.55,9.8],"rotation":{"angle":-45,"axis":"x","origin":[7.5,11.75,8]},"faces":{"north":{"uv":[6.66667,5.33333,8,6.33333],"texture":"#1"},"east":{"uv":[9.33333,6.66667,10.33333,7.66667],"texture":"#1"},"south":{"uv":[6.66667,6.66667,8,7.66667],"texture":"#1"},"west":{"uv":[8,9.33333,9,10.33333],"texture":"#1"},"up":{"uv":[8.66667,1,7.33333,0],"texture":"#1"},"down":{"uv":[6,7.33333,4.66667,8.33333],"texture":"#1"}}},{"from":[7.29289,0.75,8],"to":[8.29289,3.25,9],"rotation":{"angle":45,"axis":"y","origin":[7.29289,0.75,8]},"faces":{"north":{"uv":[3.33333,4.66667,4,6.33333],"texture":"#1"},"east":{"uv":[0,7.33333,0.66667,9],"texture":"#1"},"south":{"uv":[6,7.33333,6.66667,9],"texture":"#1"},"west":{"uv":[0.66667,8,1.33333,9.66667],"texture":"#1"},"up":{"uv":[8,2,7.33333,1.33333],"texture":"#1"},"down":{"uv":[3.33333,8,2.66667,8.66667],"texture":"#1"}}},{"from":[7.39289,3.25,8.1],"to":[8.19289,6.15,8.9],"rotation":{"angle":45,"axis":"y","origin":[7.29289,3.25,8]},"faces":{"north":{"uv":[0,9.33333,0.5,11.33333],"texture":"#1"},"east":{"uv":[9.33333,8,9.83333,10],"texture":"#1"},"south":{"uv":[0.66667,10,1.16667,12],"texture":"#1"},"west":{"uv":[2.66667,10,3.16667,12],"texture":"#1"}}},{"from":[7.29289,6.15,8],"to":[8.29289,7.9,9],"rotation":{"angle":45,"axis":"y","origin":[7.29289,0.65,8]},"faces":{"north":{"uv":[8.66667,10.66667,9.33333,11.83333],"texture":"#1"},"east":{"uv":[0,11.33333,0.66667,12.5],"texture":"#1"},"south":{"uv":[11.33333,0,12,1.16667],"texture":"#1"},"west":{"uv":[3.33333,11.33333,4,12.5],"texture":"#1"},"up":{"uv":[6,9.33333,5.33333,8.66667],"texture":"#1"},"down":{"uv":[11.33333,7.33333,10.66667,8],"texture":"#1"}}},{"from":[7.29289,10.15,8],"to":[8.29289,12.15,9],"rotation":{"angle":45,"axis":"y","origin":[7.29289,-0.35,8]},"faces":{"north":{"uv":[2,10.66667,2.66667,12],"texture":"#1"},"east":{"uv":[10.66667,4.66667,11.33333,6],"texture":"#1"},"south":{"uv":[5.33333,10.66667,6,12],"texture":"#1"},"west":{"uv":[6,10.66667,6.66667,12],"texture":"#1"},"up":{"uv":[1.33333,12.66667,0.66667,12],"texture":"#1"},"down":{"uv":[5.33333,12,4.66667,12.66667],"texture":"#1"}}},{"from":[7.25,11.15,7.25],"to":[8.75,11.65,8.75],"rotation":{"angle":45,"axis":"y","origin":[8,5.9,8]},"faces":{"north":{"uv":[12.66667,11.33333,13.66667,11.66667],"texture":"#1"},"east":{"uv":[12.66667,12,13.66667,12.33333],"texture":"#1"},"south":{"uv":[12.66667,12.66667,13.66667,13],"texture":"#1"},"west":{"uv":[13.33333,0,14.33333,0.33333],"texture":"#1"},"up":{"uv":[11,1,10,0],"texture":"#1"},"down":{"uv":[4.33333,10,3.33333,11],"texture":"#1"}}},{"from":[7.25,10.4,7.25],"to":[8.75,10.9,8.75],"rotation":{"angle":45,"axis":"y","origin":[8,6.15,8]},"faces":{"north":{"uv":[13.33333,0.66667,14.33333,1],"texture":"#1"},"east":{"uv":[2,13.33333,3,13.66667],"texture":"#1"},"south":{"uv":[13.33333,2,14.33333,2.33333],"texture":"#1"},"west":{"uv":[13.33333,2.66667,14.33333,3],"texture":"#1"},"up":{"uv":[11,9,10,8],"texture":"#1"},"down":{"uv":[10.33333,10,9.33333,11],"texture":"#1"}}},{"from":[7.39289,7.9,8.1],"to":[8.19289,10.15,8.9],"rotation":{"angle":45,"axis":"y","origin":[7.29289,0.65,8]},"faces":{"north":{"uv":[4,11.33333,4.5,12.83333],"texture":"#1"},"east":{"uv":[11.33333,4.66667,11.83333,6.16667],"texture":"#1"},"south":{"uv":[11.33333,6.66667,11.83333,8.16667],"texture":"#1"},"west":{"uv":[9.33333,11.33333,9.83333,12.83333],"texture":"#1"}}},{"from":[8,12.45711,6],"to":[9,13.45711,10],"rotation":{"angle":45,"axis":"z","origin":[8,12.45711,3]},"faces":{"north":{"uv":[12,4.66667,12.66667,5.33333],"texture":"#1"},"east":{"uv":[0,13.83333,2.66667,14.5],"texture":"#1"},"south":{"uv":[5.33333,12,6,12.66667],"texture":"#1"},"west":{"uv":[4,3.33333,6.66667,4],"texture":"#1"},"up":{"uv":[4.66667,6.66667,4,4],"texture":"#1"},"down":{"uv":[0.66667,4.66667,0,7.33333],"texture":"#1"}}},{"from":[8,12.45711,3.6],"to":[9,13.45711,4.6],"rotation":{"angle":45,"axis":"z","origin":[8,12.45711,4.4]},"faces":{"north":{"uv":[12,5.33333,12.66667,6],"texture":"#1"},"east":{"uv":[6,12,6.66667,12.66667],"texture":"#1"},"south":{"uv":[12,6,12.66667,6.66667],"texture":"#1"},"west":{"uv":[6.66667,12,7.33333,12.66667],"texture":"#1"},"up":{"uv":[12.66667,7.33333,12,6.66667],"texture":"#1"},"down":{"uv":[8,12,7.33333,12.66667],"texture":"#1"}}},{"from":[8.2,12.65711,4.6],"to":[8.8,13.25711,6],"rotation":{"angle":45,"axis":"z","origin":[8,12.45711,4.4]},"faces":{"east":{"uv":[3.33333,13.33333,4.33333,13.66667],"texture":"#1"},"west":{"uv":[13.33333,3.33333,14.33333,3.66667],"texture":"#1"},"up":{"uv":[9,13.66667,8.66667,12.66667],"texture":"#1"},"down":{"uv":[5,13.33333,4.66667,14.33333],"texture":"#1"}}},{"from":[7.985,12.78921,2.1],"to":[8.015,13.53921,3.6],"rotation":{"angle":45,"axis":"z","origin":[8,13.16421,2.85]},"faces":{"east":{"uv":[12.33333,8.66667,11.33333,9.16667],"texture":"#1"},"west":{"uv":[11.33333,8.66667,12.33333,9.16667],"texture":"#1"}}},{"from":[7.985,12.78921,2.1],"to":[8.015,13.53921,3.6],"rotation":{"angle":-45,"axis":"z","origin":[8,13.16421,2.85]},"faces":{"east":{"uv":[12.33333,8.66667,11.33333,9.16667],"texture":"#1"},"west":{"uv":[11.33333,8.66667,12.33333,9.16667],"texture":"#1"}}},{"from":[7.625,13.20437,6.34973],"to":[8.375,14.45437,7.59973],"rotation":{"angle":-22.5,"axis":"x","origin":[7.875,13.20437,6.34973]},"faces":{"north":{"uv":[12,10,12.5,10.83333],"texture":"#1"},"east":{"uv":[10,11.33333,10.83333,12.16667],"texture":"#1"},"west":{"uv":[11.33333,11.33333,12.16667,12.16667],"texture":"#1"},"up":{"uv":[0.5,13.5,0,12.66667],"texture":"#1"}}},{"from":[7.625,13.20437,8.40027],"to":[8.375,14.45437,9.65027],"rotation":{"angle":22.5,"axis":"x","origin":[7.875,13.20437,9.65027]},"faces":{"east":{"uv":[12,0,12.83333,0.83333],"texture":"#1"},"south":{"uv":[0.66667,12.66667,1.16667,13.5],"texture":"#1"},"west":{"uv":[2,12,2.83333,12.83333],"texture":"#1"},"up":{"uv":[1.83333,13.5,1.33333,12.66667],"texture":"#1"}}},{"from":[7.375,11.70437,5.09973],"to":[8.625,12.95437,7.59973],"rotation":{"angle":-22.5,"axis":"x","origin":[7.875,11.70437,6.34973]},"faces":{"east":{"uv":[6,4,7.66667,4.83333],"texture":"#1"},"west":{"uv":[4.66667,6,6.33333,6.83333],"texture":"#1"},"up":{"uv":[7.5,3.66667,6.66667,2],"texture":"#1"},"down":{"uv":[4.16667,6.66667,3.33333,8.33333],"texture":"#1"}}},{"from":[7.3745,10.99765,5.09293],"to":[8.6255,12.99765,6.34293],"rotation":{"angle":22.5,"axis":"x","origin":[7.8745,13.99765,6.34293]},"faces":{"north":{"uv":[1.33333,8,2.16667,9.33333],"texture":"#1"},"east":{"uv":[8,1.33333,8.83333,2.66667],"texture":"#1"},"south":{"uv":[8,2.66667,8.83333,4],"texture":"#1"},"west":{"uv":[8,4,8.83333,5.33333],"texture":"#1"},"up":{"uv":[12.83333,2.83333,12,2],"texture":"#1"},"down":{"uv":[12.83333,3.33333,12,4.16667],"texture":"#1"}}},{"from":[7.5123,13.04905,4.90932],"to":[8.48769,14.16405,5.88432],"rotation":{"angle":0,"axis":"y","origin":[7.9023,13.97405,6.28432]},"faces":{"north":{"uv":[12,7.33333,12.66667,8],"texture":"#1"},"east":{"uv":[8,12,8.66667,12.66667],"texture":"#1"},"south":{"uv":[12,8,12.66667,8.66667],"texture":"#1"},"west":{"uv":[8.66667,12,9.33333,12.66667],"texture":"#1"},"up":{"uv":[12.66667,10,12,9.33333],"texture":"#1"}}},{"from":[7.6196,14.0392,4.74157],"to":[8.3804,15.1039,5.50207],"rotation":{"angle":-22.5,"axis":"x","origin":[8,14.84655,5.39682]},"faces":{"north":{"uv":[3.33333,12.66667,3.83333,13.33333],"texture":"#1"},"east":{"uv":[13.33333,4,13.83333,4.66667],"texture":"#1"},"south":{"uv":[5.33333,13.33333,5.83333,14],"texture":"#1"},"west":{"uv":[6,13.33333,6.5,14],"texture":"#1"},"up":{"uv":[7.16667,13.83333,6.66667,13.33333],"texture":"#1"}}},{"from":[7.72991,14.85816,4.42033],"to":[8.27009,15.6141,4.96029],"rotation":{"angle":-45,"axis":"x","origin":[8,15.41113,4.86531]},"faces":{"north":{"uv":[9.33333,13.33333,9.66667,13.83333],"texture":"#1"},"east":{"uv":[10,13.33333,10.33333,13.83333],"texture":"#1"},"south":{"uv":[10.66667,13.33333,11,13.83333],"texture":"#1"},"west":{"uv":[11.33333,13.33333,11.66667,13.83333],"texture":"#1"},"up":{"uv":[12.33333,13.66667,12,13.33333],"texture":"#1"}}},{"from":[7.5,13.33579,8],"to":[8.5,15.33579,10],"rotation":{"angle":-45,"axis":"x","origin":[7.5,13.33579,8]},"faces":{"north":{"uv":[10.66667,6,11.33333,7.33333],"texture":"#1"},"east":{"uv":[0.66667,4.66667,2,6],"texture":"#1"},"south":{"uv":[6.66667,10.66667,7.33333,12],"texture":"#1"},"west":{"uv":[2,4.66667,3.33333,6],"texture":"#1"},"up":{"uv":[8,12,7.33333,10.66667],"texture":"#1"},"down":{"uv":[8.66667,10.66667,8,12],"texture":"#1"}}},{"from":[8.1,0.25,6.6],"to":[8.9,1.05,9.4],"rotation":{"angle":45,"axis":"z","origin":[8,0.15,7.5]},"faces":{"north":{"uv":[7.33333,13.33333,7.83333,13.83333],"texture":"#1"},"east":{"uv":[10,9.33333,11.83333,9.83333],"texture":"#1"},"south":{"uv":[8,13.33333,8.5,13.83333],"texture":"#1"},"west":{"uv":[10.66667,1.33333,12.5,1.83333],"texture":"#1"},"up":{"uv":[5.16667,11.83333,4.66667,10],"texture":"#1"},"down":{"uv":[1.83333,10.66667,1.33333,12.5],"texture":"#1"}}},{"from":[7.985,0.22279,5.1],"to":[8.015,1.47279,6.6],"rotation":{"angle":-45,"axis":"z","origin":[8,0.84779,5.85]},"faces":{"east":{"uv":[11.66667,10,10.66667,10.83333],"texture":"#1"},"west":{"uv":[10.66667,10,11.66667,10.83333],"texture":"#1"}}},{"from":[7.985,0.22279,5.1],"to":[8.015,1.47279,6.6],"rotation":{"angle":45,"axis":"z","origin":[8,0.84779,5.85]},"faces":{"east":{"uv":[11.66667,10,10.66667,10.83333],"texture":"#1"},"west":{"uv":[10.66667,10,11.66667,10.83333],"texture":"#1"}}},{"from":[7.985,0.22279,9.4],"to":[8.015,1.47279,10.9],"rotation":{"angle":-45,"axis":"z","origin":[8,0.84779,10.15]},"faces":{"east":{"uv":[10.66667,10,11.66667,10.83333],"texture":"#1"},"west":{"uv":[11.66667,10,10.66667,10.83333],"texture":"#1"}}},{"from":[7.985,0.22279,9.4],"to":[8.015,1.47279,10.9],"rotation":{"angle":45,"axis":"z","origin":[8,0.84779,10.15]},"faces":{"east":{"uv":[10.66667,10,11.66667,10.83333],"texture":"#1"},"west":{"uv":[11.66667,10,10.66667,10.83333],"texture":"#1"}}},{"from":[7.985,11.175,-1],"to":[8.015,15.175,7.5],"rotation":{"angle":0,"axis":"y","origin":[7.985,8.05,0]},"faces":{"east":{"uv":[5.66667,0,0,2.66667],"texture":"#1"},"west":{"uv":[0,0,5.66667,2.66667],"texture":"#1"}}},{"from":[8,12.45711,11.4],"to":[9,13.45711,12.4],"rotation":{"angle":45,"axis":"z","origin":[8,12.45711,11.6]},"faces":{"north":{"uv":[12.66667,6,12,6.66667],"texture":"#1"},"east":{"uv":[6.66667,12,6,12.66667],"texture":"#1"},"south":{"uv":[12.66667,5.33333,12,6],"texture":"#1"},"west":{"uv":[7.33333,12,6.66667,12.66667],"texture":"#1"},"up":{"uv":[12.66667,6.66667,12,7.33333],"texture":"#1"},"down":{"uv":[8,12.66667,7.33333,12],"texture":"#1"}}},{"from":[8.2,12.65711,10],"to":[8.8,13.25711,11.4],"rotation":{"angle":45,"axis":"z","origin":[8,12.45711,11.6]},"faces":{"east":{"uv":[4.33333,13.33333,3.33333,13.66667],"texture":"#1"},"west":{"uv":[14.33333,3.33333,13.33333,3.66667],"texture":"#1"},"up":{"uv":[9,12.66667,8.66667,13.66667],"texture":"#1"},"down":{"uv":[5,14.33333,4.66667,13.33333],"texture":"#1"}}},{"from":[7.985,12.78921,12.4],"to":[8.015,13.53921,13.9],"rotation":{"angle":45,"axis":"z","origin":[8,13.16421,13.15]},"faces":{"east":{"uv":[11.33333,8.66667,12.33333,9.16667],"texture":"#1"},"west":{"uv":[12.33333,8.66667,11.33333,9.16667],"texture":"#1"}}},{"from":[7.375,11.70437,8.40027],"to":[8.625,12.95437,10.90027],"rotation":{"angle":22.5,"axis":"x","origin":[7.875,11.70437,9.65027]},"faces":{"east":{"uv":[7.66667,4,6,4.83333],"texture":"#1"},"west":{"uv":[6.33333,6,4.66667,6.83333],"texture":"#1"},"up":{"uv":[7.5,2,6.66667,3.66667],"texture":"#1"},"down":{"uv":[4.16667,8.33333,3.33333,6.66667],"texture":"#1"}}},{"from":[7.3745,10.99765,9.65707],"to":[8.6255,12.99765,10.90707],"rotation":{"angle":-22.5,"axis":"x","origin":[7.8745,13.99765,9.65707]},"faces":{"north":{"uv":[8.83333,2.66667,8,4],"texture":"#1"},"east":{"uv":[8.83333,1.33333,8,2.66667],"texture":"#1"},"south":{"uv":[2.16667,8,1.33333,9.33333],"texture":"#1"},"west":{"uv":[8.83333,4,8,5.33333],"texture":"#1"},"up":{"uv":[12.83333,2,12,2.83333],"texture":"#1"},"down":{"uv":[12.83333,4.16667,12,3.33333],"texture":"#1"}}},{"from":[7.5123,13.04905,10.11568],"to":[8.48769,14.16405,11.09068],"rotation":{"angle":0,"axis":"y","origin":[7.9023,13.97405,9.71568]},"faces":{"north":{"uv":[12.66667,8,12,8.66667],"texture":"#1"},"east":{"uv":[8.66667,12,8,12.66667],"texture":"#1"},"south":{"uv":[12.66667,7.33333,12,8],"texture":"#1"},"west":{"uv":[9.33333,12,8.66667,12.66667],"texture":"#1"},"up":{"uv":[12.66667,9.33333,12,10],"texture":"#1"}}},{"from":[7.6196,14.0392,10.49793],"to":[8.3804,15.1039,11.25843],"rotation":{"angle":22.5,"axis":"x","origin":[8,14.84655,10.60318]},"faces":{"north":{"uv":[5.83333,13.33333,5.33333,14],"texture":"#1"},"east":{"uv":[13.83333,4,13.33333,4.66667],"texture":"#1"},"south":{"uv":[3.83333,12.66667,3.33333,13.33333],"texture":"#1"},"west":{"uv":[6.5,13.33333,6,14],"texture":"#1"},"up":{"uv":[7.16667,13.33333,6.66667,13.83333],"texture":"#1"}}},{"from":[7.72991,14.85816,11.03971],"to":[8.27009,15.6141,11.57967],"rotation":{"angle":45,"axis":"x","origin":[8,15.41113,11.13469]},"faces":{"north":{"uv":[11,13.33333,10.66667,13.83333],"texture":"#1"},"east":{"uv":[10.33333,13.33333,10,13.83333],"texture":"#1"},"south":{"uv":[9.66667,13.33333,9.33333,13.83333],"texture":"#1"},"west":{"uv":[11.66667,13.33333,11.33333,13.83333],"texture":"#1"},"up":{"uv":[12.33333,13.33333,12,13.66667],"texture":"#1"}}},{"from":[7.985,11.175,8.5],"to":[8.015,15.175,17],"rotation":{"angle":0,"axis":"y","origin":[7.985,8.05,16]},"faces":{"east":{"uv":[0,0,5.66667,2.66667],"texture":"#1"},"west":{"uv":[5.66667,0,0,2.66667],"texture":"#1"}}},{"from":[7.985,12.78921,12.4],"to":[8.015,13.53921,13.9],"rotation":{"angle":-45,"axis":"z","origin":[8,13.16421,13.15]},"faces":{"east":{"uv":[11.33333,8.66667,12.33333,9.16667],"texture":"#1"},"west":{"uv":[12.33333,8.66667,11.33333,9.16667],"texture":"#1"}}},{"from":[7.1,8.075,3],"to":[7.1,18.075,13],"rotation":{"angle":0,"axis":"y","origin":[7.1,13.075,8]},"faces":{"west":{"uv":[1.33333,1.33333,14.66667,14.66667],"texture":"#2"}}},{"from":[8.9,8.075,3],"to":[8.9,18.075,13],"rotation":{"angle":0,"axis":"y","origin":[8.9,13.075,8]},"faces":{"east":{"uv":[14.66667,1.33333,1.33333,14.66667],"texture":"#2"}}}],"gui_light":"front","display":{"thirdperson_righthand":{"translation":[0,1.75,1]},"thirdperson_lefthand":{"translation":[0,1.75,1]},"firstperson_righthand":{"rotation":[5,0,0],"translation":[1,2.75,2]},"firstperson_lefthand":{"rotation":[5,0,0],"translation":[1,2.75,2]},"ground":{"rotation":[-45,0,0],"translation":[0,5,0],"scale":[0.7,0.7,0.7]},"gui":{"rotation":[-90,45,90],"translation":[0.75,-1,0],"scale":[0.7,0.7,0.7]},"head":{"rotation":[0,-90,0]},"fixed":{"rotation":[0,-90,0],"translation":[0,0,-1],"scale":[2,2,2]}}}