{"credit":"MadebyPolygonMC","texture_size":[24,24],"textures":{"1":"azureset:animations/animations_1","2":"azureset:animations/animations_3","4":"azureset:bow","particle":"azureset:animations/animations_3"},"elements":[{"from":[7.5,5,7.5],"to":[8.5,7.5,8.5],"rotation":{"angle":0,"axis":"y","origin":[7.5,6.5,7.5]},"faces":{"north":{"uv":[9.33333,3.33333,10,5],"texture":"#4"},"east":{"uv":[13.83333,11.5,14.5,13.16667],"texture":"#4"},"south":{"uv":[14.5,11.5,15.16667,13.16667],"texture":"#4"},"west":{"uv":[15.16667,11.5,15.83333,13.16667],"texture":"#4"},"up":{"uv":[8,12.66667,7.33333,12],"texture":"#4"}}},{"from":[7.6,7.5,7.6],"to":[8.4,9,8.4],"rotation":{"angle":0,"axis":"y","origin":[7.5,8,7.5]},"faces":{"north":{"uv":[2,12,2.5,13],"texture":"#4"},"east":{"uv":[2.66667,12,3.16667,13],"texture":"#4"},"south":{"uv":[3.33333,12,3.83333,13],"texture":"#4"},"west":{"uv":[12,3.33333,12.5,4.33333],"texture":"#4"}}},{"from":[7.5,9,7.5],"to":[8.5,11,8.5],"rotation":{"angle":0,"axis":"y","origin":[7.5,9,7.5]},"faces":{"north":{"uv":[10,6,10.66667,7.33333],"texture":"#4"},"east":{"uv":[10,7.33333,10.66667,8.66667],"texture":"#4"},"south":{"uv":[9.33333,10,10,11.33333],"texture":"#4"},"west":{"uv":[10,10,10.66667,11.33333],"texture":"#4"},"down":{"uv":[8.66667,12,8,12.66667],"texture":"#4"}}},{"from":[7.4,6,7.4],"to":[8.6,6.5,8.6],"rotation":{"angle":0,"axis":"y","origin":[7.5,6,7.5]},"faces":{"north":{"uv":[10,12.66667,10.83333,13],"texture":"#4"},"east":{"uv":[12.66667,10.66667,13.5,11],"texture":"#4"},"south":{"uv":[11.33333,12.66667,12.16667,13],"texture":"#4"},"west":{"uv":[12.66667,11.33333,13.5,11.66667],"texture":"#4"},"up":{"uv":[12.16667,8.16667,11.33333,7.33333],"texture":"#4"},"down":{"uv":[12.16667,8.66667,11.33333,9.5],"texture":"#4"}}},{"from":[7.4,10,7.4],"to":[8.6,10.5,8.6],"rotation":{"angle":0,"axis":"y","origin":[7.5,10,7.5]},"faces":{"north":{"uv":[12.66667,12,13.5,12.33333],"texture":"#4"},"east":{"uv":[12.66667,12.66667,13.5,13],"texture":"#4"},"south":{"uv":[0,13.33333,0.83333,13.66667],"texture":"#4"},"west":{"uv":[13.33333,0,14.16667,0.33333],"texture":"#4"},"up":{"uv":[10.16667,12.16667,9.33333,11.33333],"texture":"#4"},"down":{"uv":[12.16667,10,11.33333,10.83333],"texture":"#4"}}},{"from":[7.5,10.65851,5.73071],"to":[8.5,12.65851,6.73071],"rotation":{"angle":-45,"axis":"x","origin":[8,11.15851,6.23071]},"faces":{"north":{"uv":[10.66667,0.66667,11.33333,2],"texture":"#4"},"east":{"uv":[10.66667,2,11.33333,3.33333],"texture":"#4"},"south":{"uv":[10.66667,3.33333,11.33333,4.66667],"texture":"#4"},"west":{"uv":[10.66667,6,11.33333,7.33333],"texture":"#4"},"up":{"uv":[9.33333,12.66667,8.66667,12],"texture":"#4"},"down":{"uv":[11.33333,12,10.66667,12.66667],"texture":"#4"}}},{"from":[7.5,12.32483,5.647],"to":[8.5,13.32483,7.897],"rotation":{"angle":-45,"axis":"x","origin":[8,12.79983,6.49317]},"faces":{"east":{"uv":[9.33333,9.33333,10.83333,10],"texture":"#4"},"south":{"uv":[12.66667,1.33333,13.33333,2],"texture":"#4"},"west":{"uv":[10,0,11.5,0.66667],"texture":"#4"},"up":{"uv":[10.66667,2.16667,10,0.66667],"texture":"#4"},"down":{"uv":[10.66667,2.66667,10,4.16667],"texture":"#4"}}},{"from":[7.2,10.35,8.1],"to":[8.8,12.4,10.15],"rotation":{"angle":-45,"axis":"x","origin":[7.5,10.25,8]},"faces":{"north":{"uv":[8,1.33333,9,2.66667],"texture":"#4"},"east":{"uv":[6,4.66667,7.33333,6],"texture":"#4"},"south":{"uv":[8,2.66667,9,4],"texture":"#4"},"west":{"uv":[6,6,7.33333,7.33333],"texture":"#4"},"up":{"uv":[9,8.66667,8,7.33333],"texture":"#4"},"down":{"uv":[7,8.66667,6,10],"texture":"#4"}}},{"from":[6.85,10.6,8.35],"to":[9.15,12.15,9.9],"rotation":{"angle":-45,"axis":"x","origin":[7.5,10.25,8]},"faces":{"north":{"uv":[7.33333,4.66667,8.83333,5.66667],"texture":"#4"},"east":{"uv":[10,4.66667,11,5.66667],"texture":"#4"},"south":{"uv":[6,7.33333,7.5,8.33333],"texture":"#4"},"west":{"uv":[6,10,7,11],"texture":"#4"},"up":{"uv":[8.83333,7,7.33333,6],"texture":"#4"},"down":{"uv":[9.5,0,8,1],"texture":"#4"}}},{"from":[7.75,12.97573,6.08432],"to":[8.25,14.97573,6.58432],"rotation":{"angle":22.5,"axis":"x","origin":[8,13.60073,6.18045]},"faces":{"north":{"uv":[12.66667,8,13,6.66667],"texture":"#4"},"east":{"uv":[12.66667,6.33333,14,6],"rotation":270,"texture":"#4"},"south":{"uv":[8,12.66667,8.33333,14],"rotation":180,"texture":"#4"},"west":{"uv":[6.66667,13,8,12.66667],"rotation":90,"texture":"#4"},"up":{"uv":[13.33333,5.66667,13.66667,5.33333],"rotation":180,"texture":"#4"},"down":{"uv":[6,13.66667,6.33333,13.33333],"texture":"#4"}}},{"from":[7.7475,14.28698,7.08474],"to":[8.2525,14.64098,7.43874],"rotation":{"angle":-22.5,"axis":"x","origin":[8,13.60073,6.18045]},"faces":{"north":{"uv":[7.66667,13.33333,7.33333,13.5],"rotation":180,"texture":"#4"},"east":{"uv":[13.5,8,13.33333,8.16667],"rotation":90,"texture":"#4"},"south":{"uv":[13.66667,7.5,13.33333,7.33333],"texture":"#4"},"west":{"uv":[13.5,8.66667,13.33333,8.83333],"rotation":270,"texture":"#4"},"up":{"uv":[7,13.33333,6.66667,13.5],"texture":"#4"},"down":{"uv":[13.66667,6.66667,13.33333,6.83333],"rotation":180,"texture":"#4"}}},{"from":[7.7505,13.08033,5.31698],"to":[8.2495,13.58033,6.06698],"rotation":{"angle":-22.5,"axis":"x","origin":[8,13.60073,6.18045]},"faces":{"north":{"uv":[13.66667,4.66667,13.33333,5],"rotation":180,"texture":"#4"},"east":{"uv":[4.33333,13.33333,4,13.83333],"rotation":90,"texture":"#4"},"south":{"uv":[5.66667,13.66667,5.33333,13.33333],"texture":"#4"},"west":{"uv":[5,13.33333,4.66667,13.83333],"rotation":270,"texture":"#4"},"up":{"uv":[13.66667,3.33333,13.33333,3.83333],"texture":"#4"},"down":{"uv":[13.66667,4,13.33333,4.5],"rotation":180,"texture":"#4"}}},{"from":[7.75,11.47573,5.58432],"to":[8.25,12.97573,6.58432],"rotation":{"angle":22.5,"axis":"x","origin":[8,13.60073,6.18045]},"faces":{"north":{"uv":[9.33333,13.66667,9.66667,12.66667],"texture":"#4"},"east":{"uv":[12,0.66667,13,0],"rotation":270,"texture":"#4"},"south":{"uv":[12.66667,9.33333,13,10.33333],"rotation":180,"texture":"#4"},"west":{"uv":[12,1.33333,13,0.66667],"rotation":90,"texture":"#4"},"up":{"uv":[13.33333,3.33333,13.66667,2.66667],"rotation":180,"texture":"#4"},"down":{"uv":[3.33333,14,3.66667,13.33333],"texture":"#4"}}},{"from":[7.985,11.68683,3.57398],"to":[8.015,17.68683,6.57398],"rotation":{"angle":22.5,"axis":"x","origin":[8,13.76183,5.69914]},"faces":{"east":{"uv":[0,0,12,6],"rotation":90,"texture":"#1"},"west":{"uv":[12,0,0,6],"rotation":270,"texture":"#1"}}},{"from":[7.5,12.75,7.975],"to":[8.5,15.75,8.975],"rotation":{"angle":22.5,"axis":"x","origin":[7.5,12.75,7.975]},"faces":{"north":{"uv":[7.33333,8.66667,8,10.66667],"texture":"#4"},"east":{"uv":[8,8.66667,8.66667,10.66667],"texture":"#4"},"south":{"uv":[8.66667,8.66667,9.33333,10.66667],"texture":"#4"},"west":{"uv":[9.33333,1.33333,10,3.33333],"texture":"#4"},"up":{"uv":[13.33333,2.66667,12.66667,2],"texture":"#4"}}},{"from":[7.57,14.73875,10.08226],"to":[8.43,17.31875,10.94226],"rotation":{"angle":45,"axis":"x","origin":[8,16.22875,10.53726]},"faces":{"north":{"uv":[10.66667,10,11.16667,11.66667],"texture":"#4"},"east":{"uv":[11.33333,0.66667,11.83333,2.33333],"texture":"#4"},"south":{"uv":[11.33333,2.66667,11.83333,4.33333],"texture":"#4"},"west":{"uv":[13.83333,9.66667,14.33333,11.33333],"texture":"#4"},"up":{"uv":[13.83333,1.16667,13.33333,0.66667],"texture":"#4"}}},{"from":[7.75,16.5,10.5],"to":[8.25,17.5,12],"rotation":{"angle":22.5,"axis":"x","origin":[7.75,16.5,11]},"faces":{"north":{"uv":[13.33333,1.33333,13.66667,2],"texture":"#4"},"east":{"uv":[8,4,9,4.66667],"texture":"#4"},"south":{"uv":[2,13.33333,2.33333,14],"texture":"#4"},"west":{"uv":[10,8.66667,11,9.33333],"texture":"#4"},"up":{"uv":[13,9,12.66667,8],"texture":"#4"},"down":{"uv":[9,12.66667,8.66667,13.66667],"texture":"#4"}}},{"from":[7.98,13.75,5.35],"to":[8.02,20.25,7.85],"rotation":{"angle":45,"axis":"x","origin":[7.98,13,9.25]},"faces":{"east":{"uv":[7.66667,0,6,4.33333],"texture":"#4"},"west":{"uv":[6,0,7.66667,4.33333],"texture":"#4"}}},{"from":[6.39796,13.52111,5.12768],"to":[7.39796,14.52111,7.12768],"rotation":{"angle":-22.5,"axis":"x","origin":[2.875,14.77315,10.02768]},"faces":{"north":{"uv":[13.33333,3.33333,12.66667,2.66667],"rotation":180,"texture":"#4"},"east":{"uv":[10.66667,7.33333,11.33333,8.66667],"rotation":90,"texture":"#4"},"south":{"uv":[13.33333,3.33333,12.66667,4],"texture":"#4"},"west":{"uv":[8.66667,10.66667,9.33333,12],"rotation":270,"texture":"#4"},"up":{"uv":[8,10.66667,8.66667,12],"texture":"#4"},"down":{"uv":[7.33333,10.66667,8,12],"rotation":180,"texture":"#4"}}},{"from":[6.39796,13.52111,7.37768],"to":[7.39796,14.52111,8.37768],"rotation":{"angle":-22.5,"axis":"x","origin":[2.875,14.77315,10.02768]},"faces":{"north":{"uv":[13.33333,6,12.66667,5.33333],"rotation":180,"texture":"#4"},"east":{"uv":[4.66667,12.66667,5.33333,13.33333],"rotation":90,"texture":"#4"},"south":{"uv":[6.66667,12.66667,6,13.33333],"texture":"#4"},"west":{"uv":[5.33333,12.66667,6,13.33333],"rotation":270,"texture":"#4"},"up":{"uv":[12.66667,4.66667,13.33333,5.33333],"texture":"#4"},"down":{"uv":[12.66667,4,13.33333,4.66667],"rotation":180,"texture":"#4"}}},{"from":[6.24796,13.37111,8.37768],"to":[7.54796,14.67111,9.92768],"rotation":{"angle":-22.5,"axis":"x","origin":[2.875,14.77315,10.02768]},"faces":{"north":{"uv":[12.16667,12.16667,11.33333,11.33333],"rotation":180,"texture":"#4"},"east":{"uv":[11.33333,4.66667,12.16667,5.66667],"rotation":90,"texture":"#4"},"south":{"uv":[0.83333,12,0,12.83333],"texture":"#4"},"west":{"uv":[11.33333,6,12.16667,7],"rotation":270,"texture":"#4"},"up":{"uv":[6,11.33333,6.83333,12.33333],"texture":"#4"},"down":{"uv":[4.66667,11.33333,5.5,12.33333],"rotation":180,"texture":"#4"}}},{"from":[6.14796,13.77111,4.87768],"to":[7.14796,14.27111,7.37768],"rotation":{"angle":-22.5,"axis":"x","origin":[2.875,14.77315,10.02768]},"faces":{"north":{"uv":[14,2.33333,13.33333,2],"rotation":180,"texture":"#4"},"east":{"uv":[1.33333,12,1.66667,13.66667],"rotation":90,"texture":"#4"},"south":{"uv":[3.33333,13.33333,2.66667,13.66667],"texture":"#4"},"west":{"uv":[12,1.33333,12.33333,3],"rotation":270,"texture":"#4"},"up":{"uv":[9.33333,7.33333,10,9],"texture":"#4"},"down":{"uv":[9.33333,5.33333,10,7],"rotation":180,"texture":"#4"}}},{"from":[5.90203,14.02519,9.92768],"to":[7.90203,14.02519,15.92768],"rotation":{"angle":-22.5,"axis":"x","origin":[2.875,14.77315,10.02768]},"faces":{"up":{"uv":[0,0,4,12],"texture":"#2"},"down":{"uv":[4,0,0,12],"rotation":180,"texture":"#2"}}},{"from":[6.90203,13.02519,9.92768],"to":[6.90203,15.02519,15.92768],"rotation":{"angle":-22.5,"axis":"x","origin":[2.875,14.77315,10.02768]},"faces":{"east":{"uv":[4,0,0,12],"rotation":90,"texture":"#2"},"west":{"uv":[0,0,4,12],"rotation":270,"texture":"#2"}}},{"from":[8.60204,13.52111,5.12768],"to":[9.60204,14.52111,7.12768],"rotation":{"angle":-22.5,"axis":"x","origin":[13.125,14.77315,10.02768]},"faces":{"north":{"uv":[12.66667,3.33333,13.33333,2.66667],"rotation":180,"texture":"#4"},"east":{"uv":[8.66667,12,9.33333,10.66667],"rotation":270,"texture":"#4"},"south":{"uv":[12.66667,3.33333,13.33333,4],"texture":"#4"},"west":{"uv":[10.66667,8.66667,11.33333,7.33333],"rotation":90,"texture":"#4"},"up":{"uv":[8.66667,10.66667,8,12],"texture":"#4"},"down":{"uv":[8,10.66667,7.33333,12],"rotation":180,"texture":"#4"}}},{"from":[8.60204,13.52111,7.37768],"to":[9.60204,14.52111,8.37768],"rotation":{"angle":-22.5,"axis":"x","origin":[13.125,14.77315,10.02768]},"faces":{"north":{"uv":[12.66667,6,13.33333,5.33333],"rotation":180,"texture":"#4"},"east":{"uv":[5.33333,13.33333,6,12.66667],"rotation":270,"texture":"#4"},"south":{"uv":[6,12.66667,6.66667,13.33333],"texture":"#4"},"west":{"uv":[4.66667,13.33333,5.33333,12.66667],"rotation":90,"texture":"#4"},"up":{"uv":[13.33333,4.66667,12.66667,5.33333],"texture":"#4"},"down":{"uv":[13.33333,4,12.66667,4.66667],"rotation":180,"texture":"#4"}}},{"from":[8.45204,13.37111,8.37768],"to":[9.75204,14.67111,9.92768],"rotation":{"angle":-22.5,"axis":"x","origin":[13.125,14.77315,10.02768]},"faces":{"north":{"uv":[11.33333,12.16667,12.16667,11.33333],"rotation":180,"texture":"#4"},"east":{"uv":[11.33333,7,12.16667,6],"rotation":270,"texture":"#4"},"south":{"uv":[0,12,0.83333,12.83333],"texture":"#4"},"west":{"uv":[11.33333,5.66667,12.16667,4.66667],"rotation":90,"texture":"#4"},"up":{"uv":[6.83333,11.33333,6,12.33333],"texture":"#4"},"down":{"uv":[5.5,11.33333,4.66667,12.33333],"rotation":180,"texture":"#4"}}},{"from":[8.85204,13.77111,4.87768],"to":[9.85204,14.27111,7.37768],"rotation":{"angle":-22.5,"axis":"x","origin":[13.125,14.77315,10.02768]},"faces":{"north":{"uv":[13.33333,2.33333,14,2],"rotation":180,"texture":"#4"},"east":{"uv":[12,3,12.33333,1.33333],"rotation":270,"texture":"#4"},"south":{"uv":[2.66667,13.33333,3.33333,13.66667],"texture":"#4"},"west":{"uv":[1.33333,13.66667,1.66667,12],"rotation":90,"texture":"#4"},"up":{"uv":[10,7.33333,9.33333,9],"texture":"#4"},"down":{"uv":[10,5.33333,9.33333,7],"rotation":180,"texture":"#4"}}},{"from":[8.09797,14.02519,9.92768],"to":[10.09797,14.02519,15.92768],"rotation":{"angle":-22.5,"axis":"x","origin":[13.125,14.77315,10.02768]},"faces":{"up":{"uv":[4,0,0,12],"texture":"#2"},"down":{"uv":[0,0,4,12],"rotation":180,"texture":"#2"}}},{"from":[9.09797,13.02519,9.92768],"to":[9.09797,15.02519,15.92768],"rotation":{"angle":-22.5,"axis":"x","origin":[13.125,14.77315,10.02768]},"faces":{"east":{"uv":[0,12,4,0],"rotation":270,"texture":"#2"},"west":{"uv":[4,12,0,0],"rotation":90,"texture":"#2"}}},{"from":[7.5,3.34149,5.73071],"to":[8.5,5.34149,6.73071],"rotation":{"angle":45,"axis":"x","origin":[8,4.84149,6.23071]},"faces":{"north":{"uv":[10.66667,2,11.33333,0.66667],"texture":"#4"},"east":{"uv":[10.66667,3.33333,11.33333,2],"texture":"#4"},"south":{"uv":[10.66667,4.66667,11.33333,3.33333],"texture":"#4"},"west":{"uv":[10.66667,7.33333,11.33333,6],"texture":"#4"},"up":{"uv":[11.33333,12.66667,10.66667,12],"texture":"#4"},"down":{"uv":[9.33333,12,8.66667,12.66667],"texture":"#4"}}},{"from":[7.5,2.67517,5.647],"to":[8.5,3.67517,7.897],"rotation":{"angle":45,"axis":"x","origin":[8,3.20017,6.49317]},"faces":{"east":{"uv":[9.33333,10,10.83333,9.33333],"texture":"#4"},"south":{"uv":[12.66667,2,13.33333,1.33333],"texture":"#4"},"west":{"uv":[10,0.66667,11.5,0],"texture":"#4"},"up":{"uv":[10.66667,4.16667,10,2.66667],"texture":"#4"},"down":{"uv":[10.66667,0.66667,10,2.16667],"texture":"#4"}}},{"from":[7.2,3.6,8.1],"to":[8.8,5.65,10.15],"rotation":{"angle":45,"axis":"x","origin":[7.5,5.75,8]},"faces":{"north":{"uv":[8,2.66667,9,1.33333],"texture":"#4"},"east":{"uv":[6,6,7.33333,4.66667],"texture":"#4"},"south":{"uv":[8,4,9,2.66667],"texture":"#4"},"west":{"uv":[6,7.33333,7.33333,6],"texture":"#4"},"up":{"uv":[7,10,6,8.66667],"texture":"#4"},"down":{"uv":[9,7.33333,8,8.66667],"texture":"#4"}}},{"from":[6.85,3.85,8.35],"to":[9.15,5.4,9.9],"rotation":{"angle":45,"axis":"x","origin":[7.5,5.75,8]},"faces":{"north":{"uv":[7.33333,5.66667,8.83333,4.66667],"texture":"#4"},"east":{"uv":[10,5.66667,11,4.66667],"texture":"#4"},"south":{"uv":[6,8.33333,7.5,7.33333],"texture":"#4"},"west":{"uv":[6,11,7,10],"texture":"#4"},"up":{"uv":[9.5,1,8,0],"texture":"#4"},"down":{"uv":[8.83333,6,7.33333,7],"texture":"#4"}}},{"from":[7.985,-1.68683,3.57398],"to":[8.015,4.31317,6.57398],"rotation":{"angle":-22.5,"axis":"x","origin":[8,2.23817,5.69914]},"faces":{"east":{"uv":[12,0,0,6],"rotation":90,"texture":"#1"},"west":{"uv":[0,0,12,6],"rotation":270,"texture":"#1"}}},{"from":[7.5,0.25,7.975],"to":[8.5,3.25,8.975],"rotation":{"angle":-22.5,"axis":"x","origin":[7.5,3.25,7.975]},"faces":{"north":{"uv":[7.33333,10.66667,8,8.66667],"texture":"#4"},"east":{"uv":[8,10.66667,8.66667,8.66667],"texture":"#4"},"south":{"uv":[8.66667,10.66667,9.33333,8.66667],"texture":"#4"},"west":{"uv":[9.33333,3.33333,10,1.33333],"texture":"#4"},"down":{"uv":[13.33333,2,12.66667,2.66667],"texture":"#4"}}},{"from":[7.57,-1.31875,10.08226],"to":[8.43,1.26125,10.94226],"rotation":{"angle":-45,"axis":"x","origin":[8,-0.22875,10.53726]},"faces":{"north":{"uv":[10.66667,11.66667,11.16667,10],"texture":"#4"},"east":{"uv":[11.33333,2.33333,11.83333,0.66667],"texture":"#4"},"south":{"uv":[11.33333,4.33333,11.83333,2.66667],"texture":"#4"},"west":{"uv":[13.83333,11.33333,14.33333,9.66667],"texture":"#4"},"down":{"uv":[13.83333,0.66667,13.33333,1.16667],"texture":"#4"}}},{"from":[7.75,-1.5,10.5],"to":[8.25,-0.5,12],"rotation":{"angle":-22.5,"axis":"x","origin":[7.75,-0.5,11]},"faces":{"north":{"uv":[13.33333,2,13.66667,1.33333],"texture":"#4"},"east":{"uv":[8,4.66667,9,4],"texture":"#4"},"south":{"uv":[2,14,2.33333,13.33333],"texture":"#4"},"west":{"uv":[10,9.33333,11,8.66667],"texture":"#4"},"up":{"uv":[9,13.66667,8.66667,12.66667],"texture":"#4"},"down":{"uv":[13,8,12.66667,9],"texture":"#4"}}},{"from":[7.98,-4.25,5.35],"to":[8.02,2.25,7.85],"rotation":{"angle":-45,"axis":"x","origin":[7.98,3,9.25]},"faces":{"east":{"uv":[7.66667,4.33333,6,0],"texture":"#4"},"west":{"uv":[6,4.33333,7.66667,0],"texture":"#4"}}},{"from":[6.39796,1.47889,5.12768],"to":[7.39796,2.47889,7.12768],"rotation":{"angle":22.5,"axis":"x","origin":[2.875,1.22685,10.02768]},"faces":{"north":{"uv":[13.33333,2.66667,12.66667,3.33333],"rotation":180,"texture":"#4"},"east":{"uv":[11.33333,7.33333,10.66667,8.66667],"rotation":90,"texture":"#4"},"south":{"uv":[13.33333,4,12.66667,3.33333],"texture":"#4"},"west":{"uv":[9.33333,10.66667,8.66667,12],"rotation":270,"texture":"#4"},"up":{"uv":[7.33333,12,8,10.66667],"rotation":180,"texture":"#4"},"down":{"uv":[8,12,8.66667,10.66667],"texture":"#4"}}},{"from":[6.39796,1.47889,7.37768],"to":[7.39796,2.47889,8.37768],"rotation":{"angle":22.5,"axis":"x","origin":[2.875,1.22685,10.02768]},"faces":{"north":{"uv":[13.33333,5.33333,12.66667,6],"rotation":180,"texture":"#4"},"east":{"uv":[5.33333,12.66667,4.66667,13.33333],"rotation":90,"texture":"#4"},"south":{"uv":[6.66667,13.33333,6,12.66667],"texture":"#4"},"west":{"uv":[6,12.66667,5.33333,13.33333],"rotation":270,"texture":"#4"},"up":{"uv":[12.66667,4.66667,13.33333,4],"rotation":180,"texture":"#4"},"down":{"uv":[12.66667,5.33333,13.33333,4.66667],"texture":"#4"}}},{"from":[6.24796,1.32889,8.37768],"to":[7.54796,2.62889,9.92768],"rotation":{"angle":22.5,"axis":"x","origin":[2.875,1.22685,10.02768]},"faces":{"north":{"uv":[12.16667,11.33333,11.33333,12.16667],"rotation":180,"texture":"#4"},"east":{"uv":[12.16667,4.66667,11.33333,5.66667],"rotation":90,"texture":"#4"},"south":{"uv":[0.83333,12.83333,0,12],"texture":"#4"},"west":{"uv":[12.16667,6,11.33333,7],"rotation":270,"texture":"#4"},"up":{"uv":[4.66667,12.33333,5.5,11.33333],"rotation":180,"texture":"#4"},"down":{"uv":[6,12.33333,6.83333,11.33333],"texture":"#4"}}},{"from":[6.14796,1.72889,4.87768],"to":[7.14796,2.22889,7.37768],"rotation":{"angle":22.5,"axis":"x","origin":[2.875,1.22685,10.02768]},"faces":{"north":{"uv":[14,2,13.33333,2.33333],"rotation":180,"texture":"#4"},"east":{"uv":[1.66667,12,1.33333,13.66667],"rotation":90,"texture":"#4"},"south":{"uv":[3.33333,13.66667,2.66667,13.33333],"texture":"#4"},"west":{"uv":[12.33333,1.33333,12,3],"rotation":270,"texture":"#4"},"up":{"uv":[9.33333,7,10,5.33333],"rotation":180,"texture":"#4"},"down":{"uv":[9.33333,9,10,7.33333],"texture":"#4"}}},{"from":[5.90203,1.97481,9.92768],"to":[7.90203,1.97481,15.92768],"rotation":{"angle":22.5,"axis":"x","origin":[2.875,1.22685,10.02768]},"faces":{"up":{"uv":[4,12,0,0],"rotation":180,"texture":"#2"},"down":{"uv":[0,12,4,0],"texture":"#2"}}},{"from":[6.90203,0.97481,9.92768],"to":[6.90203,2.97481,15.92768],"rotation":{"angle":22.5,"axis":"x","origin":[2.875,1.22685,10.02768]},"faces":{"east":{"uv":[0,0,4,12],"rotation":90,"texture":"#2"},"west":{"uv":[4,0,0,12],"rotation":270,"texture":"#2"}}},{"from":[7.75,3.02427,5.58432],"to":[8.25,4.52427,6.58432],"rotation":{"angle":-22.5,"axis":"x","origin":[8,2.39927,6.18045]},"faces":{"north":{"uv":[9.33333,12.66667,9.66667,13.66667],"texture":"#4"},"east":{"uv":[13,0.66667,12,0],"rotation":270,"texture":"#4"},"south":{"uv":[12.66667,10.33333,13,9.33333],"rotation":180,"texture":"#4"},"west":{"uv":[13,1.33333,12,0.66667],"rotation":90,"texture":"#4"},"up":{"uv":[3.33333,13.33333,3.66667,14],"texture":"#4"},"down":{"uv":[13.33333,2.66667,13.66667,3.33333],"rotation":180,"texture":"#4"}}},{"from":[7.7505,2.41967,5.31698],"to":[8.2495,2.91967,6.06698],"rotation":{"angle":22.5,"axis":"x","origin":[8,2.39927,6.18045]},"faces":{"north":{"uv":[13.66667,5,13.33333,4.66667],"rotation":180,"texture":"#4"},"east":{"uv":[4,13.33333,4.33333,13.83333],"rotation":90,"texture":"#4"},"south":{"uv":[5.66667,13.33333,5.33333,13.66667],"texture":"#4"},"west":{"uv":[4.66667,13.33333,5,13.83333],"rotation":270,"texture":"#4"},"up":{"uv":[13.66667,4.5,13.33333,4],"rotation":180,"texture":"#4"},"down":{"uv":[13.66667,3.83333,13.33333,3.33333],"texture":"#4"}}},{"from":[7.7475,1.35902,7.08474],"to":[8.2525,1.71302,7.43874],"rotation":{"angle":22.5,"axis":"x","origin":[8,2.39927,6.18045]},"faces":{"north":{"uv":[7.66667,13.5,7.33333,13.33333],"rotation":180,"texture":"#4"},"east":{"uv":[13.33333,8,13.5,8.16667],"rotation":90,"texture":"#4"},"south":{"uv":[13.66667,7.33333,13.33333,7.5],"texture":"#4"},"west":{"uv":[13.33333,8.66667,13.5,8.83333],"rotation":270,"texture":"#4"},"up":{"uv":[13.66667,6.83333,13.33333,6.66667],"rotation":180,"texture":"#4"},"down":{"uv":[7,13.5,6.66667,13.33333],"texture":"#4"}}},{"from":[7.75,1.02427,6.08432],"to":[8.25,3.02427,6.58432],"rotation":{"angle":-22.5,"axis":"x","origin":[8,2.39927,6.18045]},"faces":{"north":{"uv":[12.66667,6.66667,13,8],"texture":"#4"},"east":{"uv":[14,6.33333,12.66667,6],"rotation":270,"texture":"#4"},"south":{"uv":[8,14,8.33333,12.66667],"rotation":180,"texture":"#4"},"west":{"uv":[8,13,6.66667,12.66667],"rotation":90,"texture":"#4"},"up":{"uv":[6,13.33333,6.33333,13.66667],"texture":"#4"},"down":{"uv":[13.33333,5.33333,13.66667,5.66667],"rotation":180,"texture":"#4"}}},{"from":[9.09797,0.97481,9.92768],"to":[9.09797,2.97481,15.92768],"rotation":{"angle":22.5,"axis":"x","origin":[13.125,1.22685,10.02768]},"faces":{"east":{"uv":[4,12,0,0],"rotation":270,"texture":"#2"},"west":{"uv":[0,12,4,0],"rotation":90,"texture":"#2"}}},{"from":[8.09797,1.97481,9.92768],"to":[10.09797,1.97481,15.92768],"rotation":{"angle":22.5,"axis":"x","origin":[13.125,1.22685,10.02768]},"faces":{"up":{"uv":[0,12,4,0],"rotation":180,"texture":"#2"},"down":{"uv":[4,12,0,0],"texture":"#2"}}},{"from":[8.85204,1.72889,4.87768],"to":[9.85204,2.22889,7.37768],"rotation":{"angle":22.5,"axis":"x","origin":[13.125,1.22685,10.02768]},"faces":{"north":{"uv":[13.33333,2,14,2.33333],"rotation":180,"texture":"#4"},"east":{"uv":[12.33333,3,12,1.33333],"rotation":270,"texture":"#4"},"south":{"uv":[2.66667,13.66667,3.33333,13.33333],"texture":"#4"},"west":{"uv":[1.66667,13.66667,1.33333,12],"rotation":90,"texture":"#4"},"up":{"uv":[10,7,9.33333,5.33333],"rotation":180,"texture":"#4"},"down":{"uv":[10,9,9.33333,7.33333],"texture":"#4"}}},{"from":[8.45204,1.32889,8.37768],"to":[9.75204,2.62889,9.92768],"rotation":{"angle":22.5,"axis":"x","origin":[13.125,1.22685,10.02768]},"faces":{"north":{"uv":[11.33333,11.33333,12.16667,12.16667],"rotation":180,"texture":"#4"},"east":{"uv":[12.16667,7,11.33333,6],"rotation":270,"texture":"#4"},"south":{"uv":[0,12.83333,0.83333,12],"texture":"#4"},"west":{"uv":[12.16667,5.66667,11.33333,4.66667],"rotation":90,"texture":"#4"},"up":{"uv":[5.5,12.33333,4.66667,11.33333],"rotation":180,"texture":"#4"},"down":{"uv":[6.83333,12.33333,6,11.33333],"texture":"#4"}}},{"from":[8.60204,1.47889,7.37768],"to":[9.60204,2.47889,8.37768],"rotation":{"angle":22.5,"axis":"x","origin":[13.125,1.22685,10.02768]},"faces":{"north":{"uv":[12.66667,5.33333,13.33333,6],"rotation":180,"texture":"#4"},"east":{"uv":[6,13.33333,5.33333,12.66667],"rotation":270,"texture":"#4"},"south":{"uv":[6,13.33333,6.66667,12.66667],"texture":"#4"},"west":{"uv":[5.33333,13.33333,4.66667,12.66667],"rotation":90,"texture":"#4"},"up":{"uv":[13.33333,4.66667,12.66667,4],"rotation":180,"texture":"#4"},"down":{"uv":[13.33333,5.33333,12.66667,4.66667],"texture":"#4"}}},{"from":[8.60204,1.47889,5.12768],"to":[9.60204,2.47889,7.12768],"rotation":{"angle":22.5,"axis":"x","origin":[13.125,1.22685,10.02768]},"faces":{"north":{"uv":[12.66667,2.66667,13.33333,3.33333],"rotation":180,"texture":"#4"},"east":{"uv":[9.33333,12,8.66667,10.66667],"rotation":270,"texture":"#4"},"south":{"uv":[12.66667,4,13.33333,3.33333],"texture":"#4"},"west":{"uv":[11.33333,8.66667,10.66667,7.33333],"rotation":90,"texture":"#4"},"up":{"uv":[8,12,7.33333,10.66667],"rotation":180,"texture":"#4"},"down":{"uv":[8.66667,12,8,10.66667],"texture":"#4"}}},{"from":[7.985,-0.75,11.5],"to":[8.015,16.75,17.5],"rotation":{"angle":0,"axis":"y","origin":[7.985,0,5]},"faces":{"east":{"uv":[4,0,0,11.66667],"texture":"#4"},"west":{"uv":[0,0,4,11.66667],"texture":"#4"}}}],"gui_light":"front","display":{"thirdperson_righthand":{"translation":[0,-2,0.75]},"thirdperson_lefthand":{"translation":[0,-2,0.75]},"firstperson_righthand":{"translation":[0,4.5,0]},"firstperson_lefthand":{"translation":[0,4.5,0]},"ground":{"rotation":[45,0,0],"translation":[0,11.5,0]},"gui":{"rotation":[90,45,90],"translation":[-1.75,1.75,0],"scale":[0.79297,0.79297,0.79297]},"head":{"rotation":[90,45,90]},"fixed":{"rotation":[0,-90,0],"translation":[1.25,0,-1.5],"scale":[2.5,2.5,2.5]}}}