{"credit":"MadebyPolygonMC","texture_size":[20,20],"textures":{"3":"azureset:animations/animations_2","4":"azureset:fishing_rod"},"elements":[{"from":[7.5,0,7.5],"to":[8.5,2.5,8.5],"rotation":{"angle":0,"axis":"y","origin":[7.5,1.5,7.5]},"faces":{"north":{"uv":[4,10.4,4.8,12.4],"texture":"#4"},"east":{"uv":[4.8,10.4,5.6,12.4],"texture":"#4"},"south":{"uv":[10.4,4.8,11.2,6.8],"texture":"#4"},"west":{"uv":[5.6,10.4,6.4,12.4],"texture":"#4"},"up":{"uv":[7.2,9.6,6.4,8.8],"texture":"#4"}}},{"from":[7.6,2.5,7.6],"to":[8.4,4,8.4],"rotation":{"angle":0,"axis":"y","origin":[7.5,3,7.5]},"faces":{"north":{"uv":[10.4,12.8,11,14],"texture":"#4"},"east":{"uv":[11.2,12.8,11.8,14],"texture":"#4"},"south":{"uv":[12,12.8,12.6,14],"texture":"#4"},"west":{"uv":[12.8,12.8,13.4,14],"texture":"#4"}}},{"from":[7.5,4,7.5],"to":[8.5,6,8.5],"rotation":{"angle":0,"axis":"y","origin":[7.5,4,7.5]},"faces":{"north":{"uv":[11.2,0,12,1.6],"texture":"#4"},"east":{"uv":[11.2,5.6,12,7.2],"texture":"#4"},"south":{"uv":[6.4,11.2,7.2,12.8],"texture":"#4"},"west":{"uv":[7.2,11.2,8,12.8],"texture":"#4"},"down":{"uv":[11.2,9.6,10.4,10.4],"texture":"#4"}}},{"from":[7.4,1,7.4],"to":[8.6,1.5,8.6],"rotation":{"angle":0,"axis":"y","origin":[7.5,1,7.5]},"faces":{"north":{"uv":[13.6,9.6,14.6,10],"texture":"#4"},"east":{"uv":[13.6,10.4,14.6,10.8],"texture":"#4"},"south":{"uv":[13.6,11.2,14.6,11.6],"texture":"#4"},"west":{"uv":[13.6,12,14.6,12.4],"texture":"#4"},"up":{"uv":[13,2.6,12,1.6],"texture":"#4"},"down":{"uv":[13,3.2,12,4.2],"texture":"#4"}}},{"from":[7.4,5,7.4],"to":[8.6,5.5,8.6],"rotation":{"angle":0,"axis":"y","origin":[7.5,5,7.5]},"faces":{"north":{"uv":[13.6,12.8,14.6,13.2],"texture":"#4"},"east":{"uv":[13.6,13.6,14.6,14],"texture":"#4"},"south":{"uv":[0,14.4,1,14.8],"texture":"#4"},"west":{"uv":[14.4,0,15.4,0.4],"texture":"#4"},"up":{"uv":[13,5.8,12,4.8],"texture":"#4"},"down":{"uv":[13,6.4,12,7.4],"texture":"#4"}}},{"from":[7.4,7.6,7.4],"to":[8.6,8.1,8.6],"rotation":{"angle":0,"axis":"y","origin":[7.5,6,7.5]},"faces":{"north":{"uv":[14.4,0.8,15.4,1.2],"texture":"#4"},"east":{"uv":[1.6,14.4,2.6,14.8],"texture":"#4"},"south":{"uv":[14.4,1.6,15.4,2],"texture":"#4"},"west":{"uv":[14.4,2.4,15.4,2.8],"texture":"#4"},"down":{"uv":[9,12,8,13],"texture":"#4"}}},{"from":[7.5,12.1,7.5],"to":[8.5,14.85,8.5],"rotation":{"angle":0,"axis":"y","origin":[7.5,10.5,7.5]},"faces":{"north":{"uv":[9.6,9.6,8.8,11.8],"texture":"#4"},"east":{"uv":[8.8,9.6,9.6,11.8],"texture":"#4"},"south":{"uv":[9.6,9.6,8.8,11.8],"texture":"#4"},"west":{"uv":[8.8,9.6,9.6,11.8],"texture":"#4"},"up":{"uv":[12,10.4,11.2,9.6],"texture":"#4"}}},{"from":[7.6,14.85,7.6],"to":[8.4,17.6,8.4],"rotation":{"angle":0,"axis":"y","origin":[7.5,9.5,7.5]},"faces":{"north":{"uv":[11.8,3.2,11.2,5.4],"texture":"#4"},"east":{"uv":[11.2,3.2,11.8,5.4],"texture":"#4"},"south":{"uv":[11.8,3.2,11.2,5.4],"texture":"#4"},"west":{"uv":[11.2,3.2,11.8,5.4],"texture":"#4"},"up":{"uv":[9.4,14.2,8.8,13.6],"texture":"#4"}}},{"from":[7.6125,17.38032,7.2956],"to":[8.3875,19.13032,8.0956],"rotation":{"angle":-22.5,"axis":"x","origin":[7.9875,18.25532,7.6956]},"faces":{"north":{"uv":[6.2,12.8,5.6,14.2],"texture":"#4"},"east":{"uv":[5.6,12.8,6.2,14.2],"texture":"#4"},"south":{"uv":[6.2,12.8,5.6,14.2],"texture":"#4"},"west":{"uv":[5.6,12.8,6.2,14.2],"texture":"#4"},"up":{"uv":[4.6,15,4,14.4],"texture":"#4"}}},{"from":[7.625,18.67767,6.42874],"to":[8.375,20.42767,7.22874],"rotation":{"angle":-45,"axis":"x","origin":[7.975,19.55267,6.82874]},"faces":{"north":{"uv":[10.2,12.8,9.6,14.2],"texture":"#4"},"east":{"uv":[9.6,12.8,10.2,14.2],"texture":"#4"},"south":{"uv":[10.2,12.8,9.6,14.2],"texture":"#4"},"west":{"uv":[9.6,12.8,10.2,14.2],"texture":"#4"},"up":{"uv":[5.4,15,4.8,14.4],"texture":"#4"}}},{"from":[7.35,8.1,7.35],"to":[8.65,12.1,8.65],"rotation":{"angle":0,"axis":"y","origin":[7.5,6.5,7.5]},"faces":{"north":{"uv":[4,5.6,5,8.8],"texture":"#4"},"east":{"uv":[5.6,5.6,6.6,8.8],"texture":"#4"},"south":{"uv":[6.4,0,7.4,3.2],"texture":"#4"},"west":{"uv":[7.2,3.2,8.2,6.4],"texture":"#4"},"up":{"uv":[13,10.6,12,9.6],"texture":"#4"},"down":{"uv":[13,11.2,12,12.2],"texture":"#4"}}},{"from":[7.445,-0.755,7.445],"to":[8.555,0.355,8.555],"rotation":{"angle":-45,"axis":"x","origin":[8,-0.2,8]},"faces":{"north":{"uv":[12,8,12.8,8.8],"texture":"#4"},"east":{"uv":[0,13.6,0.8,14.4],"texture":"#4"},"south":{"uv":[13.6,0,14.4,0.8],"texture":"#4"},"west":{"uv":[0.8,13.6,1.6,14.4],"texture":"#4"},"up":{"uv":[14.4,1.6,13.6,0.8],"texture":"#4"},"down":{"uv":[2.4,13.6,1.6,14.4],"texture":"#4"}}},{"from":[7.2,5.4,8.1],"to":[8.8,7.45,10.15],"rotation":{"angle":-45,"axis":"x","origin":[7.5,5.3,8]},"faces":{"north":{"uv":[8.8,4.8,10,6.4],"texture":"#4"},"east":{"uv":[7.2,6.4,8.8,8],"texture":"#4"},"south":{"uv":[8.8,6.4,10,8],"texture":"#4"},"west":{"uv":[8,0,9.6,1.6],"texture":"#4"},"up":{"uv":[10.8,1.6,9.6,0],"texture":"#4"},"down":{"uv":[7.6,9.6,6.4,11.2],"texture":"#4"}}},{"from":[6.85,5.65,8.35],"to":[9.15,7.2,9.9],"rotation":{"angle":-45,"axis":"x","origin":[7.5,5.3,8]},"faces":{"north":{"uv":[8,1.6,9.8,2.8],"texture":"#4"},"east":{"uv":[10.4,1.6,11.6,2.8],"texture":"#4"},"south":{"uv":[7.2,8,9,9.2],"texture":"#4"},"west":{"uv":[10.4,7.2,11.6,8.4],"texture":"#4"},"up":{"uv":[10.6,4.4,8.8,3.2],"texture":"#4"},"down":{"uv":[5.8,8.8,4,10],"texture":"#4"}}},{"from":[7.1,3.3,4.5],"to":[7.1,10.3,11.5],"rotation":{"angle":0,"axis":"y","origin":[0.5,-4.3,4.5]},"faces":{"west":{"uv":[1,1,15,15],"texture":"#3"}}},{"from":[8.9,3.3,4.5],"to":[8.9,10.3,11.5],"rotation":{"angle":0,"axis":"y","origin":[15.5,-4.3,4.5]},"faces":{"east":{"uv":[15,1,1,15],"texture":"#3"}}},{"from":[7.5,5.70851,9.26929],"to":[8.5,7.70851,10.26929],"rotation":{"angle":45,"axis":"x","origin":[8,6.20851,9.76929]},"faces":{"north":{"uv":[9.6,11.2,10.4,12.8],"texture":"#4"},"east":{"uv":[10.4,11.2,11.2,12.8],"texture":"#4"},"south":{"uv":[11.2,11.2,12,12.8],"texture":"#4"},"west":{"uv":[12,0,12.8,1.6],"texture":"#4"},"up":{"uv":[14.4,2.4,13.6,1.6],"texture":"#4"},"down":{"uv":[3.2,13.6,2.4,14.4],"texture":"#4"}}},{"from":[7.5,7.37483,8.103],"to":[8.5,8.37483,10.353],"rotation":{"angle":45,"axis":"x","origin":[8,7.84983,9.50683]},"faces":{"north":{"uv":[13.6,2.4,14.4,3.2],"texture":"#4"},"east":{"uv":[10.4,8.8,12.2,9.6],"texture":"#4"},"west":{"uv":[9.6,10.4,11.4,11.2],"texture":"#4"},"up":{"uv":[0.8,13,0,11.2],"texture":"#4"},"down":{"uv":[1.6,11.2,0.8,13],"texture":"#4"}}},{"from":[7,10,5.7],"to":[7.5,10.5,7.7],"rotation":{"angle":0,"axis":"y","origin":[7,0,0]},"faces":{"north":{"uv":[14.4,14.4,14.8,14.8],"texture":"#4"},"east":{"uv":[13.6,3.2,15.2,3.6],"texture":"#4"},"south":{"uv":[0,15.2,0.4,15.6],"texture":"#4"},"west":{"uv":[13.6,4,15.2,4.4],"texture":"#4"},"up":{"uv":[3.6,15.2,3.2,13.6],"texture":"#4"},"down":{"uv":[14,4.8,13.6,6.4],"texture":"#4"}}},{"from":[8.5,10,5.7],"to":[9,10.5,7.7],"rotation":{"angle":0,"axis":"y","origin":[7,0,0]},"faces":{"north":{"uv":[0.8,15.2,1.2,15.6],"texture":"#4"},"east":{"uv":[13.6,6.4,15.2,6.8],"texture":"#4"},"south":{"uv":[1.6,15.2,2,15.6],"texture":"#4"},"west":{"uv":[13.6,7.2,15.2,7.6],"texture":"#4"},"up":{"uv":[8.4,15.2,8,13.6],"texture":"#4"},"down":{"uv":[14,8,13.6,9.6],"texture":"#4"}}},{"from":[7.5,10,7.2],"to":[8.5,10.5,7.7],"rotation":{"angle":0,"axis":"y","origin":[7,0,0]},"faces":{"north":{"uv":[8.8,14.4,9.6,14.8],"texture":"#4"},"south":{"uv":[14.4,8.8,15.2,9.2],"texture":"#4"},"up":{"uv":[10.4,14.8,9.6,14.4],"texture":"#4"},"down":{"uv":[11.2,14.4,10.4,14.8],"texture":"#4"}}},{"from":[7.5,10,5.7],"to":[8.5,10.5,6.2],"rotation":{"angle":0,"axis":"y","origin":[7,0,0]},"faces":{"north":{"uv":[11.2,14.4,12,14.8],"texture":"#4"},"south":{"uv":[12,14.4,12.8,14.8],"texture":"#4"},"up":{"uv":[13.6,14.8,12.8,14.4],"texture":"#4"},"down":{"uv":[14.4,14.4,13.6,14.8],"texture":"#4"}}},{"from":[7,13,5.7],"to":[7.5,13.5,7.7],"rotation":{"angle":0,"axis":"y","origin":[7,0,0]},"faces":{"north":{"uv":[14.4,14.4,14.8,14.8],"texture":"#4"},"east":{"uv":[13.6,3.2,15.2,3.6],"texture":"#4"},"south":{"uv":[0,15.2,0.4,15.6],"texture":"#4"},"west":{"uv":[13.6,4,15.2,4.4],"texture":"#4"},"up":{"uv":[3.6,15.2,3.2,13.6],"texture":"#4"},"down":{"uv":[14,4.8,13.6,6.4],"texture":"#4"}}},{"from":[8.5,13,5.7],"to":[9,13.5,7.7],"rotation":{"angle":0,"axis":"y","origin":[7,0,0]},"faces":{"north":{"uv":[0.8,15.2,1.2,15.6],"texture":"#4"},"east":{"uv":[13.6,6.4,15.2,6.8],"texture":"#4"},"south":{"uv":[1.6,15.2,2,15.6],"texture":"#4"},"west":{"uv":[13.6,7.2,15.2,7.6],"texture":"#4"},"up":{"uv":[8.4,15.2,8,13.6],"texture":"#4"},"down":{"uv":[14,8,13.6,9.6],"texture":"#4"}}},{"from":[7.5,13,7.2],"to":[8.5,13.5,7.7],"rotation":{"angle":0,"axis":"y","origin":[7,0,0]},"faces":{"north":{"uv":[8.8,14.4,9.6,14.8],"texture":"#4"},"south":{"uv":[14.4,8.8,15.2,9.2],"texture":"#4"},"up":{"uv":[10.4,14.8,9.6,14.4],"texture":"#4"},"down":{"uv":[11.2,14.4,10.4,14.8],"texture":"#4"}}},{"from":[7.5,13,5.7],"to":[8.5,13.5,6.2],"rotation":{"angle":0,"axis":"y","origin":[7,0,0]},"faces":{"north":{"uv":[11.2,14.4,12,14.8],"texture":"#4"},"south":{"uv":[12,14.4,12.8,14.8],"texture":"#4"},"up":{"uv":[13.6,14.8,12.8,14.4],"texture":"#4"},"down":{"uv":[14.4,14.4,13.6,14.8],"texture":"#4"}}},{"from":[7,16,5.7],"to":[7.5,16.5,7.7],"rotation":{"angle":0,"axis":"y","origin":[7,0,0]},"faces":{"north":{"uv":[14.4,14.4,14.8,14.8],"texture":"#4"},"east":{"uv":[13.6,3.2,15.2,3.6],"texture":"#4"},"south":{"uv":[0,15.2,0.4,15.6],"texture":"#4"},"west":{"uv":[13.6,4,15.2,4.4],"texture":"#4"},"up":{"uv":[3.6,15.2,3.2,13.6],"texture":"#4"},"down":{"uv":[14,4.8,13.6,6.4],"texture":"#4"}}},{"from":[8.5,16,5.7],"to":[9,16.5,7.7],"rotation":{"angle":0,"axis":"y","origin":[7,0,0]},"faces":{"north":{"uv":[0.8,15.2,1.2,15.6],"texture":"#4"},"east":{"uv":[13.6,6.4,15.2,6.8],"texture":"#4"},"south":{"uv":[1.6,15.2,2,15.6],"texture":"#4"},"west":{"uv":[13.6,7.2,15.2,7.6],"texture":"#4"},"up":{"uv":[8.4,15.2,8,13.6],"texture":"#4"},"down":{"uv":[14,8,13.6,9.6],"texture":"#4"}}},{"from":[7.5,16,7.2],"to":[8.5,16.5,7.7],"rotation":{"angle":0,"axis":"y","origin":[7,0,0]},"faces":{"north":{"uv":[8.8,14.4,9.6,14.8],"texture":"#4"},"south":{"uv":[14.4,8.8,15.2,9.2],"texture":"#4"},"up":{"uv":[10.4,14.8,9.6,14.4],"texture":"#4"},"down":{"uv":[11.2,14.4,10.4,14.8],"texture":"#4"}}},{"from":[7.5,16,5.7],"to":[8.5,16.5,6.2],"rotation":{"angle":0,"axis":"y","origin":[7,0,0]},"faces":{"north":{"uv":[11.2,14.4,12,14.8],"texture":"#4"},"south":{"uv":[12,14.4,12.8,14.8],"texture":"#4"},"up":{"uv":[13.6,14.8,12.8,14.4],"texture":"#4"},"down":{"uv":[14.4,14.4,13.6,14.8],"texture":"#4"}}},{"from":[7,18.25,6.95],"to":[7.5,18.75,8.95],"rotation":{"angle":-45,"axis":"x","origin":[8,16.25,6.7]},"faces":{"north":{"uv":[14.4,14.4,14.8,14.8],"texture":"#4"},"east":{"uv":[13.6,3.2,15.2,3.6],"texture":"#4"},"south":{"uv":[0,15.2,0.4,15.6],"texture":"#4"},"west":{"uv":[13.6,4,15.2,4.4],"texture":"#4"},"up":{"uv":[3.6,15.2,3.2,13.6],"texture":"#4"},"down":{"uv":[14,4.8,13.6,6.4],"texture":"#4"}}},{"from":[8.5,18.25,6.95],"to":[9,18.75,8.95],"rotation":{"angle":-45,"axis":"x","origin":[8,16.25,6.7]},"faces":{"north":{"uv":[0.8,15.2,1.2,15.6],"texture":"#4"},"east":{"uv":[13.6,6.4,15.2,6.8],"texture":"#4"},"south":{"uv":[1.6,15.2,2,15.6],"texture":"#4"},"west":{"uv":[13.6,7.2,15.2,7.6],"texture":"#4"},"up":{"uv":[8.4,15.2,8,13.6],"texture":"#4"},"down":{"uv":[14,8,13.6,9.6],"texture":"#4"}}},{"from":[7.5,18.25,8.45],"to":[8.5,18.75,8.95],"rotation":{"angle":-45,"axis":"x","origin":[8,16.25,6.7]},"faces":{"north":{"uv":[8.8,14.4,9.6,14.8],"texture":"#4"},"south":{"uv":[14.4,8.8,15.2,9.2],"texture":"#4"},"up":{"uv":[10.4,14.8,9.6,14.4],"texture":"#4"},"down":{"uv":[11.2,14.4,10.4,14.8],"texture":"#4"}}},{"from":[7.5,18.25,6.95],"to":[8.5,18.75,7.45],"rotation":{"angle":-45,"axis":"x","origin":[8,16.25,6.7]},"faces":{"north":{"uv":[11.2,14.4,12,14.8],"texture":"#4"},"south":{"uv":[12,14.4,12.8,14.8],"texture":"#4"},"up":{"uv":[13.6,14.8,12.8,14.4],"texture":"#4"},"down":{"uv":[14.4,14.4,13.6,14.8],"texture":"#4"}}},{"from":[7.985,7,2.95],"to":[8.015,20.5,7.95],"rotation":{"angle":0,"axis":"y","origin":[7.985,0,0]},"faces":{"east":{"uv":[4,0,0,10.8],"texture":"#4"},"west":{"uv":[0,0,4,10.8],"texture":"#4"}}},{"from":[7.595,13.845,3.795],"to":[8.405,14.655,4.605],"rotation":{"angle":0,"axis":"y","origin":[7.595,2.375,0.855]},"faces":{"north":{"uv":[14.4,4.8,15,5.4],"texture":"#4"},"east":{"uv":[5.6,14.4,6.2,15],"texture":"#4"},"south":{"uv":[14.4,5.6,15,6.2],"texture":"#4"},"west":{"uv":[6.4,14.4,7,15],"texture":"#4"},"up":{"uv":[7.8,15,7.2,14.4],"texture":"#4"},"down":{"uv":[15,8,14.4,8.6],"texture":"#4"}}},{"from":[7.985,7,8.5],"to":[8.015,14,11.5],"rotation":{"angle":0,"axis":"y","origin":[7.985,0,0]},"faces":{"east":{"uv":[6.4,0,4,5.6],"texture":"#4"},"west":{"uv":[4,0,6.4,5.6],"texture":"#4"}}}],"gui_light":"front","display":{"thirdperson_righthand":{"translation":[0,2.75,0.75]},"thirdperson_lefthand":{"translation":[0,2.75,0.75]},"firstperson_righthand":{"rotation":[-10,0,0],"translation":[0,3.75,0]},"firstperson_lefthand":{"rotation":[-10,0,0],"translation":[0,3.75,0]},"ground":{"rotation":[-45,0,0],"translation":[0,7.5,0]},"gui":{"rotation":[-90,45,90],"translation":[1.75,-0.5,0],"scale":[0.86133,0.86133,0.86133]},"head":{"rotation":[0,90,0]},"fixed":{"rotation":[0,-90,0],"translation":[0,-2.5,-1.5],"scale":[2.5,2.5,2.5]}}}