{"credit":"MadebyPolygonMC","texture_size":[28,28],"textures":{"2":"azureset:animations/animations_3","5":"azureset:hammer","particle":"azureset:animations/animations_3"},"elements":[{"from":[7.5,6,7.5],"to":[8.5,8.5,8.5],"rotation":{"angle":0,"axis":"y","origin":[7.5,7.5,7.5]},"faces":{"north":{"uv":[2.85714,10.28571,3.42857,11.71429],"texture":"#5"},"east":{"uv":[6.85714,10.85714,7.42857,12.28571],"texture":"#5"},"south":{"uv":[7.42857,10.85714,8,12.28571],"texture":"#5"},"west":{"uv":[3.42857,11.42857,4,12.85714],"texture":"#5"},"up":{"uv":[7.42857,8.57143,6.85714,8],"texture":"#5"}}},{"from":[7.6,8.5,7.6],"to":[8.4,10,8.4],"rotation":{"angle":0,"axis":"y","origin":[7.5,9,7.5]},"faces":{"north":{"uv":[1.14286,13.71429,1.57143,14.57143],"texture":"#5"},"east":{"uv":[13.71429,1.14286,14.14286,2],"texture":"#5"},"south":{"uv":[1.71429,13.71429,2.14286,14.57143],"texture":"#5"},"west":{"uv":[2.28571,13.71429,2.71429,14.57143],"texture":"#5"}}},{"from":[7.5,10,7.5],"to":[8.5,12,8.5],"rotation":{"angle":0,"axis":"y","origin":[7.5,10,7.5]},"faces":{"north":{"uv":[2.85714,12,3.42857,13.14286],"texture":"#5"},"east":{"uv":[12,9.14286,12.57143,10.28571],"texture":"#5"},"south":{"uv":[12,10.28571,12.57143,11.42857],"texture":"#5"},"west":{"uv":[0,12.57143,0.57143,13.71429],"texture":"#5"},"down":{"uv":[11.42857,6.28571,10.85714,6.85714],"texture":"#5"}}},{"from":[7.4,7,7.4],"to":[8.6,7.5,8.6],"rotation":{"angle":0,"axis":"y","origin":[7.5,7,7.5]},"faces":{"north":{"uv":[14.28571,4.57143,15,4.85714],"texture":"#5"},"east":{"uv":[5.14286,14.28571,5.85714,14.57143],"texture":"#5"},"south":{"uv":[14.28571,5.14286,15,5.42857],"texture":"#5"},"west":{"uv":[14.28571,5.71429,15,6],"texture":"#5"},"up":{"uv":[4.14286,13.85714,3.42857,13.14286],"texture":"#5"},"down":{"uv":[13.85714,4,13.14286,4.71429],"texture":"#5"}}},{"from":[7.4,5.5,7.4],"to":[8.6,6,8.6],"rotation":{"angle":0,"axis":"y","origin":[7.5,5.5,7.5]},"faces":{"north":{"uv":[6.28571,14.28571,7,14.57143],"texture":"#5"},"east":{"uv":[14.28571,6.28571,15,6.57143],"texture":"#5"},"south":{"uv":[14.28571,6.85714,15,7.14286],"texture":"#5"},"west":{"uv":[7.42857,14.28571,8.14286,14.57143],"texture":"#5"},"up":{"uv":[5.28571,13.85714,4.57143,13.14286],"texture":"#5"},"down":{"uv":[13.85714,5.14286,13.14286,5.85714],"texture":"#5"}}},{"from":[7.4,12,7.4],"to":[8.6,12.5,8.6],"rotation":{"angle":0,"axis":"y","origin":[7.5,12,7.5]},"faces":{"north":{"uv":[14.28571,7.42857,15,7.71429],"texture":"#5"},"east":{"uv":[14.28571,8,15,8.28571],"texture":"#5"},"south":{"uv":[8.57143,14.28571,9.28571,14.57143],"texture":"#5"},"west":{"uv":[14.28571,8.57143,15,8.85714],"texture":"#5"},"up":{"uv":[6.42857,13.85714,5.71429,13.14286],"texture":"#5"},"down":{"uv":[13.85714,6.28571,13.14286,7],"texture":"#5"}}},{"from":[7.4,11,7.4],"to":[8.6,11.5,8.6],"rotation":{"angle":0,"axis":"y","origin":[7.5,11,7.5]},"faces":{"north":{"uv":[14.28571,9.14286,15,9.42857],"texture":"#5"},"east":{"uv":[9.71429,14.28571,10.42857,14.57143],"texture":"#5"},"south":{"uv":[14.28571,9.71429,15,10],"texture":"#5"},"west":{"uv":[14.28571,10.28571,15,10.57143],"texture":"#5"},"up":{"uv":[13.85714,8.14286,13.14286,7.42857],"texture":"#5"},"down":{"uv":[8.71429,13.14286,8,13.85714],"texture":"#5"}}},{"from":[7.4,16,7.4],"to":[8.6,16.75,8.6],"rotation":{"angle":0,"axis":"y","origin":[7.5,16,7.5]},"faces":{"north":{"uv":[14.28571,1.14286,15,1.57143],"texture":"#5"},"east":{"uv":[14.28571,1.71429,15,2.14286],"texture":"#5"},"south":{"uv":[14.28571,2.28571,15,2.71429],"texture":"#5"},"west":{"uv":[14.28571,2.85714,15,3.28571],"texture":"#5"},"down":{"uv":[13.85714,8.57143,13.14286,9.28571],"texture":"#5"}}},{"from":[7.445,-0.755,7.445],"to":[8.555,0.355,8.555],"rotation":{"angle":-45,"axis":"x","origin":[8,-0.2,8]},"faces":{"north":{"uv":[12,5.14286,12.57143,5.71429],"texture":"#5"},"east":{"uv":[12,7.42857,12.57143,8],"texture":"#5"},"south":{"uv":[12.57143,7.42857,13.14286,8],"texture":"#5"},"west":{"uv":[13.71429,2.28571,14.28571,2.85714],"texture":"#5"},"up":{"uv":[14.28571,3.42857,13.71429,2.85714],"texture":"#5"},"down":{"uv":[14.28571,3.42857,13.71429,4],"texture":"#5"}}},{"from":[7.5,16.40851,5.73071],"to":[8.5,18.40851,6.73071],"rotation":{"angle":-45,"axis":"x","origin":[8,16.90851,6.23071]},"faces":{"north":{"uv":[12.57143,0,13.14286,1.14286],"texture":"#5"},"east":{"uv":[0.57143,12.57143,1.14286,13.71429],"texture":"#5"},"south":{"uv":[12.57143,1.14286,13.14286,2.28571],"texture":"#5"},"west":{"uv":[2.28571,12.57143,2.85714,13.71429],"texture":"#5"},"up":{"uv":[7.42857,14.28571,6.85714,13.71429],"texture":"#5"},"down":{"uv":[8,13.71429,7.42857,14.28571],"texture":"#5"}}},{"from":[7.5,18.07483,5.647],"to":[8.5,19.07483,7.897],"rotation":{"angle":-45,"axis":"x","origin":[8,18.54983,6.49317]},"faces":{"east":{"uv":[2.85714,5.14286,4.14286,5.71429],"texture":"#5"},"south":{"uv":[10.28571,13.71429,10.85714,14.28571],"texture":"#5"},"west":{"uv":[10.85714,5.71429,12.14286,6.28571],"texture":"#5"},"up":{"uv":[5.71429,12.71429,5.14286,11.42857],"texture":"#5"},"down":{"uv":[12,6.28571,11.42857,7.57143],"texture":"#5"}}},{"from":[7.2,16.1,8.1],"to":[8.8,18.15,10.15],"rotation":{"angle":-45,"axis":"x","origin":[7.5,16,8]},"faces":{"north":{"uv":[1.14286,10.85714,2,12],"texture":"#5"},"east":{"uv":[2.28571,9.14286,3.42857,10.28571],"texture":"#5"},"south":{"uv":[10.85714,3.42857,11.71429,4.57143],"texture":"#5"},"west":{"uv":[9.71429,5.71429,10.85714,6.85714],"texture":"#5"},"up":{"uv":[11.71429,5.71429,10.85714,4.57143],"texture":"#5"},"down":{"uv":[6.57143,10.85714,5.71429,12],"texture":"#5"}}},{"from":[6.85,16.35,8.35],"to":[9.15,17.9,9.9],"rotation":{"angle":-45,"axis":"x","origin":[7.5,16,8]},"faces":{"north":{"uv":[10.28571,9.14286,11.57143,10],"texture":"#5"},"east":{"uv":[10.28571,11.42857,11.14286,12.28571],"texture":"#5"},"south":{"uv":[10.28571,10.28571,11.57143,11.14286],"texture":"#5"},"west":{"uv":[11.42857,11.42857,12.28571,12.28571],"texture":"#5"},"up":{"uv":[12.14286,0.85714,10.85714,0],"texture":"#5"},"down":{"uv":[12.14286,1.14286,10.85714,2],"texture":"#5"}}},{"from":[7.5,16.40851,9.26929],"to":[8.5,18.40851,10.26929],"rotation":{"angle":45,"axis":"x","origin":[8,16.90851,9.76929]},"faces":{"north":{"uv":[12.57143,2.28571,13.14286,3.42857],"texture":"#5"},"east":{"uv":[12.57143,5.14286,13.14286,6.28571],"texture":"#5"},"south":{"uv":[6.85714,12.57143,7.42857,13.71429],"texture":"#5"},"west":{"uv":[7.42857,12.57143,8,13.71429],"texture":"#5"},"up":{"uv":[11.42857,14.28571,10.85714,13.71429],"texture":"#5"},"down":{"uv":[14.28571,10.85714,13.71429,11.42857],"texture":"#5"}}},{"from":[7.5,18.07483,8.103],"to":[8.5,19.07483,10.353],"rotation":{"angle":45,"axis":"x","origin":[8,18.54983,9.50683]},"faces":{"north":{"uv":[11.42857,13.71429,12,14.28571],"texture":"#5"},"east":{"uv":[11.42857,8,12.71429,8.57143],"texture":"#5"},"west":{"uv":[12,3.42857,13.28571,4],"texture":"#5"},"up":{"uv":[1.71429,13.28571,1.14286,12],"texture":"#5"},"down":{"uv":[2.28571,12,1.71429,13.28571],"texture":"#5"}}},{"from":[7.5,0,7.5],"to":[8.5,5.5,8.5],"rotation":{"angle":0,"axis":"y","origin":[7.5,0,7.5]},"faces":{"north":{"uv":[3.42857,8,4,11.14286],"texture":"#5"},"east":{"uv":[4,8,4.57143,11.14286],"texture":"#5"},"south":{"uv":[4.57143,8,5.14286,11.14286],"texture":"#5"},"west":{"uv":[5.14286,8,5.71429,11.14286],"texture":"#5"}}},{"from":[7.5,12.5,7.5],"to":[8.5,16,8.5],"rotation":{"angle":0,"axis":"y","origin":[7.5,12,7.5]},"faces":{"north":{"uv":[8,9.71429,8.57143,11.71429],"texture":"#5"},"east":{"uv":[8.57143,9.71429,9.14286,11.71429],"texture":"#5"},"south":{"uv":[9.14286,9.71429,9.71429,11.71429],"texture":"#5"},"west":{"uv":[9.71429,9.71429,10.28571,11.71429],"texture":"#5"}}},{"from":[6.5,16.05,3],"to":[9.5,19.05,4.5],"rotation":{"angle":45,"axis":"z","origin":[8,17.55,3]},"faces":{"east":{"uv":[8.57143,9.42857,6.85714,8.57143],"rotation":90,"texture":"#5"},"west":{"uv":[6.85714,8.57143,8.57143,9.42857],"rotation":90,"texture":"#5"},"up":{"uv":[8.57143,9.42857,6.85714,8.57143],"texture":"#5"},"down":{"uv":[8.57143,8.57143,6.85714,9.42857],"texture":"#5"}}},{"from":[6.5,16.05,11.5],"to":[9.5,19.05,13],"rotation":{"angle":45,"axis":"z","origin":[8,17.55,11.5]},"faces":{"east":{"uv":[9.14286,3.42857,10.85714,4.28571],"rotation":90,"texture":"#5"},"south":{"uv":[7.42857,6.85714,9.14286,8.57143],"texture":"#5"},"west":{"uv":[9.14286,4.28571,10.85714,3.42857],"rotation":90,"texture":"#5"},"up":{"uv":[10.85714,3.42857,9.14286,4.28571],"texture":"#5"},"down":{"uv":[10.85714,4.28571,9.14286,3.42857],"texture":"#5"}}},{"from":[6.25,15.8,4.5],"to":[9.75,19.3,5.5],"rotation":{"angle":45,"axis":"z","origin":[8,17.55,4.5]},"faces":{"north":{"uv":[4.57143,2.28571,6.57143,4.28571],"texture":"#5"},"east":{"uv":[0,10.28571,0.57143,12.28571],"texture":"#5"},"south":{"uv":[4.57143,4.57143,6.57143,6.57143],"texture":"#5"},"west":{"uv":[10.28571,0,10.85714,2],"texture":"#5"},"up":{"uv":[11.14286,8.57143,9.14286,8],"texture":"#5"},"down":{"uv":[12.28571,2.28571,10.28571,2.85714],"texture":"#5"}}},{"from":[6.25,15.8,10.5],"to":[9.75,19.3,11.5],"rotation":{"angle":45,"axis":"z","origin":[8,17.55,11.5]},"faces":{"north":{"uv":[6.57143,4.57143,4.57143,6.57143],"texture":"#5"},"east":{"uv":[0.57143,10.28571,0,12.28571],"texture":"#5"},"south":{"uv":[6.57143,2.28571,4.57143,4.28571],"texture":"#5"},"west":{"uv":[10.85714,0,10.28571,2],"texture":"#5"},"up":{"uv":[11.14286,8,9.14286,8.57143],"texture":"#5"},"down":{"uv":[12.28571,2.85714,10.28571,2.28571],"texture":"#5"}}},{"from":[6,15.55,1],"to":[10,19.55,3],"rotation":{"angle":45,"axis":"z","origin":[8,17.55,3]},"faces":{"east":{"uv":[1.14286,9.14286,3.42857,8],"rotation":90,"texture":"#5"},"south":{"uv":[4.57143,0,6.85714,2.28571],"texture":"#5"},"west":{"uv":[1.14286,8,3.42857,9.14286],"rotation":90,"texture":"#5"},"up":{"uv":[3.42857,9.14286,1.14286,8],"texture":"#5"},"down":{"uv":[3.42857,8,1.14286,9.14286],"texture":"#5"}}},{"from":[5.5,15.05,-1],"to":[10.5,20.05,1],"rotation":{"angle":45,"axis":"z","origin":[8,17.55,1]},"faces":{"north":{"uv":[0,0,2.85714,2.85714],"texture":"#5"},"east":{"uv":[4.57143,8,7.42857,6.85714],"rotation":90,"texture":"#5"},"south":{"uv":[0,2.85714,2.85714,5.71429],"texture":"#5"},"west":{"uv":[4.57143,6.85714,7.42857,8],"rotation":90,"texture":"#5"},"up":{"uv":[7.42857,8,4.57143,6.85714],"texture":"#5"},"down":{"uv":[7.42857,6.85714,4.57143,8],"texture":"#5"}}},{"from":[7.64645,16.34289,13],"to":[9.14645,17.84289,14],"rotation":{"angle":45,"axis":"z","origin":[7.64645,16.84289,13]},"faces":{"east":{"uv":[12.57143,13.14286,13.14286,14],"texture":"#5"},"south":{"uv":[12,4,12.85714,4.85714],"texture":"#5"},"west":{"uv":[13.14286,13.14286,13.71429,14],"texture":"#5"},"up":{"uv":[8.85714,5.71429,8,5.14286],"texture":"#5"},"down":{"uv":[10,1.71429,9.14286,2.28571],"texture":"#5"}}},{"from":[6.5,16.9,4.79289],"to":[7,18.15,6.54289],"rotation":{"angle":-45,"axis":"y","origin":[6.5,16.9,5.54289]},"faces":{"east":{"uv":[5.71429,12,6.71429,12.71429],"texture":"#5"},"west":{"uv":[12,6.28571,13,7],"texture":"#5"},"up":{"uv":[3.71429,15.28571,3.42857,14.28571],"texture":"#5"},"down":{"uv":[14.57143,3.42857,14.28571,4.42857],"texture":"#5"}}},{"from":[5.79289,16.9,6.25],"to":[6.29289,18.15,9.75],"rotation":{"angle":0,"axis":"y","origin":[5.79289,16.9,6.25]},"faces":{"north":{"uv":[10.85714,14.28571,11.14286,15],"texture":"#5"},"east":{"uv":[9.14286,6.85714,11.14286,7.57143],"texture":"#5"},"south":{"uv":[14.28571,10.85714,14.57143,11.57143],"texture":"#5"},"west":{"uv":[5.71429,9.71429,7.71429,10.42857],"texture":"#5"},"up":{"uv":[13.42857,3.14286,13.14286,1.14286],"texture":"#5"},"down":{"uv":[3.14286,13.14286,2.85714,15.14286],"texture":"#5"}}},{"from":[6.5,16.9,9.45711],"to":[7,18.15,11.20711],"rotation":{"angle":45,"axis":"y","origin":[6.5,16.9,10.45711]},"faces":{"east":{"uv":[8,12,9,12.71429],"texture":"#5"},"west":{"uv":[9.14286,12,10.14286,12.71429],"texture":"#5"},"up":{"uv":[4.28571,15.28571,4,14.28571],"texture":"#5"},"down":{"uv":[4.85714,14.28571,4.57143,15.28571],"texture":"#5"}}},{"from":[9,16.9,4.79289],"to":[9.5,18.15,6.54289],"rotation":{"angle":45,"axis":"y","origin":[9.5,16.9,5.54289]},"faces":{"east":{"uv":[13,6.28571,12,7],"texture":"#5"},"west":{"uv":[6.71429,12,5.71429,12.71429],"texture":"#5"},"up":{"uv":[3.42857,15.28571,3.71429,14.28571],"texture":"#5"},"down":{"uv":[14.28571,3.42857,14.57143,4.42857],"texture":"#5"}}},{"from":[9.70711,16.9,6.25],"to":[10.20711,18.15,9.75],"rotation":{"angle":0,"axis":"y","origin":[10.20711,16.9,6.25]},"faces":{"north":{"uv":[11.14286,14.28571,10.85714,15],"texture":"#5"},"east":{"uv":[7.71429,9.71429,5.71429,10.42857],"texture":"#5"},"south":{"uv":[14.57143,10.85714,14.28571,11.57143],"texture":"#5"},"west":{"uv":[11.14286,6.85714,9.14286,7.57143],"texture":"#5"},"up":{"uv":[13.14286,3.14286,13.42857,1.14286],"texture":"#5"},"down":{"uv":[2.85714,13.14286,3.14286,15.14286],"texture":"#5"}}},{"from":[9,16.9,9.45711],"to":[9.5,18.15,11.20711],"rotation":{"angle":-45,"axis":"y","origin":[9.5,16.9,10.45711]},"faces":{"east":{"uv":[10.14286,12,9.14286,12.71429],"texture":"#5"},"west":{"uv":[9,12,8,12.71429],"texture":"#5"},"up":{"uv":[4,15.28571,4.28571,14.28571],"texture":"#5"},"down":{"uv":[4.57143,14.28571,4.85714,15.28571],"texture":"#5"}}},{"from":[5.74796,19.32704,-1.50288],"to":[6.74796,20.32704,0.49712],"rotation":{"angle":-45,"axis":"z","origin":[5.75,19.85,2.74712]},"faces":{"north":{"uv":[14.28571,12,13.71429,11.42857],"rotation":180,"texture":"#5"},"east":{"uv":[12.57143,9.71429,13.14286,10.85714],"rotation":90,"texture":"#5"},"south":{"uv":[12.57143,13.71429,12,14.28571],"texture":"#5"},"west":{"uv":[10.85714,12.57143,11.42857,13.71429],"rotation":270,"texture":"#5"},"up":{"uv":[10.28571,12.57143,10.85714,13.71429],"texture":"#5"},"down":{"uv":[12.57143,8.57143,13.14286,9.71429],"rotation":180,"texture":"#5"}}},{"from":[5.49796,19.57704,-1.75288],"to":[6.49796,20.07704,0.74712],"rotation":{"angle":-45,"axis":"z","origin":[5.75,19.85,2.74712]},"faces":{"north":{"uv":[12,14.57143,11.42857,14.28571],"rotation":180,"texture":"#5"},"east":{"uv":[0,13.71429,0.28571,15.14286],"rotation":90,"texture":"#5"},"south":{"uv":[12.57143,14.28571,12,14.57143],"texture":"#5"},"west":{"uv":[0.57143,13.71429,0.85714,15.14286],"rotation":270,"texture":"#5"},"up":{"uv":[4.57143,11.42857,5.14286,12.85714],"texture":"#5"},"down":{"uv":[4,11.42857,4.57143,12.85714],"rotation":180,"texture":"#5"}}},{"from":[5.74796,19.32704,0.74712],"to":[6.74796,20.32704,1.74712],"rotation":{"angle":-45,"axis":"z","origin":[5.75,19.85,2.74712]},"faces":{"north":{"uv":[14.85714,0.57143,14.28571,0],"rotation":180,"texture":"#5"},"east":{"uv":[13.71429,12.57143,14.28571,13.14286],"rotation":90,"texture":"#5"},"south":{"uv":[14.85714,0.57143,14.28571,1.14286],"texture":"#5"},"west":{"uv":[13.71429,13.71429,14.28571,14.28571],"rotation":270,"texture":"#5"},"up":{"uv":[13.71429,13.14286,14.28571,13.71429],"texture":"#5"},"down":{"uv":[13.71429,12,14.28571,12.57143],"rotation":180,"texture":"#5"}}},{"from":[5.59796,19.17704,1.74712],"to":[6.89796,20.47704,3.29712],"rotation":{"angle":-45,"axis":"z","origin":[5.75,19.85,2.74712]},"faces":{"north":{"uv":[9.85714,13.85714,9.14286,13.14286],"rotation":180,"texture":"#5"},"east":{"uv":[11.42857,12.57143,12.14286,13.42857],"rotation":90,"texture":"#5"},"south":{"uv":[13.85714,9.71429,13.14286,10.42857],"texture":"#5"},"west":{"uv":[13.14286,0,13.85714,0.85714],"rotation":270,"texture":"#5"},"up":{"uv":[12.57143,12,13.28571,12.85714],"texture":"#5"},"down":{"uv":[12.57143,10.85714,13.28571,11.71429],"rotation":180,"texture":"#5"}}},{"from":[6.25203,18.82296,3.29712],"to":[6.25203,20.82296,9.29712],"rotation":{"angle":-45,"axis":"z","origin":[5.75,19.85,2.74712]},"faces":{"east":{"uv":[0,0,4,12],"rotation":90,"texture":"#2"},"west":{"uv":[4,0,0,12],"rotation":270,"texture":"#2"}}},{"from":[5.25203,19.82296,3.29712],"to":[7.25203,19.82296,9.29712],"rotation":{"angle":-45,"axis":"z","origin":[5.75,19.85,2.74712]},"faces":{"up":{"uv":[0,0,4,12],"texture":"#2"},"down":{"uv":[4,0,0,12],"rotation":180,"texture":"#2"}}},{"from":[8.16616,16.82296,13.99712],"to":[8.16616,18.82296,19.99712],"rotation":{"angle":-45,"axis":"z","origin":[7.66413,17.85,2.44712]},"faces":{"east":{"uv":[0,0,4,12],"rotation":90,"texture":"#2"},"west":{"uv":[4,0,0,12],"rotation":270,"texture":"#2"}}},{"from":[7.16616,17.82296,13.99712],"to":[9.16616,17.82296,19.99712],"rotation":{"angle":-45,"axis":"z","origin":[7.66413,17.85,2.44712]},"faces":{"up":{"uv":[0,0,4,12],"texture":"#2"},"down":{"uv":[4,0,0,12],"rotation":180,"texture":"#2"}}},{"from":[9.25204,19.32704,-1.50288],"to":[10.25204,20.32704,0.49712],"rotation":{"angle":45,"axis":"z","origin":[10.25,19.85,2.74712]},"faces":{"north":{"uv":[13.71429,12,14.28571,11.42857],"rotation":180,"texture":"#5"},"east":{"uv":[10.85714,13.71429,11.42857,12.57143],"rotation":270,"texture":"#5"},"south":{"uv":[12,13.71429,12.57143,14.28571],"texture":"#5"},"west":{"uv":[12.57143,10.85714,13.14286,9.71429],"rotation":90,"texture":"#5"},"up":{"uv":[10.85714,12.57143,10.28571,13.71429],"texture":"#5"},"down":{"uv":[13.14286,8.57143,12.57143,9.71429],"rotation":180,"texture":"#5"}}},{"from":[9.50204,19.57704,-1.75288],"to":[10.50204,20.07704,0.74712],"rotation":{"angle":45,"axis":"z","origin":[10.25,19.85,2.74712]},"faces":{"north":{"uv":[11.42857,14.57143,12,14.28571],"rotation":180,"texture":"#5"},"east":{"uv":[0.57143,15.14286,0.85714,13.71429],"rotation":270,"texture":"#5"},"south":{"uv":[12,14.28571,12.57143,14.57143],"texture":"#5"},"west":{"uv":[0,15.14286,0.28571,13.71429],"rotation":90,"texture":"#5"},"up":{"uv":[5.14286,11.42857,4.57143,12.85714],"texture":"#5"},"down":{"uv":[4.57143,11.42857,4,12.85714],"rotation":180,"texture":"#5"}}},{"from":[9.25204,19.32704,0.74712],"to":[10.25204,20.32704,1.74712],"rotation":{"angle":45,"axis":"z","origin":[10.25,19.85,2.74712]},"faces":{"north":{"uv":[14.28571,0.57143,14.85714,0],"rotation":180,"texture":"#5"},"east":{"uv":[13.71429,14.28571,14.28571,13.71429],"rotation":270,"texture":"#5"},"south":{"uv":[14.28571,0.57143,14.85714,1.14286],"texture":"#5"},"west":{"uv":[13.71429,13.14286,14.28571,12.57143],"rotation":90,"texture":"#5"},"up":{"uv":[14.28571,13.14286,13.71429,13.71429],"texture":"#5"},"down":{"uv":[14.28571,12,13.71429,12.57143],"rotation":180,"texture":"#5"}}},{"from":[9.10204,19.17704,1.74712],"to":[10.40204,20.47704,3.29712],"rotation":{"angle":45,"axis":"z","origin":[10.25,19.85,2.74712]},"faces":{"north":{"uv":[9.14286,13.85714,9.85714,13.14286],"rotation":180,"texture":"#5"},"east":{"uv":[13.14286,0.85714,13.85714,0],"rotation":270,"texture":"#5"},"south":{"uv":[13.14286,9.71429,13.85714,10.42857],"texture":"#5"},"west":{"uv":[11.42857,13.42857,12.14286,12.57143],"rotation":90,"texture":"#5"},"up":{"uv":[13.28571,12,12.57143,12.85714],"texture":"#5"},"down":{"uv":[13.28571,10.85714,12.57143,11.71429],"rotation":180,"texture":"#5"}}},{"from":[9.74797,18.82296,3.29712],"to":[9.74797,20.82296,9.29712],"rotation":{"angle":45,"axis":"z","origin":[10.25,19.85,2.74712]},"faces":{"east":{"uv":[4,12,0,0],"rotation":270,"texture":"#2"},"west":{"uv":[0,12,4,0],"rotation":90,"texture":"#2"}}},{"from":[8.74797,19.82296,3.29712],"to":[10.74797,19.82296,9.29712],"rotation":{"angle":45,"axis":"z","origin":[10.25,19.85,2.74712]},"faces":{"up":{"uv":[4,0,0,12],"texture":"#2"},"down":{"uv":[0,0,4,12],"rotation":180,"texture":"#2"}}},{"from":[9.25204,14.77296,-1.50288],"to":[10.25204,15.77296,0.49712],"rotation":{"angle":-45,"axis":"z","origin":[10.25,15.25,2.74712]},"faces":{"north":{"uv":[13.71429,11.42857,14.28571,12],"rotation":180,"texture":"#5"},"east":{"uv":[11.42857,13.71429,10.85714,12.57143],"rotation":270,"texture":"#5"},"south":{"uv":[12,14.28571,12.57143,13.71429],"texture":"#5"},"west":{"uv":[13.14286,10.85714,12.57143,9.71429],"rotation":90,"texture":"#5"},"up":{"uv":[13.14286,9.71429,12.57143,8.57143],"rotation":180,"texture":"#5"},"down":{"uv":[10.85714,13.71429,10.28571,12.57143],"texture":"#5"}}},{"from":[9.50204,15.02296,-1.75288],"to":[10.50204,15.52296,0.74712],"rotation":{"angle":-45,"axis":"z","origin":[10.25,15.25,2.74712]},"faces":{"north":{"uv":[11.42857,14.28571,12,14.57143],"rotation":180,"texture":"#5"},"east":{"uv":[0.85714,15.14286,0.57143,13.71429],"rotation":270,"texture":"#5"},"south":{"uv":[12,14.57143,12.57143,14.28571],"texture":"#5"},"west":{"uv":[0.28571,15.14286,0,13.71429],"rotation":90,"texture":"#5"},"up":{"uv":[4.57143,12.85714,4,11.42857],"rotation":180,"texture":"#5"},"down":{"uv":[5.14286,12.85714,4.57143,11.42857],"texture":"#5"}}},{"from":[9.25204,14.77296,0.74712],"to":[10.25204,15.77296,1.74712],"rotation":{"angle":-45,"axis":"z","origin":[10.25,15.25,2.74712]},"faces":{"north":{"uv":[14.28571,0,14.85714,0.57143],"rotation":180,"texture":"#5"},"east":{"uv":[14.28571,14.28571,13.71429,13.71429],"rotation":270,"texture":"#5"},"south":{"uv":[14.28571,1.14286,14.85714,0.57143],"texture":"#5"},"west":{"uv":[14.28571,13.14286,13.71429,12.57143],"rotation":90,"texture":"#5"},"up":{"uv":[14.28571,12.57143,13.71429,12],"rotation":180,"texture":"#5"},"down":{"uv":[14.28571,13.71429,13.71429,13.14286],"texture":"#5"}}},{"from":[9.10204,14.62296,1.74712],"to":[10.40204,15.92296,3.29712],"rotation":{"angle":-45,"axis":"z","origin":[10.25,15.25,2.74712]},"faces":{"north":{"uv":[9.14286,13.14286,9.85714,13.85714],"rotation":180,"texture":"#5"},"east":{"uv":[13.85714,0.85714,13.14286,0],"rotation":270,"texture":"#5"},"south":{"uv":[13.14286,10.42857,13.85714,9.71429],"texture":"#5"},"west":{"uv":[12.14286,13.42857,11.42857,12.57143],"rotation":90,"texture":"#5"},"up":{"uv":[13.28571,11.71429,12.57143,10.85714],"rotation":180,"texture":"#5"},"down":{"uv":[13.28571,12.85714,12.57143,12],"texture":"#5"}}},{"from":[9.74797,14.27704,3.29712],"to":[9.74797,16.27704,9.29712],"rotation":{"angle":-45,"axis":"z","origin":[10.25,15.25,2.74712]},"faces":{"east":{"uv":[0,12,4,0],"rotation":270,"texture":"#2"},"west":{"uv":[4,12,0,0],"rotation":90,"texture":"#2"}}},{"from":[8.74797,15.27704,3.29712],"to":[10.74797,15.27704,9.29712],"rotation":{"angle":-45,"axis":"z","origin":[10.25,15.25,2.74712]},"faces":{"up":{"uv":[0,12,4,0],"rotation":180,"texture":"#2"},"down":{"uv":[4,12,0,0],"texture":"#2"}}},{"from":[5.49796,15.02296,-1.75288],"to":[6.49796,15.52296,0.74712],"rotation":{"angle":45,"axis":"z","origin":[5.75,15.25,2.74712]},"faces":{"north":{"uv":[12,14.28571,11.42857,14.57143],"rotation":180,"texture":"#5"},"east":{"uv":[0.28571,13.71429,0,15.14286],"rotation":90,"texture":"#5"},"south":{"uv":[12.57143,14.57143,12,14.28571],"texture":"#5"},"west":{"uv":[0.85714,13.71429,0.57143,15.14286],"rotation":270,"texture":"#5"},"up":{"uv":[4,12.85714,4.57143,11.42857],"rotation":180,"texture":"#5"},"down":{"uv":[4.57143,12.85714,5.14286,11.42857],"texture":"#5"}}},{"from":[5.74796,14.77296,-1.50288],"to":[6.74796,15.77296,0.49712],"rotation":{"angle":45,"axis":"z","origin":[5.75,15.25,2.74712]},"faces":{"north":{"uv":[14.28571,11.42857,13.71429,12],"rotation":180,"texture":"#5"},"east":{"uv":[13.14286,9.71429,12.57143,10.85714],"rotation":90,"texture":"#5"},"south":{"uv":[12.57143,14.28571,12,13.71429],"texture":"#5"},"west":{"uv":[11.42857,12.57143,10.85714,13.71429],"rotation":270,"texture":"#5"},"up":{"uv":[12.57143,9.71429,13.14286,8.57143],"rotation":180,"texture":"#5"},"down":{"uv":[10.28571,13.71429,10.85714,12.57143],"texture":"#5"}}},{"from":[5.74796,14.77296,0.74712],"to":[6.74796,15.77296,1.74712],"rotation":{"angle":45,"axis":"z","origin":[5.75,15.25,2.74712]},"faces":{"north":{"uv":[14.85714,0,14.28571,0.57143],"rotation":180,"texture":"#5"},"east":{"uv":[14.28571,12.57143,13.71429,13.14286],"rotation":90,"texture":"#5"},"south":{"uv":[14.85714,1.14286,14.28571,0.57143],"texture":"#5"},"west":{"uv":[14.28571,13.71429,13.71429,14.28571],"rotation":270,"texture":"#5"},"up":{"uv":[13.71429,12.57143,14.28571,12],"rotation":180,"texture":"#5"},"down":{"uv":[13.71429,13.71429,14.28571,13.14286],"texture":"#5"}}},{"from":[5.59796,14.62296,1.74712],"to":[6.89796,15.92296,3.29712],"rotation":{"angle":45,"axis":"z","origin":[5.75,15.25,2.74712]},"faces":{"north":{"uv":[9.85714,13.14286,9.14286,13.85714],"rotation":180,"texture":"#5"},"east":{"uv":[12.14286,12.57143,11.42857,13.42857],"rotation":90,"texture":"#5"},"south":{"uv":[13.85714,10.42857,13.14286,9.71429],"texture":"#5"},"west":{"uv":[13.85714,0,13.14286,0.85714],"rotation":270,"texture":"#5"},"up":{"uv":[12.57143,11.71429,13.28571,10.85714],"rotation":180,"texture":"#5"},"down":{"uv":[12.57143,12.85714,13.28571,12],"texture":"#5"}}},{"from":[5.25203,15.27704,3.29712],"to":[7.25203,15.27704,9.29712],"rotation":{"angle":45,"axis":"z","origin":[5.75,15.25,2.74712]},"faces":{"up":{"uv":[4,12,0,0],"rotation":180,"texture":"#2"},"down":{"uv":[0,12,4,0],"texture":"#2"}}},{"from":[6.25203,14.27704,3.29712],"to":[6.25203,16.27704,9.29712],"rotation":{"angle":45,"axis":"z","origin":[5.75,15.25,2.74712]},"faces":{"east":{"uv":[4,0,0,12],"rotation":90,"texture":"#2"},"west":{"uv":[0,0,4,12],"rotation":270,"texture":"#2"}}}],"gui_light":"front","display":{"thirdperson_righthand":{"translation":[0,-3.25,0.75]},"thirdperson_lefthand":{"translation":[0,-3.25,0.75]},"firstperson_righthand":{"rotation":[-10,0,0],"translation":[0,0.5,0]},"firstperson_lefthand":{"rotation":[-10,0,0],"translation":[0,0.5,0]},"ground":{"rotation":[-45,0,0],"translation":[0,7.5,0]},"gui":{"rotation":[-90,45,90],"translation":[3.75,-2.25,0],"scale":[0.79297,0.79297,0.79297]},"head":{"rotation":[0,90,0]},"fixed":{"rotation":[0,-90,0],"translation":[0,-6.25,-1.5],"scale":[2.5,2.5,2.5]}}}