{"credit":"MadebyPolygonMC","texture_size":[20,20],"textures":{"3":"azureset:animations/animations_2","4":"azureset:hoe"},"elements":[{"from":[7.5,0,7.5],"to":[8.5,2.5,8.5],"rotation":{"angle":0,"axis":"y","origin":[7.5,1.5,7.5]},"faces":{"north":{"uv":[8.8,8.8,9.6,10.8],"texture":"#4"},"east":{"uv":[4.8,9.6,5.6,11.6],"texture":"#4"},"south":{"uv":[5.6,9.6,6.4,11.6],"texture":"#4"},"west":{"uv":[6.4,9.6,7.2,11.6],"texture":"#4"},"up":{"uv":[8,4,7.2,3.2],"texture":"#4"}}},{"from":[7.6,2.5,7.6],"to":[8.4,4,8.4],"rotation":{"angle":0,"axis":"y","origin":[7.5,3,7.5]},"faces":{"north":{"uv":[9.6,11.2,10.2,12.4],"texture":"#4"},"east":{"uv":[12,5.6,12.6,6.8],"texture":"#4"},"south":{"uv":[12,7.2,12.6,8.4],"texture":"#4"},"west":{"uv":[12,8.8,12.6,10],"texture":"#4"}}},{"from":[7.5,4,7.5],"to":[8.5,6,8.5],"rotation":{"angle":0,"axis":"y","origin":[7.5,4,7.5]},"faces":{"north":{"uv":[10.4,1.6,11.2,3.2],"texture":"#4"},"east":{"uv":[2.4,10.4,3.2,12],"texture":"#4"},"south":{"uv":[3.2,10.4,4,12],"texture":"#4"},"west":{"uv":[10.4,3.2,11.2,4.8],"texture":"#4"},"down":{"uv":[12,5.6,11.2,6.4],"texture":"#4"}}},{"from":[7.4,1,7.4],"to":[8.6,1.5,8.6],"rotation":{"angle":0,"axis":"y","origin":[7.5,1,7.5]},"faces":{"north":{"uv":[12.8,12,13.8,12.4],"texture":"#4"},"east":{"uv":[0,13.6,1,14],"texture":"#4"},"south":{"uv":[13.6,0,14.6,0.4],"texture":"#4"},"west":{"uv":[13.6,0.8,14.6,1.2],"texture":"#4"},"up":{"uv":[12.2,11.4,11.2,10.4],"texture":"#4"},"down":{"uv":[13,0,12,1],"texture":"#4"}}},{"from":[7.4,5,7.4],"to":[8.6,5.5,8.6],"rotation":{"angle":0,"axis":"y","origin":[7.5,5,7.5]},"faces":{"north":{"uv":[1.6,13.6,2.6,14],"texture":"#4"},"east":{"uv":[13.6,1.6,14.6,2],"texture":"#4"},"south":{"uv":[13.6,2.4,14.6,2.8],"texture":"#4"},"west":{"uv":[3.2,13.6,4.2,14],"texture":"#4"},"up":{"uv":[1.8,13,0.8,12],"texture":"#4"},"down":{"uv":[3.4,12,2.4,13],"texture":"#4"}}},{"from":[7.4,6,7.4],"to":[8.6,6.5,8.6],"rotation":{"angle":0,"axis":"y","origin":[7.5,6,7.5]},"faces":{"north":{"uv":[13.6,3.2,14.6,3.6],"texture":"#4"},"east":{"uv":[13.6,4,14.6,4.4],"texture":"#4"},"south":{"uv":[4.8,13.6,5.8,14],"texture":"#4"},"west":{"uv":[13.6,4.8,14.6,5.2],"texture":"#4"},"down":{"uv":[13,2.4,12,3.4],"texture":"#4"}}},{"from":[7.4,10.5,7.4],"to":[8.6,11.25,8.6],"rotation":{"angle":0,"axis":"y","origin":[7.5,10.5,7.5]},"faces":{"north":{"uv":[10.4,12.8,11.4,13.4],"texture":"#4"},"east":{"uv":[12.8,10.4,13.8,11],"texture":"#4"},"south":{"uv":[12.8,11.2,13.8,11.8],"texture":"#4"},"west":{"uv":[12,12.8,13,13.4],"texture":"#4"},"down":{"uv":[5,12,4,13],"texture":"#4"}}},{"from":[7.35,6.5,7.35],"to":[8.65,10.5,8.65],"rotation":{"angle":0,"axis":"y","origin":[7.5,6.5,7.5]},"faces":{"north":{"uv":[4.8,4,5.8,7.2],"texture":"#4"},"east":{"uv":[6.4,4,7.4,7.2],"texture":"#4"},"south":{"uv":[0,7.2,1,10.4],"texture":"#4"},"west":{"uv":[7.2,0,8.2,3.2],"texture":"#4"},"up":{"uv":[13,5,12,4],"texture":"#4"},"down":{"uv":[6.6,12,5.6,13],"texture":"#4"}}},{"from":[7.445,-0.755,7.445],"to":[8.555,0.355,8.555],"rotation":{"angle":-45,"axis":"x","origin":[8,-0.2,8]},"faces":{"north":{"uv":[10.4,12,11.2,12.8],"texture":"#4"},"east":{"uv":[11.2,12,12,12.8],"texture":"#4"},"south":{"uv":[12,12,12.8,12.8],"texture":"#4"},"west":{"uv":[0,12.8,0.8,13.6],"texture":"#4"},"up":{"uv":[13.6,2.4,12.8,1.6],"texture":"#4"},"down":{"uv":[13.6,5.6,12.8,6.4],"texture":"#4"}}},{"from":[7.5,10.90851,5.73071],"to":[8.5,12.90851,6.73071],"rotation":{"angle":-45,"axis":"x","origin":[8,11.40851,6.23071]},"faces":{"north":{"uv":[4,10.4,4.8,12],"texture":"#4"},"east":{"uv":[10.4,4.8,11.2,6.4],"texture":"#4"},"south":{"uv":[10.4,8.8,11.2,10.4],"texture":"#4"},"west":{"uv":[10.4,10.4,11.2,12],"texture":"#4"},"up":{"uv":[13.6,7.2,12.8,6.4],"texture":"#4"},"down":{"uv":[8,12.8,7.2,13.6],"texture":"#4"}}},{"from":[7.5,12.57483,5.647],"to":[8.5,13.57483,7.897],"rotation":{"angle":-45,"axis":"x","origin":[8,13.04983,6.49317]},"faces":{"east":{"uv":[9.6,7.2,11.4,8],"texture":"#4"},"south":{"uv":[12.8,7.2,13.6,8],"texture":"#4"},"west":{"uv":[9.6,8,11.4,8.8],"texture":"#4"},"up":{"uv":[10.4,10.6,9.6,8.8],"texture":"#4"},"down":{"uv":[0.8,10.4,0,12.2],"texture":"#4"}}},{"from":[7.5,12.57483,8.103],"to":[8.5,13.57483,10.353],"rotation":{"angle":45,"axis":"x","origin":[8,13.04983,9.50683]},"faces":{"north":{"uv":[13.6,7.2,12.8,8],"texture":"#4"},"east":{"uv":[11.4,7.2,9.6,8],"texture":"#4"},"west":{"uv":[11.4,8,9.6,8.8],"texture":"#4"},"up":{"uv":[10.4,8.8,9.6,10.6],"texture":"#4"},"down":{"uv":[0.8,12.2,0,10.4],"texture":"#4"}}},{"from":[7.5,10.90851,9.26929],"to":[8.5,12.90851,10.26929],"rotation":{"angle":45,"axis":"x","origin":[8,11.40851,9.76929]},"faces":{"north":{"uv":[11.2,8.8,10.4,10.4],"texture":"#4"},"east":{"uv":[11.2,4.8,10.4,6.4],"texture":"#4"},"south":{"uv":[4.8,10.4,4,12],"texture":"#4"},"west":{"uv":[11.2,10.4,10.4,12],"texture":"#4"},"up":{"uv":[13.6,6.4,12.8,7.2],"texture":"#4"},"down":{"uv":[8,13.6,7.2,12.8],"texture":"#4"}}},{"from":[7.2,10.6,8.1],"to":[8.8,12.65,10.15],"rotation":{"angle":-45,"axis":"x","origin":[7.5,10.5,8]},"faces":{"north":{"uv":[8.8,0,10,1.6],"texture":"#4"},"east":{"uv":[1.6,7.2,3.2,8.8],"texture":"#4"},"south":{"uv":[1.6,8.8,2.8,10.4],"texture":"#4"},"west":{"uv":[3.2,7.2,4.8,8.8],"texture":"#4"},"up":{"uv":[10,3.2,8.8,1.6],"texture":"#4"},"down":{"uv":[4.4,8.8,3.2,10.4],"texture":"#4"}}},{"from":[6.85,10.85,8.35],"to":[9.15,12.4,9.9],"rotation":{"angle":-45,"axis":"x","origin":[7.5,10.5,8]},"faces":{"north":{"uv":[4.8,7.2,6.6,8.4],"texture":"#4"},"east":{"uv":[10.4,0,11.6,1.2],"texture":"#4"},"south":{"uv":[7.2,7.2,9,8.4],"texture":"#4"},"west":{"uv":[0.8,10.4,2,11.6],"texture":"#4"},"up":{"uv":[9.8,4.4,8,3.2],"texture":"#4"},"down":{"uv":[9.8,4.8,8,6],"texture":"#4"}}},{"from":[7.1,8.55,4.5],"to":[7.1,15.55,11.5],"rotation":{"angle":0,"axis":"y","origin":[0.5,-4.3,4.5]},"faces":{"west":{"uv":[1,1,15,15],"texture":"#3"}}},{"from":[8.9,8.55,4.5],"to":[8.9,15.55,11.5],"rotation":{"angle":0,"axis":"y","origin":[15.5,-4.3,4.5]},"faces":{"east":{"uv":[15,1,1,15],"texture":"#3"}}},{"from":[7.985,8.725,-3.675],"to":[8.015,13.235,5.075],"rotation":{"angle":-22.5,"axis":"x","origin":[8,12.85,1.35]},"faces":{"east":{"uv":[7,0,0,3.6],"texture":"#4"},"west":{"uv":[0,0,7,3.6],"texture":"#4"}}},{"from":[7.985,11.12624,9.42625],"to":[8.015,14.62624,15.17625],"rotation":{"angle":0,"axis":"x","origin":[8,13.57317,11.63137]},"faces":{"east":{"uv":[4.6,4,0,6.8],"texture":"#4"},"west":{"uv":[0,4,4.6,6.8],"texture":"#4"}}},{"from":[7.525,12.89425,3.25846],"to":[8.475,13.89425,5.25846],"rotation":{"angle":22.5,"axis":"x","origin":[8,12.29701,2.99048]},"faces":{"north":{"uv":[8,12.8,8.8,13.6],"texture":"#4"},"east":{"uv":[10.4,6.4,12,7.2],"texture":"#4"},"south":{"uv":[12.8,8,13.6,8.8],"texture":"#4"},"west":{"uv":[11.2,1.6,12.8,2.4],"texture":"#4"},"up":{"uv":[12,4,11.2,2.4],"texture":"#4"},"down":{"uv":[12,4,11.2,5.6],"texture":"#4"}}},{"from":[7.525,11.89425,2.25846],"to":[8.475,13.89425,3.25846],"rotation":{"angle":22.5,"axis":"x","origin":[8,12.29701,2.99048]},"faces":{"north":{"uv":[7.2,11.2,8,12.8],"texture":"#4"},"east":{"uv":[8,11.2,8.8,12.8],"texture":"#4"},"south":{"uv":[8.8,11.2,9.6,12.8],"texture":"#4"},"west":{"uv":[11.2,8.8,12,10.4],"texture":"#4"},"up":{"uv":[9.6,13.6,8.8,12.8],"texture":"#4"},"down":{"uv":[13.6,8.8,12.8,9.6],"texture":"#4"}}},{"from":[7.53,11.89493,-0.09031],"to":[8.47,12.89493,2.90969],"rotation":{"angle":-22.5,"axis":"x","origin":[8,12.29664,3.17924]},"faces":{"north":{"uv":[9.6,12.8,10.4,13.6],"texture":"#4"},"east":{"uv":[8,6.4,10.4,7.2],"texture":"#4"},"south":{"uv":[12.8,9.6,13.6,10.4],"texture":"#4"},"west":{"uv":[4.8,8.8,7.2,9.6],"texture":"#4"},"up":{"uv":[8,11.2,7.2,8.8],"texture":"#4"},"down":{"uv":[8.8,8.8,8,11.2],"texture":"#4"}}},{"from":[7.525,13.4734,9.77919],"to":[8.475,14.4734,11.77919],"rotation":{"angle":-22.5,"axis":"x","origin":[8,13.57317,11.63137]},"faces":{"north":{"uv":[13.6,8,12.8,8.8],"texture":"#4"},"east":{"uv":[12,6.4,10.4,7.2],"texture":"#4"},"south":{"uv":[8.8,12.8,8,13.6],"texture":"#4"},"west":{"uv":[12.8,1.6,11.2,2.4],"texture":"#4"},"up":{"uv":[12,2.4,11.2,4],"texture":"#4"},"down":{"uv":[12,5.6,11.2,4],"texture":"#4"}}},{"from":[7.525,12.4734,11.77918],"to":[8.475,14.4734,12.77918],"rotation":{"angle":-22.5,"axis":"x","origin":[8,13.57317,11.63137]},"faces":{"north":{"uv":[9.6,11.2,8.8,12.8],"texture":"#4"},"east":{"uv":[8.8,11.2,8,12.8],"texture":"#4"},"south":{"uv":[8,11.2,7.2,12.8],"texture":"#4"},"west":{"uv":[12,8.8,11.2,10.4],"texture":"#4"},"up":{"uv":[9.6,12.8,8.8,13.6],"texture":"#4"},"down":{"uv":[13.6,9.6,12.8,8.8],"texture":"#4"}}}],"gui_light":"front","display":{"thirdperson_righthand":{"translation":[0,2.75,0.75]},"thirdperson_lefthand":{"translation":[0,2.75,0.75]},"firstperson_righthand":{"rotation":[-10,0,0],"translation":[0,3.75,0]},"firstperson_lefthand":{"rotation":[-10,0,0],"translation":[0,3.75,0]},"ground":{"rotation":[-45,0,0],"translation":[0,7.5,0]},"gui":{"rotation":[-90,45,90],"translation":[1,-1,0],"scale":[0.86133,0.86133,0.86133]},"head":{"rotation":[0,90,0]},"fixed":{"rotation":[0,-90,0],"translation":[0,2.5,-1.5],"scale":[2.5,2.5,2.5]}}}