{"credit":"MadebyPolygonMC","texture_size":[20,20],"textures":{"2":"azureset:pickaxe","3":"azureset:animations/animations_2","particle":"azureset:pickaxe"},"elements":[{"from":[7.5,0,7.5],"to":[8.5,2.5,8.5],"rotation":{"angle":0,"axis":"y","origin":[7.5,1.5,7.5]},"faces":{"north":{"uv":[5.6,9.6,6.4,11.6],"texture":"#2"},"east":{"uv":[6.4,9.6,7.2,11.6],"texture":"#2"},"south":{"uv":[7.2,9.6,8,11.6],"texture":"#2"},"west":{"uv":[9.6,8.8,10.4,10.8],"texture":"#2"},"up":{"uv":[12.8,12,12,11.2],"texture":"#2"}}},{"from":[7.6,2.5,7.6],"to":[8.4,4,8.4],"rotation":{"angle":0,"axis":"y","origin":[7.5,3,7.5]},"faces":{"north":{"uv":[8.8,12,9.4,13.2],"texture":"#2"},"east":{"uv":[9.6,12,10.2,13.2],"texture":"#2"},"south":{"uv":[12,9.6,12.6,10.8],"texture":"#2"},"west":{"uv":[10.4,12,11,13.2],"texture":"#2"}}},{"from":[7.5,4,7.5],"to":[8.5,6,8.5],"rotation":{"angle":0,"axis":"y","origin":[7.5,4,7.5]},"faces":{"north":{"uv":[4.8,10.4,5.6,12],"texture":"#2"},"east":{"uv":[10.4,7.2,11.2,8.8],"texture":"#2"},"south":{"uv":[10.4,8.8,11.2,10.4],"texture":"#2"},"west":{"uv":[10.4,10.4,11.2,12],"texture":"#2"},"down":{"uv":[12.8,12,12,12.8],"texture":"#2"}}},{"from":[7.4,1,7.4],"to":[8.6,1.5,8.6],"rotation":{"angle":0,"axis":"y","origin":[7.5,1,7.5]},"faces":{"north":{"uv":[2.4,13.6,3.4,14],"texture":"#2"},"east":{"uv":[13.6,2.4,14.6,2.8],"texture":"#2"},"south":{"uv":[13.6,3.2,14.6,3.6],"texture":"#2"},"west":{"uv":[4,13.6,5,14],"texture":"#2"},"up":{"uv":[13,1,12,0],"texture":"#2"},"down":{"uv":[13,2.4,12,3.4],"texture":"#2"}}},{"from":[7.4,5,7.4],"to":[8.6,5.5,8.6],"rotation":{"angle":0,"axis":"y","origin":[7.5,5,7.5]},"faces":{"north":{"uv":[13.6,4,14.6,4.4],"texture":"#2"},"east":{"uv":[13.6,4.8,14.6,5.2],"texture":"#2"},"south":{"uv":[5.6,13.6,6.6,14],"texture":"#2"},"west":{"uv":[13.6,5.6,14.6,6],"texture":"#2"},"up":{"uv":[4.2,13,3.2,12],"texture":"#2"},"down":{"uv":[13,4,12,5],"texture":"#2"}}},{"from":[7.4,6,7.4],"to":[8.6,6.5,8.6],"rotation":{"angle":0,"axis":"y","origin":[7.5,6,7.5]},"faces":{"north":{"uv":[13.6,6.4,14.6,6.8],"texture":"#2"},"east":{"uv":[7.2,13.6,8.2,14],"texture":"#2"},"south":{"uv":[13.6,7.2,14.6,7.6],"texture":"#2"},"west":{"uv":[13.6,8,14.6,8.4],"texture":"#2"},"down":{"uv":[5.8,12,4.8,13],"texture":"#2"}}},{"from":[7.4,10.5,7.4],"to":[8.6,11.25,8.6],"rotation":{"angle":0,"axis":"y","origin":[7.5,10.5,7.5]},"faces":{"north":{"uv":[13.6,0,14.6,0.6],"texture":"#2"},"east":{"uv":[0.8,13.6,1.8,14.2],"texture":"#2"},"south":{"uv":[13.6,0.8,14.6,1.4],"texture":"#2"},"west":{"uv":[13.6,1.6,14.6,2.2],"texture":"#2"},"down":{"uv":[13,5.6,12,6.6],"texture":"#2"}}},{"from":[7.35,6.5,7.35],"to":[8.65,10.5,8.65],"rotation":{"angle":0,"axis":"y","origin":[7.5,6.5,7.5]},"faces":{"north":{"uv":[0,5.6,1,8.8],"texture":"#2"},"east":{"uv":[1.6,5.6,2.6,8.8],"texture":"#2"},"south":{"uv":[3.2,5.6,4.2,8.8],"texture":"#2"},"west":{"uv":[4.8,5.6,5.8,8.8],"texture":"#2"},"up":{"uv":[7.4,13,6.4,12],"texture":"#2"},"down":{"uv":[13,7.2,12,8.2],"texture":"#2"}}},{"from":[7.445,-0.755,7.445],"to":[8.555,0.355,8.555],"rotation":{"angle":-45,"axis":"x","origin":[8,-0.2,8]},"faces":{"north":{"uv":[0,12.8,0.8,13.6],"texture":"#2"},"east":{"uv":[0.8,12.8,1.6,13.6],"texture":"#2"},"south":{"uv":[1.6,12.8,2.4,13.6],"texture":"#2"},"west":{"uv":[12.8,1.6,13.6,2.4],"texture":"#2"},"up":{"uv":[3.2,13.6,2.4,12.8],"texture":"#2"},"down":{"uv":[8.8,12.8,8,13.6],"texture":"#2"}}},{"from":[7.5,10.90851,5.73071],"to":[8.5,12.90851,6.73071],"rotation":{"angle":-45,"axis":"x","origin":[8,11.40851,6.23071]},"faces":{"north":{"uv":[0,11.2,0.8,12.8],"texture":"#2"},"east":{"uv":[11.2,0,12,1.6],"texture":"#2"},"south":{"uv":[0.8,11.2,1.6,12.8],"texture":"#2"},"west":{"uv":[1.6,11.2,2.4,12.8],"texture":"#2"},"up":{"uv":[13.6,9.6,12.8,8.8],"texture":"#2"},"down":{"uv":[13.6,9.6,12.8,10.4],"texture":"#2"}}},{"from":[7.5,12.57483,5.647],"to":[8.5,13.57483,7.897],"rotation":{"angle":-45,"axis":"x","origin":[8,13.04983,6.49317]},"faces":{"east":{"uv":[0,10.4,1.8,11.2],"texture":"#2"},"south":{"uv":[12.8,10.4,13.6,11.2],"texture":"#2"},"west":{"uv":[10.4,1.6,12.2,2.4],"texture":"#2"},"up":{"uv":[3.2,12.2,2.4,10.4],"texture":"#2"},"down":{"uv":[11.2,2.4,10.4,4.2],"texture":"#2"}}},{"from":[7.2,10.6,8.1],"to":[8.8,12.65,10.15],"rotation":{"angle":-45,"axis":"x","origin":[7.5,10.5,8]},"faces":{"north":{"uv":[8.8,1.6,10,3.2],"texture":"#2"},"east":{"uv":[6.4,5.6,8,7.2],"texture":"#2"},"south":{"uv":[2.4,8.8,3.6,10.4],"texture":"#2"},"west":{"uv":[6.4,7.2,8,8.8],"texture":"#2"},"up":{"uv":[10,4.8,8.8,3.2],"texture":"#2"},"down":{"uv":[5.2,8.8,4,10.4],"texture":"#2"}}},{"from":[6.85,10.85,8.35],"to":[9.15,12.4,9.9],"rotation":{"angle":-45,"axis":"x","origin":[7.5,10.5,8]},"faces":{"north":{"uv":[8,5.6,9.8,6.8],"texture":"#2"},"east":{"uv":[3.2,10.4,4.4,11.6],"texture":"#2"},"south":{"uv":[8,7.2,9.8,8.4],"texture":"#2"},"west":{"uv":[10.4,5.6,11.6,6.8],"texture":"#2"},"up":{"uv":[1.8,10,0,8.8],"texture":"#2"},"down":{"uv":[10.6,0,8.8,1.2],"texture":"#2"}}},{"from":[7.1,8.55,4.5],"to":[7.1,15.55,11.5],"rotation":{"angle":0,"axis":"y","origin":[0.5,-4.3,4.5]},"faces":{"west":{"uv":[1,1,15,15],"texture":"#3"}}},{"from":[8.9,8.55,4.5],"to":[8.9,15.55,11.5],"rotation":{"angle":0,"axis":"y","origin":[15.5,-4.3,4.5]},"faces":{"east":{"uv":[15,1,1,15],"texture":"#3"}}},{"from":[7.985,9.6,-4.15],"to":[8.015,16.1,6.85],"rotation":{"angle":0,"axis":"y","origin":[7.985,8.1,2.6]},"faces":{"east":{"uv":[8.8,0,0,5.2],"texture":"#2"},"west":{"uv":[0,0,8.8,5.2],"texture":"#2"}}},{"from":[7.5,12.11562,4.8165],"to":[8.5,14.11562,5.8165],"rotation":{"angle":-45,"axis":"x","origin":[7.5,12.11562,4.8165]},"faces":{"north":{"uv":[11.2,2.4,12,4],"texture":"#2"},"east":{"uv":[11.2,4,12,5.6],"texture":"#2"},"south":{"uv":[11.2,7.2,12,8.8],"texture":"#2"},"west":{"uv":[8,11.2,8.8,12.8],"texture":"#2"},"up":{"uv":[12,13.6,11.2,12.8],"texture":"#2"},"down":{"uv":[13.6,11.2,12.8,12],"texture":"#2"}}},{"from":[7.5,13.38338,2.04873],"to":[8.5,14.38338,4.04873],"rotation":{"angle":-45,"axis":"x","origin":[8,13.88338,3.04873]},"faces":{"north":{"uv":[12,12.8,12.8,13.6],"texture":"#2"},"east":{"uv":[8.8,11.2,10.4,12],"texture":"#2"},"south":{"uv":[12.8,12,13.6,12.8],"texture":"#2"},"west":{"uv":[11.2,8.8,12.8,9.6],"texture":"#2"},"up":{"uv":[12,11.2,11.2,9.6],"texture":"#2"},"down":{"uv":[12,11.2,11.2,12.8],"texture":"#2"}}},{"from":[7.505,12.40198,-0.42005],"to":[8.495,13.40198,2.57995],"rotation":{"angle":-22.5,"axis":"x","origin":[8.005,12.90198,1.57995]},"faces":{"north":{"uv":[12.8,12.8,13.6,13.6],"texture":"#2"},"east":{"uv":[8.8,4.8,11.2,5.6],"texture":"#2"},"south":{"uv":[0,13.6,0.8,14.4],"texture":"#2"},"west":{"uv":[5.6,8.8,8,9.6],"texture":"#2"},"up":{"uv":[8.8,11.2,8,8.8],"texture":"#2"},"down":{"uv":[9.6,8.8,8.8,11.2],"texture":"#2"}}},{"from":[7.5,10.90851,9.26929],"to":[8.5,12.90851,10.26929],"rotation":{"angle":45,"axis":"x","origin":[8,11.40851,9.76929]},"faces":{"north":{"uv":[1.6,11.2,0.8,12.8],"texture":"#2"},"east":{"uv":[12,0,11.2,1.6],"texture":"#2"},"south":{"uv":[0.8,11.2,0,12.8],"texture":"#2"},"west":{"uv":[2.4,11.2,1.6,12.8],"texture":"#2"},"up":{"uv":[13.6,8.8,12.8,9.6],"texture":"#2"},"down":{"uv":[13.6,10.4,12.8,9.6],"texture":"#2"}}},{"from":[7.5,12.57483,8.103],"to":[8.5,13.57483,10.353],"rotation":{"angle":45,"axis":"x","origin":[8,13.04983,9.50683]},"faces":{"north":{"uv":[13.6,10.4,12.8,11.2],"texture":"#2"},"east":{"uv":[1.8,10.4,0,11.2],"texture":"#2"},"west":{"uv":[12.2,1.6,10.4,2.4],"texture":"#2"},"up":{"uv":[3.2,10.4,2.4,12.2],"texture":"#2"},"down":{"uv":[11.2,4.2,10.4,2.4],"texture":"#2"}}},{"from":[7.985,9.6,9.15],"to":[8.015,16.1,20.15],"rotation":{"angle":0,"axis":"y","origin":[7.985,8.1,13.4]},"faces":{"east":{"uv":[0,0,8.8,5.2],"texture":"#2"},"west":{"uv":[8.8,0,0,5.2],"texture":"#2"}}},{"from":[7.5,12.11562,10.1835],"to":[8.5,14.11562,11.1835],"rotation":{"angle":45,"axis":"x","origin":[7.5,12.11562,11.1835]},"faces":{"north":{"uv":[12,7.2,11.2,8.8],"texture":"#2"},"east":{"uv":[12,4,11.2,5.6],"texture":"#2"},"south":{"uv":[12,2.4,11.2,4],"texture":"#2"},"west":{"uv":[8.8,11.2,8,12.8],"texture":"#2"},"up":{"uv":[12,12.8,11.2,13.6],"texture":"#2"},"down":{"uv":[13.6,12,12.8,11.2],"texture":"#2"}}},{"from":[7.5,13.38338,11.95127],"to":[8.5,14.38338,13.95127],"rotation":{"angle":45,"axis":"x","origin":[8,13.88338,12.95127]},"faces":{"north":{"uv":[13.6,12,12.8,12.8],"texture":"#2"},"east":{"uv":[10.4,11.2,8.8,12],"texture":"#2"},"south":{"uv":[12.8,12.8,12,13.6],"texture":"#2"},"west":{"uv":[12.8,8.8,11.2,9.6],"texture":"#2"},"up":{"uv":[12,9.6,11.2,11.2],"texture":"#2"},"down":{"uv":[12,12.8,11.2,11.2],"texture":"#2"}}},{"from":[7.505,12.40198,13.42005],"to":[8.495,13.40198,16.42005],"rotation":{"angle":22.5,"axis":"x","origin":[8.005,12.90198,14.42005]},"faces":{"north":{"uv":[0.8,13.6,0,14.4],"texture":"#2"},"east":{"uv":[11.2,4.8,8.8,5.6],"texture":"#2"},"south":{"uv":[13.6,12.8,12.8,13.6],"texture":"#2"},"west":{"uv":[8,8.8,5.6,9.6],"texture":"#2"},"up":{"uv":[8.8,8.8,8,11.2],"texture":"#2"},"down":{"uv":[9.6,11.2,8.8,8.8],"texture":"#2"}}}],"gui_light":"front","display":{"thirdperson_righthand":{"translation":[0,2.75,0.75]},"thirdperson_lefthand":{"translation":[0,2.75,0.75]},"firstperson_righthand":{"rotation":[-10,0,0],"translation":[0,3.75,0]},"firstperson_lefthand":{"rotation":[-10,0,0],"translation":[0,3.75,0]},"ground":{"rotation":[45,0,0],"translation":[0,7.5,0]},"gui":{"rotation":[-90,45,90],"translation":[1.25,-1.25,0],"scale":[0.86133,0.86133,0.86133]},"head":{"rotation":[0,90,0]},"fixed":{"rotation":[0,90,0],"translation":[0,0.25,-1.5],"scale":[2.5,2.5,2.5]}}}