{"credit":"MadebyPolygonMC","texture_size":[24,24],"textures":{"2":"azureset:scythe","3":"azureset:animations/animations_2","particle":"azureset:scythe"},"elements":[{"from":[7.5,6,7.5],"to":[8.5,8.5,8.5],"rotation":{"angle":0,"axis":"y","origin":[7.5,7.5,7.5]},"faces":{"north":{"uv":[8.66667,10,9.33333,11.66667],"texture":"#2"},"east":{"uv":[4.66667,10.66667,5.33333,12.33333],"texture":"#2"},"south":{"uv":[5.33333,10.66667,6,12.33333],"texture":"#2"},"west":{"uv":[9.33333,10.66667,10,12.33333],"texture":"#2"},"up":{"uv":[12.66667,3.33333,12,2.66667],"texture":"#2"}}},{"from":[7.6,8.5,7.6],"to":[8.4,10,8.4],"rotation":{"angle":0,"axis":"y","origin":[7.5,9,7.5]},"faces":{"north":{"uv":[6,13.33333,6.5,14.33333],"texture":"#2"},"east":{"uv":[6.66667,13.33333,7.16667,14.33333],"texture":"#2"},"south":{"uv":[7.33333,13.33333,7.83333,14.33333],"texture":"#2"},"west":{"uv":[8,13.33333,8.5,14.33333],"texture":"#2"}}},{"from":[7.5,10,7.5],"to":[8.5,12,8.5],"rotation":{"angle":0,"axis":"y","origin":[7.5,10,7.5]},"faces":{"north":{"uv":[2.66667,12,3.33333,13.33333],"texture":"#2"},"east":{"uv":[12,5.33333,12.66667,6.66667],"texture":"#2"},"south":{"uv":[6,12,6.66667,13.33333],"texture":"#2"},"west":{"uv":[6.66667,12,7.33333,13.33333],"texture":"#2"},"down":{"uv":[9.33333,13.33333,8.66667,14],"texture":"#2"}}},{"from":[7.4,7,7.4],"to":[8.6,7.5,8.6],"rotation":{"angle":0,"axis":"y","origin":[7.5,7,7.5]},"faces":{"north":{"uv":[12,14,12.83333,14.33333],"texture":"#2"},"east":{"uv":[14,12,14.83333,12.33333],"texture":"#2"},"south":{"uv":[14,12.66667,14.83333,13],"texture":"#2"},"west":{"uv":[13.33333,14,14.16667,14.33333],"texture":"#2"},"up":{"uv":[5.5,13.5,4.66667,12.66667],"texture":"#2"},"down":{"uv":[13.5,4.66667,12.66667,5.5],"texture":"#2"}}},{"from":[7.4,5.5,7.4],"to":[8.6,6,8.6],"rotation":{"angle":0,"axis":"y","origin":[7.5,5.5,7.5]},"faces":{"north":{"uv":[14,13.33333,14.83333,13.66667],"texture":"#2"},"east":{"uv":[0,14.66667,0.83333,15],"texture":"#2"},"south":{"uv":[14.66667,0,15.5,0.33333],"texture":"#2"},"west":{"uv":[14.66667,0.66667,15.5,1],"texture":"#2"},"up":{"uv":[13.5,6.83333,12.66667,6],"texture":"#2"},"down":{"uv":[13.5,7.33333,12.66667,8.16667],"texture":"#2"}}},{"from":[7.4,12,7.4],"to":[8.6,12.5,8.6],"rotation":{"angle":0,"axis":"y","origin":[7.5,12,7.5]},"faces":{"north":{"uv":[1.33333,14.66667,2.16667,15],"texture":"#2"},"east":{"uv":[14.66667,1.33333,15.5,1.66667],"texture":"#2"},"south":{"uv":[14.66667,2,15.5,2.33333],"texture":"#2"},"west":{"uv":[2.66667,14.66667,3.5,15],"texture":"#2"},"up":{"uv":[13.5,9.5,12.66667,8.66667],"texture":"#2"},"down":{"uv":[10.16667,12.66667,9.33333,13.5],"texture":"#2"}}},{"from":[7.4,11,7.4],"to":[8.6,11.5,8.6],"rotation":{"angle":0,"axis":"y","origin":[7.5,11,7.5]},"faces":{"north":{"uv":[14.66667,2.66667,15.5,3],"texture":"#2"},"east":{"uv":[14.66667,3.33333,15.5,3.66667],"texture":"#2"},"south":{"uv":[4,14.66667,4.83333,15],"texture":"#2"},"west":{"uv":[14.66667,4,15.5,4.33333],"texture":"#2"},"up":{"uv":[13.5,10.83333,12.66667,10],"texture":"#2"},"down":{"uv":[13.5,11.33333,12.66667,12.16667],"texture":"#2"}}},{"from":[7.4,16,7.4],"to":[8.6,16.5,8.6],"rotation":{"angle":0,"axis":"y","origin":[7.5,16,7.5]},"faces":{"north":{"uv":[14.66667,4.66667,15.5,5],"texture":"#2"},"east":{"uv":[5.33333,14.66667,6.16667,15],"texture":"#2"},"south":{"uv":[14.66667,5.33333,15.5,5.66667],"texture":"#2"},"west":{"uv":[14.66667,6,15.5,6.33333],"texture":"#2"},"down":{"uv":[13.5,12.66667,12.66667,13.5],"texture":"#2"}}},{"from":[7.4,20.5,7.4],"to":[8.6,21.25,8.6],"rotation":{"angle":0,"axis":"y","origin":[7.5,20.5,7.5]},"faces":{"north":{"uv":[14,10,14.83333,10.5],"texture":"#2"},"east":{"uv":[10.66667,14,11.5,14.5],"texture":"#2"},"south":{"uv":[14,10.66667,14.83333,11.16667],"texture":"#2"},"west":{"uv":[14,11.33333,14.83333,11.83333],"texture":"#2"},"down":{"uv":[14.16667,0.66667,13.33333,1.5],"texture":"#2"}}},{"from":[7.35,16.5,7.35],"to":[8.65,20.5,8.65],"rotation":{"angle":0,"axis":"y","origin":[7.5,16.5,7.5]},"faces":{"north":{"uv":[8,4.66667,8.83333,7.33333],"texture":"#2"},"east":{"uv":[8,7.33333,8.83333,10],"texture":"#2"},"south":{"uv":[8.66667,0,9.5,2.66667],"texture":"#2"},"west":{"uv":[0.66667,8.66667,1.5,11.33333],"texture":"#2"},"up":{"uv":[14.16667,2.83333,13.33333,2],"texture":"#2"},"down":{"uv":[3.5,13.33333,2.66667,14.16667],"texture":"#2"}}},{"from":[7.445,-0.755,7.445],"to":[8.555,0.355,8.555],"rotation":{"angle":-45,"axis":"x","origin":[8,-0.2,8]},"faces":{"north":{"uv":[11.33333,13.33333,12,14],"texture":"#2"},"east":{"uv":[12,13.33333,12.66667,14],"texture":"#2"},"south":{"uv":[0,14,0.66667,14.66667],"texture":"#2"},"west":{"uv":[14,0,14.66667,0.66667],"texture":"#2"},"up":{"uv":[2.66667,14.66667,2,14],"texture":"#2"},"down":{"uv":[5.33333,14,4.66667,14.66667],"texture":"#2"}}},{"from":[7.5,20.90851,5.73071],"to":[8.5,22.90851,6.73071],"rotation":{"angle":-45,"axis":"x","origin":[8,21.40851,6.23071]},"faces":{"north":{"uv":[12,6.66667,12.66667,8],"texture":"#2"},"east":{"uv":[7.33333,12,8,13.33333],"texture":"#2"},"south":{"uv":[8,12,8.66667,13.33333],"texture":"#2"},"west":{"uv":[12,8,12.66667,9.33333],"texture":"#2"},"up":{"uv":[14.66667,5.33333,14,4.66667],"texture":"#2"},"down":{"uv":[6,14,5.33333,14.66667],"texture":"#2"}}},{"from":[7.5,22.57483,5.647],"to":[8.5,23.57483,7.897],"rotation":{"angle":-45,"axis":"x","origin":[8,23.04983,6.49317]},"faces":{"east":{"uv":[0,11.33333,1.5,12],"texture":"#2"},"south":{"uv":[14,5.33333,14.66667,6],"texture":"#2"},"west":{"uv":[6.66667,11.33333,8.16667,12],"texture":"#2"},"up":{"uv":[4,12.83333,3.33333,11.33333],"texture":"#2"},"down":{"uv":[4.66667,11.33333,4,12.83333],"texture":"#2"}}},{"from":[7.2,20.6,8.1],"to":[8.8,22.65,10.15],"rotation":{"angle":-45,"axis":"x","origin":[7.5,20.5,8]},"faces":{"north":{"uv":[3.33333,10,4.33333,11.33333],"texture":"#2"},"east":{"uv":[3.33333,8.66667,4.66667,10],"texture":"#2"},"south":{"uv":[10,9.33333,11,10.66667],"texture":"#2"},"west":{"uv":[6.66667,8.66667,8,10],"texture":"#2"},"up":{"uv":[11.66667,1.33333,10.66667,0],"texture":"#2"},"down":{"uv":[11.66667,1.33333,10.66667,2.66667],"texture":"#2"}}},{"from":[6.85,20.85,8.35],"to":[9.15,22.4,9.9],"rotation":{"angle":-45,"axis":"x","origin":[7.5,20.5,8]},"faces":{"north":{"uv":[10,5.33333,11.5,6.33333],"texture":"#2"},"east":{"uv":[11.33333,9.33333,12.33333,10.33333],"texture":"#2"},"south":{"uv":[6.66667,10,8.16667,11],"texture":"#2"},"west":{"uv":[11.33333,10.66667,12.33333,11.66667],"texture":"#2"},"up":{"uv":[11.5,7.66667,10,6.66667],"texture":"#2"},"down":{"uv":[11.5,8,10,9],"texture":"#2"}}},{"from":[7.1,18.55,4.5],"to":[7.1,25.55,11.5],"rotation":{"angle":0,"axis":"y","origin":[0.5,5.7,4.5]},"faces":{"west":{"uv":[1,1,15,15],"texture":"#3"}}},{"from":[8.9,18.55,4.5],"to":[8.9,25.55,11.5],"rotation":{"angle":0,"axis":"y","origin":[15.5,5.7,4.5]},"faces":{"east":{"uv":[15,1,1,15],"texture":"#3"}}},{"from":[7.5,20.90851,9.26929],"to":[8.5,22.90851,10.26929],"rotation":{"angle":45,"axis":"x","origin":[8,21.40851,9.76929]},"faces":{"north":{"uv":[8.66667,12,9.33333,13.33333],"texture":"#2"},"east":{"uv":[11.33333,12,12,13.33333],"texture":"#2"},"south":{"uv":[12,12,12.66667,13.33333],"texture":"#2"},"west":{"uv":[0,12.66667,0.66667,14],"texture":"#2"},"up":{"uv":[14.66667,6.66667,14,6],"texture":"#2"},"down":{"uv":[14.66667,6.66667,14,7.33333],"texture":"#2"}}},{"from":[7.5,22.57483,8.103],"to":[8.5,23.57483,10.353],"rotation":{"angle":45,"axis":"x","origin":[8,23.04983,9.50683]},"faces":{"north":{"uv":[14,7.33333,14.66667,8],"texture":"#2"},"east":{"uv":[0,12,1.5,12.66667],"texture":"#2"},"west":{"uv":[12,0,13.5,0.66667],"texture":"#2"},"up":{"uv":[12.66667,2.16667,12,0.66667],"texture":"#2"},"down":{"uv":[2.66667,12,2,13.5],"texture":"#2"}}},{"from":[7.5,0,7.5],"to":[8.5,5.5,8.5],"rotation":{"angle":0,"axis":"y","origin":[7.5,0,7.5]},"faces":{"north":{"uv":[4.66667,6.66667,5.33333,10.33333],"texture":"#2"},"east":{"uv":[6.66667,4.66667,7.33333,8.33333],"texture":"#2"},"south":{"uv":[5.33333,6.66667,6,10.33333],"texture":"#2"},"west":{"uv":[7.33333,4.66667,8,8.33333],"texture":"#2"}}},{"from":[7.5,12.5,7.5],"to":[8.5,16,8.5],"rotation":{"angle":0,"axis":"y","origin":[7.5,12,7.5]},"faces":{"north":{"uv":[9.33333,5.33333,10,7.66667],"texture":"#2"},"east":{"uv":[6,9.33333,6.66667,11.66667],"texture":"#2"},"south":{"uv":[9.33333,8,10,10.33333],"texture":"#2"},"west":{"uv":[10,0,10.66667,2.33333],"texture":"#2"}}},{"from":[7.6,22.75,8],"to":[8.4,25.25,10.5],"rotation":{"angle":-45,"axis":"x","origin":[7.5,22.75,8]},"faces":{"north":{"uv":[0.66667,12.66667,1.16667,14.33333],"texture":"#2"},"east":{"uv":[0.66667,6.66667,2.33333,8.33333],"texture":"#2"},"south":{"uv":[12.66667,0.66667,13.16667,2.33333],"texture":"#2"},"west":{"uv":[2.66667,6.66667,4.33333,8.33333],"texture":"#2"},"up":{"uv":[1.83333,14.33333,1.33333,12.66667],"texture":"#2"},"down":{"uv":[13.16667,2.66667,12.66667,4.33333],"texture":"#2"}}},{"from":[7.525,21.25,-1],"to":[8.475,22.25,6],"rotation":{"angle":-22.5,"axis":"x","origin":[7.5,21.25,5]},"faces":{"north":{"uv":[14,8,14.66667,8.66667],"texture":"#2"},"east":{"uv":[6,3.33333,10.66667,4],"texture":"#2"},"south":{"uv":[8.66667,14,9.33333,14.66667],"texture":"#2"},"west":{"uv":[6,4,10.66667,4.66667],"texture":"#2"},"up":{"uv":[6.66667,9.33333,6,4.66667],"texture":"#2"},"down":{"uv":[0.66667,6.66667,0,11.33333],"texture":"#2"}}},{"from":[7.985,17.25,-7],"to":[8.015,22.25,6],"rotation":{"angle":-22.5,"axis":"x","origin":[7.51,21.25,5]},"faces":{"east":{"uv":[8.66667,0,0,3.33333],"texture":"#2"},"west":{"uv":[0,0,8.66667,3.33333],"texture":"#2"}}},{"from":[7.985,17.25,10],"to":[8.015,22.25,19],"rotation":{"angle":-22.5,"axis":"x","origin":[7.51,21.25,5]},"faces":{"east":{"uv":[6,3.33333,0,6.66667],"texture":"#2"},"west":{"uv":[0,3.33333,6,6.66667],"texture":"#2"}}},{"from":[7.525,21.25,9.75],"to":[8.475,22.25,14.75],"rotation":{"angle":-22.5,"axis":"x","origin":[7.5,21.25,5]},"faces":{"north":{"uv":[9.33333,14,10,14.66667],"texture":"#2"},"east":{"uv":[8.66667,2.66667,12,3.33333],"texture":"#2"},"south":{"uv":[14,9.33333,14.66667,10],"texture":"#2"},"west":{"uv":[9.33333,4.66667,12.66667,5.33333],"texture":"#2"},"up":{"uv":[2.66667,12,2,8.66667],"texture":"#2"},"down":{"uv":[3.33333,8.66667,2.66667,12],"texture":"#2"}}},{"from":[7.53,17.96357,-2.63307],"to":[8.47,18.96357,-0.13307],"rotation":{"angle":-45,"axis":"x","origin":[8.005,18.46357,-1.63307]},"faces":{"north":{"uv":[14,8.66667,14.66667,9.33333],"texture":"#2"},"east":{"uv":[10.66667,3.33333,12.33333,4],"texture":"#2"},"west":{"uv":[10.66667,4,12.33333,4.66667],"texture":"#2"},"up":{"uv":[10.66667,12.33333,10,10.66667],"texture":"#2"},"down":{"uv":[11.33333,10.66667,10.66667,12.33333],"texture":"#2"}}},{"from":[7.53,24.46475,13.33865],"to":[8.47,25.46475,14.83865],"rotation":{"angle":22.5,"axis":"x","origin":[8,24.96475,14.58865]},"faces":{"east":{"uv":[13.33333,3.33333,14.33333,4],"texture":"#2"},"south":{"uv":[10,14,10.66667,14.66667],"texture":"#2"},"west":{"uv":[13.33333,4,14.33333,4.66667],"texture":"#2"},"up":{"uv":[11.33333,13.66667,10.66667,12.66667],"texture":"#2"},"down":{"uv":[4.66667,13.33333,4,14.33333],"texture":"#2"}}}],"gui_light":"front","display":{"thirdperson_righthand":{"translation":[0,-3.25,0.75]},"thirdperson_lefthand":{"translation":[0,-3.25,0.75]},"firstperson_righthand":{"rotation":[-10,0,0],"translation":[0,-3.75,0]},"firstperson_lefthand":{"rotation":[-10,0,0],"translation":[0,-3.75,0]},"ground":{"rotation":[-45,0,0],"translation":[0,7.5,0]},"gui":{"rotation":[-90,45,90],"translation":[3,-4.75,0],"scale":[0.68164,0.68164,0.68164]},"head":{"rotation":[0,90,0]},"fixed":{"rotation":[0,-90,0],"translation":[0,-16.75,-1.5],"scale":[2.5,2.5,2.5]}}}