{"credit":"MadebyPolygonMC","texture_size":[24,24],"textures":{"1":"azureset:animations/animations_1","3":"azureset:animations/animations_2","4":"azureset:shield","particle":"azureset:animations/animations_1"},"elements":[{"from":[7.5,2.51443,9.45],"to":[8.5,5.01443,10.45],"rotation":{"angle":0,"axis":"y","origin":[8,8,8]},"faces":{"north":{"uv":[4.66667,10.66667,5.33333,12.33333],"texture":"#4"},"east":{"uv":[8.66667,9.33333,9.33333,11],"texture":"#4"},"south":{"uv":[10,8,10.66667,9.66667],"texture":"#4"},"west":{"uv":[10,10,10.66667,11.66667],"texture":"#4"},"up":{"uv":[13.33333,5.33333,12.66667,4.66667],"rotation":90,"texture":"#4"}}},{"from":[7.6,5.01443,9.55],"to":[8.4,6.51443,10.35],"rotation":{"angle":0,"axis":"y","origin":[8,8,8]},"faces":{"north":{"uv":[8.66667,12.66667,9.16667,13.66667],"texture":"#4"},"east":{"uv":[7.33333,12.66667,7.83333,13.66667],"texture":"#4"},"south":{"uv":[8,12.66667,8.5,13.66667],"texture":"#4"},"west":{"uv":[12.66667,8,13.16667,9],"texture":"#4"}}},{"from":[7.5,6.51443,9.45],"to":[8.5,8.51443,10.45],"rotation":{"angle":0,"axis":"y","origin":[8,8,8]},"faces":{"north":{"uv":[6.66667,11.33333,7.33333,12.66667],"texture":"#4"},"east":{"uv":[5.33333,11.33333,6,12.66667],"texture":"#4"},"south":{"uv":[11.33333,5.33333,12,6.66667],"texture":"#4"},"west":{"uv":[6,11.33333,6.66667,12.66667],"texture":"#4"},"down":{"uv":[10,12.66667,9.33333,13.33333],"rotation":270,"texture":"#4"}}},{"from":[7.4,3.51443,9.35],"to":[8.6,4.01443,10.55],"rotation":{"angle":0,"axis":"y","origin":[8,8,8]},"faces":{"north":{"uv":[12.66667,13.33333,13.5,13.66667],"texture":"#4"},"east":{"uv":[11.33333,13.33333,12.16667,13.66667],"texture":"#4"},"south":{"uv":[13.33333,11.33333,14.16667,11.66667],"texture":"#4"},"west":{"uv":[13.33333,12,14.16667,12.33333],"texture":"#4"},"up":{"uv":[12.83333,6.83333,12,6],"rotation":90,"texture":"#4"},"down":{"uv":[13.5,0,12.66667,0.83333],"rotation":270,"texture":"#4"}}},{"from":[7.4,7.51443,9.35],"to":[8.6,8.01443,10.55],"rotation":{"angle":0,"axis":"y","origin":[8,8,8]},"faces":{"north":{"uv":[14,0.66667,14.83333,1],"texture":"#4"},"east":{"uv":[13.33333,12.66667,14.16667,13],"texture":"#4"},"south":{"uv":[0,14,0.83333,14.33333],"texture":"#4"},"west":{"uv":[14,0,14.83333,0.33333],"texture":"#4"},"up":{"uv":[3.5,13.5,2.66667,12.66667],"rotation":90,"texture":"#4"},"down":{"uv":[13.5,2.66667,12.66667,3.5],"rotation":270,"texture":"#4"}}},{"from":[11.46531,3.42469,9.395],"to":[12.57531,4.53469,10.505],"rotation":{"angle":-45,"axis":"z","origin":[8,8,8]},"faces":{"north":{"uv":[11.33333,12.66667,12,13.33333],"texture":"#4"},"east":{"uv":[12.66667,9.33333,13.33333,10],"texture":"#4"},"south":{"uv":[12.66667,10,13.33333,10.66667],"texture":"#4"},"west":{"uv":[12.66667,10.66667,13.33333,11.33333],"texture":"#4"},"up":{"uv":[13.33333,12,12.66667,11.33333],"rotation":90,"texture":"#4"},"down":{"uv":[12.66667,12.66667,12,13.33333],"rotation":270,"texture":"#4"}}},{"from":[5.27004,12.23212,6.45],"to":[6.27004,14.23212,7.45],"rotation":{"angle":-45,"axis":"z","origin":[8,8,8]},"faces":{"north":{"uv":[11.33333,11.33333,12,12.66667],"texture":"#4"},"east":{"uv":[11.33333,6.66667,12,8],"texture":"#4"},"south":{"uv":[8.66667,11.33333,9.33333,12.66667],"texture":"#4"},"west":{"uv":[11.33333,10,12,11.33333],"texture":"#4"},"up":{"uv":[13.33333,12.66667,12.66667,12],"rotation":90,"texture":"#4"},"down":{"uv":[13.33333,12.66667,12.66667,13.33333],"rotation":270,"texture":"#4"}}},{"from":[3.02003,13.23212,6.45],"to":[5.27003,14.23212,7.45],"rotation":{"angle":-45,"axis":"z","origin":[8,8,8]},"faces":{"north":{"uv":[10.66667,8,12.16667,8.66667],"texture":"#4"},"south":{"uv":[5.33333,10.66667,6.83333,11.33333],"texture":"#4"},"west":{"uv":[0,13.33333,0.66667,14],"texture":"#4"},"up":{"uv":[8,12.16667,7.33333,10.66667],"rotation":90,"texture":"#4"},"down":{"uv":[8.66667,10.66667,8,12.16667],"rotation":270,"texture":"#4"}}},{"from":[10.72997,13.23212,6.45],"to":[12.97997,14.23212,7.45],"rotation":{"angle":45,"axis":"z","origin":[8,8,8]},"faces":{"north":{"uv":[10.66667,9.33333,12.16667,10],"texture":"#4"},"east":{"uv":[0.66667,13.33333,1.33333,14],"texture":"#4"},"south":{"uv":[10.66667,8.66667,12.16667,9.33333],"texture":"#4"},"up":{"uv":[10,12.16667,9.33333,10.66667],"rotation":90,"texture":"#4"},"down":{"uv":[11.33333,10,10.66667,11.5],"rotation":270,"texture":"#4"}}},{"from":[9.72996,12.23212,6.45],"to":[10.72996,14.23212,7.45],"rotation":{"angle":45,"axis":"z","origin":[8,8,8]},"faces":{"north":{"uv":[1.33333,12,2,13.33333],"texture":"#4"},"east":{"uv":[0,12,0.66667,13.33333],"texture":"#4"},"south":{"uv":[12,0,12.66667,1.33333],"texture":"#4"},"west":{"uv":[0.66667,12,1.33333,13.33333],"texture":"#4"},"up":{"uv":[2,14,1.33333,13.33333],"rotation":90,"texture":"#4"},"down":{"uv":[14,4.66667,13.33333,5.33333],"rotation":270,"texture":"#4"}}},{"from":[3.01137,10.93863,6.15],"to":[5.06137,12.98863,7.75],"rotation":{"angle":-45,"axis":"z","origin":[8,8,8]},"faces":{"north":{"uv":[8,5.33333,9.33333,6.66667],"texture":"#4"},"east":{"uv":[10,2.66667,11,4],"texture":"#4"},"south":{"uv":[8,4,9.33333,5.33333],"texture":"#4"},"west":{"uv":[10,4,11,5.33333],"texture":"#4"},"up":{"uv":[11,6.66667,10,5.33333],"rotation":90,"texture":"#4"},"down":{"uv":[11,6.66667,10,8],"rotation":270,"texture":"#4"}}},{"from":[3.26137,11.18863,5.8],"to":[4.81137,12.73863,8.1],"rotation":{"angle":-45,"axis":"z","origin":[8,8,8]},"faces":{"north":{"uv":[11.33333,4,12.33333,5],"texture":"#4"},"east":{"uv":[4.66667,9.33333,6.16667,10.33333],"texture":"#4"},"south":{"uv":[11.33333,2.66667,12.33333,3.66667],"texture":"#4"},"west":{"uv":[6.66667,9.33333,8.16667,10.33333],"texture":"#4"},"up":{"uv":[11.5,1,10,0],"rotation":90,"texture":"#4"},"down":{"uv":[11.5,1.33333,10,2.33333],"rotation":270,"texture":"#4"}}},{"from":[8.70349,8.70349,6.7],"to":[11.95349,11.95349,7.2],"rotation":{"angle":45,"axis":"z","origin":[8,8,8]},"faces":{"north":{"uv":[6.66667,6.66667,8.83333,8.83333],"texture":"#4"},"east":{"uv":[10,12,10.33333,14.16667],"texture":"#4"},"south":{"uv":[4,6.66667,6.16667,8.83333],"texture":"#4"},"west":{"uv":[12,10,12.33333,12.16667],"texture":"#4"},"up":{"uv":[11,14.16667,10.66667,12],"rotation":90,"texture":"#4"},"down":{"uv":[2.33333,12.66667,2,14.83333],"rotation":270,"texture":"#4"}}},{"from":[1.16998,1.16998,6.7],"to":[3.61998,3.61998,7.2],"rotation":{"angle":45,"axis":"z","origin":[8,8,8]},"faces":{"north":{"uv":[8,2,9.66667,3.66667],"texture":"#4"},"east":{"uv":[4.66667,12.66667,5,14.33333],"texture":"#4"},"south":{"uv":[8,0,9.66667,1.66667],"texture":"#4"},"west":{"uv":[5.33333,12.66667,5.66667,14.33333],"texture":"#4"},"up":{"uv":[6.33333,14.33333,6,12.66667],"rotation":90,"texture":"#4"},"down":{"uv":[7,12.66667,6.66667,14.33333],"rotation":270,"texture":"#4"}}},{"from":[6.625,0.42687,6.705],"to":[9.375,10.42687,7.195],"rotation":{"angle":0,"axis":"x","origin":[8,8,8]},"faces":{"north":{"uv":[6,0,7.83333,6.66667],"texture":"#4"},"east":{"uv":[4,9.33333,4.33333,16],"texture":"#4"},"south":{"uv":[4,0,5.83333,6.66667],"texture":"#4"},"west":{"uv":[9.33333,4,9.66667,10.66667],"texture":"#4"}}},{"from":[14.17051,11.90256,6.7],"to":[16.17051,12.40256,7.2],"rotation":{"angle":22.5,"axis":"z","origin":[8,8,8]},"faces":{"north":{"uv":[13.33333,6.66667,14.66667,7],"texture":"#4"},"east":{"uv":[14,3.33333,14.33333,3.66667],"texture":"#4"},"south":{"uv":[13.33333,6,14.66667,6.33333],"texture":"#4"},"west":{"uv":[14,4,14.33333,4.33333],"texture":"#4"},"up":{"uv":[13.66667,8.66667,13.33333,7.33333],"rotation":90,"texture":"#4"},"down":{"uv":[13.66667,8.66667,13.33333,10],"rotation":270,"texture":"#4"}}},{"from":[12.67051,11.90256,6.7],"to":[14.17051,12.90256,7.2],"rotation":{"angle":22.5,"axis":"z","origin":[8,8,8]},"faces":{"north":{"uv":[12.66667,4,13.66667,4.66667],"texture":"#4"},"east":{"uv":[1.33333,14,1.66667,14.66667],"texture":"#4"},"south":{"uv":[12,7.33333,13,8],"texture":"#4"},"west":{"uv":[14,1.33333,14.33333,2],"texture":"#4"},"up":{"uv":[9.66667,14.33333,9.33333,13.33333],"rotation":90,"texture":"#4"},"down":{"uv":[13.66667,10,13.33333,11],"rotation":270,"texture":"#4"}}},{"from":[8.89658,15.32985,6.7005],"to":[9.64658,15.82985,7.1995],"rotation":{"angle":-22.5,"axis":"z","origin":[8,8,8]},"faces":{"north":{"uv":[2.66667,14,3.16667,14.33333],"texture":"#4"},"east":{"uv":[14,4.66667,14.33333,5],"texture":"#4"},"south":{"uv":[14,2,14.5,2.33333],"texture":"#4"},"west":{"uv":[14,5.33333,14.33333,5.66667],"texture":"#4"},"up":{"uv":[14.33333,3.16667,14,2.66667],"rotation":90,"texture":"#4"},"down":{"uv":[3.66667,14,3.33333,14.5],"rotation":270,"texture":"#4"}}},{"from":[10.66434,16.5365,6.6975],"to":[11.01834,16.8905,7.2025],"rotation":{"angle":-22.5,"axis":"z","origin":[8,8,8]},"faces":{"north":{"uv":[14,8.66667,14.16667,8.83333],"texture":"#4"},"east":{"uv":[7.33333,14,7.66667,14.16667],"texture":"#4"},"south":{"uv":[8.66667,14,8.83333,14.16667],"texture":"#4"},"west":{"uv":[14,7.33333,14.33333,7.5],"texture":"#4"},"up":{"uv":[8.33333,14.16667,8,14],"rotation":90,"texture":"#4"},"down":{"uv":[14.33333,8,14,8.16667],"rotation":270,"texture":"#4"}}},{"from":[1.82949,11.90256,6.7],"to":[3.32949,12.90256,7.2],"rotation":{"angle":-22.5,"axis":"z","origin":[8,8,8]},"faces":{"north":{"uv":[13.66667,4,12.66667,4.66667],"texture":"#4"},"east":{"uv":[14.33333,1.33333,14,2],"texture":"#4"},"south":{"uv":[13,7.33333,12,8],"texture":"#4"},"west":{"uv":[1.66667,14,1.33333,14.66667],"texture":"#4"},"up":{"uv":[9.66667,13.33333,9.33333,14.33333],"rotation":90,"texture":"#4"},"down":{"uv":[13.66667,11,13.33333,10],"rotation":270,"texture":"#4"}}},{"from":[6.35342,15.32985,6.7005],"to":[7.10342,15.82985,7.1995],"rotation":{"angle":22.5,"axis":"z","origin":[8,8,8]},"faces":{"north":{"uv":[3.16667,14,2.66667,14.33333],"texture":"#4"},"east":{"uv":[14.33333,5.33333,14,5.66667],"texture":"#4"},"south":{"uv":[14.5,2,14,2.33333],"texture":"#4"},"west":{"uv":[14.33333,4.66667,14,5],"texture":"#4"},"up":{"uv":[14.33333,2.66667,14,3.16667],"rotation":90,"texture":"#4"},"down":{"uv":[3.66667,14.5,3.33333,14],"rotation":270,"texture":"#4"}}},{"from":[-0.17051,11.90256,6.7],"to":[1.82949,12.40256,7.2],"rotation":{"angle":-22.5,"axis":"z","origin":[8,8,8]},"faces":{"north":{"uv":[14.66667,6.66667,13.33333,7],"texture":"#4"},"east":{"uv":[14.33333,4,14,4.33333],"texture":"#4"},"south":{"uv":[14.66667,6,13.33333,6.33333],"texture":"#4"},"west":{"uv":[14.33333,3.33333,14,3.66667],"texture":"#4"},"up":{"uv":[13.66667,7.33333,13.33333,8.66667],"rotation":90,"texture":"#4"},"down":{"uv":[13.66667,10,13.33333,8.66667],"rotation":270,"texture":"#4"}}},{"from":[4.98166,16.5365,6.6975],"to":[5.33566,16.8905,7.2025],"rotation":{"angle":22.5,"axis":"z","origin":[8,8,8]},"faces":{"north":{"uv":[14.16667,8.66667,14,8.83333],"texture":"#4"},"east":{"uv":[14.33333,7.33333,14,7.5],"texture":"#4"},"south":{"uv":[8.83333,14,8.66667,14.16667],"texture":"#4"},"west":{"uv":[7.66667,14,7.33333,14.16667],"texture":"#4"},"up":{"uv":[8.33333,14,8,14.16667],"rotation":90,"texture":"#4"},"down":{"uv":[14.33333,8.16667,14,8],"rotation":270,"texture":"#4"}}},{"from":[12.67051,11.90256,6.935],"to":[18.67051,14.90256,6.965],"rotation":{"angle":22.5,"axis":"z","origin":[8,8,8]},"faces":{"north":{"uv":[0,0,12,6],"texture":"#1"},"south":{"uv":[12,0,0,6],"texture":"#1"}}},{"from":[-2.67051,11.90256,6.935],"to":[3.32949,14.90256,6.965],"rotation":{"angle":-22.5,"axis":"z","origin":[8,8,8]},"faces":{"north":{"uv":[12,0,0,6],"texture":"#1"},"south":{"uv":[0,0,12,6],"texture":"#1"}}},{"from":[4.5,10.11443,6.05],"to":[11.5,17.11443,6.05],"rotation":{"angle":0,"axis":"y","origin":[8,8,8]},"faces":{"north":{"uv":[1,1,15,15],"texture":"#3"}}},{"from":[8.375,-3.57313,6.95],"to":[11.375,14.42687,6.98],"rotation":{"angle":0,"axis":"y","origin":[8,8,8]},"faces":{"north":{"uv":[0,0,2,12],"texture":"#4"},"south":{"uv":[2,0,0,12],"texture":"#4"}}},{"from":[10.71628,-3.57313,5.73837],"to":[13.21628,14.42687,5.76837],"rotation":{"angle":-22.5,"axis":"y","origin":[8,8,8]},"faces":{"north":{"uv":[2,0,3.66667,12],"texture":"#4"},"south":{"uv":[3.66667,0,2,12],"texture":"#4"}}},{"from":[2.78372,-3.57313,5.73837],"to":[5.28372,14.42687,5.76837],"rotation":{"angle":22.5,"axis":"y","origin":[8,8,8]},"faces":{"north":{"uv":[3.66667,0,2,12],"texture":"#4"},"south":{"uv":[2,0,3.66667,12],"texture":"#4"}}},{"from":[4.625,-3.57313,6.95],"to":[7.625,14.42687,6.98],"rotation":{"angle":0,"axis":"y","origin":[8,8,8]},"faces":{"north":{"uv":[2,0,0,12],"texture":"#4"},"south":{"uv":[0,0,2,12],"texture":"#4"}}},{"from":[11.65156,3.54844,7.17],"to":[12.45156,4.34844,9.395],"rotation":{"angle":-45,"axis":"z","origin":[8,8,8]},"faces":{"east":{"uv":[12,1.33333,13.5,1.83333],"texture":"#4"},"west":{"uv":[2,12,3.5,12.5],"texture":"#4"},"up":{"uv":[13.5,2.5,12,2],"rotation":90,"texture":"#4"},"down":{"uv":[13.5,5.33333,12,5.83333],"rotation":270,"texture":"#4"}}},{"from":[7.95018,7.95018,9.395],"to":[9.06018,9.06018,10.505],"rotation":{"angle":45,"axis":"z","origin":[8,8,8]},"faces":{"north":{"uv":[11.33333,13.33333,12,12.66667],"texture":"#4"},"east":{"uv":[12.66667,10,13.33333,9.33333],"texture":"#4"},"south":{"uv":[12.66667,10.66667,13.33333,10],"texture":"#4"},"west":{"uv":[12.66667,11.33333,13.33333,10.66667],"texture":"#4"},"up":{"uv":[12.66667,13.33333,12,12.66667],"rotation":90,"texture":"#4"},"down":{"uv":[13.33333,11.33333,12.66667,12],"rotation":270,"texture":"#4"}}},{"from":[8.13643,8.13643,7.17],"to":[8.93643,8.93643,9.395],"rotation":{"angle":45,"axis":"z","origin":[8,8,8]},"faces":{"east":{"uv":[12,1.83333,13.5,1.33333],"texture":"#4"},"west":{"uv":[2,12.5,3.5,12],"texture":"#4"},"up":{"uv":[13.5,5.83333,12,5.33333],"rotation":90,"texture":"#4"},"down":{"uv":[13.5,2,12,2.5],"rotation":270,"texture":"#4"}}}],"gui_light":"front","display":{"thirdperson_righthand":{"rotation":[0,-90,0],"translation":[2,0.25,1]},"thirdperson_lefthand":{"rotation":[0,-90,0],"translation":[2,0.25,1]},"firstperson_righthand":{"rotation":[0,0,14],"translation":[0,2.75,1]},"firstperson_lefthand":{"rotation":[0,0,14],"translation":[0,2.75,1]},"ground":{"rotation":[45,0,0],"translation":[0,9,0]},"gui":{"rotation":[0,180,-45],"translation":[-0.75,0.75,0],"scale":[0.82617,0.82617,0.82617]},"fixed":{"translation":[0,6,-1.5],"scale":[2.5,2.5,2.5]}}}