{"credit":"MadebyPolygonMC","texture_size":[8,8],"textures":{"2":"azureset:animations/animations_3","3":"azureset:animations/animations_2","4":"azureset:staff","particle":"azureset:animations/animations_3"},"elements":[{"from":[7.5,6,7.5],"to":[8.5,8.5,8.5],"rotation":{"angle":0,"axis":"y","origin":[7.5,7.5,7.5]},"faces":{"north":{"uv":[6.66667,8.66667,7.33333,10.33333],"texture":"#4"},"east":{"uv":[7.33333,8.66667,8,10.33333],"texture":"#4"},"south":{"uv":[0,9.33333,0.66667,11],"texture":"#4"},"west":{"uv":[0.66667,9.33333,1.33333,11],"texture":"#4"},"up":{"uv":[5.33333,12,4.66667,11.33333],"texture":"#4"}}},{"from":[7.6,8.5,7.6],"to":[8.4,10,8.4],"rotation":{"angle":0,"axis":"y","origin":[7.5,9,7.5]},"faces":{"north":{"uv":[12.66667,5.33333,13.16667,6.33333],"texture":"#4"},"east":{"uv":[12.66667,6.66667,13.16667,7.66667],"texture":"#4"},"south":{"uv":[8,12.66667,8.5,13.66667],"texture":"#4"},"west":{"uv":[12.66667,8,13.16667,9],"texture":"#4"}}},{"from":[7.5,10,7.5],"to":[8.5,12,8.5],"rotation":{"angle":0,"axis":"y","origin":[7.5,10,7.5]},"faces":{"north":{"uv":[10,5.33333,10.66667,6.66667],"texture":"#4"},"east":{"uv":[10,8,10.66667,9.33333],"texture":"#4"},"south":{"uv":[10,9.33333,10.66667,10.66667],"texture":"#4"},"west":{"uv":[10.66667,0,11.33333,1.33333],"texture":"#4"},"down":{"uv":[10,11.33333,9.33333,12],"texture":"#4"}}},{"from":[7.4,7,7.4],"to":[8.6,7.5,8.6],"rotation":{"angle":0,"axis":"y","origin":[7.5,7,7.5]},"faces":{"north":{"uv":[13.33333,8,14.16667,8.33333],"texture":"#4"},"east":{"uv":[8.66667,13.33333,9.5,13.66667],"texture":"#4"},"south":{"uv":[13.33333,8.66667,14.16667,9],"texture":"#4"},"west":{"uv":[13.33333,9.33333,14.16667,9.66667],"texture":"#4"},"up":{"uv":[12.16667,8.83333,11.33333,8],"texture":"#4"},"down":{"uv":[12.16667,9.33333,11.33333,10.16667],"texture":"#4"}}},{"from":[7.4,5.5,7.4],"to":[8.6,6,8.6],"rotation":{"angle":0,"axis":"y","origin":[7.5,5.5,7.5]},"faces":{"north":{"uv":[10,13.33333,10.83333,13.66667],"texture":"#4"},"east":{"uv":[13.33333,10,14.16667,10.33333],"texture":"#4"},"south":{"uv":[13.33333,10.66667,14.16667,11],"texture":"#4"},"west":{"uv":[11.33333,13.33333,12.16667,13.66667],"texture":"#4"},"up":{"uv":[12.16667,11.5,11.33333,10.66667],"texture":"#4"},"down":{"uv":[12.83333,0,12,0.83333],"texture":"#4"}}},{"from":[7.4,12,7.4],"to":[8.6,12.5,8.6],"rotation":{"angle":0,"axis":"y","origin":[7.5,12,7.5]},"faces":{"north":{"uv":[13.33333,11.33333,14.16667,11.66667],"texture":"#4"},"east":{"uv":[13.33333,12,14.16667,12.33333],"texture":"#4"},"south":{"uv":[12.66667,13.33333,13.5,13.66667],"texture":"#4"},"west":{"uv":[13.33333,12.66667,14.16667,13],"texture":"#4"},"up":{"uv":[2.16667,12.83333,1.33333,12],"texture":"#4"},"down":{"uv":[12.83333,1.33333,12,2.16667],"texture":"#4"}}},{"from":[7.4,11,7.4],"to":[8.6,11.5,8.6],"rotation":{"angle":0,"axis":"y","origin":[7.5,11,7.5]},"faces":{"north":{"uv":[14,0,14.83333,0.33333],"texture":"#4"},"east":{"uv":[0.66667,14,1.5,14.33333],"texture":"#4"},"south":{"uv":[14,0.66667,14.83333,1],"texture":"#4"},"west":{"uv":[14,1.33333,14.83333,1.66667],"texture":"#4"},"up":{"uv":[12.83333,3.5,12,2.66667],"texture":"#4"},"down":{"uv":[12.83333,4,12,4.83333],"texture":"#4"}}},{"from":[7.4,16,7.4],"to":[8.6,16.75,8.6],"rotation":{"angle":0,"axis":"y","origin":[7.5,16,7.5]},"faces":{"north":{"uv":[6,13.33333,6.83333,13.83333],"texture":"#4"},"east":{"uv":[13.33333,6,14.16667,6.5],"texture":"#4"},"south":{"uv":[13.33333,6.66667,14.16667,7.16667],"texture":"#4"},"west":{"uv":[13.33333,7.33333,14.16667,7.83333],"texture":"#4"},"down":{"uv":[6.83333,12,6,12.83333],"texture":"#4"}}},{"from":[7.445,-0.755,7.445],"to":[8.555,0.355,8.555],"rotation":{"angle":-45,"axis":"x","origin":[8,-0.2,8]},"faces":{"north":{"uv":[8.66667,12.66667,9.33333,13.33333],"texture":"#4"},"east":{"uv":[12.66667,9.33333,13.33333,10],"texture":"#4"},"south":{"uv":[12.66667,10,13.33333,10.66667],"texture":"#4"},"west":{"uv":[12.66667,10.66667,13.33333,11.33333],"texture":"#4"},"up":{"uv":[13.33333,12,12.66667,11.33333],"texture":"#4"},"down":{"uv":[14,0,13.33333,0.66667],"texture":"#4"}}},{"from":[7.5,16.40851,5.73071],"to":[8.5,18.40851,6.73071],"rotation":{"angle":-45,"axis":"x","origin":[8,16.90851,6.23071]},"faces":{"north":{"uv":[1.33333,10.66667,2,12],"texture":"#4"},"east":{"uv":[10.66667,1.33333,11.33333,2.66667],"texture":"#4"},"south":{"uv":[10.66667,2.66667,11.33333,4],"texture":"#4"},"west":{"uv":[10.66667,5.33333,11.33333,6.66667],"texture":"#4"},"up":{"uv":[1.33333,14,0.66667,13.33333],"texture":"#4"},"down":{"uv":[14,0.66667,13.33333,1.33333],"texture":"#4"}}},{"from":[7.5,18.07483,5.647],"to":[8.5,19.07483,7.897],"rotation":{"angle":-45,"axis":"x","origin":[8,18.54983,6.49317]},"faces":{"east":{"uv":[8.66667,6.66667,10.16667,7.33333],"texture":"#4"},"south":{"uv":[1.33333,13.33333,2,14],"texture":"#4"},"west":{"uv":[8.66667,7.33333,10.16667,8],"texture":"#4"},"up":{"uv":[10,10.83333,9.33333,9.33333],"texture":"#4"},"down":{"uv":[2.66667,10,2,11.5],"texture":"#4"}}},{"from":[7.2,16.1,8.1],"to":[8.8,18.15,10.15],"rotation":{"angle":-45,"axis":"x","origin":[7.5,16,8]},"faces":{"north":{"uv":[4,8.66667,5,10],"texture":"#4"},"east":{"uv":[6.66667,7.33333,8,8.66667],"texture":"#4"},"south":{"uv":[8.66667,4,9.66667,5.33333],"texture":"#4"},"west":{"uv":[0,8,1.33333,9.33333],"texture":"#4"},"up":{"uv":[6.33333,10,5.33333,8.66667],"texture":"#4"},"down":{"uv":[9.66667,5.33333,8.66667,6.66667],"texture":"#4"}}},{"from":[6.85,16.35,8.35],"to":[9.15,17.9,9.9],"rotation":{"angle":-45,"axis":"x","origin":[7.5,16,8]},"faces":{"north":{"uv":[8,8,9.5,9],"texture":"#4"},"east":{"uv":[2.66667,10,3.66667,11],"texture":"#4"},"south":{"uv":[8.66667,0,10.16667,1],"texture":"#4"},"west":{"uv":[4,10,5,11],"texture":"#4"},"up":{"uv":[10.16667,2.33333,8.66667,1.33333],"texture":"#4"},"down":{"uv":[10.16667,2.66667,8.66667,3.66667],"texture":"#4"}}},{"from":[7.5,16.40851,9.26929],"to":[8.5,18.40851,10.26929],"rotation":{"angle":45,"axis":"x","origin":[8,16.90851,9.76929]},"faces":{"north":{"uv":[6.66667,10.66667,7.33333,12],"texture":"#4"},"east":{"uv":[10.66667,6.66667,11.33333,8],"texture":"#4"},"south":{"uv":[7.33333,10.66667,8,12],"texture":"#4"},"west":{"uv":[10.66667,8,11.33333,9.33333],"texture":"#4"},"up":{"uv":[14,2,13.33333,1.33333],"texture":"#4"},"down":{"uv":[2.66667,13.33333,2,14],"texture":"#4"}}},{"from":[7.5,18.07483,8.103],"to":[8.5,19.07483,10.353],"rotation":{"angle":45,"axis":"x","origin":[8,18.54983,9.50683]},"faces":{"north":{"uv":[13.33333,2,14,2.66667],"texture":"#4"},"east":{"uv":[10,4,11.5,4.66667],"texture":"#4"},"west":{"uv":[10,4.66667,11.5,5.33333],"texture":"#4"},"up":{"uv":[6,11.5,5.33333,10],"texture":"#4"},"down":{"uv":[6.66667,10,6,11.5],"texture":"#4"}}},{"from":[7.5,0,7.5],"to":[8.5,5.5,8.5],"rotation":{"angle":0,"axis":"y","origin":[7.5,0,7.5]},"faces":{"north":{"uv":[2,6,2.66667,9.66667],"texture":"#4"},"east":{"uv":[6,2,6.66667,5.66667],"texture":"#4"},"south":{"uv":[2.66667,6,3.33333,9.66667],"texture":"#4"},"west":{"uv":[3.33333,6,4,9.66667],"texture":"#4"}}},{"from":[7.5,12.5,7.5],"to":[8.5,16,8.5],"rotation":{"angle":0,"axis":"y","origin":[7.5,12,7.5]},"faces":{"north":{"uv":[8,0,8.66667,2.33333],"texture":"#4"},"east":{"uv":[1.33333,8,2,10.33333],"texture":"#4"},"south":{"uv":[8,2.66667,8.66667,5],"texture":"#4"},"west":{"uv":[8,5.33333,8.66667,7.66667],"texture":"#4"}}},{"from":[7.6,18.25,8],"to":[8.4,20.75,10.5],"rotation":{"angle":-45,"axis":"x","origin":[7.5,18.25,8]},"faces":{"north":{"uv":[11.33333,0,11.83333,1.66667],"texture":"#4"},"east":{"uv":[14.33333,4.66667,16,6.33333],"texture":"#4"},"south":{"uv":[0.66667,11.33333,1.16667,13],"texture":"#4"},"west":{"uv":[6,0,7.66667,1.66667],"texture":"#4"},"up":{"uv":[11.83333,3.66667,11.33333,2],"texture":"#4"},"down":{"uv":[3.16667,11.33333,2.66667,13],"texture":"#4"}}},{"from":[5.25,21.5,4.75],"to":[6.25,23.5,5.75],"rotation":{"angle":-45,"axis":"y","origin":[5.25,21.2375,5.25]},"faces":{"north":{"uv":[10.66667,9.33333,11.33333,10.66667],"texture":"#4"},"east":{"uv":[10,10.66667,10.66667,12],"texture":"#4"},"south":{"uv":[10.66667,10.66667,11.33333,12],"texture":"#4"},"west":{"uv":[0,11.33333,0.66667,12.66667],"texture":"#4"},"up":{"uv":[3.33333,14,2.66667,13.33333],"texture":"#4"},"down":{"uv":[14,2.66667,13.33333,3.33333],"texture":"#4"}}},{"from":[5.25,20.25,4.75],"to":[6.25,21.25,5.75],"rotation":{"angle":-45,"axis":"y","origin":[5.25,21.2375,5.25]},"faces":{"north":{"uv":[13.33333,3.33333,14,4],"texture":"#4"},"east":{"uv":[13.33333,4,14,4.66667],"texture":"#4"},"south":{"uv":[4.66667,13.33333,5.33333,14],"texture":"#4"},"west":{"uv":[13.33333,4.66667,14,5.33333],"texture":"#4"},"up":{"uv":[6,14,5.33333,13.33333],"texture":"#4"},"down":{"uv":[14,5.33333,13.33333,6],"texture":"#4"}}},{"from":[5.1,18.7,4.6],"to":[6.4,20.25,5.9],"rotation":{"angle":-45,"axis":"y","origin":[5.25,21.2375,5.25]},"faces":{"north":{"uv":[3.33333,11.33333,4.16667,12.33333],"texture":"#4"},"east":{"uv":[11.33333,5.33333,12.16667,6.33333],"texture":"#4"},"south":{"uv":[11.33333,6.66667,12.16667,7.66667],"texture":"#4"},"west":{"uv":[8,11.33333,8.83333,12.33333],"texture":"#4"},"up":{"uv":[12.83333,12.83333,12,12],"texture":"#4"},"down":{"uv":[4.16667,12.66667,3.33333,13.5],"texture":"#4"}}},{"from":[5,21.25,5],"to":[6,23.75,5.5],"rotation":{"angle":-45,"axis":"y","origin":[5.25,21.2375,5.25]},"faces":{"north":{"uv":[8,9.33333,8.66667,11],"texture":"#4"},"east":{"uv":[7.33333,12,7.66667,13.66667],"texture":"#4"},"south":{"uv":[8.66667,9.33333,9.33333,11],"texture":"#4"},"west":{"uv":[0,12.66667,0.33333,14.33333],"texture":"#4"},"up":{"uv":[14.66667,3.66667,14,3.33333],"texture":"#4"},"down":{"uv":[14.66667,4,14,4.33333],"texture":"#4"}}},{"from":[3.5,18.5,5.235],"to":[6,27.5,5.265],"rotation":{"angle":-45,"axis":"y","origin":[5.25,21.2375,5.25]},"faces":{"north":{"uv":[1.66667,0,0,6],"texture":"#4"},"south":{"uv":[0,0,1.66667,6],"texture":"#4"}}},{"from":[5.25,21.5,10.25],"to":[6.25,23.5,11.25],"rotation":{"angle":45,"axis":"y","origin":[5.25,21.2375,10.75]},"faces":{"north":{"uv":[11.33333,10.66667,10.66667,12],"texture":"#4"},"east":{"uv":[10.66667,10.66667,10,12],"texture":"#4"},"south":{"uv":[11.33333,9.33333,10.66667,10.66667],"texture":"#4"},"west":{"uv":[0.66667,11.33333,0,12.66667],"texture":"#4"},"up":{"uv":[3.33333,13.33333,2.66667,14],"texture":"#4"},"down":{"uv":[14,3.33333,13.33333,2.66667],"texture":"#4"}}},{"from":[5,21.25,10.5],"to":[6,23.75,11],"rotation":{"angle":45,"axis":"y","origin":[5.25,21.2375,10.75]},"faces":{"north":{"uv":[9.33333,9.33333,8.66667,11],"texture":"#4"},"east":{"uv":[7.66667,12,7.33333,13.66667],"texture":"#4"},"south":{"uv":[8.66667,9.33333,8,11],"texture":"#4"},"west":{"uv":[0.33333,12.66667,0,14.33333],"texture":"#4"},"up":{"uv":[14.66667,3.33333,14,3.66667],"texture":"#4"},"down":{"uv":[14.66667,4.33333,14,4],"texture":"#4"}}},{"from":[5.25,20.25,10.25],"to":[6.25,21.25,11.25],"rotation":{"angle":45,"axis":"y","origin":[5.25,21.2375,10.75]},"faces":{"north":{"uv":[5.33333,13.33333,4.66667,14],"texture":"#4"},"east":{"uv":[14,4,13.33333,4.66667],"texture":"#4"},"south":{"uv":[14,3.33333,13.33333,4],"texture":"#4"},"west":{"uv":[14,4.66667,13.33333,5.33333],"texture":"#4"},"up":{"uv":[6,13.33333,5.33333,14],"texture":"#4"},"down":{"uv":[14,6,13.33333,5.33333],"texture":"#4"}}},{"from":[5.1,18.7,10.1],"to":[6.4,20.25,11.4],"rotation":{"angle":45,"axis":"y","origin":[5.25,21.2375,10.75]},"faces":{"north":{"uv":[12.16667,6.66667,11.33333,7.66667],"texture":"#4"},"east":{"uv":[12.16667,5.33333,11.33333,6.33333],"texture":"#4"},"south":{"uv":[4.16667,11.33333,3.33333,12.33333],"texture":"#4"},"west":{"uv":[8.83333,11.33333,8,12.33333],"texture":"#4"},"up":{"uv":[12.83333,12,12,12.83333],"texture":"#4"},"down":{"uv":[4.16667,13.5,3.33333,12.66667],"texture":"#4"}}},{"from":[3.5,18.5,10.735],"to":[6,27.5,10.765],"rotation":{"angle":45,"axis":"y","origin":[5.25,21.2375,10.75]},"faces":{"north":{"uv":[1.66667,0,0,6],"texture":"#4"},"south":{"uv":[0,0,1.66667,6],"texture":"#4"}}},{"from":[9.75,21.5,4.75],"to":[10.75,23.5,5.75],"rotation":{"angle":45,"axis":"y","origin":[10.75,21.2375,5.25]},"faces":{"north":{"uv":[11.33333,9.33333,10.66667,10.66667],"texture":"#4"},"east":{"uv":[0.66667,11.33333,0,12.66667],"texture":"#4"},"south":{"uv":[11.33333,10.66667,10.66667,12],"texture":"#4"},"west":{"uv":[10.66667,10.66667,10,12],"texture":"#4"},"up":{"uv":[2.66667,14,3.33333,13.33333],"texture":"#4"},"down":{"uv":[13.33333,2.66667,14,3.33333],"texture":"#4"}}},{"from":[10,21.25,5],"to":[11,23.75,5.5],"rotation":{"angle":45,"axis":"y","origin":[10.75,21.2375,5.25]},"faces":{"north":{"uv":[8.66667,9.33333,8,11],"texture":"#4"},"east":{"uv":[0.33333,12.66667,0,14.33333],"texture":"#4"},"south":{"uv":[9.33333,9.33333,8.66667,11],"texture":"#4"},"west":{"uv":[7.66667,12,7.33333,13.66667],"texture":"#4"},"up":{"uv":[14,3.66667,14.66667,3.33333],"texture":"#4"},"down":{"uv":[14,4,14.66667,4.33333],"texture":"#4"}}},{"from":[9.75,20.25,4.75],"to":[10.75,21.25,5.75],"rotation":{"angle":45,"axis":"y","origin":[10.75,21.2375,5.25]},"faces":{"north":{"uv":[14,3.33333,13.33333,4],"texture":"#4"},"east":{"uv":[14,4.66667,13.33333,5.33333],"texture":"#4"},"south":{"uv":[5.33333,13.33333,4.66667,14],"texture":"#4"},"west":{"uv":[14,4,13.33333,4.66667],"texture":"#4"},"up":{"uv":[5.33333,14,6,13.33333],"texture":"#4"},"down":{"uv":[13.33333,5.33333,14,6],"texture":"#4"}}},{"from":[9.6,18.7,4.6],"to":[10.9,20.25,5.9],"rotation":{"angle":45,"axis":"y","origin":[10.75,21.2375,5.25]},"faces":{"north":{"uv":[4.16667,11.33333,3.33333,12.33333],"texture":"#4"},"east":{"uv":[8.83333,11.33333,8,12.33333],"texture":"#4"},"south":{"uv":[12.16667,6.66667,11.33333,7.66667],"texture":"#4"},"west":{"uv":[12.16667,5.33333,11.33333,6.33333],"texture":"#4"},"up":{"uv":[12,12.83333,12.83333,12],"texture":"#4"},"down":{"uv":[3.33333,12.66667,4.16667,13.5],"texture":"#4"}}},{"from":[10,18.5,5.235],"to":[12.5,27.5,5.265],"rotation":{"angle":45,"axis":"y","origin":[10.75,21.2375,5.25]},"faces":{"north":{"uv":[0,0,1.66667,6],"texture":"#4"},"south":{"uv":[1.66667,0,0,6],"texture":"#4"}}},{"from":[10,18.5,10.735],"to":[12.5,27.5,10.765],"rotation":{"angle":-45,"axis":"y","origin":[10.75,21.2375,10.75]},"faces":{"north":{"uv":[0,0,1.66667,6],"texture":"#4"},"south":{"uv":[1.66667,0,0,6],"texture":"#4"}}},{"from":[9.6,18.7,10.1],"to":[10.9,20.25,11.4],"rotation":{"angle":-45,"axis":"y","origin":[10.75,21.2375,10.75]},"faces":{"north":{"uv":[11.33333,6.66667,12.16667,7.66667],"texture":"#4"},"east":{"uv":[8,11.33333,8.83333,12.33333],"texture":"#4"},"south":{"uv":[3.33333,11.33333,4.16667,12.33333],"texture":"#4"},"west":{"uv":[11.33333,5.33333,12.16667,6.33333],"texture":"#4"},"up":{"uv":[12,12,12.83333,12.83333],"texture":"#4"},"down":{"uv":[3.33333,13.5,4.16667,12.66667],"texture":"#4"}}},{"from":[9.75,20.25,10.25],"to":[10.75,21.25,11.25],"rotation":{"angle":-45,"axis":"y","origin":[10.75,21.2375,10.75]},"faces":{"north":{"uv":[4.66667,13.33333,5.33333,14],"texture":"#4"},"east":{"uv":[13.33333,4.66667,14,5.33333],"texture":"#4"},"south":{"uv":[13.33333,3.33333,14,4],"texture":"#4"},"west":{"uv":[13.33333,4,14,4.66667],"texture":"#4"},"up":{"uv":[5.33333,13.33333,6,14],"texture":"#4"},"down":{"uv":[13.33333,6,14,5.33333],"texture":"#4"}}},{"from":[10,21.25,10.5],"to":[11,23.75,11],"rotation":{"angle":-45,"axis":"y","origin":[10.75,21.2375,10.75]},"faces":{"north":{"uv":[8.66667,9.33333,9.33333,11],"texture":"#4"},"east":{"uv":[0,12.66667,0.33333,14.33333],"texture":"#4"},"south":{"uv":[8,9.33333,8.66667,11],"texture":"#4"},"west":{"uv":[7.33333,12,7.66667,13.66667],"texture":"#4"},"up":{"uv":[14,3.33333,14.66667,3.66667],"texture":"#4"},"down":{"uv":[14,4.33333,14.66667,4],"texture":"#4"}}},{"from":[9.75,21.5,10.25],"to":[10.75,23.5,11.25],"rotation":{"angle":-45,"axis":"y","origin":[10.75,21.2375,10.75]},"faces":{"north":{"uv":[10.66667,10.66667,11.33333,12],"texture":"#4"},"east":{"uv":[0,11.33333,0.66667,12.66667],"texture":"#4"},"south":{"uv":[10.66667,9.33333,11.33333,10.66667],"texture":"#4"},"west":{"uv":[10,10.66667,10.66667,12],"texture":"#4"},"up":{"uv":[2.66667,13.33333,3.33333,14],"texture":"#4"},"down":{"uv":[13.33333,3.33333,14,2.66667],"texture":"#4"}}},{"from":[6.5,20.65,6.5],"to":[9.5,23.65,9.5],"rotation":{"angle":-45,"axis":"z","origin":[8,22.15,8]},"faces":{"north":{"uv":[6,4,4,2],"texture":"#4"},"east":{"uv":[6,4,4,2],"texture":"#4"},"south":{"uv":[6,4,4,2],"texture":"#4"},"west":{"uv":[6,4,4,2],"texture":"#4"},"up":{"uv":[6,4,4,2],"rotation":90,"texture":"#4"},"down":{"uv":[6,4,4,2],"rotation":270,"texture":"#4"}}},{"from":[7.985,18.55,4.5],"to":[8.015,25.55,11.5],"rotation":{"angle":-45,"axis":"z","origin":[8,22.05,8]},"faces":{"east":{"uv":[15,1,1,15],"texture":"#3"},"west":{"uv":[1,1,15,15],"texture":"#3"}}},{"from":[7.985,18.55,4.5],"to":[8.015,25.55,11.5],"rotation":{"angle":45,"axis":"z","origin":[8,22.05,8]},"faces":{"east":{"uv":[15,1,1,15],"texture":"#3"},"west":{"uv":[1,1,15,15],"texture":"#3"}}},{"from":[4.5,18.55,7.985],"to":[11.5,25.55,8.015],"rotation":{"angle":45,"axis":"x","origin":[8,22.05,8]},"faces":{"north":{"uv":[1,1,15,15],"texture":"#3"},"south":{"uv":[15,1,1,15],"texture":"#3"}}},{"from":[4.5,18.55,7.985],"to":[11.5,25.55,8.015],"rotation":{"angle":-45,"axis":"x","origin":[8,22.05,8]},"faces":{"north":{"uv":[1,1,15,15],"texture":"#3"},"south":{"uv":[15,1,1,15],"texture":"#3"}}},{"from":[5.60355,12.7,4.60931],"to":[5.60355,18.7,6.60931],"rotation":{"angle":45,"axis":"y","origin":[5.60355,15.7,5.60931]},"faces":{"east":{"uv":[4,0,0,12],"texture":"#2"},"west":{"uv":[0,0,4,12],"texture":"#2"}}},{"from":[5.60355,12.7,4.60931],"to":[5.60355,18.7,6.60931],"rotation":{"angle":-45,"axis":"y","origin":[5.60355,15.7,5.60931]},"faces":{"east":{"uv":[4,0,0,12],"texture":"#2"},"west":{"uv":[0,0,4,12],"texture":"#2"}}},{"from":[5.60355,12.7,9.39069],"to":[5.60355,18.7,11.39069],"rotation":{"angle":45,"axis":"y","origin":[5.60355,15.7,10.39069]},"faces":{"east":{"uv":[0,0,4,12],"texture":"#2"},"west":{"uv":[4,0,0,12],"texture":"#2"}}},{"from":[5.60355,12.7,9.39069],"to":[5.60355,18.7,11.39069],"rotation":{"angle":-45,"axis":"y","origin":[5.60355,15.7,10.39069]},"faces":{"east":{"uv":[0,0,4,12],"texture":"#2"},"west":{"uv":[4,0,0,12],"texture":"#2"}}},{"from":[10.39645,12.7,4.60931],"to":[10.39645,18.7,6.60931],"rotation":{"angle":-45,"axis":"y","origin":[10.39645,15.7,5.60931]},"faces":{"east":{"uv":[4,0,0,12],"texture":"#2"},"west":{"uv":[0,0,4,12],"texture":"#2"}}},{"from":[10.39645,12.7,4.60931],"to":[10.39645,18.7,6.60931],"rotation":{"angle":45,"axis":"y","origin":[10.39645,15.7,5.60931]},"faces":{"east":{"uv":[4,0,0,12],"texture":"#2"},"west":{"uv":[0,0,4,12],"texture":"#2"}}},{"from":[10.39645,12.7,9.39069],"to":[10.39645,18.7,11.39069],"rotation":{"angle":45,"axis":"y","origin":[10.39645,15.7,10.39069]},"faces":{"east":{"uv":[0,0,4,12],"texture":"#2"},"west":{"uv":[4,0,0,12],"texture":"#2"}}},{"from":[10.39645,12.7,9.39069],"to":[10.39645,18.7,11.39069],"rotation":{"angle":-45,"axis":"y","origin":[10.39645,15.7,10.39069]},"faces":{"east":{"uv":[0,0,4,12],"texture":"#2"},"west":{"uv":[4,0,0,12],"texture":"#2"}}}],"gui_light":"front","display":{"thirdperson_righthand":{"translation":[0,-3.25,0.75]},"thirdperson_lefthand":{"translation":[0,-3.25,0.75]},"firstperson_righthand":{"rotation":[-10,0,0],"translation":[0,-3.75,0]},"firstperson_lefthand":{"rotation":[-10,0,0],"translation":[0,-3.75,0]},"ground":{"rotation":[45,0,0],"translation":[0,7.5,-5.5]},"gui":{"rotation":[-90,45,90],"translation":[3.75,-3.75,0],"scale":[0.79297,0.79297,0.79297]},"head":{"rotation":[0,90,0]},"fixed":{"rotation":[0,90,0],"translation":[0,-11.5,-1.5],"scale":[2.5,2.5,2.5]}}}