{"credit":"MadebyPolygonMC","texture_size":[8,8],"textures":{"1":"azureset:animations/animations_1","2":"azureset:sword","3":"azureset:animations/animations_2","particle":"azureset:animations/animations_1"},"elements":[{"from":[7.5,0,7.5],"to":[8.5,2.5,8.5],"rotation":{"angle":0,"axis":"y","origin":[7.5,1.5,7.5]},"faces":{"north":{"uv":[8.66667,4,9.33333,5.66667],"texture":"#2"},"east":{"uv":[8.66667,9.33333,9.33333,11],"texture":"#2"},"south":{"uv":[6,10.66667,6.66667,12.33333],"texture":"#2"},"west":{"uv":[6.66667,10.66667,7.33333,12.33333],"texture":"#2"},"up":{"uv":[9.33333,6.66667,8.66667,6],"texture":"#2"}}},{"from":[7.6,2.5,7.6],"to":[8.4,4,8.4],"rotation":{"angle":0,"axis":"y","origin":[7.5,3,7.5]},"faces":{"north":{"uv":[13.33333,6,13.83333,7],"texture":"#2"},"east":{"uv":[8.66667,13.33333,9.16667,14.33333],"texture":"#2"},"south":{"uv":[10.66667,13.33333,11.16667,14.33333],"texture":"#2"},"west":{"uv":[12.66667,13.33333,13.16667,14.33333],"texture":"#2"}}},{"from":[7.5,4,7.5],"to":[8.5,6,8.5],"rotation":{"angle":0,"axis":"y","origin":[7.5,4,7.5]},"faces":{"north":{"uv":[12,1.33333,12.66667,2.66667],"texture":"#2"},"east":{"uv":[12,2.66667,12.66667,4],"texture":"#2"},"south":{"uv":[4.66667,12,5.33333,13.33333],"texture":"#2"},"west":{"uv":[12,4.66667,12.66667,6],"texture":"#2"},"down":{"uv":[12,4.66667,11.33333,5.33333],"texture":"#2"}}},{"from":[7.4,1,7.4],"to":[8.6,1.5,8.6],"rotation":{"angle":0,"axis":"y","origin":[7.5,1,7.5]},"faces":{"north":{"uv":[14,12.66667,14.83333,13],"texture":"#2"},"east":{"uv":[13.33333,14,14.16667,14.33333],"texture":"#2"},"south":{"uv":[14,13.33333,14.83333,13.66667],"texture":"#2"},"west":{"uv":[14.66667,0,15.5,0.33333],"texture":"#2"},"up":{"uv":[6.83333,13.5,6,12.66667],"texture":"#2"},"down":{"uv":[13.5,7.33333,12.66667,8.16667],"texture":"#2"}}},{"from":[7.4,5,7.4],"to":[8.6,5.5,8.6],"rotation":{"angle":0,"axis":"y","origin":[7.5,5,7.5]},"faces":{"north":{"uv":[14.66667,0.66667,15.5,1],"texture":"#2"},"east":{"uv":[14.66667,1.33333,15.5,1.66667],"texture":"#2"},"south":{"uv":[14.66667,2,15.5,2.33333],"texture":"#2"},"west":{"uv":[14.66667,2.66667,15.5,3],"texture":"#2"},"up":{"uv":[13.5,9.5,12.66667,8.66667],"texture":"#2"},"down":{"uv":[13.5,10,12.66667,10.83333],"texture":"#2"}}},{"from":[7.4,6,7.4],"to":[8.6,6.5,8.6],"rotation":{"angle":0,"axis":"y","origin":[7.5,6,7.5]},"faces":{"north":{"uv":[14.66667,3.33333,15.5,3.66667],"texture":"#2"},"east":{"uv":[14.66667,4,15.5,4.33333],"texture":"#2"},"south":{"uv":[14.66667,4.66667,15.5,5],"texture":"#2"},"west":{"uv":[14.66667,5.33333,15.5,5.66667],"texture":"#2"},"down":{"uv":[12.16667,12.66667,11.33333,13.5],"texture":"#2"}}},{"from":[7.25,6.5,7.25],"to":[8.75,7.5,8.75],"rotation":{"angle":0,"axis":"y","origin":[7.5,6.5,7.5]},"faces":{"north":{"uv":[12.66667,11.33333,13.66667,12],"texture":"#2"},"east":{"uv":[12.66667,12,13.66667,12.66667],"texture":"#2"},"south":{"uv":[12.66667,12.66667,13.66667,13.33333],"texture":"#2"},"west":{"uv":[13.33333,0,14.33333,0.66667],"texture":"#2"},"down":{"uv":[10.33333,10.66667,9.33333,11.66667],"texture":"#2"}}},{"from":[7.445,-0.755,7.445],"to":[8.555,0.355,8.555],"rotation":{"angle":-45,"axis":"x","origin":[8,-0.2,8]},"faces":{"north":{"uv":[12,10,12.66667,10.66667],"texture":"#2"},"east":{"uv":[13.33333,13.33333,14,14],"texture":"#2"},"south":{"uv":[14,2,14.66667,2.66667],"texture":"#2"},"west":{"uv":[14,2.66667,14.66667,3.33333],"texture":"#2"},"up":{"uv":[14.66667,4,14,3.33333],"texture":"#2"},"down":{"uv":[14.66667,4,14,4.66667],"texture":"#2"}}},{"from":[7.5,6.90851,5.73071],"to":[8.5,8.90851,6.73071],"rotation":{"angle":-45,"axis":"x","origin":[8,7.40851,6.23071]},"faces":{"north":{"uv":[5.33333,12,6,13.33333],"texture":"#2"},"east":{"uv":[12,6,12.66667,7.33333],"texture":"#2"},"south":{"uv":[12,7.33333,12.66667,8.66667],"texture":"#2"},"west":{"uv":[12,8.66667,12.66667,10],"texture":"#2"},"up":{"uv":[14.66667,5.33333,14,4.66667],"texture":"#2"},"down":{"uv":[14.66667,5.33333,14,6],"texture":"#2"}}},{"from":[7.5,8.57483,5.647],"to":[8.5,9.57483,7.897],"rotation":{"angle":-45,"axis":"x","origin":[8,9.04983,6.49317]},"faces":{"east":{"uv":[10.66667,10.66667,12.16667,11.33333],"texture":"#2"},"south":{"uv":[6,14,6.66667,14.66667],"texture":"#2"},"west":{"uv":[11.33333,4,12.83333,4.66667],"texture":"#2"},"up":{"uv":[9.33333,12.83333,8.66667,11.33333],"texture":"#2"},"down":{"uv":[11.33333,11.33333,10.66667,12.83333],"texture":"#2"}}},{"from":[7.5,8.57483,8.103],"to":[8.5,9.57483,10.353],"rotation":{"angle":45,"axis":"x","origin":[8,9.04983,9.50683]},"faces":{"north":{"uv":[6.66667,14,6,14.66667],"texture":"#2"},"east":{"uv":[12.16667,10.66667,10.66667,11.33333],"texture":"#2"},"west":{"uv":[12.83333,4,11.33333,4.66667],"texture":"#2"},"up":{"uv":[9.33333,11.33333,8.66667,12.83333],"texture":"#2"},"down":{"uv":[11.33333,12.83333,10.66667,11.33333],"texture":"#2"}}},{"from":[7.5,6.90851,9.26929],"to":[8.5,8.90851,10.26929],"rotation":{"angle":45,"axis":"x","origin":[8,7.40851,9.76929]},"faces":{"north":{"uv":[12.66667,7.33333,12,8.66667],"texture":"#2"},"east":{"uv":[12.66667,6,12,7.33333],"texture":"#2"},"south":{"uv":[6,12,5.33333,13.33333],"texture":"#2"},"west":{"uv":[12.66667,8.66667,12,10],"texture":"#2"},"up":{"uv":[14.66667,4.66667,14,5.33333],"texture":"#2"},"down":{"uv":[14.66667,6,14,5.33333],"texture":"#2"}}},{"from":[7.2,6.6,8.1],"to":[8.8,8.65,10.15],"rotation":{"angle":-45,"axis":"x","origin":[7.5,6.5,8]},"faces":{"north":{"uv":[10.66667,0,11.66667,1.33333],"texture":"#2"},"east":{"uv":[4.66667,9.33333,6,10.66667],"texture":"#2"},"south":{"uv":[10.66667,1.33333,11.66667,2.66667],"texture":"#2"},"west":{"uv":[6,9.33333,7.33333,10.66667],"texture":"#2"},"up":{"uv":[11.66667,4,10.66667,2.66667],"texture":"#2"},"down":{"uv":[5.66667,10.66667,4.66667,12],"texture":"#2"}}},{"from":[6.85,6.85,8.35],"to":[9.15,8.4,9.9],"rotation":{"angle":-45,"axis":"x","origin":[7.5,6.5,8]},"faces":{"north":{"uv":[10,5.33333,11.5,6.33333],"texture":"#2"},"east":{"uv":[11.33333,11.33333,12.33333,12.33333],"texture":"#2"},"south":{"uv":[10,6.66667,11.5,7.66667],"texture":"#2"},"west":{"uv":[12,0,13,1],"texture":"#2"},"up":{"uv":[11.5,9,10,8],"texture":"#2"},"down":{"uv":[11.5,9.33333,10,10.33333],"texture":"#2"}}},{"from":[7.75,8.175,7],"to":[8.25,11.425,10.25],"rotation":{"angle":-45,"axis":"x","origin":[8,9.175,8]},"faces":{"north":{"uv":[9.33333,12,9.66667,14.16667],"texture":"#2"},"east":{"uv":[4,6.66667,6.16667,8.83333],"texture":"#2"},"south":{"uv":[10,12,10.33333,14.16667],"texture":"#2"},"west":{"uv":[6.66667,6.66667,8.83333,8.83333],"texture":"#2"},"up":{"uv":[13,3.5,12.66667,1.33333],"texture":"#2"},"down":{"uv":[13,4.66667,12.66667,6.83333],"texture":"#2"}}},{"from":[7.75,26.26036,7],"to":[8.25,28.21036,8.95],"rotation":{"angle":-45,"axis":"x","origin":[8,27.26036,8]},"faces":{"north":{"uv":[14,6,14.33333,7.33333],"texture":"#2"},"east":{"uv":[7.33333,9.33333,8.66667,10.66667],"texture":"#2"},"south":{"uv":[6.66667,14,7,15.33333],"texture":"#2"},"west":{"uv":[10,4,11.33333,5.33333],"texture":"#2"},"up":{"uv":[7.66667,15.33333,7.33333,14],"texture":"#2"},"down":{"uv":[14.33333,7.33333,14,8.66667],"texture":"#2"}}},{"from":[7.75,14.96036,7],"to":[8.25,17.41036,9.45],"rotation":{"angle":-45,"axis":"x","origin":[8,15.96036,8]},"faces":{"north":{"uv":[13.33333,2,13.66667,3.66667],"texture":"#2"},"east":{"uv":[8.66667,0,10.33333,1.66667],"texture":"#2"},"south":{"uv":[13.33333,4,13.66667,5.66667],"texture":"#2"},"west":{"uv":[8.66667,2,10.33333,3.66667],"texture":"#2"},"up":{"uv":[5,15,4.66667,13.33333],"texture":"#2"},"down":{"uv":[5.66667,13.33333,5.33333,15],"texture":"#2"}}},{"from":[7.755,10.925,6.625],"to":[8.245,15.925,9.375],"rotation":{"angle":0,"axis":"y","origin":[7.755,10.925,6.875]},"faces":{"north":{"uv":[7.33333,10.66667,7.66667,14],"texture":"#2"},"east":{"uv":[6.66667,0,8.5,3.33333],"texture":"#2"},"south":{"uv":[8,10.66667,8.33333,14],"texture":"#2"},"west":{"uv":[6.66667,3.33333,8.5,6.66667],"texture":"#2"}}},{"from":[7.755,17.075,7.125],"to":[8.245,26.825,8.875],"rotation":{"angle":0,"axis":"y","origin":[7.755,16.825,6.875]},"faces":{"north":{"uv":[4,9.33333,4.33333,15.83333],"texture":"#2"},"east":{"uv":[4,0,5.16667,6.5],"texture":"#2"},"south":{"uv":[9.33333,4,9.66667,10.5],"texture":"#2"},"west":{"uv":[5.33333,0,6.5,6.5],"texture":"#2"}}},{"from":[7.985,8.925,5.125],"to":[8.015,31.925,10.875],"rotation":{"angle":0,"axis":"y","origin":[7.985,8.925,5.125]},"faces":{"east":{"uv":[3.83333,0,0,15.33333],"texture":"#2"},"west":{"uv":[0,0,3.83333,15.33333],"texture":"#2"}}},{"from":[7.75,8.625,2.175],"to":[8.25,9.125,4.175],"rotation":{"angle":22.5,"axis":"x","origin":[8,9.49984,3.55]},"faces":{"north":{"uv":[8.66667,14.66667,9,15],"texture":"#2"},"east":{"uv":[14,8.66667,15.33333,9],"texture":"#2"},"south":{"uv":[9.33333,14.66667,9.66667,15],"texture":"#2"},"west":{"uv":[14,9.33333,15.33333,9.66667],"texture":"#2"},"up":{"uv":[8.33333,15.33333,8,14],"texture":"#2"},"down":{"uv":[14.33333,10,14,11.33333],"texture":"#2"}}},{"from":[7.75,8.625,4.175],"to":[8.25,9.625,5.675],"rotation":{"angle":22.5,"axis":"x","origin":[8,9.49984,3.55]},"faces":{"north":{"uv":[12,14,12.33333,14.66667],"texture":"#2"},"east":{"uv":[13.33333,0.66667,14.33333,1.33333],"texture":"#2"},"south":{"uv":[6,14.66667,6.33333,15.33333],"texture":"#2"},"west":{"uv":[13.33333,1.33333,14.33333,2],"texture":"#2"},"up":{"uv":[11.66667,15,11.33333,14],"texture":"#2"},"down":{"uv":[14.33333,11.33333,14,12.33333],"texture":"#2"}}},{"from":[7.7505,8.64641,3.33044],"to":[8.2495,9.14641,4.08044],"rotation":{"angle":-22.5,"axis":"x","origin":[8,9.49984,3.55]},"faces":{"north":{"uv":[10,14.66667,10.33333,15],"texture":"#2"},"east":{"uv":[14.66667,6,15.16667,6.33333],"texture":"#2"},"south":{"uv":[14.66667,10,15,10.33333],"texture":"#2"},"west":{"uv":[14.66667,6.66667,15.16667,7],"texture":"#2"},"up":{"uv":[15,7.83333,14.66667,7.33333],"texture":"#2"},"down":{"uv":[15,8,14.66667,8.5],"texture":"#2"}}},{"from":[7.7475,9.85306,1.95868],"to":[8.2525,10.20706,2.31268],"rotation":{"angle":-22.5,"axis":"x","origin":[8,9.49984,3.55]},"faces":{"north":{"uv":[10.66667,14.66667,11,14.83333],"texture":"#2"},"east":{"uv":[14.66667,12,14.83333,12.16667],"texture":"#2"},"south":{"uv":[14.66667,10.66667,15,10.83333],"texture":"#2"},"west":{"uv":[12.66667,14.66667,12.83333,14.83333],"texture":"#2"},"up":{"uv":[15,11.5,14.66667,11.33333],"texture":"#2"},"down":{"uv":[12.33333,14.66667,12,14.83333],"texture":"#2"}}},{"from":[7.985,8.60587,-0.32881],"to":[8.015,11.60587,5.67119],"rotation":{"angle":22.5,"axis":"x","origin":[8,9.48071,3.59619]},"faces":{"east":{"uv":[12,0,0,6],"texture":"#1"},"west":{"uv":[0,0,12,6],"texture":"#1"}}},{"from":[7.75,8.625,11.825],"to":[8.25,9.125,13.825],"rotation":{"angle":-22.5,"axis":"x","origin":[8,9.49984,12.45]},"faces":{"north":{"uv":[9.66667,14.66667,9.33333,15],"texture":"#2"},"east":{"uv":[15.33333,8.66667,14,9],"texture":"#2"},"south":{"uv":[9,14.66667,8.66667,15],"texture":"#2"},"west":{"uv":[15.33333,9.33333,14,9.66667],"texture":"#2"},"up":{"uv":[8.33333,14,8,15.33333],"texture":"#2"},"down":{"uv":[14.33333,11.33333,14,10],"texture":"#2"}}},{"from":[7.75,8.625,10.325],"to":[8.25,9.625,11.825],"rotation":{"angle":-22.5,"axis":"x","origin":[8,9.49984,12.45]},"faces":{"north":{"uv":[6.33333,14.66667,6,15.33333],"texture":"#2"},"east":{"uv":[14.33333,0.66667,13.33333,1.33333],"texture":"#2"},"south":{"uv":[12.33333,14,12,14.66667],"texture":"#2"},"west":{"uv":[14.33333,1.33333,13.33333,2],"texture":"#2"},"up":{"uv":[11.66667,14,11.33333,15],"texture":"#2"},"down":{"uv":[14.33333,12.33333,14,11.33333],"texture":"#2"}}},{"from":[7.7505,8.64641,11.91956],"to":[8.2495,9.14641,12.66956],"rotation":{"angle":22.5,"axis":"x","origin":[8,9.49984,12.45]},"faces":{"north":{"uv":[15,10,14.66667,10.33333],"texture":"#2"},"east":{"uv":[15.16667,6,14.66667,6.33333],"texture":"#2"},"south":{"uv":[10.33333,14.66667,10,15],"texture":"#2"},"west":{"uv":[15.16667,6.66667,14.66667,7],"texture":"#2"},"up":{"uv":[15,7.33333,14.66667,7.83333],"texture":"#2"},"down":{"uv":[15,8.5,14.66667,8],"texture":"#2"}}},{"from":[7.7475,9.85306,13.68732],"to":[8.2525,10.20706,14.04132],"rotation":{"angle":22.5,"axis":"x","origin":[8,9.49984,12.45]},"faces":{"north":{"uv":[15,10.66667,14.66667,10.83333],"texture":"#2"},"east":{"uv":[14.83333,12,14.66667,12.16667],"texture":"#2"},"south":{"uv":[11,14.66667,10.66667,14.83333],"texture":"#2"},"west":{"uv":[12.83333,14.66667,12.66667,14.83333],"texture":"#2"},"up":{"uv":[15,11.33333,14.66667,11.5],"texture":"#2"},"down":{"uv":[12.33333,14.83333,12,14.66667],"texture":"#2"}}},{"from":[7.985,8.60587,10.32881],"to":[8.015,11.60587,16.32881],"rotation":{"angle":-22.5,"axis":"x","origin":[8,9.48071,12.40381]},"faces":{"east":{"uv":[0,0,12,6],"texture":"#1"},"west":{"uv":[12,0,0,6],"texture":"#1"}}},{"from":[7.6,12.85,4.5],"to":[7.6,19.85,11.5],"rotation":{"angle":0,"axis":"y","origin":[1,0,4.5]},"faces":{"west":{"uv":[1,1,15,15],"texture":"#3"}}},{"from":[8.4,12.85,4.5],"to":[8.4,19.85,11.5],"rotation":{"angle":0,"axis":"y","origin":[15,0,4.5]},"faces":{"east":{"uv":[15,1,1,15],"texture":"#3"}}}],"gui_light":"front","display":{"thirdperson_righthand":{"translation":[0,1.75,0.75]},"thirdperson_lefthand":{"translation":[0,1.75,0.75]},"firstperson_righthand":{"rotation":[-10,0,0],"translation":[0,0.75,0]},"firstperson_lefthand":{"rotation":[-10,0,0],"translation":[0,0.75,0]},"ground":{"rotation":[45,0,0],"translation":[0,7.5,-4]},"gui":{"rotation":[-90,45,90],"translation":[3.75,-3.75,0],"scale":[0.71875,0.71875,0.71875]},"head":{"rotation":[0,90,0]},"fixed":{"rotation":[0,90,0],"translation":[0,-18.5,-1.5],"scale":[2.5,2.5,2.5]}}}