{"credit":"MadewithBlockbench","texture_size":[40,40],"textures":{"2":"dark_crusader_set:book"},"elements":[{"from":[6.5,1.5,3.375],"to":[9.5,14.5,4.375],"rotation":{"angle":0,"axis":"y","origin":[8,8,4.4]},"faces":{"north":{"uv":[6.4,9.6,7.6,14.8],"texture":"#2"},"east":{"uv":[8.8,9.6,9.2,14.8],"texture":"#2"},"south":{"uv":[7.6,9.6,8.8,14.8],"texture":"#2"},"west":{"uv":[9.2,9.6,9.6,14.8],"texture":"#2"},"up":{"uv":[12,9.6,10.8,9.2],"texture":"#2"},"down":{"uv":[12,9.6,10.8,10],"texture":"#2"}}},{"from":[6.25,11.5,3.125],"to":[9.75,12.5,4.625],"rotation":{"angle":0,"axis":"y","origin":[8,8,4.4]},"faces":{"north":{"uv":[10.8,2.4,12.2,2.8],"texture":"#2"},"east":{"uv":[12,1.6,12.6,2],"texture":"#2"},"south":{"uv":[10.8,2.8,12.2,3.2],"texture":"#2"},"west":{"uv":[12,2,12.6,2.4],"texture":"#2"},"up":{"uv":[8.6,5,7.2,4.4],"texture":"#2"},"down":{"uv":[10.2,4.4,8.8,5],"texture":"#2"}}},{"from":[6.25,7.5,3.125],"to":[9.75,8.5,4.625],"rotation":{"angle":0,"axis":"y","origin":[8,8,4.4]},"faces":{"north":{"uv":[10.8,3.2,12.2,3.6],"texture":"#2"},"east":{"uv":[12,6,12.6,6.4],"texture":"#2"},"south":{"uv":[10.8,3.6,12.2,4],"texture":"#2"},"west":{"uv":[12,6.4,12.6,6.8],"texture":"#2"},"up":{"uv":[5.8,10.6,4.4,10],"texture":"#2"},"down":{"uv":[11.4,5.2,10,5.8],"texture":"#2"}}},{"from":[6.25,3.5,3.125],"to":[9.75,4.5,4.625],"rotation":{"angle":0,"axis":"y","origin":[8,8,4.4]},"faces":{"north":{"uv":[10.8,4,12.2,4.4],"texture":"#2"},"east":{"uv":[12,6.8,12.6,7.2],"texture":"#2"},"south":{"uv":[4.4,10.8,5.8,11.2],"texture":"#2"},"west":{"uv":[12,7.2,12.6,7.6],"texture":"#2"},"up":{"uv":[11.4,6.6,10,6],"texture":"#2"},"down":{"uv":[11.4,6.8,10,7.4],"texture":"#2"}}},{"from":[6.275,12.75,2.15],"to":[8.275,14.75,3.15],"rotation":{"angle":22.5,"axis":"y","origin":[8,8,4.4]},"faces":{"north":{"uv":[10.8,7.6,10,8.4],"texture":"#2"},"east":{"uv":[11.6,4.4,11.2,5.2],"texture":"#2"},"south":{"uv":[10.8,8.4,10,9.2],"texture":"#2"},"west":{"uv":[5.6,11.2,5.2,12],"texture":"#2"},"up":{"uv":[5.6,12,6,11.2],"rotation":90,"texture":"#2"},"down":{"uv":[6,11.2,6.4,12],"rotation":270,"texture":"#2"}}},{"from":[-0.475,1.5,2.4],"to":[8.025,14.5,3.4],"rotation":{"angle":22.5,"axis":"y","origin":[8,8,4.4]},"faces":{"north":{"uv":[3.4,0,0,5.2],"texture":"#2"},"east":{"uv":[10,9.6,9.6,14.8],"texture":"#2"},"south":{"uv":[7,0,3.6,5.2],"texture":"#2"},"west":{"uv":[0.4,10,0,15.2],"texture":"#2"},"up":{"uv":[1.2,13.4,1.6,10],"rotation":90,"texture":"#2"},"down":{"uv":[1.6,10,2,13.4],"rotation":270,"texture":"#2"}}},{"from":[3.025,6.75,2.15],"to":[4.525,12.25,2.4],"rotation":{"angle":22.5,"axis":"y","origin":[8,8,4.4]},"faces":{"north":{"uv":[2.6,10,2,12.2],"texture":"#2"},"east":{"uv":[4.6,11.2,4.4,13.4],"texture":"#2"},"south":{"uv":[3.4,10,2.8,12.2],"texture":"#2"},"west":{"uv":[5,11.2,4.8,13.4],"texture":"#2"},"up":{"uv":[12.4,12.2,12.6,11.6],"rotation":90,"texture":"#2"},"down":{"uv":[12.4,12.4,12.6,13],"rotation":270,"texture":"#2"}}},{"from":[3.025,4,2.15],"to":[4.525,5,2.4],"rotation":{"angle":22.5,"axis":"y","origin":[8,8,4.4]},"faces":{"north":{"uv":[12.6,9.2,12,9.6],"texture":"#2"},"east":{"uv":[11,13.2,10.8,13.6],"texture":"#2"},"south":{"uv":[12.6,9.6,12,10],"texture":"#2"},"west":{"uv":[13.4,10.8,13.2,11.2],"texture":"#2"},"up":{"uv":[12.8,0.6,13,0],"rotation":90,"texture":"#2"},"down":{"uv":[12.8,0.8,13,1.4],"rotation":270,"texture":"#2"}}},{"from":[3.525,5,2.15],"to":[4.025,6.75,2.4],"rotation":{"angle":22.5,"axis":"y","origin":[8,8,4.4]},"faces":{"north":{"uv":[12.2,12,12,12.8],"texture":"#2"},"east":{"uv":[12.2,11.2,12,12],"texture":"#2"},"south":{"uv":[12.6,0.8,12.4,1.6],"texture":"#2"},"west":{"uv":[12.6,0,12.4,0.8],"texture":"#2"},"up":{"uv":[13.6,9.8,13.8,9.6],"rotation":90,"texture":"#2"},"down":{"uv":[13.6,10,13.8,10.2],"rotation":270,"texture":"#2"}}},{"from":[2.025,12.25,1.9],"to":[5.525,13.25,2.4],"rotation":{"angle":22.5,"axis":"y","origin":[8,8,4.4]},"faces":{"north":{"uv":[12.2,7.6,10.8,8],"texture":"#2"},"east":{"uv":[11.4,13.2,11.2,13.6],"texture":"#2"},"south":{"uv":[12.2,8,10.8,8.4],"texture":"#2"},"west":{"uv":[13.4,11.2,13.2,11.6],"texture":"#2"},"up":{"uv":[12,5.8,12.2,4.4],"rotation":90,"texture":"#2"},"down":{"uv":[5.2,12,5.4,13.4],"rotation":270,"texture":"#2"}}},{"from":[2.025,3,1.9],"to":[5.525,4,2.4],"rotation":{"angle":22.5,"axis":"y","origin":[8,8,4.4]},"faces":{"north":{"uv":[12.2,8.4,10.8,8.8],"texture":"#2"},"east":{"uv":[13.4,11.6,13.2,12],"texture":"#2"},"south":{"uv":[12.2,8.8,10.8,9.2],"texture":"#2"},"west":{"uv":[13.4,12,13.2,12.4],"texture":"#2"},"up":{"uv":[5.6,13.4,5.8,12],"rotation":90,"texture":"#2"},"down":{"uv":[6,12,6.2,13.4],"rotation":270,"texture":"#2"}}},{"from":[1.525,7.75,1.9],"to":[3.025,8.25,2.4],"rotation":{"angle":22.5,"axis":"y","origin":[8,8,4.4]},"faces":{"north":{"uv":[13.4,1.6,12.8,1.8],"texture":"#2"},"east":{"uv":[13.8,10.4,13.6,10.6],"texture":"#2"},"south":{"uv":[13.4,2,12.8,2.2],"texture":"#2"},"west":{"uv":[11,13.6,10.8,13.8],"texture":"#2"},"up":{"uv":[12.8,3,13,2.4],"rotation":90,"texture":"#2"},"down":{"uv":[12.8,3.2,13,3.8],"rotation":270,"texture":"#2"}}},{"from":[2.525,4,1.9],"to":[3.025,5.5,2.4],"rotation":{"angle":22.5,"axis":"y","origin":[8,8,4.4]},"faces":{"north":{"uv":[13,4.8,12.8,5.4],"texture":"#2"},"east":{"uv":[13,4,12.8,4.6],"texture":"#2"},"south":{"uv":[13,6.4,12.8,7],"texture":"#2"},"west":{"uv":[13,5.6,12.8,6.2],"texture":"#2"},"up":{"uv":[13.6,11,13.8,10.8],"rotation":90,"texture":"#2"},"down":{"uv":[11.2,13.6,11.4,13.8],"rotation":270,"texture":"#2"}}},{"from":[2.525,6.25,1.9],"to":[3.025,7.75,2.4],"rotation":{"angle":22.5,"axis":"y","origin":[8,8,4.4]},"faces":{"north":{"uv":[13,8,12.8,8.6],"texture":"#2"},"east":{"uv":[13,7.2,12.8,7.8],"texture":"#2"},"south":{"uv":[13,9.6,12.8,10.2],"texture":"#2"},"west":{"uv":[13,8.8,12.8,9.4],"texture":"#2"},"up":{"uv":[13.6,11.4,13.8,11.2],"rotation":90,"texture":"#2"},"down":{"uv":[11.6,13.6,11.8,13.8],"rotation":270,"texture":"#2"}}},{"from":[3.025,5,1.9],"to":[3.525,6.75,2.4],"rotation":{"angle":22.5,"axis":"y","origin":[8,8,4.4]},"faces":{"north":{"uv":[2.6,12.4,2.4,13.2],"texture":"#2"},"east":{"uv":[2.2,12.4,2,13.2],"texture":"#2"},"south":{"uv":[3,12.4,2.8,13.2],"texture":"#2"},"west":{"uv":[12.6,2.4,12.4,3.2],"texture":"#2"},"up":{"uv":[13.6,11.8,13.8,11.6],"rotation":90,"texture":"#2"},"down":{"uv":[12,13.6,12.2,13.8],"rotation":270,"texture":"#2"}}},{"from":[0.025,7.75,1.9],"to":[1.025,10.75,2.4],"rotation":{"angle":22.5,"axis":"y","origin":[8,8,4.4]},"faces":{"north":{"uv":[6.4,10,6,11.2],"texture":"#2"},"east":{"uv":[10.2,12,10,13.2],"texture":"#2"},"south":{"uv":[10.4,10.8,10,12],"texture":"#2"},"west":{"uv":[12.2,10,12,11.2],"texture":"#2"},"up":{"uv":[12.4,13.6,12.6,13.2],"rotation":90,"texture":"#2"},"down":{"uv":[13.2,12.4,13.4,12.8],"rotation":270,"texture":"#2"}}},{"from":[2.525,10.75,1.9],"to":[3.025,12.25,2.4],"rotation":{"angle":22.5,"axis":"y","origin":[8,8,4.4]},"faces":{"north":{"uv":[13,12.8,12.8,13.4],"texture":"#2"},"east":{"uv":[13,12,12.8,12.6],"texture":"#2"},"south":{"uv":[13.4,0.8,13.2,1.4],"texture":"#2"},"west":{"uv":[13.4,0,13.2,0.6],"texture":"#2"},"up":{"uv":[13.6,12.6,13.8,12.4],"rotation":90,"texture":"#2"},"down":{"uv":[12.8,13.6,13,13.8],"rotation":270,"texture":"#2"}}},{"from":[1.525,10.25,1.9],"to":[3.025,10.75,2.4],"rotation":{"angle":22.5,"axis":"y","origin":[8,8,4.4]},"faces":{"north":{"uv":[3.8,13.2,3.2,13.4],"texture":"#2"},"east":{"uv":[14.2,0,14,0.2],"texture":"#2"},"south":{"uv":[13.8,3.2,13.2,3.4],"texture":"#2"},"west":{"uv":[14.2,0.4,14,0.6],"texture":"#2"},"up":{"uv":[13.2,4.2,13.4,3.6],"rotation":90,"texture":"#2"},"down":{"uv":[4,13.2,4.2,13.8],"rotation":270,"texture":"#2"}}},{"from":[1.025,9.75,1.9],"to":[2.025,10.25,2.4],"rotation":{"angle":22.5,"axis":"y","origin":[8,8,4.4]},"faces":{"north":{"uv":[13.6,12.8,13.2,13],"texture":"#2"},"east":{"uv":[14.2,0.8,14,1],"texture":"#2"},"south":{"uv":[13.6,13.2,13.2,13.4],"texture":"#2"},"west":{"uv":[1.4,14,1.2,14.2],"texture":"#2"},"up":{"uv":[13.6,0.4,13.8,0],"rotation":90,"texture":"#2"},"down":{"uv":[13.6,0.4,13.8,0.8],"rotation":270,"texture":"#2"}}},{"from":[1.025,8.25,1.9],"to":[2.025,8.75,2.4],"rotation":{"angle":22.5,"axis":"y","origin":[8,8,4.4]},"faces":{"north":{"uv":[14,0.8,13.6,1],"texture":"#2"},"east":{"uv":[14.2,1.2,14,1.4],"texture":"#2"},"south":{"uv":[1.6,13.6,1.2,13.8],"texture":"#2"},"west":{"uv":[1.8,14,1.6,14.2],"texture":"#2"},"up":{"uv":[13.6,1.6,13.8,1.2],"rotation":90,"texture":"#2"},"down":{"uv":[1.6,13.6,1.8,14],"rotation":270,"texture":"#2"}}},{"from":[6.525,7.75,1.9],"to":[7.525,10.75,2.4],"rotation":{"angle":22.5,"axis":"y","origin":[8,8,4.4]},"faces":{"north":{"uv":[6,10,6.4,11.2],"texture":"#2"},"east":{"uv":[12,10,12.2,11.2],"texture":"#2"},"south":{"uv":[10,10.8,10.4,12],"texture":"#2"},"west":{"uv":[10,12,10.2,13.2],"texture":"#2"},"up":{"uv":[12.4,13.2,12.6,13.6],"rotation":90,"texture":"#2"},"down":{"uv":[13.2,12.8,13.4,12.4],"rotation":270,"texture":"#2"}}},{"from":[5.525,9.75,1.9],"to":[6.525,10.25,2.4],"rotation":{"angle":22.5,"axis":"y","origin":[8,8,4.4]},"faces":{"north":{"uv":[13.2,12.8,13.6,13],"texture":"#2"},"east":{"uv":[1.2,14,1.4,14.2],"texture":"#2"},"south":{"uv":[13.2,13.2,13.6,13.4],"texture":"#2"},"west":{"uv":[14,0.8,14.2,1],"texture":"#2"},"up":{"uv":[13.6,0,13.8,0.4],"rotation":90,"texture":"#2"},"down":{"uv":[13.6,0.8,13.8,0.4],"rotation":270,"texture":"#2"}}},{"from":[4.525,10.25,1.9],"to":[6.025,10.75,2.4],"rotation":{"angle":22.5,"axis":"y","origin":[8,8,4.4]},"faces":{"north":{"uv":[3.2,13.2,3.8,13.4],"texture":"#2"},"east":{"uv":[14,0.4,14.2,0.6],"texture":"#2"},"south":{"uv":[13.2,3.2,13.8,3.4],"texture":"#2"},"west":{"uv":[14,0,14.2,0.2],"texture":"#2"},"up":{"uv":[13.2,3.6,13.4,4.2],"rotation":90,"texture":"#2"},"down":{"uv":[4,13.8,4.2,13.2],"rotation":270,"texture":"#2"}}},{"from":[4.525,10.75,1.9],"to":[5.025,12.25,2.4],"rotation":{"angle":22.5,"axis":"y","origin":[8,8,4.4]},"faces":{"north":{"uv":[12.8,12.8,13,13.4],"texture":"#2"},"east":{"uv":[13.2,0,13.4,0.6],"texture":"#2"},"south":{"uv":[13.2,0.8,13.4,1.4],"texture":"#2"},"west":{"uv":[12.8,12,13,12.6],"texture":"#2"},"up":{"uv":[13.6,12.4,13.8,12.6],"rotation":90,"texture":"#2"},"down":{"uv":[12.8,13.8,13,13.6],"rotation":270,"texture":"#2"}}},{"from":[5.525,8.25,1.9],"to":[6.525,8.75,2.4],"rotation":{"angle":22.5,"axis":"y","origin":[8,8,4.4]},"faces":{"north":{"uv":[13.6,0.8,14,1],"texture":"#2"},"east":{"uv":[1.6,14,1.8,14.2],"texture":"#2"},"south":{"uv":[1.2,13.6,1.6,13.8],"texture":"#2"},"west":{"uv":[14,1.2,14.2,1.4],"texture":"#2"},"up":{"uv":[13.6,1.2,13.8,1.6],"rotation":90,"texture":"#2"},"down":{"uv":[1.6,14,1.8,13.6],"rotation":270,"texture":"#2"}}},{"from":[4.525,7.75,1.9],"to":[6.025,8.25,2.4],"rotation":{"angle":22.5,"axis":"y","origin":[8,8,4.4]},"faces":{"north":{"uv":[12.8,1.6,13.4,1.8],"texture":"#2"},"east":{"uv":[10.8,13.6,11,13.8],"texture":"#2"},"south":{"uv":[12.8,2,13.4,2.2],"texture":"#2"},"west":{"uv":[13.6,10.4,13.8,10.6],"texture":"#2"},"up":{"uv":[12.8,2.4,13,3],"rotation":90,"texture":"#2"},"down":{"uv":[12.8,3.8,13,3.2],"rotation":270,"texture":"#2"}}},{"from":[4.525,6.25,1.9],"to":[5.025,7.75,2.4],"rotation":{"angle":22.5,"axis":"y","origin":[8,8,4.4]},"faces":{"north":{"uv":[12.8,8,13,8.6],"texture":"#2"},"east":{"uv":[12.8,8.8,13,9.4],"texture":"#2"},"south":{"uv":[12.8,9.6,13,10.2],"texture":"#2"},"west":{"uv":[12.8,7.2,13,7.8],"texture":"#2"},"up":{"uv":[13.6,11.2,13.8,11.4],"rotation":90,"texture":"#2"},"down":{"uv":[11.6,13.8,11.8,13.6],"rotation":270,"texture":"#2"}}},{"from":[4.025,5,1.9],"to":[4.525,6.75,2.4],"rotation":{"angle":22.5,"axis":"y","origin":[8,8,4.4]},"faces":{"north":{"uv":[2.4,12.4,2.6,13.2],"texture":"#2"},"east":{"uv":[12.4,2.4,12.6,3.2],"texture":"#2"},"south":{"uv":[2.8,12.4,3,13.2],"texture":"#2"},"west":{"uv":[2,12.4,2.2,13.2],"texture":"#2"},"up":{"uv":[13.6,11.6,13.8,11.8],"rotation":90,"texture":"#2"},"down":{"uv":[12,13.8,12.2,13.6],"rotation":270,"texture":"#2"}}},{"from":[4.525,4,1.9],"to":[5.025,5.5,2.4],"rotation":{"angle":22.5,"axis":"y","origin":[8,8,4.4]},"faces":{"north":{"uv":[12.8,4.8,13,5.4],"texture":"#2"},"east":{"uv":[12.8,5.6,13,6.2],"texture":"#2"},"south":{"uv":[12.8,6.4,13,7],"texture":"#2"},"west":{"uv":[12.8,4,13,4.6],"texture":"#2"},"up":{"uv":[13.6,10.8,13.8,11],"rotation":90,"texture":"#2"},"down":{"uv":[11.2,13.8,11.4,13.6],"rotation":270,"texture":"#2"}}},{"from":[2.025,8.25,2.15],"to":[3.025,10.25,2.4],"rotation":{"angle":22.5,"axis":"y","origin":[8,8,4.4]},"faces":{"north":{"uv":[11.6,10,11.2,10.8],"texture":"#2"},"east":{"uv":[12.6,7.6,12.4,8.4],"texture":"#2"},"south":{"uv":[11.2,11.2,10.8,12],"texture":"#2"},"west":{"uv":[12.6,8.4,12.4,9.2],"texture":"#2"},"up":{"uv":[13.6,2,13.8,1.6],"rotation":90,"texture":"#2"},"down":{"uv":[13.6,2,13.8,2.4],"rotation":270,"texture":"#2"}}},{"from":[1.025,8.75,2.15],"to":[2.025,9.75,2.4],"rotation":{"angle":22.5,"axis":"y","origin":[8,8,4.4]},"faces":{"north":{"uv":[12.8,5.6,12.4,6],"texture":"#2"},"east":{"uv":[13.8,2.4,13.6,2.8],"texture":"#2"},"south":{"uv":[12.8,10,12.4,10.4],"texture":"#2"},"west":{"uv":[13.8,2.8,13.6,3.2],"texture":"#2"},"up":{"uv":[3.2,14,3.4,13.6],"rotation":90,"texture":"#2"},"down":{"uv":[3.6,13.6,3.8,14],"rotation":270,"texture":"#2"}}},{"from":[4.525,8.25,2.15],"to":[5.525,10.25,2.4],"rotation":{"angle":22.5,"axis":"y","origin":[8,8,4.4]},"faces":{"north":{"uv":[11.6,10.8,11.2,11.6],"texture":"#2"},"east":{"uv":[12.6,10.4,12.4,11.2],"texture":"#2"},"south":{"uv":[12,0,11.6,0.8],"texture":"#2"},"west":{"uv":[11.4,12.4,11.2,13.2],"texture":"#2"},"up":{"uv":[13.6,4,13.8,3.6],"rotation":90,"texture":"#2"},"down":{"uv":[13.6,4,13.8,4.4],"rotation":270,"texture":"#2"}}},{"from":[5.525,8.75,2.15],"to":[6.525,9.75,2.4],"rotation":{"angle":22.5,"axis":"y","origin":[8,8,4.4]},"faces":{"north":{"uv":[12.8,11.2,12.4,11.6],"texture":"#2"},"east":{"uv":[6.2,13.6,6,14],"texture":"#2"},"south":{"uv":[12,12.4,11.6,12.8],"texture":"#2"},"west":{"uv":[13.8,6,13.6,6.4],"texture":"#2"},"up":{"uv":[13.6,6.8,13.8,6.4],"rotation":90,"texture":"#2"},"down":{"uv":[13.6,7.6,13.8,8],"rotation":270,"texture":"#2"}}},{"from":[-0.725,12.75,2.15],"to":[1.275,14.75,3.15],"rotation":{"angle":22.5,"axis":"y","origin":[8,8,4.4]},"faces":{"north":{"uv":[10.8,9.2,10,10],"texture":"#2"},"east":{"uv":[12,0.8,11.6,1.6],"texture":"#2"},"south":{"uv":[10.8,10,10,10.8],"texture":"#2"},"west":{"uv":[12,1.6,11.6,2.4],"texture":"#2"},"up":{"uv":[11.6,5.2,12,4.4],"rotation":90,"texture":"#2"},"down":{"uv":[11.6,5.2,12,6],"rotation":270,"texture":"#2"}}},{"from":[-0.475,2.5,2.25],"to":[8.025,13.5,2.25],"rotation":{"angle":22.5,"axis":"y","origin":[8,8,4.4]},"faces":{"north":{"uv":[9.8,5.2,6.4,9.6],"texture":"#2"},"east":{"uv":[0,0,0,4.4],"texture":"#2"},"south":{"uv":[10.6,0,7.2,4.4],"texture":"#2"},"west":{"uv":[0,0,0,4.4],"texture":"#2"},"up":{"uv":[0,3.4,0,0],"rotation":90,"texture":"#2"},"down":{"uv":[0,0,0,3.4],"rotation":270,"texture":"#2"}}},{"from":[6.275,1.25,2.15],"to":[8.275,3.25,3.15],"rotation":{"angle":22.5,"axis":"y","origin":[8,8,4.4]},"faces":{"north":{"uv":[11.2,4.4,10.4,5.2],"texture":"#2"},"east":{"uv":[12,6,11.6,6.8],"texture":"#2"},"south":{"uv":[11.6,0,10.8,0.8],"texture":"#2"},"west":{"uv":[12,6.8,11.6,7.6],"texture":"#2"},"up":{"uv":[11.6,10.8,12,10],"rotation":90,"texture":"#2"},"down":{"uv":[11.6,10.8,12,11.6],"rotation":270,"texture":"#2"}}},{"from":[-0.725,1.25,2.15],"to":[1.275,3.25,3.15],"rotation":{"angle":22.5,"axis":"y","origin":[8,8,4.4]},"faces":{"north":{"uv":[11.6,0.8,10.8,1.6],"texture":"#2"},"east":{"uv":[11.6,11.6,11.2,12.4],"texture":"#2"},"south":{"uv":[11.6,1.6,10.8,2.4],"texture":"#2"},"west":{"uv":[12,11.6,11.6,12.4],"texture":"#2"},"up":{"uv":[12,0.8,12.4,0],"rotation":90,"texture":"#2"},"down":{"uv":[12,0.8,12.4,1.6],"rotation":270,"texture":"#2"}}},{"from":[0.025,2,3.4],"to":[8.025,14,4.4],"rotation":{"angle":22.5,"axis":"y","origin":[8,8,4.4]},"faces":{"north":{"uv":[3.2,5.2,0,10],"texture":"#2"},"east":{"uv":[0.8,10,0.4,14.8],"texture":"#2"},"south":{"uv":[6.4,5.2,3.2,10],"texture":"#2"},"west":{"uv":[1.2,10,0.8,14.8],"texture":"#2"},"up":{"uv":[3.6,13.2,4,10],"rotation":90,"texture":"#2"},"down":{"uv":[4,10,4.4,13.2],"rotation":270,"texture":"#2"}}},{"from":[7.725,12.75,2.15],"to":[9.725,14.75,3.15],"rotation":{"angle":-22.5,"axis":"y","origin":[8,8,4.4]},"faces":{"north":{"uv":[10,7.6,10.8,8.4],"texture":"#2"},"east":{"uv":[5.2,11.2,5.6,12],"texture":"#2"},"south":{"uv":[10,8.4,10.8,9.2],"texture":"#2"},"west":{"uv":[11.2,4.4,11.6,5.2],"texture":"#2"},"up":{"uv":[6,12,5.6,11.2],"rotation":270,"texture":"#2"},"down":{"uv":[6.4,11.2,6,12],"rotation":90,"texture":"#2"}}},{"from":[7.975,1.5,2.4],"to":[16.475,14.5,3.4],"rotation":{"angle":-22.5,"axis":"y","origin":[8,8,4.4]},"faces":{"north":{"uv":[0,0,3.4,5.2],"texture":"#2"},"east":{"uv":[0,10,0.4,15.2],"texture":"#2"},"south":{"uv":[3.6,0,7,5.2],"texture":"#2"},"west":{"uv":[9.6,9.6,10,14.8],"texture":"#2"},"up":{"uv":[1.6,13.4,1.2,10],"rotation":270,"texture":"#2"},"down":{"uv":[2,10,1.6,13.4],"rotation":90,"texture":"#2"}}},{"from":[11.475,6.75,2.15],"to":[12.975,12.25,2.4],"rotation":{"angle":-22.5,"axis":"y","origin":[8,8,4.4]},"faces":{"north":{"uv":[2,10,2.6,12.2],"texture":"#2"},"east":{"uv":[4.8,11.2,5,13.4],"texture":"#2"},"south":{"uv":[2.8,10,3.4,12.2],"texture":"#2"},"west":{"uv":[4.4,11.2,4.6,13.4],"texture":"#2"},"up":{"uv":[12.6,12.2,12.4,11.6],"rotation":270,"texture":"#2"},"down":{"uv":[12.6,12.4,12.4,13],"rotation":90,"texture":"#2"}}},{"from":[11.475,4,2.15],"to":[12.975,5,2.4],"rotation":{"angle":-22.5,"axis":"y","origin":[8,8,4.4]},"faces":{"north":{"uv":[12,9.2,12.6,9.6],"texture":"#2"},"east":{"uv":[13.2,10.8,13.4,11.2],"texture":"#2"},"south":{"uv":[12,9.6,12.6,10],"texture":"#2"},"west":{"uv":[10.8,13.2,11,13.6],"texture":"#2"},"up":{"uv":[13,0.6,12.8,0],"rotation":270,"texture":"#2"},"down":{"uv":[13,0.8,12.8,1.4],"rotation":90,"texture":"#2"}}},{"from":[11.975,5,2.15],"to":[12.475,6.75,2.4],"rotation":{"angle":-22.5,"axis":"y","origin":[8,8,4.4]},"faces":{"north":{"uv":[12,12,12.2,12.8],"texture":"#2"},"east":{"uv":[12.4,0,12.6,0.8],"texture":"#2"},"south":{"uv":[12.4,0.8,12.6,1.6],"texture":"#2"},"west":{"uv":[12,11.2,12.2,12],"texture":"#2"},"up":{"uv":[13.8,9.8,13.6,9.6],"rotation":270,"texture":"#2"},"down":{"uv":[13.8,10,13.6,10.2],"rotation":90,"texture":"#2"}}},{"from":[10.475,12.25,1.9],"to":[13.975,13.25,2.4],"rotation":{"angle":-22.5,"axis":"y","origin":[8,8,4.4]},"faces":{"north":{"uv":[10.8,7.6,12.2,8],"texture":"#2"},"east":{"uv":[13.2,11.2,13.4,11.6],"texture":"#2"},"south":{"uv":[10.8,8,12.2,8.4],"texture":"#2"},"west":{"uv":[11.2,13.2,11.4,13.6],"texture":"#2"},"up":{"uv":[12.2,5.8,12,4.4],"rotation":270,"texture":"#2"},"down":{"uv":[5.4,12,5.2,13.4],"rotation":90,"texture":"#2"}}},{"from":[10.475,3,1.9],"to":[13.975,4,2.4],"rotation":{"angle":-22.5,"axis":"y","origin":[8,8,4.4]},"faces":{"north":{"uv":[10.8,8.4,12.2,8.8],"texture":"#2"},"east":{"uv":[13.2,12,13.4,12.4],"texture":"#2"},"south":{"uv":[10.8,8.8,12.2,9.2],"texture":"#2"},"west":{"uv":[13.2,11.6,13.4,12],"texture":"#2"},"up":{"uv":[5.8,13.4,5.6,12],"rotation":270,"texture":"#2"},"down":{"uv":[6.2,12,6,13.4],"rotation":90,"texture":"#2"}}},{"from":[12.975,7.75,1.9],"to":[14.475,8.25,2.4],"rotation":{"angle":-22.5,"axis":"y","origin":[8,8,4.4]},"faces":{"north":{"uv":[12.8,1.6,13.4,1.8],"texture":"#2"},"east":{"uv":[10.8,13.6,11,13.8],"texture":"#2"},"south":{"uv":[12.8,2,13.4,2.2],"texture":"#2"},"west":{"uv":[13.6,10.4,13.8,10.6],"texture":"#2"},"up":{"uv":[13,3,12.8,2.4],"rotation":270,"texture":"#2"},"down":{"uv":[13,3.2,12.8,3.8],"rotation":90,"texture":"#2"}}},{"from":[12.975,4,1.9],"to":[13.475,5.5,2.4],"rotation":{"angle":-22.5,"axis":"y","origin":[8,8,4.4]},"faces":{"north":{"uv":[12.8,4.8,13,5.4],"texture":"#2"},"east":{"uv":[12.8,5.6,13,6.2],"texture":"#2"},"south":{"uv":[12.8,6.4,13,7],"texture":"#2"},"west":{"uv":[12.8,4,13,4.6],"texture":"#2"},"up":{"uv":[13.8,11,13.6,10.8],"rotation":270,"texture":"#2"},"down":{"uv":[11.4,13.6,11.2,13.8],"rotation":90,"texture":"#2"}}},{"from":[12.975,6.25,1.9],"to":[13.475,7.75,2.4],"rotation":{"angle":-22.5,"axis":"y","origin":[8,8,4.4]},"faces":{"north":{"uv":[12.8,8,13,8.6],"texture":"#2"},"east":{"uv":[12.8,8.8,13,9.4],"texture":"#2"},"south":{"uv":[12.8,9.6,13,10.2],"texture":"#2"},"west":{"uv":[12.8,7.2,13,7.8],"texture":"#2"},"up":{"uv":[13.8,11.4,13.6,11.2],"rotation":270,"texture":"#2"},"down":{"uv":[11.8,13.6,11.6,13.8],"rotation":90,"texture":"#2"}}},{"from":[12.475,5,1.9],"to":[12.975,6.75,2.4],"rotation":{"angle":-22.5,"axis":"y","origin":[8,8,4.4]},"faces":{"north":{"uv":[2.4,12.4,2.6,13.2],"texture":"#2"},"east":{"uv":[12.4,2.4,12.6,3.2],"texture":"#2"},"south":{"uv":[2.8,12.4,3,13.2],"texture":"#2"},"west":{"uv":[2,12.4,2.2,13.2],"texture":"#2"},"up":{"uv":[13.8,11.8,13.6,11.6],"rotation":270,"texture":"#2"},"down":{"uv":[12.2,13.6,12,13.8],"rotation":90,"texture":"#2"}}},{"from":[14.975,7.75,1.9],"to":[15.975,10.75,2.4],"rotation":{"angle":-22.5,"axis":"y","origin":[8,8,4.4]},"faces":{"north":{"uv":[6,10,6.4,11.2],"texture":"#2"},"east":{"uv":[12,10,12.2,11.2],"texture":"#2"},"south":{"uv":[10,10.8,10.4,12],"texture":"#2"},"west":{"uv":[10,12,10.2,13.2],"texture":"#2"},"up":{"uv":[12.6,13.6,12.4,13.2],"rotation":270,"texture":"#2"},"down":{"uv":[13.4,12.4,13.2,12.8],"rotation":90,"texture":"#2"}}},{"from":[12.975,10.75,1.9],"to":[13.475,12.25,2.4],"rotation":{"angle":-22.5,"axis":"y","origin":[8,8,4.4]},"faces":{"north":{"uv":[12.8,12.8,13,13.4],"texture":"#2"},"east":{"uv":[13.2,0,13.4,0.6],"texture":"#2"},"south":{"uv":[13.2,0.8,13.4,1.4],"texture":"#2"},"west":{"uv":[12.8,12,13,12.6],"texture":"#2"},"up":{"uv":[13.8,12.6,13.6,12.4],"rotation":270,"texture":"#2"},"down":{"uv":[13,13.6,12.8,13.8],"rotation":90,"texture":"#2"}}},{"from":[12.975,10.25,1.9],"to":[14.475,10.75,2.4],"rotation":{"angle":-22.5,"axis":"y","origin":[8,8,4.4]},"faces":{"north":{"uv":[3.2,13.2,3.8,13.4],"texture":"#2"},"east":{"uv":[14,0.4,14.2,0.6],"texture":"#2"},"south":{"uv":[13.2,3.2,13.8,3.4],"texture":"#2"},"west":{"uv":[14,0,14.2,0.2],"texture":"#2"},"up":{"uv":[13.4,4.2,13.2,3.6],"rotation":270,"texture":"#2"},"down":{"uv":[4.2,13.2,4,13.8],"rotation":90,"texture":"#2"}}},{"from":[13.975,9.75,1.9],"to":[14.975,10.25,2.4],"rotation":{"angle":-22.5,"axis":"y","origin":[8,8,4.4]},"faces":{"north":{"uv":[13.2,12.8,13.6,13],"texture":"#2"},"east":{"uv":[1.2,14,1.4,14.2],"texture":"#2"},"south":{"uv":[13.2,13.2,13.6,13.4],"texture":"#2"},"west":{"uv":[14,0.8,14.2,1],"texture":"#2"},"up":{"uv":[13.8,0.4,13.6,0],"rotation":270,"texture":"#2"},"down":{"uv":[13.8,0.4,13.6,0.8],"rotation":90,"texture":"#2"}}},{"from":[13.975,8.25,1.9],"to":[14.975,8.75,2.4],"rotation":{"angle":-22.5,"axis":"y","origin":[8,8,4.4]},"faces":{"north":{"uv":[13.6,0.8,14,1],"texture":"#2"},"east":{"uv":[1.6,14,1.8,14.2],"texture":"#2"},"south":{"uv":[1.2,13.6,1.6,13.8],"texture":"#2"},"west":{"uv":[14,1.2,14.2,1.4],"texture":"#2"},"up":{"uv":[13.8,1.6,13.6,1.2],"rotation":270,"texture":"#2"},"down":{"uv":[1.8,13.6,1.6,14],"rotation":90,"texture":"#2"}}},{"from":[8.475,7.75,1.9],"to":[9.475,10.75,2.4],"rotation":{"angle":-22.5,"axis":"y","origin":[8,8,4.4]},"faces":{"north":{"uv":[6.4,10,6,11.2],"texture":"#2"},"east":{"uv":[10.2,12,10,13.2],"texture":"#2"},"south":{"uv":[10.4,10.8,10,12],"texture":"#2"},"west":{"uv":[12.2,10,12,11.2],"texture":"#2"},"up":{"uv":[12.6,13.2,12.4,13.6],"rotation":270,"texture":"#2"},"down":{"uv":[13.4,12.8,13.2,12.4],"rotation":90,"texture":"#2"}}},{"from":[9.475,9.75,1.9],"to":[10.475,10.25,2.4],"rotation":{"angle":-22.5,"axis":"y","origin":[8,8,4.4]},"faces":{"north":{"uv":[13.6,12.8,13.2,13],"texture":"#2"},"east":{"uv":[14.2,0.8,14,1],"texture":"#2"},"south":{"uv":[13.6,13.2,13.2,13.4],"texture":"#2"},"west":{"uv":[1.4,14,1.2,14.2],"texture":"#2"},"up":{"uv":[13.8,0,13.6,0.4],"rotation":270,"texture":"#2"},"down":{"uv":[13.8,0.8,13.6,0.4],"rotation":90,"texture":"#2"}}},{"from":[9.975,10.25,1.9],"to":[11.475,10.75,2.4],"rotation":{"angle":-22.5,"axis":"y","origin":[8,8,4.4]},"faces":{"north":{"uv":[3.8,13.2,3.2,13.4],"texture":"#2"},"east":{"uv":[14.2,0,14,0.2],"texture":"#2"},"south":{"uv":[13.8,3.2,13.2,3.4],"texture":"#2"},"west":{"uv":[14.2,0.4,14,0.6],"texture":"#2"},"up":{"uv":[13.4,3.6,13.2,4.2],"rotation":270,"texture":"#2"},"down":{"uv":[4.2,13.8,4,13.2],"rotation":90,"texture":"#2"}}},{"from":[10.975,10.75,1.9],"to":[11.475,12.25,2.4],"rotation":{"angle":-22.5,"axis":"y","origin":[8,8,4.4]},"faces":{"north":{"uv":[13,12.8,12.8,13.4],"texture":"#2"},"east":{"uv":[13,12,12.8,12.6],"texture":"#2"},"south":{"uv":[13.4,0.8,13.2,1.4],"texture":"#2"},"west":{"uv":[13.4,0,13.2,0.6],"texture":"#2"},"up":{"uv":[13.8,12.4,13.6,12.6],"rotation":270,"texture":"#2"},"down":{"uv":[13,13.8,12.8,13.6],"rotation":90,"texture":"#2"}}},{"from":[9.475,8.25,1.9],"to":[10.475,8.75,2.4],"rotation":{"angle":-22.5,"axis":"y","origin":[8,8,4.4]},"faces":{"north":{"uv":[14,0.8,13.6,1],"texture":"#2"},"east":{"uv":[14.2,1.2,14,1.4],"texture":"#2"},"south":{"uv":[1.6,13.6,1.2,13.8],"texture":"#2"},"west":{"uv":[1.8,14,1.6,14.2],"texture":"#2"},"up":{"uv":[13.8,1.2,13.6,1.6],"rotation":270,"texture":"#2"},"down":{"uv":[1.8,14,1.6,13.6],"rotation":90,"texture":"#2"}}},{"from":[9.975,7.75,1.9],"to":[11.475,8.25,2.4],"rotation":{"angle":-22.5,"axis":"y","origin":[8,8,4.4]},"faces":{"north":{"uv":[13.4,1.6,12.8,1.8],"texture":"#2"},"east":{"uv":[13.8,10.4,13.6,10.6],"texture":"#2"},"south":{"uv":[13.4,2,12.8,2.2],"texture":"#2"},"west":{"uv":[11,13.6,10.8,13.8],"texture":"#2"},"up":{"uv":[13,2.4,12.8,3],"rotation":270,"texture":"#2"},"down":{"uv":[13,3.8,12.8,3.2],"rotation":90,"texture":"#2"}}},{"from":[10.975,6.25,1.9],"to":[11.475,7.75,2.4],"rotation":{"angle":-22.5,"axis":"y","origin":[8,8,4.4]},"faces":{"north":{"uv":[13,8,12.8,8.6],"texture":"#2"},"east":{"uv":[13,7.2,12.8,7.8],"texture":"#2"},"south":{"uv":[13,9.6,12.8,10.2],"texture":"#2"},"west":{"uv":[13,8.8,12.8,9.4],"texture":"#2"},"up":{"uv":[13.8,11.2,13.6,11.4],"rotation":270,"texture":"#2"},"down":{"uv":[11.8,13.8,11.6,13.6],"rotation":90,"texture":"#2"}}},{"from":[11.475,5,1.9],"to":[11.975,6.75,2.4],"rotation":{"angle":-22.5,"axis":"y","origin":[8,8,4.4]},"faces":{"north":{"uv":[2.6,12.4,2.4,13.2],"texture":"#2"},"east":{"uv":[2.2,12.4,2,13.2],"texture":"#2"},"south":{"uv":[3,12.4,2.8,13.2],"texture":"#2"},"west":{"uv":[12.6,2.4,12.4,3.2],"texture":"#2"},"up":{"uv":[13.8,11.6,13.6,11.8],"rotation":270,"texture":"#2"},"down":{"uv":[12.2,13.8,12,13.6],"rotation":90,"texture":"#2"}}},{"from":[10.975,4,1.9],"to":[11.475,5.5,2.4],"rotation":{"angle":-22.5,"axis":"y","origin":[8,8,4.4]},"faces":{"north":{"uv":[13,4.8,12.8,5.4],"texture":"#2"},"east":{"uv":[13,4,12.8,4.6],"texture":"#2"},"south":{"uv":[13,6.4,12.8,7],"texture":"#2"},"west":{"uv":[13,5.6,12.8,6.2],"texture":"#2"},"up":{"uv":[13.8,10.8,13.6,11],"rotation":270,"texture":"#2"},"down":{"uv":[11.4,13.8,11.2,13.6],"rotation":90,"texture":"#2"}}},{"from":[12.975,8.25,2.15],"to":[13.975,10.25,2.4],"rotation":{"angle":-22.5,"axis":"y","origin":[8,8,4.4]},"faces":{"north":{"uv":[11.2,10,11.6,10.8],"texture":"#2"},"east":{"uv":[12.4,8.4,12.6,9.2],"texture":"#2"},"south":{"uv":[10.8,11.2,11.2,12],"texture":"#2"},"west":{"uv":[12.4,7.6,12.6,8.4],"texture":"#2"},"up":{"uv":[13.8,2,13.6,1.6],"rotation":270,"texture":"#2"},"down":{"uv":[13.8,2,13.6,2.4],"rotation":90,"texture":"#2"}}},{"from":[13.975,8.75,2.15],"to":[14.975,9.75,2.4],"rotation":{"angle":-22.5,"axis":"y","origin":[8,8,4.4]},"faces":{"north":{"uv":[12.4,5.6,12.8,6],"texture":"#2"},"east":{"uv":[13.6,2.8,13.8,3.2],"texture":"#2"},"south":{"uv":[12.4,10,12.8,10.4],"texture":"#2"},"west":{"uv":[13.6,2.4,13.8,2.8],"texture":"#2"},"up":{"uv":[3.4,14,3.2,13.6],"rotation":270,"texture":"#2"},"down":{"uv":[3.8,13.6,3.6,14],"rotation":90,"texture":"#2"}}},{"from":[10.475,8.25,2.15],"to":[11.475,10.25,2.4],"rotation":{"angle":-22.5,"axis":"y","origin":[8,8,4.4]},"faces":{"north":{"uv":[11.2,10.8,11.6,11.6],"texture":"#2"},"east":{"uv":[11.2,12.4,11.4,13.2],"texture":"#2"},"south":{"uv":[11.6,0,12,0.8],"texture":"#2"},"west":{"uv":[12.4,10.4,12.6,11.2],"texture":"#2"},"up":{"uv":[13.8,4,13.6,3.6],"rotation":270,"texture":"#2"},"down":{"uv":[13.8,4,13.6,4.4],"rotation":90,"texture":"#2"}}},{"from":[9.475,8.75,2.15],"to":[10.475,9.75,2.4],"rotation":{"angle":-22.5,"axis":"y","origin":[8,8,4.4]},"faces":{"north":{"uv":[12.4,11.2,12.8,11.6],"texture":"#2"},"east":{"uv":[13.6,6,13.8,6.4],"texture":"#2"},"south":{"uv":[11.6,12.4,12,12.8],"texture":"#2"},"west":{"uv":[6,13.6,6.2,14],"texture":"#2"},"up":{"uv":[13.8,6.8,13.6,6.4],"rotation":270,"texture":"#2"},"down":{"uv":[13.8,7.6,13.6,8],"rotation":90,"texture":"#2"}}},{"from":[14.725,12.75,2.15],"to":[16.725,14.75,3.15],"rotation":{"angle":-22.5,"axis":"y","origin":[8,8,4.4]},"faces":{"north":{"uv":[10,9.2,10.8,10],"texture":"#2"},"east":{"uv":[11.6,1.6,12,2.4],"texture":"#2"},"south":{"uv":[10,10,10.8,10.8],"texture":"#2"},"west":{"uv":[11.6,0.8,12,1.6],"texture":"#2"},"up":{"uv":[12,5.2,11.6,4.4],"rotation":270,"texture":"#2"},"down":{"uv":[12,5.2,11.6,6],"rotation":90,"texture":"#2"}}},{"from":[7.975,2.5,2.25],"to":[16.475,13.5,2.25],"rotation":{"angle":-22.5,"axis":"y","origin":[8,8,4.4]},"faces":{"north":{"uv":[6.4,5.2,9.8,9.6],"texture":"#2"},"east":{"uv":[0,0,0,4.4],"texture":"#2"},"south":{"uv":[7.2,0,10.6,4.4],"texture":"#2"},"west":{"uv":[0,0,0,4.4],"texture":"#2"},"up":{"uv":[0,3.4,0,0],"rotation":270,"texture":"#2"},"down":{"uv":[0,0,0,3.4],"rotation":90,"texture":"#2"}}},{"from":[7.725,1.25,2.15],"to":[9.725,3.25,3.15],"rotation":{"angle":-22.5,"axis":"y","origin":[8,8,4.4]},"faces":{"north":{"uv":[10.4,4.4,11.2,5.2],"texture":"#2"},"east":{"uv":[11.6,6.8,12,7.6],"texture":"#2"},"south":{"uv":[10.8,0,11.6,0.8],"texture":"#2"},"west":{"uv":[11.6,6,12,6.8],"texture":"#2"},"up":{"uv":[12,10.8,11.6,10],"rotation":270,"texture":"#2"},"down":{"uv":[12,10.8,11.6,11.6],"rotation":90,"texture":"#2"}}},{"from":[14.725,1.25,2.15],"to":[16.725,3.25,3.15],"rotation":{"angle":-22.5,"axis":"y","origin":[8,8,4.4]},"faces":{"north":{"uv":[10.8,0.8,11.6,1.6],"texture":"#2"},"east":{"uv":[11.6,11.6,12,12.4],"texture":"#2"},"south":{"uv":[10.8,1.6,11.6,2.4],"texture":"#2"},"west":{"uv":[11.2,11.6,11.6,12.4],"texture":"#2"},"up":{"uv":[12.4,0.8,12,0],"rotation":270,"texture":"#2"},"down":{"uv":[12.4,0.8,12,1.6],"rotation":90,"texture":"#2"}}},{"from":[7.975,2,3.4],"to":[15.975,14,4.4],"rotation":{"angle":-22.5,"axis":"y","origin":[8,8,4.4]},"faces":{"north":{"uv":[0,5.2,3.2,10],"texture":"#2"},"east":{"uv":[0.8,10,1.2,14.8],"texture":"#2"},"south":{"uv":[3.2,5.2,6.4,10],"texture":"#2"},"west":{"uv":[0.4,10,0.8,14.8],"texture":"#2"},"up":{"uv":[4,13.2,3.6,10],"rotation":270,"texture":"#2"},"down":{"uv":[4.4,10,4,13.2],"rotation":90,"texture":"#2"}}}],"gui_light":"front","display":{"thirdperson_righthand":{"rotation":[21,-14,0],"translation":[-0.5,4.25,4],"scale":[0.75,0.75,0.75]},"thirdperson_lefthand":{"rotation":[21,-14,0],"translation":[-0.5,4.25,4],"scale":[0.75,0.75,0.75]},"firstperson_righthand":{"rotation":[-28,-55,-9],"translation":[1.25,1,-6.75],"scale":[1.05664,1.05664,1.05664]},"firstperson_lefthand":{"rotation":[-28,-55,-9],"translation":[1.25,1,-6.75],"scale":[1.05664,1.05664,1.05664]},"ground":{"rotation":[-45,-58,0],"translation":[-1,3.25,0],"scale":[0.87109,0.87109,0.87109]},"gui":{"rotation":[0,-29,0],"translation":[-0.75,-0.25,-10.5],"scale":[0.79883,0.79883,0.79883]},"head":{"rotation":[-84,0,0],"translation":[0.25,11.5,0]},"fixed":{"rotation":[0,180,0],"translation":[0,0,-12.25],"scale":[1.99609,1.99609,1.99609]}}}