{"credit":"MadewithBlockbench","texture_size":[40,40],"textures":{"2":"dark_crusader_set:book"},"elements":[{"from":[6.5,1.5,3.375],"to":[9.5,14.5,4.375],"rotation":{"angle":0,"axis":"y","origin":[8,8,4.4]},"faces":{"north":{"uv":[6.4,9.6,7.6,14.8],"texture":"#2"},"east":{"uv":[8.8,9.6,9.2,14.8],"texture":"#2"},"south":{"uv":[7.6,9.6,8.8,14.8],"texture":"#2"},"west":{"uv":[9.2,9.6,9.6,14.8],"texture":"#2"},"up":{"uv":[12,9.6,10.8,9.2],"texture":"#2"},"down":{"uv":[12,9.6,10.8,10],"texture":"#2"}}},{"from":[6.25,11.5,3.125],"to":[9.75,12.5,4.625],"rotation":{"angle":0,"axis":"y","origin":[8,8,4.4]},"faces":{"north":{"uv":[10.8,2.4,12.2,2.8],"texture":"#2"},"east":{"uv":[12,1.6,12.6,2],"texture":"#2"},"south":{"uv":[10.8,2.8,12.2,3.2],"texture":"#2"},"west":{"uv":[12,2,12.6,2.4],"texture":"#2"},"up":{"uv":[8.6,5,7.2,4.4],"texture":"#2"},"down":{"uv":[10.2,4.4,8.8,5],"texture":"#2"}}},{"from":[6.25,7.5,3.125],"to":[9.75,8.5,4.625],"rotation":{"angle":0,"axis":"y","origin":[8,8,4.4]},"faces":{"north":{"uv":[10.8,3.2,12.2,3.6],"texture":"#2"},"east":{"uv":[12,6,12.6,6.4],"texture":"#2"},"south":{"uv":[10.8,3.6,12.2,4],"texture":"#2"},"west":{"uv":[12,6.4,12.6,6.8],"texture":"#2"},"up":{"uv":[5.8,10.6,4.4,10],"texture":"#2"},"down":{"uv":[11.4,5.2,10,5.8],"texture":"#2"}}},{"from":[6.25,3.5,3.125],"to":[9.75,4.5,4.625],"rotation":{"angle":0,"axis":"y","origin":[8,8,4.4]},"faces":{"north":{"uv":[10.8,4,12.2,4.4],"texture":"#2"},"east":{"uv":[12,6.8,12.6,7.2],"texture":"#2"},"south":{"uv":[4.4,10.8,5.8,11.2],"texture":"#2"},"west":{"uv":[12,7.2,12.6,7.6],"texture":"#2"},"up":{"uv":[11.4,6.6,10,6],"texture":"#2"},"down":{"uv":[11.4,6.8,10,7.4],"texture":"#2"}}},{"from":[5.75,12.75,4.125],"to":[6.75,14.75,6.125],"rotation":{"angle":0,"axis":"y","origin":[8,8,4.4]},"faces":{"north":{"uv":[11.6,4.4,11.2,5.2],"texture":"#2"},"east":{"uv":[10.8,8.4,10,9.2],"texture":"#2"},"south":{"uv":[5.6,11.2,5.2,12],"texture":"#2"},"west":{"uv":[10.8,7.6,10,8.4],"texture":"#2"},"up":{"uv":[5.6,12,6,11.2],"texture":"#2"},"down":{"uv":[6,11.2,6.4,12],"texture":"#2"}}},{"from":[6,1.5,4.375],"to":[7,14.5,12.875],"rotation":{"angle":0,"axis":"y","origin":[8,8,4.4]},"faces":{"north":{"uv":[10,9.6,9.6,14.8],"texture":"#2"},"east":{"uv":[7,0,3.6,5.2],"texture":"#2"},"south":{"uv":[0.4,10,0,15.2],"texture":"#2"},"west":{"uv":[3.4,0,0,5.2],"texture":"#2"},"up":{"uv":[1.2,13.4,1.6,10],"texture":"#2"},"down":{"uv":[1.6,10,2,13.4],"texture":"#2"}}},{"from":[5.75,6.75,7.875],"to":[6,12.25,9.375],"rotation":{"angle":0,"axis":"y","origin":[8,8,4.4]},"faces":{"north":{"uv":[4.6,11.2,4.4,13.4],"texture":"#2"},"east":{"uv":[3.4,10,2.8,12.2],"texture":"#2"},"south":{"uv":[5,11.2,4.8,13.4],"texture":"#2"},"west":{"uv":[2.6,10,2,12.2],"texture":"#2"},"up":{"uv":[12.4,12.2,12.6,11.6],"texture":"#2"},"down":{"uv":[12.4,12.4,12.6,13],"texture":"#2"}}},{"from":[5.75,4,7.875],"to":[6,5,9.375],"rotation":{"angle":0,"axis":"y","origin":[8,8,4.4]},"faces":{"north":{"uv":[11,13.2,10.8,13.6],"texture":"#2"},"east":{"uv":[12.6,9.6,12,10],"texture":"#2"},"south":{"uv":[13.4,10.8,13.2,11.2],"texture":"#2"},"west":{"uv":[12.6,9.2,12,9.6],"texture":"#2"},"up":{"uv":[12.8,0.6,13,0],"texture":"#2"},"down":{"uv":[12.8,0.8,13,1.4],"texture":"#2"}}},{"from":[5.75,5,8.375],"to":[6,6.75,8.875],"rotation":{"angle":0,"axis":"y","origin":[8,8,4.4]},"faces":{"north":{"uv":[12.2,11.2,12,12],"texture":"#2"},"east":{"uv":[12.6,0.8,12.4,1.6],"texture":"#2"},"south":{"uv":[12.6,0,12.4,0.8],"texture":"#2"},"west":{"uv":[12.2,12,12,12.8],"texture":"#2"},"up":{"uv":[13.6,9.8,13.8,9.6],"texture":"#2"},"down":{"uv":[13.6,10,13.8,10.2],"texture":"#2"}}},{"from":[5.5,12.25,6.875],"to":[6,13.25,10.375],"rotation":{"angle":0,"axis":"y","origin":[8,8,4.4]},"faces":{"north":{"uv":[11.4,13.2,11.2,13.6],"texture":"#2"},"east":{"uv":[12.2,8,10.8,8.4],"texture":"#2"},"south":{"uv":[13.4,11.2,13.2,11.6],"texture":"#2"},"west":{"uv":[12.2,7.6,10.8,8],"texture":"#2"},"up":{"uv":[12,5.8,12.2,4.4],"texture":"#2"},"down":{"uv":[5.2,12,5.4,13.4],"texture":"#2"}}},{"from":[5.5,3,6.875],"to":[6,4,10.375],"rotation":{"angle":0,"axis":"y","origin":[8,8,4.4]},"faces":{"north":{"uv":[13.4,11.6,13.2,12],"texture":"#2"},"east":{"uv":[12.2,8.8,10.8,9.2],"texture":"#2"},"south":{"uv":[13.4,12,13.2,12.4],"texture":"#2"},"west":{"uv":[12.2,8.4,10.8,8.8],"texture":"#2"},"up":{"uv":[5.6,13.4,5.8,12],"texture":"#2"},"down":{"uv":[6,12,6.2,13.4],"texture":"#2"}}},{"from":[5.5,7.75,9.375],"to":[6,8.25,10.875],"rotation":{"angle":0,"axis":"y","origin":[8,8,4.4]},"faces":{"north":{"uv":[13.8,10.4,13.6,10.6],"texture":"#2"},"east":{"uv":[13.4,2,12.8,2.2],"texture":"#2"},"south":{"uv":[11,13.6,10.8,13.8],"texture":"#2"},"west":{"uv":[13.4,1.6,12.8,1.8],"texture":"#2"},"up":{"uv":[12.8,3,13,2.4],"texture":"#2"},"down":{"uv":[12.8,3.2,13,3.8],"texture":"#2"}}},{"from":[5.5,4,9.375],"to":[6,5.5,9.875],"rotation":{"angle":0,"axis":"y","origin":[8,8,4.4]},"faces":{"north":{"uv":[13,4,12.8,4.6],"texture":"#2"},"east":{"uv":[13,6.4,12.8,7],"texture":"#2"},"south":{"uv":[13,5.6,12.8,6.2],"texture":"#2"},"west":{"uv":[13,4.8,12.8,5.4],"texture":"#2"},"up":{"uv":[13.6,11,13.8,10.8],"texture":"#2"},"down":{"uv":[11.2,13.6,11.4,13.8],"texture":"#2"}}},{"from":[5.5,6.25,9.375],"to":[6,7.75,9.875],"rotation":{"angle":0,"axis":"y","origin":[8,8,4.4]},"faces":{"north":{"uv":[13,7.2,12.8,7.8],"texture":"#2"},"east":{"uv":[13,9.6,12.8,10.2],"texture":"#2"},"south":{"uv":[13,8.8,12.8,9.4],"texture":"#2"},"west":{"uv":[13,8,12.8,8.6],"texture":"#2"},"up":{"uv":[13.6,11.4,13.8,11.2],"texture":"#2"},"down":{"uv":[11.6,13.6,11.8,13.8],"texture":"#2"}}},{"from":[5.5,5,8.875],"to":[6,6.75,9.375],"rotation":{"angle":0,"axis":"y","origin":[8,8,4.4]},"faces":{"north":{"uv":[2.2,12.4,2,13.2],"texture":"#2"},"east":{"uv":[3,12.4,2.8,13.2],"texture":"#2"},"south":{"uv":[12.6,2.4,12.4,3.2],"texture":"#2"},"west":{"uv":[2.6,12.4,2.4,13.2],"texture":"#2"},"up":{"uv":[13.6,11.8,13.8,11.6],"texture":"#2"},"down":{"uv":[12,13.6,12.2,13.8],"texture":"#2"}}},{"from":[5.5,7.75,11.375],"to":[6,10.75,12.375],"rotation":{"angle":0,"axis":"y","origin":[8,8,4.4]},"faces":{"north":{"uv":[10.2,12,10,13.2],"texture":"#2"},"east":{"uv":[10.4,10.8,10,12],"texture":"#2"},"south":{"uv":[12.2,10,12,11.2],"texture":"#2"},"west":{"uv":[6.4,10,6,11.2],"texture":"#2"},"up":{"uv":[12.4,13.6,12.6,13.2],"texture":"#2"},"down":{"uv":[13.2,12.4,13.4,12.8],"texture":"#2"}}},{"from":[5.5,10.75,9.375],"to":[6,12.25,9.875],"rotation":{"angle":0,"axis":"y","origin":[8,8,4.4]},"faces":{"north":{"uv":[13,12,12.8,12.6],"texture":"#2"},"east":{"uv":[13.4,0.8,13.2,1.4],"texture":"#2"},"south":{"uv":[13.4,0,13.2,0.6],"texture":"#2"},"west":{"uv":[13,12.8,12.8,13.4],"texture":"#2"},"up":{"uv":[13.6,12.6,13.8,12.4],"texture":"#2"},"down":{"uv":[12.8,13.6,13,13.8],"texture":"#2"}}},{"from":[5.5,10.25,9.375],"to":[6,10.75,10.875],"rotation":{"angle":0,"axis":"y","origin":[8,8,4.4]},"faces":{"north":{"uv":[14.2,0,14,0.2],"texture":"#2"},"east":{"uv":[13.8,3.2,13.2,3.4],"texture":"#2"},"south":{"uv":[14.2,0.4,14,0.6],"texture":"#2"},"west":{"uv":[3.8,13.2,3.2,13.4],"texture":"#2"},"up":{"uv":[13.2,4.2,13.4,3.6],"texture":"#2"},"down":{"uv":[4,13.2,4.2,13.8],"texture":"#2"}}},{"from":[5.5,9.75,10.375],"to":[6,10.25,11.375],"rotation":{"angle":0,"axis":"y","origin":[8,8,4.4]},"faces":{"north":{"uv":[14.2,0.8,14,1],"texture":"#2"},"east":{"uv":[13.6,13.2,13.2,13.4],"texture":"#2"},"south":{"uv":[1.4,14,1.2,14.2],"texture":"#2"},"west":{"uv":[13.6,12.8,13.2,13],"texture":"#2"},"up":{"uv":[13.6,0.4,13.8,0],"texture":"#2"},"down":{"uv":[13.6,0.4,13.8,0.8],"texture":"#2"}}},{"from":[5.5,8.25,10.375],"to":[6,8.75,11.375],"rotation":{"angle":0,"axis":"y","origin":[8,8,4.4]},"faces":{"north":{"uv":[14.2,1.2,14,1.4],"texture":"#2"},"east":{"uv":[1.6,13.6,1.2,13.8],"texture":"#2"},"south":{"uv":[1.8,14,1.6,14.2],"texture":"#2"},"west":{"uv":[14,0.8,13.6,1],"texture":"#2"},"up":{"uv":[13.6,1.6,13.8,1.2],"texture":"#2"},"down":{"uv":[1.6,13.6,1.8,14],"texture":"#2"}}},{"from":[5.5,7.75,4.875],"to":[6,10.75,5.875],"rotation":{"angle":0,"axis":"y","origin":[8,8,11.6]},"faces":{"north":{"uv":[12,10,12.2,11.2],"texture":"#2"},"east":{"uv":[10,10.8,10.4,12],"texture":"#2"},"south":{"uv":[10,12,10.2,13.2],"texture":"#2"},"west":{"uv":[6,10,6.4,11.2],"texture":"#2"},"up":{"uv":[12.4,13.2,12.6,13.6],"texture":"#2"},"down":{"uv":[13.2,12.8,13.4,12.4],"texture":"#2"}}},{"from":[5.5,9.75,5.875],"to":[6,10.25,6.875],"rotation":{"angle":0,"axis":"y","origin":[8,8,11.6]},"faces":{"north":{"uv":[1.2,14,1.4,14.2],"texture":"#2"},"east":{"uv":[13.2,13.2,13.6,13.4],"texture":"#2"},"south":{"uv":[14,0.8,14.2,1],"texture":"#2"},"west":{"uv":[13.2,12.8,13.6,13],"texture":"#2"},"up":{"uv":[13.6,0,13.8,0.4],"texture":"#2"},"down":{"uv":[13.6,0.8,13.8,0.4],"texture":"#2"}}},{"from":[5.5,10.25,6.375],"to":[6,10.75,7.875],"rotation":{"angle":0,"axis":"y","origin":[8,8,11.6]},"faces":{"north":{"uv":[14,0.4,14.2,0.6],"texture":"#2"},"east":{"uv":[13.2,3.2,13.8,3.4],"texture":"#2"},"south":{"uv":[14,0,14.2,0.2],"texture":"#2"},"west":{"uv":[3.2,13.2,3.8,13.4],"texture":"#2"},"up":{"uv":[13.2,3.6,13.4,4.2],"texture":"#2"},"down":{"uv":[4,13.8,4.2,13.2],"texture":"#2"}}},{"from":[5.5,10.75,7.375],"to":[6,12.25,7.875],"rotation":{"angle":0,"axis":"y","origin":[8,8,11.6]},"faces":{"north":{"uv":[13.2,0,13.4,0.6],"texture":"#2"},"east":{"uv":[13.2,0.8,13.4,1.4],"texture":"#2"},"south":{"uv":[12.8,12,13,12.6],"texture":"#2"},"west":{"uv":[12.8,12.8,13,13.4],"texture":"#2"},"up":{"uv":[13.6,12.4,13.8,12.6],"texture":"#2"},"down":{"uv":[12.8,13.8,13,13.6],"texture":"#2"}}},{"from":[5.5,8.25,5.875],"to":[6,8.75,6.875],"rotation":{"angle":0,"axis":"y","origin":[8,8,11.6]},"faces":{"north":{"uv":[1.6,14,1.8,14.2],"texture":"#2"},"east":{"uv":[1.2,13.6,1.6,13.8],"texture":"#2"},"south":{"uv":[14,1.2,14.2,1.4],"texture":"#2"},"west":{"uv":[13.6,0.8,14,1],"texture":"#2"},"up":{"uv":[13.6,1.2,13.8,1.6],"texture":"#2"},"down":{"uv":[1.6,14,1.8,13.6],"texture":"#2"}}},{"from":[5.5,7.75,6.375],"to":[6,8.25,7.875],"rotation":{"angle":0,"axis":"y","origin":[8,8,11.6]},"faces":{"north":{"uv":[10.8,13.6,11,13.8],"texture":"#2"},"east":{"uv":[12.8,2,13.4,2.2],"texture":"#2"},"south":{"uv":[13.6,10.4,13.8,10.6],"texture":"#2"},"west":{"uv":[12.8,1.6,13.4,1.8],"texture":"#2"},"up":{"uv":[12.8,2.4,13,3],"texture":"#2"},"down":{"uv":[12.8,3.8,13,3.2],"texture":"#2"}}},{"from":[5.5,6.25,7.375],"to":[6,7.75,7.875],"rotation":{"angle":0,"axis":"y","origin":[8,8,11.6]},"faces":{"north":{"uv":[12.8,8.8,13,9.4],"texture":"#2"},"east":{"uv":[12.8,9.6,13,10.2],"texture":"#2"},"south":{"uv":[12.8,7.2,13,7.8],"texture":"#2"},"west":{"uv":[12.8,8,13,8.6],"texture":"#2"},"up":{"uv":[13.6,11.2,13.8,11.4],"texture":"#2"},"down":{"uv":[11.6,13.8,11.8,13.6],"texture":"#2"}}},{"from":[5.5,5,7.875],"to":[6,6.75,8.375],"rotation":{"angle":0,"axis":"y","origin":[8,8,11.6]},"faces":{"north":{"uv":[12.4,2.4,12.6,3.2],"texture":"#2"},"east":{"uv":[2.8,12.4,3,13.2],"texture":"#2"},"south":{"uv":[2,12.4,2.2,13.2],"texture":"#2"},"west":{"uv":[2.4,12.4,2.6,13.2],"texture":"#2"},"up":{"uv":[13.6,11.6,13.8,11.8],"texture":"#2"},"down":{"uv":[12,13.8,12.2,13.6],"texture":"#2"}}},{"from":[5.5,4,7.375],"to":[6,5.5,7.875],"rotation":{"angle":0,"axis":"y","origin":[8,8,11.6]},"faces":{"north":{"uv":[12.8,5.6,13,6.2],"texture":"#2"},"east":{"uv":[12.8,6.4,13,7],"texture":"#2"},"south":{"uv":[12.8,4,13,4.6],"texture":"#2"},"west":{"uv":[12.8,4.8,13,5.4],"texture":"#2"},"up":{"uv":[13.6,10.8,13.8,11],"texture":"#2"},"down":{"uv":[11.2,13.8,11.4,13.6],"texture":"#2"}}},{"from":[5.75,8.25,9.375],"to":[6,10.25,10.375],"rotation":{"angle":0,"axis":"y","origin":[8,8,4.4]},"faces":{"north":{"uv":[12.6,7.6,12.4,8.4],"texture":"#2"},"east":{"uv":[11.2,11.2,10.8,12],"texture":"#2"},"south":{"uv":[12.6,8.4,12.4,9.2],"texture":"#2"},"west":{"uv":[11.6,10,11.2,10.8],"texture":"#2"},"up":{"uv":[13.6,2,13.8,1.6],"texture":"#2"},"down":{"uv":[13.6,2,13.8,2.4],"texture":"#2"}}},{"from":[5.75,8.75,10.375],"to":[6,9.75,11.375],"rotation":{"angle":0,"axis":"y","origin":[8,8,4.4]},"faces":{"north":{"uv":[13.8,2.4,13.6,2.8],"texture":"#2"},"east":{"uv":[12.8,10,12.4,10.4],"texture":"#2"},"south":{"uv":[13.8,2.8,13.6,3.2],"texture":"#2"},"west":{"uv":[12.8,5.6,12.4,6],"texture":"#2"},"up":{"uv":[3.2,14,3.4,13.6],"texture":"#2"},"down":{"uv":[3.6,13.6,3.8,14],"texture":"#2"}}},{"from":[5.75,8.25,6.875],"to":[6,10.25,7.875],"rotation":{"angle":0,"axis":"y","origin":[8,8,11.6]},"faces":{"north":{"uv":[12.6,10.4,12.4,11.2],"texture":"#2"},"east":{"uv":[12,0,11.6,0.8],"texture":"#2"},"south":{"uv":[11.4,12.4,11.2,13.2],"texture":"#2"},"west":{"uv":[11.6,10.8,11.2,11.6],"texture":"#2"},"up":{"uv":[13.6,4,13.8,3.6],"texture":"#2"},"down":{"uv":[13.6,4,13.8,4.4],"texture":"#2"}}},{"from":[5.75,8.75,5.875],"to":[6,9.75,6.875],"rotation":{"angle":0,"axis":"y","origin":[8,8,11.6]},"faces":{"north":{"uv":[6.2,13.6,6,14],"texture":"#2"},"east":{"uv":[12,12.4,11.6,12.8],"texture":"#2"},"south":{"uv":[13.8,6,13.6,6.4],"texture":"#2"},"west":{"uv":[12.8,11.2,12.4,11.6],"texture":"#2"},"up":{"uv":[13.6,6.8,13.8,6.4],"texture":"#2"},"down":{"uv":[13.6,7.6,13.8,8],"texture":"#2"}}},{"from":[5.75,12.75,11.125],"to":[6.75,14.75,13.125],"rotation":{"angle":0,"axis":"y","origin":[8,8,4.4]},"faces":{"north":{"uv":[12,0.8,11.6,1.6],"texture":"#2"},"east":{"uv":[10.8,10,10,10.8],"texture":"#2"},"south":{"uv":[12,1.6,11.6,2.4],"texture":"#2"},"west":{"uv":[10.8,9.2,10,10],"texture":"#2"},"up":{"uv":[11.6,5.2,12,4.4],"texture":"#2"},"down":{"uv":[11.6,5.2,12,6],"texture":"#2"}}},{"from":[5.85,2.5,4.375],"to":[5.85,13.5,12.875],"rotation":{"angle":0,"axis":"y","origin":[8,8,4.4]},"faces":{"north":{"uv":[0,0,0,4.4],"texture":"#2"},"east":{"uv":[10.6,0,7.2,4.4],"texture":"#2"},"south":{"uv":[0,0,0,4.4],"texture":"#2"},"west":{"uv":[9.8,5.2,6.4,9.6],"texture":"#2"},"up":{"uv":[0,3.4,0,0],"texture":"#2"},"down":{"uv":[0,0,0,3.4],"texture":"#2"}}},{"from":[5.75,1.25,4.125],"to":[6.75,3.25,6.125],"rotation":{"angle":0,"axis":"y","origin":[8,8,4.4]},"faces":{"north":{"uv":[12,6,11.6,6.8],"texture":"#2"},"east":{"uv":[11.6,0,10.8,0.8],"texture":"#2"},"south":{"uv":[12,6.8,11.6,7.6],"texture":"#2"},"west":{"uv":[11.2,4.4,10.4,5.2],"texture":"#2"},"up":{"uv":[11.6,10.8,12,10],"texture":"#2"},"down":{"uv":[11.6,10.8,12,11.6],"texture":"#2"}}},{"from":[5.75,1.25,11.125],"to":[6.75,3.25,13.125],"rotation":{"angle":0,"axis":"y","origin":[8,8,4.4]},"faces":{"north":{"uv":[11.6,11.6,11.2,12.4],"texture":"#2"},"east":{"uv":[11.6,1.6,10.8,2.4],"texture":"#2"},"south":{"uv":[12,11.6,11.6,12.4],"texture":"#2"},"west":{"uv":[11.6,0.8,10.8,1.6],"texture":"#2"},"up":{"uv":[12,0.8,12.4,0],"texture":"#2"},"down":{"uv":[12,0.8,12.4,1.6],"texture":"#2"}}},{"from":[7,2,4.375],"to":[8,14,12.375],"rotation":{"angle":0,"axis":"y","origin":[8,8,4.4]},"faces":{"north":{"uv":[0.8,10,0.4,14.8],"texture":"#2"},"east":{"uv":[6.4,5.2,3.2,10],"texture":"#2"},"south":{"uv":[1.2,10,0.8,14.8],"texture":"#2"},"west":{"uv":[3.2,5.2,0,10],"texture":"#2"},"up":{"uv":[3.6,13.2,4,10],"texture":"#2"},"down":{"uv":[4,10,4.4,13.2],"texture":"#2"}}},{"from":[9.25,12.75,4.125],"to":[10.25,14.75,6.125],"rotation":{"angle":0,"axis":"y","origin":[8,8,4.4]},"faces":{"north":{"uv":[11.2,4.4,11.6,5.2],"texture":"#2"},"east":{"uv":[10,7.6,10.8,8.4],"texture":"#2"},"south":{"uv":[5.2,11.2,5.6,12],"texture":"#2"},"west":{"uv":[10,8.4,10.8,9.2],"texture":"#2"},"up":{"uv":[6,12,5.6,11.2],"texture":"#2"},"down":{"uv":[6.4,11.2,6,12],"texture":"#2"}}},{"from":[9,1.5,4.375],"to":[10,14.5,12.875],"rotation":{"angle":0,"axis":"y","origin":[8,8,4.4]},"faces":{"north":{"uv":[9.6,9.6,10,14.8],"texture":"#2"},"east":{"uv":[0,0,3.4,5.2],"texture":"#2"},"south":{"uv":[0,10,0.4,15.2],"texture":"#2"},"west":{"uv":[3.6,0,7,5.2],"texture":"#2"},"up":{"uv":[1.6,13.4,1.2,10],"texture":"#2"},"down":{"uv":[2,10,1.6,13.4],"texture":"#2"}}},{"from":[10,6.75,7.875],"to":[10.25,12.25,9.375],"rotation":{"angle":0,"axis":"y","origin":[8,8,4.4]},"faces":{"north":{"uv":[4.4,11.2,4.6,13.4],"texture":"#2"},"east":{"uv":[2,10,2.6,12.2],"texture":"#2"},"south":{"uv":[4.8,11.2,5,13.4],"texture":"#2"},"west":{"uv":[2.8,10,3.4,12.2],"texture":"#2"},"up":{"uv":[12.6,12.2,12.4,11.6],"texture":"#2"},"down":{"uv":[12.6,12.4,12.4,13],"texture":"#2"}}},{"from":[10,4,7.875],"to":[10.25,5,9.375],"rotation":{"angle":0,"axis":"y","origin":[8,8,4.4]},"faces":{"north":{"uv":[10.8,13.2,11,13.6],"texture":"#2"},"east":{"uv":[12,9.2,12.6,9.6],"texture":"#2"},"south":{"uv":[13.2,10.8,13.4,11.2],"texture":"#2"},"west":{"uv":[12,9.6,12.6,10],"texture":"#2"},"up":{"uv":[13,0.6,12.8,0],"texture":"#2"},"down":{"uv":[13,0.8,12.8,1.4],"texture":"#2"}}},{"from":[10,5,8.375],"to":[10.25,6.75,8.875],"rotation":{"angle":0,"axis":"y","origin":[8,8,4.4]},"faces":{"north":{"uv":[12,11.2,12.2,12],"texture":"#2"},"east":{"uv":[12,12,12.2,12.8],"texture":"#2"},"south":{"uv":[12.4,0,12.6,0.8],"texture":"#2"},"west":{"uv":[12.4,0.8,12.6,1.6],"texture":"#2"},"up":{"uv":[13.8,9.8,13.6,9.6],"texture":"#2"},"down":{"uv":[13.8,10,13.6,10.2],"texture":"#2"}}},{"from":[10,12.25,6.875],"to":[10.5,13.25,10.375],"rotation":{"angle":0,"axis":"y","origin":[8,8,4.4]},"faces":{"north":{"uv":[11.2,13.2,11.4,13.6],"texture":"#2"},"east":{"uv":[10.8,7.6,12.2,8],"texture":"#2"},"south":{"uv":[13.2,11.2,13.4,11.6],"texture":"#2"},"west":{"uv":[10.8,8,12.2,8.4],"texture":"#2"},"up":{"uv":[12.2,5.8,12,4.4],"texture":"#2"},"down":{"uv":[5.4,12,5.2,13.4],"texture":"#2"}}},{"from":[10,3,6.875],"to":[10.5,4,10.375],"rotation":{"angle":0,"axis":"y","origin":[8,8,4.4]},"faces":{"north":{"uv":[13.2,11.6,13.4,12],"texture":"#2"},"east":{"uv":[10.8,8.4,12.2,8.8],"texture":"#2"},"south":{"uv":[13.2,12,13.4,12.4],"texture":"#2"},"west":{"uv":[10.8,8.8,12.2,9.2],"texture":"#2"},"up":{"uv":[5.8,13.4,5.6,12],"texture":"#2"},"down":{"uv":[6.2,12,6,13.4],"texture":"#2"}}},{"from":[10,7.75,9.375],"to":[10.5,8.25,10.875],"rotation":{"angle":0,"axis":"y","origin":[8,8,4.4]},"faces":{"north":{"uv":[13.6,10.4,13.8,10.6],"texture":"#2"},"east":{"uv":[12.8,1.6,13.4,1.8],"texture":"#2"},"south":{"uv":[10.8,13.6,11,13.8],"texture":"#2"},"west":{"uv":[12.8,2,13.4,2.2],"texture":"#2"},"up":{"uv":[13,3,12.8,2.4],"texture":"#2"},"down":{"uv":[13,3.2,12.8,3.8],"texture":"#2"}}},{"from":[10,4,9.375],"to":[10.5,5.5,9.875],"rotation":{"angle":0,"axis":"y","origin":[8,8,4.4]},"faces":{"north":{"uv":[12.8,4,13,4.6],"texture":"#2"},"east":{"uv":[12.8,4.8,13,5.4],"texture":"#2"},"south":{"uv":[12.8,5.6,13,6.2],"texture":"#2"},"west":{"uv":[12.8,6.4,13,7],"texture":"#2"},"up":{"uv":[13.8,11,13.6,10.8],"texture":"#2"},"down":{"uv":[11.4,13.6,11.2,13.8],"texture":"#2"}}},{"from":[10,6.25,9.375],"to":[10.5,7.75,9.875],"rotation":{"angle":0,"axis":"y","origin":[8,8,4.4]},"faces":{"north":{"uv":[12.8,7.2,13,7.8],"texture":"#2"},"east":{"uv":[12.8,8,13,8.6],"texture":"#2"},"south":{"uv":[12.8,8.8,13,9.4],"texture":"#2"},"west":{"uv":[12.8,9.6,13,10.2],"texture":"#2"},"up":{"uv":[13.8,11.4,13.6,11.2],"texture":"#2"},"down":{"uv":[11.8,13.6,11.6,13.8],"texture":"#2"}}},{"from":[10,5,8.875],"to":[10.5,6.75,9.375],"rotation":{"angle":0,"axis":"y","origin":[8,8,4.4]},"faces":{"north":{"uv":[2,12.4,2.2,13.2],"texture":"#2"},"east":{"uv":[2.4,12.4,2.6,13.2],"texture":"#2"},"south":{"uv":[12.4,2.4,12.6,3.2],"texture":"#2"},"west":{"uv":[2.8,12.4,3,13.2],"texture":"#2"},"up":{"uv":[13.8,11.8,13.6,11.6],"texture":"#2"},"down":{"uv":[12.2,13.6,12,13.8],"texture":"#2"}}},{"from":[10,7.75,11.375],"to":[10.5,10.75,12.375],"rotation":{"angle":0,"axis":"y","origin":[8,8,4.4]},"faces":{"north":{"uv":[10,12,10.2,13.2],"texture":"#2"},"east":{"uv":[6,10,6.4,11.2],"texture":"#2"},"south":{"uv":[12,10,12.2,11.2],"texture":"#2"},"west":{"uv":[10,10.8,10.4,12],"texture":"#2"},"up":{"uv":[12.6,13.6,12.4,13.2],"texture":"#2"},"down":{"uv":[13.4,12.4,13.2,12.8],"texture":"#2"}}},{"from":[10,10.75,9.375],"to":[10.5,12.25,9.875],"rotation":{"angle":0,"axis":"y","origin":[8,8,4.4]},"faces":{"north":{"uv":[12.8,12,13,12.6],"texture":"#2"},"east":{"uv":[12.8,12.8,13,13.4],"texture":"#2"},"south":{"uv":[13.2,0,13.4,0.6],"texture":"#2"},"west":{"uv":[13.2,0.8,13.4,1.4],"texture":"#2"},"up":{"uv":[13.8,12.6,13.6,12.4],"texture":"#2"},"down":{"uv":[13,13.6,12.8,13.8],"texture":"#2"}}},{"from":[10,10.25,9.375],"to":[10.5,10.75,10.875],"rotation":{"angle":0,"axis":"y","origin":[8,8,4.4]},"faces":{"north":{"uv":[14,0,14.2,0.2],"texture":"#2"},"east":{"uv":[3.2,13.2,3.8,13.4],"texture":"#2"},"south":{"uv":[14,0.4,14.2,0.6],"texture":"#2"},"west":{"uv":[13.2,3.2,13.8,3.4],"texture":"#2"},"up":{"uv":[13.4,4.2,13.2,3.6],"texture":"#2"},"down":{"uv":[4.2,13.2,4,13.8],"texture":"#2"}}},{"from":[10,9.75,10.375],"to":[10.5,10.25,11.375],"rotation":{"angle":0,"axis":"y","origin":[8,8,4.4]},"faces":{"north":{"uv":[14,0.8,14.2,1],"texture":"#2"},"east":{"uv":[13.2,12.8,13.6,13],"texture":"#2"},"south":{"uv":[1.2,14,1.4,14.2],"texture":"#2"},"west":{"uv":[13.2,13.2,13.6,13.4],"texture":"#2"},"up":{"uv":[13.8,0.4,13.6,0],"texture":"#2"},"down":{"uv":[13.8,0.4,13.6,0.8],"texture":"#2"}}},{"from":[10,8.25,10.375],"to":[10.5,8.75,11.375],"rotation":{"angle":0,"axis":"y","origin":[8,8,4.4]},"faces":{"north":{"uv":[14,1.2,14.2,1.4],"texture":"#2"},"east":{"uv":[13.6,0.8,14,1],"texture":"#2"},"south":{"uv":[1.6,14,1.8,14.2],"texture":"#2"},"west":{"uv":[1.2,13.6,1.6,13.8],"texture":"#2"},"up":{"uv":[13.8,1.6,13.6,1.2],"texture":"#2"},"down":{"uv":[1.8,13.6,1.6,14],"texture":"#2"}}},{"from":[10,7.75,4.875],"to":[10.5,10.75,5.875],"rotation":{"angle":0,"axis":"y","origin":[8,8,11.6]},"faces":{"north":{"uv":[12.2,10,12,11.2],"texture":"#2"},"east":{"uv":[6.4,10,6,11.2],"texture":"#2"},"south":{"uv":[10.2,12,10,13.2],"texture":"#2"},"west":{"uv":[10.4,10.8,10,12],"texture":"#2"},"up":{"uv":[12.6,13.2,12.4,13.6],"texture":"#2"},"down":{"uv":[13.4,12.8,13.2,12.4],"texture":"#2"}}},{"from":[10,9.75,5.875],"to":[10.5,10.25,6.875],"rotation":{"angle":0,"axis":"y","origin":[8,8,11.6]},"faces":{"north":{"uv":[1.4,14,1.2,14.2],"texture":"#2"},"east":{"uv":[13.6,12.8,13.2,13],"texture":"#2"},"south":{"uv":[14.2,0.8,14,1],"texture":"#2"},"west":{"uv":[13.6,13.2,13.2,13.4],"texture":"#2"},"up":{"uv":[13.8,0,13.6,0.4],"texture":"#2"},"down":{"uv":[13.8,0.8,13.6,0.4],"texture":"#2"}}},{"from":[10,10.25,6.375],"to":[10.5,10.75,7.875],"rotation":{"angle":0,"axis":"y","origin":[8,8,11.6]},"faces":{"north":{"uv":[14.2,0.4,14,0.6],"texture":"#2"},"east":{"uv":[3.8,13.2,3.2,13.4],"texture":"#2"},"south":{"uv":[14.2,0,14,0.2],"texture":"#2"},"west":{"uv":[13.8,3.2,13.2,3.4],"texture":"#2"},"up":{"uv":[13.4,3.6,13.2,4.2],"texture":"#2"},"down":{"uv":[4.2,13.8,4,13.2],"texture":"#2"}}},{"from":[10,10.75,7.375],"to":[10.5,12.25,7.875],"rotation":{"angle":0,"axis":"y","origin":[8,8,11.6]},"faces":{"north":{"uv":[13.4,0,13.2,0.6],"texture":"#2"},"east":{"uv":[13,12.8,12.8,13.4],"texture":"#2"},"south":{"uv":[13,12,12.8,12.6],"texture":"#2"},"west":{"uv":[13.4,0.8,13.2,1.4],"texture":"#2"},"up":{"uv":[13.8,12.4,13.6,12.6],"texture":"#2"},"down":{"uv":[13,13.8,12.8,13.6],"texture":"#2"}}},{"from":[10,8.25,5.875],"to":[10.5,8.75,6.875],"rotation":{"angle":0,"axis":"y","origin":[8,8,11.6]},"faces":{"north":{"uv":[1.8,14,1.6,14.2],"texture":"#2"},"east":{"uv":[14,0.8,13.6,1],"texture":"#2"},"south":{"uv":[14.2,1.2,14,1.4],"texture":"#2"},"west":{"uv":[1.6,13.6,1.2,13.8],"texture":"#2"},"up":{"uv":[13.8,1.2,13.6,1.6],"texture":"#2"},"down":{"uv":[1.8,14,1.6,13.6],"texture":"#2"}}},{"from":[10,7.75,6.375],"to":[10.5,8.25,7.875],"rotation":{"angle":0,"axis":"y","origin":[8,8,11.6]},"faces":{"north":{"uv":[11,13.6,10.8,13.8],"texture":"#2"},"east":{"uv":[13.4,1.6,12.8,1.8],"texture":"#2"},"south":{"uv":[13.8,10.4,13.6,10.6],"texture":"#2"},"west":{"uv":[13.4,2,12.8,2.2],"texture":"#2"},"up":{"uv":[13,2.4,12.8,3],"texture":"#2"},"down":{"uv":[13,3.8,12.8,3.2],"texture":"#2"}}},{"from":[10,6.25,7.375],"to":[10.5,7.75,7.875],"rotation":{"angle":0,"axis":"y","origin":[8,8,11.6]},"faces":{"north":{"uv":[13,8.8,12.8,9.4],"texture":"#2"},"east":{"uv":[13,8,12.8,8.6],"texture":"#2"},"south":{"uv":[13,7.2,12.8,7.8],"texture":"#2"},"west":{"uv":[13,9.6,12.8,10.2],"texture":"#2"},"up":{"uv":[13.8,11.2,13.6,11.4],"texture":"#2"},"down":{"uv":[11.8,13.8,11.6,13.6],"texture":"#2"}}},{"from":[10,5,7.875],"to":[10.5,6.75,8.375],"rotation":{"angle":0,"axis":"y","origin":[8,8,11.6]},"faces":{"north":{"uv":[12.6,2.4,12.4,3.2],"texture":"#2"},"east":{"uv":[2.6,12.4,2.4,13.2],"texture":"#2"},"south":{"uv":[2.2,12.4,2,13.2],"texture":"#2"},"west":{"uv":[3,12.4,2.8,13.2],"texture":"#2"},"up":{"uv":[13.8,11.6,13.6,11.8],"texture":"#2"},"down":{"uv":[12.2,13.8,12,13.6],"texture":"#2"}}},{"from":[10,4,7.375],"to":[10.5,5.5,7.875],"rotation":{"angle":0,"axis":"y","origin":[8,8,11.6]},"faces":{"north":{"uv":[13,5.6,12.8,6.2],"texture":"#2"},"east":{"uv":[13,4.8,12.8,5.4],"texture":"#2"},"south":{"uv":[13,4,12.8,4.6],"texture":"#2"},"west":{"uv":[13,6.4,12.8,7],"texture":"#2"},"up":{"uv":[13.8,10.8,13.6,11],"texture":"#2"},"down":{"uv":[11.4,13.8,11.2,13.6],"texture":"#2"}}},{"from":[10,8.25,9.375],"to":[10.25,10.25,10.375],"rotation":{"angle":0,"axis":"y","origin":[8,8,4.4]},"faces":{"north":{"uv":[12.4,7.6,12.6,8.4],"texture":"#2"},"east":{"uv":[11.2,10,11.6,10.8],"texture":"#2"},"south":{"uv":[12.4,8.4,12.6,9.2],"texture":"#2"},"west":{"uv":[10.8,11.2,11.2,12],"texture":"#2"},"up":{"uv":[13.8,2,13.6,1.6],"texture":"#2"},"down":{"uv":[13.8,2,13.6,2.4],"texture":"#2"}}},{"from":[10,8.75,10.375],"to":[10.25,9.75,11.375],"rotation":{"angle":0,"axis":"y","origin":[8,8,4.4]},"faces":{"north":{"uv":[13.6,2.4,13.8,2.8],"texture":"#2"},"east":{"uv":[12.4,5.6,12.8,6],"texture":"#2"},"south":{"uv":[13.6,2.8,13.8,3.2],"texture":"#2"},"west":{"uv":[12.4,10,12.8,10.4],"texture":"#2"},"up":{"uv":[3.4,14,3.2,13.6],"texture":"#2"},"down":{"uv":[3.8,13.6,3.6,14],"texture":"#2"}}},{"from":[10,8.25,6.875],"to":[10.25,10.25,7.875],"rotation":{"angle":0,"axis":"y","origin":[8,8,11.6]},"faces":{"north":{"uv":[12.4,10.4,12.6,11.2],"texture":"#2"},"east":{"uv":[11.2,10.8,11.6,11.6],"texture":"#2"},"south":{"uv":[11.2,12.4,11.4,13.2],"texture":"#2"},"west":{"uv":[11.6,0,12,0.8],"texture":"#2"},"up":{"uv":[13.8,4,13.6,3.6],"texture":"#2"},"down":{"uv":[13.8,4,13.6,4.4],"texture":"#2"}}},{"from":[10,8.75,5.875],"to":[10.25,9.75,6.875],"rotation":{"angle":0,"axis":"y","origin":[8,8,11.6]},"faces":{"north":{"uv":[6,13.6,6.2,14],"texture":"#2"},"east":{"uv":[12.4,11.2,12.8,11.6],"texture":"#2"},"south":{"uv":[13.6,6,13.8,6.4],"texture":"#2"},"west":{"uv":[11.6,12.4,12,12.8],"texture":"#2"},"up":{"uv":[13.8,6.8,13.6,6.4],"texture":"#2"},"down":{"uv":[13.8,7.6,13.6,8],"texture":"#2"}}},{"from":[9.25,12.75,11.125],"to":[10.25,14.75,13.125],"rotation":{"angle":0,"axis":"y","origin":[8,8,4.4]},"faces":{"north":{"uv":[11.6,0.8,12,1.6],"texture":"#2"},"east":{"uv":[10,9.2,10.8,10],"texture":"#2"},"south":{"uv":[11.6,1.6,12,2.4],"texture":"#2"},"west":{"uv":[10,10,10.8,10.8],"texture":"#2"},"up":{"uv":[12,5.2,11.6,4.4],"texture":"#2"},"down":{"uv":[12,5.2,11.6,6],"texture":"#2"}}},{"from":[10.15,2.5,4.375],"to":[10.15,13.5,12.875],"rotation":{"angle":0,"axis":"y","origin":[8,8,4.4]},"faces":{"north":{"uv":[0,0,0,4.4],"texture":"#2"},"east":{"uv":[6.4,5.2,9.8,9.6],"texture":"#2"},"south":{"uv":[0,0,0,4.4],"texture":"#2"},"west":{"uv":[7.2,0,10.6,4.4],"texture":"#2"},"up":{"uv":[0,3.4,0,0],"texture":"#2"},"down":{"uv":[0,0,0,3.4],"texture":"#2"}}},{"from":[9.25,1.25,4.125],"to":[10.25,3.25,6.125],"rotation":{"angle":0,"axis":"y","origin":[8,8,4.4]},"faces":{"north":{"uv":[11.6,6,12,6.8],"texture":"#2"},"east":{"uv":[10.4,4.4,11.2,5.2],"texture":"#2"},"south":{"uv":[11.6,6.8,12,7.6],"texture":"#2"},"west":{"uv":[10.8,0,11.6,0.8],"texture":"#2"},"up":{"uv":[12,10.8,11.6,10],"texture":"#2"},"down":{"uv":[12,10.8,11.6,11.6],"texture":"#2"}}},{"from":[9.25,1.25,11.125],"to":[10.25,3.25,13.125],"rotation":{"angle":0,"axis":"y","origin":[8,8,4.4]},"faces":{"north":{"uv":[11.2,11.6,11.6,12.4],"texture":"#2"},"east":{"uv":[10.8,0.8,11.6,1.6],"texture":"#2"},"south":{"uv":[11.6,11.6,12,12.4],"texture":"#2"},"west":{"uv":[10.8,1.6,11.6,2.4],"texture":"#2"},"up":{"uv":[12.4,0.8,12,0],"texture":"#2"},"down":{"uv":[12.4,0.8,12,1.6],"texture":"#2"}}},{"from":[8,2,4.375],"to":[9,14,12.375],"rotation":{"angle":0,"axis":"y","origin":[8,8,4.4]},"faces":{"north":{"uv":[0.4,10,0.8,14.8],"texture":"#2"},"east":{"uv":[0,5.2,3.2,10],"texture":"#2"},"south":{"uv":[0.8,10,1.2,14.8],"texture":"#2"},"west":{"uv":[3.2,5.2,6.4,10],"texture":"#2"},"up":{"uv":[4,13.2,3.6,10],"texture":"#2"},"down":{"uv":[4.4,10,4,13.2],"texture":"#2"}}}],"gui_light":"front","display":{"thirdperson_righthand":{"rotation":[21,-45,0],"translation":[0.25,4.25,4],"scale":[0.75,0.75,0.75]},"thirdperson_lefthand":{"rotation":[21,45,0],"translation":[0,4.25,4],"scale":[0.75,0.75,0.75]},"firstperson_righthand":{"rotation":[-28,-85,-9],"translation":[5,1,-5.5]},"firstperson_lefthand":{"rotation":[-28,-85,-9],"translation":[5,1,-5.5]},"ground":{"rotation":[-45,-58,0],"translation":[0,3.25,0],"scale":[0.87109,0.87109,0.87109]},"gui":{"rotation":[21,-56,0],"translation":[0.25,-0.25,-10.5],"scale":[0.79883,0.79883,0.79883]},"head":{"rotation":[-84,-90,0],"translation":[0.25,8.5,0]},"fixed":{"rotation":[0,90,0],"translation":[0,0,-5.75],"scale":[1.99609,1.99609,1.99609]}}}