{"credit":"MadewithBlockbench","texture_size":[40,40],"textures":{"2":"dark_crusader_set:pickaxe"},"elements":[{"from":[7,-5.31119,18.31119],"to":[9,-3.31119,19.31119],"rotation":{"angle":45,"axis":"x","origin":[8,8,8]},"faces":{"north":{"uv":[5.6,4,6.4,4.8],"texture":"#2"},"east":{"uv":[0,13.2,0.4,14],"texture":"#2"},"south":{"uv":[8.4,6,9.2,6.8],"texture":"#2"},"west":{"uv":[13.2,0,13.6,0.8],"texture":"#2"},"up":{"uv":[12,10.8,11.2,10.4],"texture":"#2"},"down":{"uv":[12.4,3.2,11.6,3.6],"texture":"#2"}}},{"from":[7,-5.31119,19.31119],"to":[9,-4.31119,21.31119],"rotation":{"angle":45,"axis":"x","origin":[8,8,8]},"faces":{"north":{"uv":[0.4,13.2,1.2,13.6],"texture":"#2"},"east":{"uv":[13.2,0.8,14,1.2],"texture":"#2"},"south":{"uv":[1.2,13.2,2,13.6],"texture":"#2"},"west":{"uv":[13.2,1.2,14,1.6],"texture":"#2"},"up":{"uv":[7.2,9.2,6.4,8.4],"texture":"#2"},"down":{"uv":[9.6,0,8.8,0.8],"texture":"#2"}}},{"from":[7,-4.31119,20.31119],"to":[9,-2.31119,21.31119],"rotation":{"angle":45,"axis":"x","origin":[8,8,8]},"faces":{"north":{"uv":[8.8,6.8,9.6,7.6],"texture":"#2"},"east":{"uv":[13.2,1.6,13.6,2.4],"texture":"#2"},"south":{"uv":[7.2,8.8,8,9.6],"texture":"#2"},"west":{"uv":[2,13.2,2.4,14],"texture":"#2"},"up":{"uv":[3.2,13.6,2.4,13.2],"texture":"#2"},"down":{"uv":[14,2.4,13.2,2.8],"texture":"#2"}}},{"from":[7,-4.31119,-3.31119],"to":[9,-2.31119,-2.31119],"rotation":{"angle":-45,"axis":"x","origin":[8,8,8]},"faces":{"north":{"uv":[8.8,7.6,9.6,8.4],"texture":"#2"},"east":{"uv":[13.2,2.8,13.6,3.6],"texture":"#2"},"south":{"uv":[8,8.8,8.8,9.6],"texture":"#2"},"west":{"uv":[13.2,3.6,13.6,4.4],"texture":"#2"},"up":{"uv":[4.8,13.6,4,13.2],"texture":"#2"},"down":{"uv":[14,4.4,13.2,4.8],"texture":"#2"}}},{"from":[7.25,-9.20354,5.5],"to":[8.75,-8.20354,6.5],"rotation":{"angle":0,"axis":"y","origin":[8,8,8]},"faces":{"north":{"uv":[13.6,4.8,14.2,5.2],"texture":"#2"},"east":{"uv":[6.4,5.2,6.8,5.6],"texture":"#2"},"south":{"uv":[13.6,5.2,14.2,5.6],"texture":"#2"},"west":{"uv":[8,1.2,8.4,1.6],"texture":"#2"},"up":{"uv":[7.8,14,7.2,13.6],"texture":"#2"},"down":{"uv":[8.6,13.6,8,14],"texture":"#2"}}},{"from":[7.25,-9.70354,4.5],"to":[8.75,-7.70354,5.5],"rotation":{"angle":0,"axis":"y","origin":[8,8,8]},"faces":{"north":{"uv":[9.6,0,10.2,0.8],"texture":"#2"},"east":{"uv":[4.8,13.2,5.2,14],"texture":"#2"},"south":{"uv":[4,9.6,4.6,10.4],"texture":"#2"},"west":{"uv":[13.2,4.8,13.6,5.6],"texture":"#2"},"up":{"uv":[9.4,14,8.8,13.6],"texture":"#2"},"down":{"uv":[10.2,13.6,9.6,14],"texture":"#2"}}},{"from":[7.25,-9.20354,9.5],"to":[8.75,-8.20354,10.5],"rotation":{"angle":0,"axis":"y","origin":[8,8,8]},"faces":{"north":{"uv":[13.6,9.6,14.2,10],"texture":"#2"},"east":{"uv":[8.8,0.8,9.2,1.2],"texture":"#2"},"south":{"uv":[13.6,10,14.2,10.4],"texture":"#2"},"west":{"uv":[11.2,8,11.6,8.4],"texture":"#2"},"up":{"uv":[11,14,10.4,13.6],"texture":"#2"},"down":{"uv":[14.2,10.4,13.6,10.8],"texture":"#2"}}},{"from":[7.25,-9.70354,10.5],"to":[8.75,-7.70354,11.5],"rotation":{"angle":0,"axis":"y","origin":[8,8,8]},"faces":{"north":{"uv":[4.8,9.6,5.4,10.4],"texture":"#2"},"east":{"uv":[5.2,13.2,5.6,14],"texture":"#2"},"south":{"uv":[9.6,4.8,10.2,5.6],"texture":"#2"},"west":{"uv":[5.6,13.2,6,14],"texture":"#2"},"up":{"uv":[14.2,11.2,13.6,10.8],"texture":"#2"},"down":{"uv":[11.8,13.6,11.2,14],"texture":"#2"}}},{"from":[7.25,-11.20354,7.5],"to":[8.75,-10.20354,8.5],"rotation":{"angle":0,"axis":"y","origin":[8,8,8]},"faces":{"north":{"uv":[13.6,11.2,14.2,11.6],"texture":"#2"},"east":{"uv":[5.6,14.8,6,15.2],"texture":"#2"},"south":{"uv":[13.6,11.6,14.2,12],"texture":"#2"},"west":{"uv":[14.8,6.8,15.2,7.2],"texture":"#2"},"up":{"uv":[12.6,14,12,13.6],"texture":"#2"},"down":{"uv":[14.2,12,13.6,12.4],"texture":"#2"}}},{"from":[7.25,-12.20354,7],"to":[8.75,-11.20354,9],"rotation":{"angle":0,"axis":"y","origin":[8,8,8]},"faces":{"north":{"uv":[13.6,12.4,14.2,12.8],"texture":"#2"},"east":{"uv":[13.2,5.6,14,6],"texture":"#2"},"south":{"uv":[12.8,13.6,13.4,14],"texture":"#2"},"west":{"uv":[6,13.2,6.8,13.6],"texture":"#2"},"up":{"uv":[6.2,10.4,5.6,9.6],"texture":"#2"},"down":{"uv":[10.2,6.8,9.6,7.6],"texture":"#2"}}},{"from":[7.25,-7.70354,7.25],"to":[8.75,-5.70354,8.75],"rotation":{"angle":0,"axis":"y","origin":[8,8,8]},"faces":{"north":{"uv":[7.2,9.6,7.8,10.4],"texture":"#2"},"east":{"uv":[9.6,7.6,10.2,8.4],"texture":"#2"},"south":{"uv":[8,9.6,8.6,10.4],"texture":"#2"},"west":{"uv":[9.6,8.4,10.2,9.2],"texture":"#2"},"up":{"uv":[11.8,7,11.2,6.4],"texture":"#2"},"down":{"uv":[7.8,11.2,7.2,11.8],"texture":"#2"}}},{"from":[7.25,-4.70354,7.25],"to":[8.75,-2.70354,8.75],"rotation":{"angle":0,"axis":"y","origin":[8,8,8]},"faces":{"north":{"uv":[9.6,9.2,10.2,10],"texture":"#2"},"east":{"uv":[0,10,0.6,10.8],"texture":"#2"},"south":{"uv":[0.8,10,1.4,10.8],"texture":"#2"},"west":{"uv":[10,0.8,10.6,1.6],"texture":"#2"},"up":{"uv":[11.8,7.8,11.2,7.2],"texture":"#2"},"down":{"uv":[8.6,11.2,8,11.8],"texture":"#2"}}},{"from":[7,-4.20354,7],"to":[9,-3.20354,9],"rotation":{"angle":0,"axis":"y","origin":[8,8,8]},"faces":{"north":{"uv":[13.2,6,14,6.4],"texture":"#2"},"east":{"uv":[13.2,8,14,8.4],"texture":"#2"},"south":{"uv":[13.2,8.4,14,8.8],"texture":"#2"},"west":{"uv":[8.8,13.2,9.6,13.6],"texture":"#2"},"up":{"uv":[9.6,9.2,8.8,8.4],"texture":"#2"},"down":{"uv":[0.8,9.2,0,10],"texture":"#2"}}},{"from":[7.25,14.29646,7.25],"to":[8.75,16.29646,8.75],"rotation":{"angle":0,"axis":"y","origin":[8,8,8]},"faces":{"north":{"uv":[1.6,10,2.2,10.8],"texture":"#2"},"east":{"uv":[10,1.6,10.6,2.4],"texture":"#2"},"south":{"uv":[10,5.6,10.6,6.4],"texture":"#2"},"west":{"uv":[9.6,10,10.2,10.8],"texture":"#2"},"up":{"uv":[11.8,10.2,11.2,9.6],"texture":"#2"},"down":{"uv":[11,11.2,10.4,11.8],"texture":"#2"}}},{"from":[7.25,12.29646,7.25],"to":[8.75,13.79646,8.75],"rotation":{"angle":0,"axis":"y","origin":[8,8,8]},"faces":{"north":{"uv":[11.2,11.2,11.8,11.8],"texture":"#2"},"east":{"uv":[0,11.6,0.6,12.2],"texture":"#2"},"south":{"uv":[0.8,11.6,1.4,12.2],"texture":"#2"},"west":{"uv":[11.6,0.8,12.2,1.4],"texture":"#2"},"up":{"uv":[2.2,12.2,1.6,11.6],"texture":"#2"},"down":{"uv":[12.2,1.6,11.6,2.2],"texture":"#2"}}},{"from":[7.2,12.79646,7.2],"to":[8.8,13.29646,8.8],"rotation":{"angle":0,"axis":"y","origin":[8,8,8]},"faces":{"north":{"uv":[14.8,9.2,15.4,9.4],"texture":"#2"},"east":{"uv":[9.6,14.8,10.2,15],"texture":"#2"},"south":{"uv":[10.4,14.8,11,15],"texture":"#2"},"west":{"uv":[11.2,14.8,11.8,15],"texture":"#2"},"up":{"uv":[3,12.2,2.4,11.6],"texture":"#2"},"down":{"uv":[12.2,2.4,11.6,3],"texture":"#2"}}},{"from":[7.1,14.79646,7.1],"to":[8.9,15.79646,8.9],"rotation":{"angle":0,"axis":"y","origin":[8,8,8]},"faces":{"north":{"uv":[13.2,8.8,14,9.2],"texture":"#2"},"east":{"uv":[13.2,9.2,14,9.6],"texture":"#2"},"south":{"uv":[13.6,0,14.4,0.4],"texture":"#2"},"west":{"uv":[0.4,13.6,1.2,14],"texture":"#2"},"up":{"uv":[1.6,10,0.8,9.2],"texture":"#2"},"down":{"uv":[10,0.8,9.2,1.6],"texture":"#2"}}},{"from":[7.25,16.79646,7.25],"to":[8.75,18.29646,8.75],"rotation":{"angle":0,"axis":"y","origin":[8,8,8]},"faces":{"north":{"uv":[11.6,4.8,12.2,5.4],"texture":"#2"},"east":{"uv":[5.6,11.6,6.2,12.2],"texture":"#2"},"south":{"uv":[11.6,5.6,12.2,6.2],"texture":"#2"},"west":{"uv":[6.4,11.6,7,12.2],"texture":"#2"},"up":{"uv":[12.2,8.6,11.6,8],"texture":"#2"},"down":{"uv":[9.4,11.6,8.8,12.2],"texture":"#2"}}},{"from":[7.1,19.7911,19.7911],"to":[8.9,22.2911,22.2911],"rotation":{"angle":-45,"axis":"x","origin":[8,8,8]},"faces":{"north":{"uv":[7.6,5.6,8.4,6.6],"texture":"#2"},"east":{"uv":[5.6,5.6,6.6,6.6],"texture":"#2"},"south":{"uv":[7.2,7.6,8,8.6],"texture":"#2"},"west":{"uv":[6.4,4,7.4,5],"texture":"#2"},"up":{"uv":[8.8,1,8,0],"texture":"#2"},"down":{"uv":[8.8,7.6,8,8.6],"texture":"#2"}}},{"from":[7,20.2911,20.2911],"to":[9,21.7911,21.7911],"rotation":{"angle":-45,"axis":"x","origin":[8,8,8]},"faces":{"north":{"uv":[10.4,0,11.2,0.6],"texture":"#2"},"east":{"uv":[11.6,8.8,12.2,9.4],"texture":"#2"},"south":{"uv":[10.4,2.4,11.2,3],"texture":"#2"},"west":{"uv":[3.2,12,3.8,12.6],"texture":"#2"},"up":{"uv":[11.2,3.8,10.4,3.2],"texture":"#2"},"down":{"uv":[4.8,10.4,4,11],"texture":"#2"}}},{"from":[7,18.29646,7],"to":[9,19.29646,9],"rotation":{"angle":0,"axis":"y","origin":[8,8,8]},"faces":{"north":{"uv":[13.6,0.4,14.4,0.8],"texture":"#2"},"east":{"uv":[1.2,13.6,2,14],"texture":"#2"},"south":{"uv":[13.6,1.6,14.4,2],"texture":"#2"},"west":{"uv":[13.6,2,14.4,2.4],"texture":"#2"},"up":{"uv":[2.4,10,1.6,9.2],"texture":"#2"},"down":{"uv":[10,1.6,9.2,2.4],"texture":"#2"}}},{"from":[7.5,21.72784,17.70639],"to":[8.5,23.22784,19.70639],"rotation":{"angle":-45,"axis":"x","origin":[8,8,8]},"faces":{"north":{"uv":[13.6,12.8,14,13.4],"texture":"#2"},"east":{"uv":[10.4,4,11.2,4.6],"texture":"#2"},"south":{"uv":[13.6,13.6,14,14.2],"texture":"#2"},"west":{"uv":[4.8,10.4,5.6,11],"texture":"#2"},"up":{"uv":[7.2,14,6.8,13.2],"texture":"#2"},"down":{"uv":[2.8,13.6,2.4,14.4],"texture":"#2"}}},{"from":[7.25,23.22784,17.20639],"to":[8.75,24.22784,20.20639],"rotation":{"angle":-45,"axis":"x","origin":[8,8,8]},"faces":{"north":{"uv":[0,14,0.6,14.4],"texture":"#2"},"east":{"uv":[10,6.4,11.2,6.8],"texture":"#2"},"south":{"uv":[0.8,14,1.4,14.4],"texture":"#2"},"west":{"uv":[10.4,4.8,11.6,5.2],"texture":"#2"},"up":{"uv":[9,2.4,8.4,1.2],"texture":"#2"},"down":{"uv":[9,2.4,8.4,3.6],"texture":"#2"}}},{"from":[7.25,17.20639,12.72784],"to":[8.75,20.20639,13.72784],"rotation":{"angle":-45,"axis":"x","origin":[8,8,8]},"faces":{"north":{"uv":[3.2,8.4,3.8,9.6],"texture":"#2"},"east":{"uv":[5.6,10.4,6,11.6],"texture":"#2"},"south":{"uv":[8.4,3.6,9,4.8],"texture":"#2"},"west":{"uv":[6,10.4,6.4,11.6],"texture":"#2"},"up":{"uv":[14.6,1.2,14,0.8],"texture":"#2"},"down":{"uv":[14.6,1.2,14,1.6],"texture":"#2"}}},{"from":[7.5,17.70639,13.72784],"to":[8.5,19.70639,15.22784],"rotation":{"angle":-45,"axis":"x","origin":[8,8,8]},"faces":{"north":{"uv":[2.8,13.6,3.2,14.4],"texture":"#2"},"east":{"uv":[10.4,6.8,11,7.6],"texture":"#2"},"south":{"uv":[13.6,2.8,14,3.6],"texture":"#2"},"west":{"uv":[7.2,10.4,7.8,11.2],"texture":"#2"},"up":{"uv":[2,14.6,1.6,14],"texture":"#2"},"down":{"uv":[2.4,14,2,14.6],"texture":"#2"}}},{"from":[7.5,21.72784,-3.70639],"to":[8.5,23.22784,-1.70639],"rotation":{"angle":45,"axis":"x","origin":[8,8,8]},"faces":{"north":{"uv":[14,2.4,14.4,3],"texture":"#2"},"east":{"uv":[10.4,7.6,11.2,8.2],"texture":"#2"},"south":{"uv":[14,3.2,14.4,3.8],"texture":"#2"},"west":{"uv":[8,10.4,8.8,11],"texture":"#2"},"up":{"uv":[3.6,14.4,3.2,13.6],"texture":"#2"},"down":{"uv":[4,13.6,3.6,14.4],"texture":"#2"}}},{"from":[7.25,23.22784,-4.20639],"to":[8.75,24.22784,-1.20639],"rotation":{"angle":45,"axis":"x","origin":[8,8,8]},"faces":{"north":{"uv":[14,4,14.6,4.4],"texture":"#2"},"east":{"uv":[10.4,5.2,11.6,5.6],"texture":"#2"},"south":{"uv":[14,4.4,14.6,4.8],"texture":"#2"},"west":{"uv":[10.4,8.4,11.6,8.8],"texture":"#2"},"up":{"uv":[4.6,9.6,4,8.4],"texture":"#2"},"down":{"uv":[5.4,8.4,4.8,9.6],"texture":"#2"}}},{"from":[7.25,17.20639,2.27216],"to":[8.75,20.20639,3.27216],"rotation":{"angle":45,"axis":"x","origin":[8,8,8]},"faces":{"north":{"uv":[8.4,4.8,9,6],"texture":"#2"},"east":{"uv":[10.4,8.8,10.8,10],"texture":"#2"},"south":{"uv":[5.6,8.4,6.2,9.6],"texture":"#2"},"west":{"uv":[10.4,10,10.8,11.2],"texture":"#2"},"up":{"uv":[5.4,14.4,4.8,14],"texture":"#2"},"down":{"uv":[14.6,5.6,14,6],"texture":"#2"}}},{"from":[7.5,17.70639,0.77216],"to":[8.5,19.70639,2.27216],"rotation":{"angle":45,"axis":"x","origin":[8,8,8]},"faces":{"north":{"uv":[13.6,3.6,14,4.4],"texture":"#2"},"east":{"uv":[0,10.8,0.6,11.6],"texture":"#2"},"south":{"uv":[4,13.6,4.4,14.4],"texture":"#2"},"west":{"uv":[0.8,10.8,1.4,11.6],"texture":"#2"},"up":{"uv":[6,14.6,5.6,14],"texture":"#2"},"down":{"uv":[14.4,6,14,6.6],"texture":"#2"}}},{"from":[7.25,23.75736,-0.44657],"to":[8.75,24.75736,2.05343],"rotation":{"angle":-22.5,"axis":"x","origin":[8,22.50736,2.55343]},"faces":{"north":{"uv":[6.8,14,7.4,14.4],"texture":"#2"},"east":{"uv":[11.2,0.4,12.2,0.8],"texture":"#2"},"south":{"uv":[14,6.8,14.6,7.2],"texture":"#2"},"west":{"uv":[11.2,3.6,12.2,4],"texture":"#2"},"up":{"uv":[9.8,6.6,9.2,5.6],"texture":"#2"},"down":{"uv":[10.2,2.4,9.6,3.4],"texture":"#2"}}},{"from":[7.5,21.04646,3.25],"to":[8.5,25.04646,4.75],"rotation":{"angle":0,"axis":"y","origin":[8,8,8]},"faces":{"north":{"uv":[2.4,9.2,2.8,10.8],"texture":"#2"},"east":{"uv":[6.8,1.6,7.4,3.2],"texture":"#2"},"south":{"uv":[9.2,2.4,9.6,4],"texture":"#2"},"west":{"uv":[3.2,6.8,3.8,8.4],"texture":"#2"},"up":{"uv":[14.4,7.8,14,7.2],"texture":"#2"},"down":{"uv":[8,14,7.6,14.6],"texture":"#2"}}},{"from":[7.25,22.04646,3.25],"to":[8.75,24.04646,4.75],"rotation":{"angle":0,"axis":"y","origin":[8,8,8]},"faces":{"north":{"uv":[10.8,0.8,11.4,1.6],"texture":"#2"},"east":{"uv":[1.6,10.8,2.2,11.6],"texture":"#2"},"south":{"uv":[10.8,1.6,11.4,2.4],"texture":"#2"},"west":{"uv":[2.4,10.8,3,11.6],"texture":"#2"},"up":{"uv":[12.6,7,12,6.4],"texture":"#2"},"down":{"uv":[7.8,12,7.2,12.6],"texture":"#2"}}},{"from":[7.25,21.04646,2.25],"to":[8.75,25.04646,3.25],"rotation":{"angle":0,"axis":"y","origin":[8,8,8]},"faces":{"north":{"uv":[4,6.8,4.6,8.4],"texture":"#2"},"east":{"uv":[2.8,9.2,3.2,10.8],"texture":"#2"},"south":{"uv":[4.8,6.8,5.4,8.4],"texture":"#2"},"west":{"uv":[9.2,4,9.6,5.6],"texture":"#2"},"up":{"uv":[8.6,14.4,8,14],"texture":"#2"},"down":{"uv":[14.6,8,14,8.4],"texture":"#2"}}},{"from":[7.5,22.00736,0.05343],"to":[8.5,24.50736,3.05343],"rotation":{"angle":-22.5,"axis":"x","origin":[8,22.50736,2.55343]},"faces":{"north":{"uv":[4,11.2,4.4,12.2],"texture":"#2"},"east":{"uv":[5.6,1.6,6.8,2.6],"texture":"#2"},"south":{"uv":[4.4,11.2,4.8,12.2],"texture":"#2"},"west":{"uv":[5.6,2.8,6.8,3.8],"texture":"#2"},"up":{"uv":[3.6,12,3.2,10.8],"texture":"#2"},"down":{"uv":[4,10.8,3.6,12],"texture":"#2"}}},{"from":[7.75,21.63064,-2.96098],"to":[8.25,23.63064,1.03902],"rotation":{"angle":-45,"axis":"x","origin":[8,21.63064,0.53902]},"faces":{"north":{"uv":[7.6,14.8,7.8,15.6],"texture":"#2"},"east":{"uv":[3.2,4.8,4.8,5.6],"texture":"#2"},"south":{"uv":[8,14.8,8.2,15.6],"texture":"#2"},"west":{"uv":[4.8,4.8,6.4,5.6],"texture":"#2"},"up":{"uv":[4.6,15.2,4.4,13.6],"texture":"#2"},"down":{"uv":[6.2,13.6,6,15.2],"texture":"#2"}}},{"from":[8,19.63064,-3.96098],"to":[8,22.63064,2.03902],"rotation":{"angle":-45,"axis":"x","origin":[8,21.63064,0.53902]},"faces":{"north":{"uv":[0,0,0,1.2],"texture":"#2"},"east":{"uv":[3.2,0,5.6,1.2],"texture":"#2"},"south":{"uv":[0,0,0,1.2],"texture":"#2"},"west":{"uv":[3.2,1.2,5.6,2.4],"texture":"#2"},"up":{"uv":[0,2.4,0,0],"texture":"#2"},"down":{"uv":[0,0,0,2.4],"texture":"#2"}}},{"from":[7.25,22.04646,11.25],"to":[8.75,24.04646,12.75],"rotation":{"angle":0,"axis":"y","origin":[8,8,8]},"faces":{"north":{"uv":[10.8,5.6,11.4,6.4],"texture":"#2"},"east":{"uv":[6.4,10.8,7,11.6],"texture":"#2"},"south":{"uv":[8.8,10.8,9.4,11.6],"texture":"#2"},"west":{"uv":[10.8,8.8,11.4,9.6],"texture":"#2"},"up":{"uv":[12.6,7.8,12,7.2],"texture":"#2"},"down":{"uv":[8.6,12,8,12.6],"texture":"#2"}}},{"from":[7.5,21.04646,11.25],"to":[8.5,25.04646,12.75],"rotation":{"angle":0,"axis":"y","origin":[8,8,8]},"faces":{"north":{"uv":[6.4,9.2,6.8,10.8],"texture":"#2"},"east":{"uv":[6.8,5.2,7.4,6.8],"texture":"#2"},"south":{"uv":[6.8,9.2,7.2,10.8],"texture":"#2"},"west":{"uv":[5.6,6.8,6.2,8.4],"texture":"#2"},"up":{"uv":[14.4,9,14,8.4],"texture":"#2"},"down":{"uv":[9.2,14,8.8,14.6],"texture":"#2"}}},{"from":[7.25,21.04646,12.75],"to":[8.75,25.04646,13.75],"rotation":{"angle":0,"axis":"y","origin":[8,8,8]},"faces":{"north":{"uv":[6.4,6.8,7,8.4],"texture":"#2"},"east":{"uv":[8.8,9.2,9.2,10.8],"texture":"#2"},"south":{"uv":[7.2,0,7.8,1.6],"texture":"#2"},"west":{"uv":[9.2,9.2,9.6,10.8],"texture":"#2"},"up":{"uv":[9.8,14.4,9.2,14],"texture":"#2"},"down":{"uv":[14.6,9.2,14,9.6],"texture":"#2"}}},{"from":[7.5,22.00736,12.94657],"to":[8.5,24.50736,15.94657],"rotation":{"angle":22.5,"axis":"x","origin":[8,22.50736,13.44657]},"faces":{"north":{"uv":[4.8,11.2,5.2,12.2],"texture":"#2"},"east":{"uv":[3.2,5.6,4.4,6.6],"texture":"#2"},"south":{"uv":[5.2,11.2,5.6,12.2],"texture":"#2"},"west":{"uv":[4.4,5.6,5.6,6.6],"texture":"#2"},"up":{"uv":[10,12,9.6,10.8],"texture":"#2"},"down":{"uv":[11.2,9.6,10.8,10.8],"texture":"#2"}}},{"from":[7.25,23.75736,13.94657],"to":[8.75,24.75736,16.44657],"rotation":{"angle":22.5,"axis":"x","origin":[8,22.50736,13.44657]},"faces":{"north":{"uv":[10,14,10.6,14.4],"texture":"#2"},"east":{"uv":[11.2,4,12.2,4.4],"texture":"#2"},"south":{"uv":[10.8,14,11.4,14.4],"texture":"#2"},"west":{"uv":[11.2,4.4,12.2,4.8],"texture":"#2"},"up":{"uv":[3.8,10.6,3.2,9.6],"texture":"#2"},"down":{"uv":[10.2,3.6,9.6,4.6],"texture":"#2"}}},{"from":[7.75,21.63064,14.96098],"to":[8.25,23.63064,18.96098],"rotation":{"angle":45,"axis":"x","origin":[8,21.63064,15.46098]},"faces":{"north":{"uv":[8.4,14.8,8.6,15.6],"texture":"#2"},"east":{"uv":[5.6,0,7.2,0.8],"texture":"#2"},"south":{"uv":[8.8,14.8,9,15.6],"texture":"#2"},"west":{"uv":[5.6,0.8,7.2,1.6],"texture":"#2"},"up":{"uv":[6.6,15.2,6.4,13.6],"texture":"#2"},"down":{"uv":[13.8,6.4,13.6,8],"texture":"#2"}}},{"from":[8,19.63064,13.96098],"to":[8,22.63064,19.96098],"rotation":{"angle":45,"axis":"x","origin":[8,21.63064,15.46098]},"faces":{"north":{"uv":[0,0,0,1.2],"texture":"#2"},"east":{"uv":[3.2,2.4,5.6,3.6],"texture":"#2"},"south":{"uv":[0,0,0,1.2],"texture":"#2"},"west":{"uv":[3.2,3.6,5.6,4.8],"texture":"#2"},"up":{"uv":[0,2.4,0,0],"texture":"#2"},"down":{"uv":[0,0,0,2.4],"texture":"#2"}}},{"from":[7.35,18.54646,6],"to":[8.65,20.04646,10],"rotation":{"angle":0,"axis":"y","origin":[8,8,8]},"faces":{"north":{"uv":[9.6,12,10.2,12.6],"texture":"#2"},"east":{"uv":[6.8,3.2,8.4,3.8],"texture":"#2"},"south":{"uv":[12,9.6,12.6,10.2],"texture":"#2"},"west":{"uv":[7.2,6.8,8.8,7.4],"texture":"#2"},"up":{"uv":[8.2,3.2,7.6,1.6],"texture":"#2"},"down":{"uv":[8.2,4,7.6,5.6],"texture":"#2"}}},{"from":[7.6,17.79646,6.5],"to":[8.4,18.54646,9.5],"rotation":{"angle":0,"axis":"y","origin":[8,8,8]},"faces":{"north":{"uv":[14.8,8,15.2,8.4],"texture":"#2"},"east":{"uv":[10.8,10.8,12,11.2],"texture":"#2"},"south":{"uv":[9.2,14.8,9.6,15.2],"texture":"#2"},"west":{"uv":[11.2,0,12.4,0.4],"texture":"#2"},"up":{"uv":[10.4,12,10,10.8],"texture":"#2"},"down":{"uv":[11.6,2.4,11.2,3.6],"texture":"#2"}}},{"from":[7.1875,19.30329,7.25],"to":[8.8125,20.42829,8.75],"rotation":{"angle":0,"axis":"y","origin":[8,8,8]},"faces":{"north":{"uv":[11.6,14,12.2,14.4],"texture":"#2"},"east":{"uv":[12.4,14,13,14.4],"texture":"#2"},"south":{"uv":[14,12.8,14.6,13.2],"texture":"#2"},"west":{"uv":[14,13.2,14.6,13.6],"texture":"#2"},"up":{"uv":[11,12.6,10.4,12],"texture":"#2"},"down":{"uv":[12.6,10.4,12,11],"texture":"#2"}}},{"from":[7.2875,21.17637,9.99799],"to":[8.7125,22.67637,11.12299],"rotation":{"angle":-22.5,"axis":"x","origin":[8,8,8]},"faces":{"north":{"uv":[11.2,12,11.8,12.6],"texture":"#2"},"east":{"uv":[13.2,14,13.6,14.6],"texture":"#2"},"south":{"uv":[12,11.2,12.6,11.8],"texture":"#2"},"west":{"uv":[14,13.6,14.4,14.2],"texture":"#2"},"up":{"uv":[0.6,14.8,0,14.4],"texture":"#2"},"down":{"uv":[15,0,14.4,0.4],"texture":"#2"}}},{"from":[7.1875,14.88828,-3.40879],"to":[8.8125,16.01328,-1.90879],"rotation":{"angle":45,"axis":"x","origin":[8,8,8]},"faces":{"north":{"uv":[14.4,0.4,15,0.8],"texture":"#2"},"east":{"uv":[0.8,14.4,1.4,14.8],"texture":"#2"},"south":{"uv":[14.4,1.6,15,2],"texture":"#2"},"west":{"uv":[14.4,2,15,2.4],"texture":"#2"},"up":{"uv":[12.6,12.6,12,12],"texture":"#2"},"down":{"uv":[0.6,12.4,0,13],"texture":"#2"}}},{"from":[7.2875,21.17637,-1.539],"to":[8.7125,22.67637,-0.414],"rotation":{"angle":22.5,"axis":"x","origin":[8,8,8]},"faces":{"north":{"uv":[12.4,0,13,0.6],"texture":"#2"},"east":{"uv":[2.4,14.4,2.8,15],"texture":"#2"},"south":{"uv":[0.8,12.4,1.4,13],"texture":"#2"},"west":{"uv":[14.4,2.4,14.8,3],"texture":"#2"},"up":{"uv":[3.4,14.8,2.8,14.4],"texture":"#2"},"down":{"uv":[15,3.2,14.4,3.6],"texture":"#2"}}},{"from":[7.1875,22.3238,4.2295],"to":[8.8125,23.8238,5.3545],"rotation":{"angle":0,"axis":"y","origin":[8,8,8]},"faces":{"north":{"uv":[12.4,0.8,13,1.4],"texture":"#2"},"east":{"uv":[3.6,14.4,4,15],"texture":"#2"},"south":{"uv":[1.6,12.4,2.2,13],"texture":"#2"},"west":{"uv":[4,14.4,4.4,15],"texture":"#2"},"up":{"uv":[15,4,14.4,3.6],"texture":"#2"},"down":{"uv":[5.4,14.4,4.8,14.8],"texture":"#2"}}},{"from":[7.1875,17.90879,-6.42929],"to":[8.8125,19.40879,-5.30429],"rotation":{"angle":45,"axis":"x","origin":[8,8,8]},"faces":{"north":{"uv":[12.4,1.6,13,2.2],"texture":"#2"},"east":{"uv":[14.4,4.8,14.8,5.4],"texture":"#2"},"south":{"uv":[2.4,12.4,3,13],"texture":"#2"},"west":{"uv":[14.4,6,14.8,6.6],"texture":"#2"},"up":{"uv":[7.4,14.8,6.8,14.4],"texture":"#2"},"down":{"uv":[15,7.2,14.4,7.6],"texture":"#2"}}},{"from":[7.1875,25.7193,7.25],"to":[8.8125,26.8443,8.75],"rotation":{"angle":0,"axis":"y","origin":[8,8,8]},"faces":{"north":{"uv":[14.4,7.6,15,8],"texture":"#2"},"east":{"uv":[8,14.4,8.6,14.8],"texture":"#2"},"south":{"uv":[14.4,8.4,15,8.8],"texture":"#2"},"west":{"uv":[14.4,8.8,15,9.2],"texture":"#2"},"up":{"uv":[13,3,12.4,2.4],"texture":"#2"},"down":{"uv":[13,3.2,12.4,3.8],"texture":"#2"}}},{"from":[7.2875,24.57188,13.01849],"to":[8.7125,25.69688,14.51849],"rotation":{"angle":-22.5,"axis":"x","origin":[8,8,8]},"faces":{"north":{"uv":[9.2,14.4,9.8,14.8],"texture":"#2"},"east":{"uv":[14.4,9.6,15,10],"texture":"#2"},"south":{"uv":[10,14.4,10.6,14.8],"texture":"#2"},"west":{"uv":[14.4,10,15,10.4],"texture":"#2"},"up":{"uv":[4.6,13,4,12.4],"texture":"#2"},"down":{"uv":[13,4,12.4,4.6],"texture":"#2"}}},{"from":[7.2875,18.15587,1.48151],"to":[8.7125,19.28087,2.98151],"rotation":{"angle":22.5,"axis":"x","origin":[8,8,8]},"faces":{"north":{"uv":[14.4,10.4,15,10.8],"texture":"#2"},"east":{"uv":[10.8,14.4,11.4,14.8],"texture":"#2"},"south":{"uv":[14.4,10.8,15,11.2],"texture":"#2"},"west":{"uv":[14.4,11.2,15,11.6],"texture":"#2"},"up":{"uv":[5.4,13,4.8,12.4],"texture":"#2"},"down":{"uv":[13,4.8,12.4,5.4],"texture":"#2"}}},{"from":[7.2875,18.15587,13.01849],"to":[8.7125,19.28087,14.51849],"rotation":{"angle":-22.5,"axis":"x","origin":[8,8,8]},"faces":{"north":{"uv":[11.6,14.4,12.2,14.8],"texture":"#2"},"east":{"uv":[14.4,11.6,15,12],"texture":"#2"},"south":{"uv":[14.4,12,15,12.4],"texture":"#2"},"west":{"uv":[12.4,14.4,13,14.8],"texture":"#2"},"up":{"uv":[6.2,13,5.6,12.4],"texture":"#2"},"down":{"uv":[13,5.6,12.4,6.2],"texture":"#2"}}},{"from":[7.1875,14.88828,17.90879],"to":[8.8125,16.01328,19.40879],"rotation":{"angle":-45,"axis":"x","origin":[8,8,8]},"faces":{"north":{"uv":[14.4,12.4,15,12.8],"texture":"#2"},"east":{"uv":[13.6,14.4,14.2,14.8],"texture":"#2"},"south":{"uv":[14.4,13.6,15,14],"texture":"#2"},"west":{"uv":[14.4,14,15,14.4],"texture":"#2"},"up":{"uv":[7,13,6.4,12.4],"texture":"#2"},"down":{"uv":[13,8,12.4,8.6],"texture":"#2"}}},{"from":[7.2875,21.17637,4.87701],"to":[8.7125,22.67637,6.00201],"rotation":{"angle":22.5,"axis":"x","origin":[8,8,8]},"faces":{"north":{"uv":[8.8,12.4,9.4,13],"texture":"#2"},"east":{"uv":[14.4,14.4,14.8,15],"texture":"#2"},"south":{"uv":[12.4,8.8,13,9.4],"texture":"#2"},"west":{"uv":[0,14.8,0.4,15.4],"texture":"#2"},"up":{"uv":[1,15.2,0.4,14.8],"texture":"#2"},"down":{"uv":[15.4,0.8,14.8,1.2],"texture":"#2"}}},{"from":[7.1875,22.3238,10.6455],"to":[8.8125,23.8238,11.7705],"rotation":{"angle":0,"axis":"y","origin":[8,8,8]},"faces":{"north":{"uv":[3.2,12.8,3.8,13.4],"texture":"#2"},"east":{"uv":[1.2,14.8,1.6,15.4],"texture":"#2"},"south":{"uv":[12.8,6.4,13.4,7],"texture":"#2"},"west":{"uv":[1.6,14.8,2,15.4],"texture":"#2"},"up":{"uv":[15.4,1.6,14.8,1.2],"texture":"#2"},"down":{"uv":[15.4,2.4,14.8,2.8],"texture":"#2"}}},{"from":[7.2875,21.17637,16.414],"to":[8.7125,22.67637,17.539],"rotation":{"angle":-22.5,"axis":"x","origin":[8,8,8]},"faces":{"north":{"uv":[7.2,12.8,7.8,13.4],"texture":"#2"},"east":{"uv":[2,14.8,2.4,15.4],"texture":"#2"},"south":{"uv":[12.8,7.2,13.4,7.8],"texture":"#2"},"west":{"uv":[2.8,14.8,3.2,15.4],"texture":"#2"},"up":{"uv":[15.4,3.2,14.8,2.8],"texture":"#2"},"down":{"uv":[15.4,4,14.8,4.4],"texture":"#2"}}},{"from":[7.1875,17.90879,21.30429],"to":[8.8125,19.40879,22.42929],"rotation":{"angle":-45,"axis":"x","origin":[8,8,8]},"faces":{"north":{"uv":[8,12.8,8.6,13.4],"texture":"#2"},"east":{"uv":[3.2,14.8,3.6,15.4],"texture":"#2"},"south":{"uv":[9.6,12.8,10.2,13.4],"texture":"#2"},"west":{"uv":[14.8,4.4,15.2,5],"texture":"#2"},"up":{"uv":[5.4,15.2,4.8,14.8],"texture":"#2"},"down":{"uv":[15.4,5.2,14.8,5.6],"texture":"#2"}}},{"from":[7.2875,24.57188,1.48151],"to":[8.7125,25.69688,2.98151],"rotation":{"angle":22.5,"axis":"x","origin":[8,8,8]},"faces":{"north":{"uv":[14.8,5.6,15.4,6],"texture":"#2"},"east":{"uv":[14.8,6,15.4,6.4],"texture":"#2"},"south":{"uv":[14.8,6.4,15.4,6.8],"texture":"#2"},"west":{"uv":[6.8,14.8,7.4,15.2],"texture":"#2"},"up":{"uv":[13.4,10.2,12.8,9.6],"texture":"#2"},"down":{"uv":[11,12.8,10.4,13.4],"texture":"#2"}}},{"from":[7.15,-6.45354,7.15],"to":[8.85,-5.95354,8.85],"rotation":{"angle":0,"axis":"y","origin":[8,8,8]},"faces":{"north":{"uv":[12,14.8,12.6,15],"texture":"#2"},"east":{"uv":[12.8,14.8,13.4,15],"texture":"#2"},"south":{"uv":[14.8,12.8,15.4,13],"texture":"#2"},"west":{"uv":[14.8,13.2,15.4,13.4],"texture":"#2"},"up":{"uv":[13.4,11,12.8,10.4],"texture":"#2"},"down":{"uv":[11.8,12.8,11.2,13.4],"texture":"#2"}}},{"from":[7.15,17.04646,7.15],"to":[8.85,17.54646,8.85],"rotation":{"angle":0,"axis":"y","origin":[8,8,8]},"faces":{"north":{"uv":[13.6,14.8,14.2,15],"texture":"#2"},"east":{"uv":[14.8,14.4,15.4,14.6],"texture":"#2"},"south":{"uv":[14.8,14.8,15.4,15],"texture":"#2"},"west":{"uv":[15.2,0,15.8,0.2],"texture":"#2"},"up":{"uv":[13.4,11.8,12.8,11.2],"texture":"#2"},"down":{"uv":[12.6,12.8,12,13.4],"texture":"#2"}}},{"from":[7.35,-5.70354,7.35],"to":[8.65,17.29646,8.65],"rotation":{"angle":0,"axis":"y","origin":[8,8,8]},"faces":{"north":{"uv":[0,0,0.6,9.2],"texture":"#2"},"east":{"uv":[0.8,0,1.4,9.2],"texture":"#2"},"south":{"uv":[1.6,0,2.2,9.2],"texture":"#2"},"west":{"uv":[2.4,0,3,9.2],"texture":"#2"},"up":{"uv":[13.4,12.6,12.8,12],"texture":"#2"},"down":{"uv":[13.4,12.8,12.8,13.4],"texture":"#2"}}}],"gui_light":"front","display":{"thirdperson_righthand":{"translation":[0,0.5,1.25],"scale":[0.575,0.575,0.575]},"thirdperson_lefthand":{"translation":[0,0.5,1.25],"scale":[0.575,0.575,0.575]},"firstperson_righthand":{"rotation":[-10,9,11],"translation":[11.5,-8.25,-10.25],"scale":[0.98398,0.98398,0.98398]},"firstperson_lefthand":{"rotation":[-10,9,11],"translation":[11.5,-8.25,-10.25],"scale":[0.98398,0.98398,0.98398]},"ground":{"rotation":[0,0,90],"translation":[1,2.25,0],"scale":[0.45,0.45,0.45]},"gui":{"rotation":[-90,45,90],"translation":[0.5,-0.75,0],"scale":[0.38477,0.38477,0.38477]},"head":{"scale":[0,0,0]},"fixed":{"rotation":[-90,90,90],"translation":[0.25,-0.25,-2],"scale":[1.155,1.155,1.155]}}}