{"credit":"MadewithBlockbench","texture_size":[56,56],"textures":{"1":"dark_crusader_set:shield","particle":"dark_crusader_set:shield"},"elements":[{"from":[5,4,6.2],"to":[11,16,8.2],"rotation":{"angle":0,"axis":"y","origin":[8,8,8]},"faces":{"north":{"uv":[0,0,1.71429,3.42857],"texture":"#1"},"east":{"uv":[0,3.42857,0.57143,6.85714],"texture":"#1"},"south":{"uv":[1.71429,0,3.42857,3.42857],"texture":"#1"},"west":{"uv":[3.42857,0,4,3.42857],"texture":"#1"},"up":{"uv":[7.42857,3.14286,5.71429,2.57143],"texture":"#1"},"down":{"uv":[7.14286,6,5.42857,6.57143],"texture":"#1"}}},{"from":[6,16,6.2],"to":[10,20,8.2],"rotation":{"angle":0,"axis":"y","origin":[8,8,8]},"faces":{"north":{"uv":[1.42857,4.85714,2.57143,6],"texture":"#1"},"east":{"uv":[0,8.28571,0.57143,9.42857],"texture":"#1"},"south":{"uv":[1.42857,6,2.57143,7.14286],"texture":"#1"},"west":{"uv":[8.28571,2.85714,8.85714,4],"texture":"#1"},"up":{"uv":[5.14286,8.85714,4,8.28571],"texture":"#1"},"down":{"uv":[9.42857,4,8.28571,4.57143],"texture":"#1"}}},{"from":[5,20,6.2],"to":[11,23,8.2],"rotation":{"angle":0,"axis":"y","origin":[8,8,8]},"faces":{"north":{"uv":[4,2.57143,5.71429,3.42857],"texture":"#1"},"east":{"uv":[6,9.14286,6.57143,10],"texture":"#1"},"south":{"uv":[5.14286,3.42857,6.85714,4.28571],"texture":"#1"},"west":{"uv":[0,9.42857,0.57143,10.28571],"texture":"#1"},"up":{"uv":[8,0.57143,6.28571,0],"texture":"#1"},"down":{"uv":[8,0.57143,6.28571,1.14286],"texture":"#1"}}},{"from":[6,-1,6.2],"to":[10,4,8.2],"rotation":{"angle":0,"axis":"y","origin":[8,8,8]},"faces":{"north":{"uv":[0.57143,3.42857,1.71429,4.85714],"texture":"#1"},"east":{"uv":[7.71429,5.71429,8.28571,7.14286],"texture":"#1"},"south":{"uv":[1.71429,3.42857,2.85714,4.85714],"texture":"#1"},"west":{"uv":[6,7.71429,6.57143,9.14286],"texture":"#1"},"up":{"uv":[9.42857,5.14286,8.28571,4.57143],"texture":"#1"},"down":{"uv":[9.42857,5.14286,8.28571,5.71429],"texture":"#1"}}},{"from":[5,-4,6.2],"to":[11,-1,8.2],"rotation":{"angle":0,"axis":"y","origin":[8,8,8]},"faces":{"north":{"uv":[5.42857,4.28571,7.14286,5.14286],"texture":"#1"},"east":{"uv":[5.14286,9.42857,5.71429,10.28571],"texture":"#1"},"south":{"uv":[5.42857,5.14286,7.14286,6],"texture":"#1"},"west":{"uv":[6.57143,9.71429,7.14286,10.57143],"texture":"#1"},"up":{"uv":[8,1.71429,6.28571,1.14286],"texture":"#1"},"down":{"uv":[8,1.71429,6.28571,2.28571],"texture":"#1"}}},{"from":[4,23,5.95],"to":[12,24,8.45],"rotation":{"angle":0,"axis":"y","origin":[8,8,8]},"faces":{"north":{"uv":[8.28571,5.71429,10.57143,6],"texture":"#1"},"east":{"uv":[12,10.28571,12.71429,10.57143],"texture":"#1"},"south":{"uv":[8.28571,6,10.57143,6.28571],"texture":"#1"},"west":{"uv":[12,10.85714,12.71429,11.14286],"texture":"#1"},"up":{"uv":[5.14286,4.14286,2.85714,3.42857],"texture":"#1"},"down":{"uv":[6.28571,0,4,0.71429],"texture":"#1"}}},{"from":[10,16,5.95],"to":[12,17,8.45],"rotation":{"angle":0,"axis":"y","origin":[8,8,8]},"faces":{"north":{"uv":[0,6.85714,0.57143,7.14286],"texture":"#1"},"east":{"uv":[12,11.14286,12.71429,11.42857],"texture":"#1"},"south":{"uv":[9.14286,7.71429,9.71429,8],"texture":"#1"},"west":{"uv":[12,12,12.71429,12.28571],"texture":"#1"},"up":{"uv":[10.57143,0.71429,10,0],"texture":"#1"},"down":{"uv":[10.57143,0.85714,10,1.57143],"texture":"#1"}}},{"from":[4,16,5.95],"to":[6,17,8.45],"rotation":{"angle":0,"axis":"y","origin":[8,8,8]},"faces":{"north":{"uv":[11.42857,7.42857,12,7.71429],"texture":"#1"},"east":{"uv":[0.57143,12.28571,1.28571,12.57143],"texture":"#1"},"south":{"uv":[13.14286,8.85714,13.71429,9.14286],"texture":"#1"},"west":{"uv":[12.28571,2.28571,13,2.57143],"texture":"#1"},"up":{"uv":[10.57143,3.28571,10,2.57143],"texture":"#1"},"down":{"uv":[6.57143,10,6,10.71429],"texture":"#1"}}},{"from":[10,19,5.95],"to":[12,20,8.45],"rotation":{"angle":0,"axis":"y","origin":[8,8,8]},"faces":{"north":{"uv":[13.42857,4.57143,14,4.85714],"texture":"#1"},"east":{"uv":[12.28571,2.57143,13,2.85714],"texture":"#1"},"south":{"uv":[13.42857,5.14286,14,5.42857],"texture":"#1"},"west":{"uv":[12.28571,2.85714,13,3.14286],"texture":"#1"},"up":{"uv":[10.57143,7.57143,10,6.85714],"texture":"#1"},"down":{"uv":[10.57143,8.85714,10,9.57143],"texture":"#1"}}},{"from":[4,19,5.95],"to":[6,20,8.45],"rotation":{"angle":0,"axis":"y","origin":[8,8,8]},"faces":{"north":{"uv":[13.42857,8,14,8.28571],"texture":"#1"},"east":{"uv":[12.28571,3.14286,13,3.42857],"texture":"#1"},"south":{"uv":[13.42857,10,14,10.28571],"texture":"#1"},"west":{"uv":[3.42857,12.28571,4.14286,12.57143],"texture":"#1"},"up":{"uv":[10.57143,10.42857,10,9.71429],"texture":"#1"},"down":{"uv":[0.57143,10.28571,0,11],"texture":"#1"}}},{"from":[5,17,5.95],"to":[6,19,8.45],"rotation":{"angle":0,"axis":"y","origin":[8,8,8]},"faces":{"north":{"uv":[7.42857,2.57143,7.71429,3.14286],"texture":"#1"},"east":{"uv":[0.85714,10.28571,1.57143,10.85714],"texture":"#1"},"south":{"uv":[7.42857,7.71429,7.71429,8.28571],"texture":"#1"},"west":{"uv":[1.71429,10.28571,2.42857,10.85714],"texture":"#1"},"up":{"uv":[1.71429,13,1.42857,12.28571],"texture":"#1"},"down":{"uv":[4.57143,12.28571,4.28571,13],"texture":"#1"}}},{"from":[10,17,5.95],"to":[11,19,8.45],"rotation":{"angle":0,"axis":"y","origin":[8,8,8]},"faces":{"north":{"uv":[4.85714,10.57143,5.14286,11.14286],"texture":"#1"},"east":{"uv":[2.57143,10.28571,3.28571,10.85714],"texture":"#1"},"south":{"uv":[4,10.85714,4.28571,11.42857],"texture":"#1"},"west":{"uv":[3.42857,10.28571,4.14286,10.85714],"texture":"#1"},"up":{"uv":[12.57143,5.28571,12.28571,4.57143],"texture":"#1"},"down":{"uv":[5.71429,12.28571,5.42857,13],"texture":"#1"}}},{"from":[11,20,5.95],"to":[12,23,8.45],"rotation":{"angle":0,"axis":"y","origin":[8,8,8]},"faces":{"north":{"uv":[8,10.28571,8.28571,11.14286],"texture":"#1"},"east":{"uv":[4.28571,8.85714,5,9.71429],"texture":"#1"},"south":{"uv":[11.42857,10,11.71429,10.85714],"texture":"#1"},"west":{"uv":[6.57143,8.85714,7.28571,9.71429],"texture":"#1"},"up":{"uv":[6.57143,13,6.28571,12.28571],"texture":"#1"},"down":{"uv":[6.85714,12.28571,6.57143,13],"texture":"#1"}}},{"from":[4,20,5.95],"to":[5,23,8.45],"rotation":{"angle":0,"axis":"y","origin":[8,8,8]},"faces":{"north":{"uv":[11.71429,4.57143,12,5.42857],"texture":"#1"},"east":{"uv":[8.85714,8,9.57143,8.85714],"texture":"#1"},"south":{"uv":[5.71429,11.71429,6,12.57143],"texture":"#1"},"west":{"uv":[8.85714,8.85714,9.57143,9.71429],"texture":"#1"},"up":{"uv":[12.28571,13,12,12.28571],"texture":"#1"},"down":{"uv":[12.57143,12.28571,12.28571,13],"texture":"#1"}}},{"from":[4,-5,5.95],"to":[12,-4,8.45],"rotation":{"angle":0,"axis":"y","origin":[8,8,8]},"faces":{"north":{"uv":[8.28571,6.28571,10.57143,6.57143],"texture":"#1"},"east":{"uv":[12.28571,5.42857,13,5.71429],"texture":"#1"},"south":{"uv":[8.28571,6.57143,10.57143,6.85714],"texture":"#1"},"west":{"uv":[12.28571,5.71429,13,6],"texture":"#1"},"up":{"uv":[6.28571,1.57143,4,0.85714],"texture":"#1"},"down":{"uv":[6.28571,1.71429,4,2.42857],"texture":"#1"}}},{"from":[10,0,5.95],"to":[11,3,8.45],"rotation":{"angle":0,"axis":"y","origin":[8,8,8]},"faces":{"north":{"uv":[6,11.71429,6.28571,12.57143],"texture":"#1"},"east":{"uv":[9.14286,0,9.85714,0.85714],"texture":"#1"},"south":{"uv":[11.71429,8.85714,12,9.71429],"texture":"#1"},"west":{"uv":[9.14286,0.85714,9.85714,1.71429],"texture":"#1"},"up":{"uv":[0.28571,13.28571,0,12.57143],"texture":"#1"},"down":{"uv":[12.85714,0,12.57143,0.71429],"texture":"#1"}}},{"from":[10,3,5.95],"to":[12,4,8.45],"rotation":{"angle":0,"axis":"y","origin":[8,8,8]},"faces":{"north":{"uv":[13.42857,10.57143,14,10.85714],"texture":"#1"},"east":{"uv":[12.28571,11.42857,13,11.71429],"texture":"#1"},"south":{"uv":[13.42857,12.28571,14,12.57143],"texture":"#1"},"west":{"uv":[12.28571,11.71429,13,12],"texture":"#1"},"up":{"uv":[10.85714,4.14286,10.28571,3.42857],"texture":"#1"},"down":{"uv":[10.85714,4.28571,10.28571,5],"texture":"#1"}}},{"from":[10,-1,5.95],"to":[12,0,8.45],"rotation":{"angle":0,"axis":"y","origin":[8,8,8]},"faces":{"north":{"uv":[7.42857,13.71429,8,14],"texture":"#1"},"east":{"uv":[0.28571,12.57143,1,12.85714],"texture":"#1"},"south":{"uv":[13.71429,8.28571,14.28571,8.57143],"texture":"#1"},"west":{"uv":[12.57143,0.85714,13.28571,1.14286],"texture":"#1"},"up":{"uv":[5.71429,11,5.14286,10.28571],"texture":"#1"},"down":{"uv":[8,10.28571,7.42857,11],"texture":"#1"}}},{"from":[4,-1,5.95],"to":[6,0,8.45],"rotation":{"angle":0,"axis":"y","origin":[8,8,8]},"faces":{"north":{"uv":[8.57143,13.71429,9.14286,14],"texture":"#1"},"east":{"uv":[12.57143,1.14286,13.28571,1.42857],"texture":"#1"},"south":{"uv":[13.71429,8.57143,14.28571,8.85714],"texture":"#1"},"west":{"uv":[12.57143,1.42857,13.28571,1.71429],"texture":"#1"},"up":{"uv":[9.14286,11,8.57143,10.28571],"texture":"#1"},"down":{"uv":[9.71429,10.28571,9.14286,11],"texture":"#1"}}},{"from":[4,3,5.95],"to":[6,4,8.45],"rotation":{"angle":0,"axis":"y","origin":[8,8,8]},"faces":{"north":{"uv":[13.71429,8.85714,14.28571,9.14286],"texture":"#1"},"east":{"uv":[1.71429,12.57143,2.42857,12.85714],"texture":"#1"},"south":{"uv":[9.14286,13.71429,9.71429,14],"texture":"#1"},"west":{"uv":[12.57143,1.71429,13.28571,2],"texture":"#1"},"up":{"uv":[11.14286,0.71429,10.57143,0],"texture":"#1"},"down":{"uv":[11.14286,0.85714,10.57143,1.57143],"texture":"#1"}}},{"from":[5,0,5.95],"to":[6,3,8.45],"rotation":{"angle":0,"axis":"y","origin":[8,8,8]},"faces":{"north":{"uv":[9.14286,11.71429,9.42857,12.57143],"texture":"#1"},"east":{"uv":[9.14286,6.85714,9.85714,7.71429],"texture":"#1"},"south":{"uv":[9.42857,11.71429,9.71429,12.57143],"texture":"#1"},"west":{"uv":[0.85714,9.42857,1.57143,10.28571],"texture":"#1"},"up":{"uv":[1.42857,13.28571,1.14286,12.57143],"texture":"#1"},"down":{"uv":[2.85714,12.57143,2.57143,13.28571],"texture":"#1"}}},{"from":[4,14,5.95],"to":[5,16,8.45],"rotation":{"angle":0,"axis":"y","origin":[8,8,8]},"faces":{"north":{"uv":[6.28571,10.85714,6.57143,11.42857],"texture":"#1"},"east":{"uv":[10.28571,5.14286,11,5.71429],"texture":"#1"},"south":{"uv":[0,13.42857,0.28571,14],"texture":"#1"},"west":{"uv":[10.57143,1.71429,11.28571,2.28571],"texture":"#1"},"up":{"uv":[3.71429,13.28571,3.42857,12.57143],"texture":"#1"},"down":{"uv":[12.85714,3.42857,12.57143,4.14286],"texture":"#1"}}},{"from":[11,14,5.95],"to":[12,16,8.45],"rotation":{"angle":0,"axis":"y","origin":[8,8,8]},"faces":{"north":{"uv":[4,13.42857,4.28571,14],"texture":"#1"},"east":{"uv":[10.57143,2.28571,11.28571,2.85714],"texture":"#1"},"south":{"uv":[3.14286,13.71429,3.42857,14.28571],"texture":"#1"},"west":{"uv":[10.57143,2.85714,11.28571,3.42857],"texture":"#1"},"up":{"uv":[4,13.28571,3.71429,12.57143],"texture":"#1"},"down":{"uv":[4.28571,12.57143,4,13.28571],"texture":"#1"}}},{"from":[11,4,5.95],"to":[12,8,8.45],"rotation":{"angle":0,"axis":"y","origin":[8,8,8]},"faces":{"north":{"uv":[5.42857,11.14286,5.71429,12.28571],"texture":"#1"},"east":{"uv":[6.57143,7.71429,7.28571,8.85714],"texture":"#1"},"south":{"uv":[4.57143,11.42857,4.85714,12.57143],"texture":"#1"},"west":{"uv":[7.71429,7.14286,8.42857,8.28571],"texture":"#1"},"up":{"uv":[12.85714,5,12.57143,4.28571],"texture":"#1"},"down":{"uv":[4.85714,12.57143,4.57143,13.28571],"texture":"#1"}}},{"from":[4,4,5.95],"to":[5,8,8.45],"rotation":{"angle":0,"axis":"y","origin":[8,8,8]},"faces":{"north":{"uv":[6.85714,11.42857,7.14286,12.57143],"texture":"#1"},"east":{"uv":[8,0,8.71429,1.14286],"texture":"#1"},"south":{"uv":[7.14286,11.42857,7.42857,12.57143],"texture":"#1"},"west":{"uv":[8,1.14286,8.71429,2.28571],"texture":"#1"},"up":{"uv":[6,13.28571,5.71429,12.57143],"texture":"#1"},"down":{"uv":[6.28571,12.57143,6,13.28571],"texture":"#1"}}},{"from":[4,-4,5.95],"to":[5,-1,8.45],"rotation":{"angle":0,"axis":"y","origin":[8,8,8]},"faces":{"north":{"uv":[9.71429,11.71429,10,12.57143],"texture":"#1"},"east":{"uv":[1.71429,9.42857,2.42857,10.28571],"texture":"#1"},"south":{"uv":[11.71429,9.71429,12,10.57143],"texture":"#1"},"west":{"uv":[2.57143,9.42857,3.28571,10.28571],"texture":"#1"},"up":{"uv":[12.85714,6.71429,12.57143,6],"texture":"#1"},"down":{"uv":[7.14286,12.57143,6.85714,13.28571],"texture":"#1"}}},{"from":[11,-4,5.95],"to":[12,-1,8.45],"rotation":{"angle":0,"axis":"y","origin":[8,8,8]},"faces":{"north":{"uv":[10.57143,11.71429,10.85714,12.57143],"texture":"#1"},"east":{"uv":[3.42857,9.42857,4.14286,10.28571],"texture":"#1"},"south":{"uv":[10.85714,11.71429,11.14286,12.57143],"texture":"#1"},"west":{"uv":[9.42857,3.42857,10.14286,4.28571],"texture":"#1"},"up":{"uv":[12.85714,7.57143,12.57143,6.85714],"texture":"#1"},"down":{"uv":[7.42857,12.57143,7.14286,13.28571],"texture":"#1"}}},{"from":[10.38896,14,7.02193],"to":[12.38896,15,9.52193],"rotation":{"angle":-22.5,"axis":"y","origin":[13.38896,8,8.27193]},"faces":{"north":{"uv":[13.71429,9.14286,14.28571,9.42857],"texture":"#1"},"east":{"uv":[12.57143,5.14286,13.28571,5.42857],"texture":"#1"},"south":{"uv":[13.71429,10.28571,14.28571,10.57143],"texture":"#1"},"west":{"uv":[7.42857,12.57143,8.14286,12.85714],"texture":"#1"},"up":{"uv":[4.85714,11.28571,4.28571,10.57143],"texture":"#1"},"down":{"uv":[11.14286,5.71429,10.57143,6.42857],"texture":"#1"}}},{"from":[13.38896,13,7.02193],"to":[14.38896,14,9.52193],"rotation":{"angle":-22.5,"axis":"y","origin":[13.38896,8,8.27193]},"faces":{"north":{"uv":[6.57143,3.14286,6.85714,3.42857],"texture":"#1"},"east":{"uv":[12.57143,7.71429,13.28571,8],"texture":"#1"},"south":{"uv":[8.28571,6.85714,8.57143,7.14286],"texture":"#1"},"west":{"uv":[12.57143,8,13.28571,8.28571],"texture":"#1"},"up":{"uv":[8.57143,13.28571,8.28571,12.57143],"texture":"#1"},"down":{"uv":[12.85714,8.57143,12.57143,9.28571],"texture":"#1"}}},{"from":[13.38896,8,7.02193],"to":[14.38896,9,9.52193],"rotation":{"angle":-22.5,"axis":"y","origin":[13.38896,8,8.27193]},"faces":{"north":{"uv":[9.71429,2.57143,10,2.85714],"texture":"#1"},"east":{"uv":[9.14286,12.57143,9.85714,12.85714],"texture":"#1"},"south":{"uv":[0.57143,10.57143,0.85714,10.85714],"texture":"#1"},"west":{"uv":[12.57143,9.42857,13.28571,9.71429],"texture":"#1"},"up":{"uv":[10.28571,13.28571,10,12.57143],"texture":"#1"},"down":{"uv":[10.57143,12.57143,10.28571,13.28571],"texture":"#1"}}},{"from":[15.38896,14,7.02193],"to":[16.38896,15,9.52193],"rotation":{"angle":-22.5,"axis":"y","origin":[13.38896,8,8.27193]},"faces":{"north":{"uv":[5.71429,10.57143,6,10.85714],"texture":"#1"},"east":{"uv":[12.57143,9.71429,13.28571,10],"texture":"#1"},"south":{"uv":[11.14286,1.42857,11.42857,1.71429],"texture":"#1"},"west":{"uv":[12.57143,10,13.28571,10.28571],"texture":"#1"},"up":{"uv":[10.85714,13.28571,10.57143,12.57143],"texture":"#1"},"down":{"uv":[11.14286,12.57143,10.85714,13.28571],"texture":"#1"}}},{"from":[15.38896,7,7.02193],"to":[16.38896,8,9.52193],"rotation":{"angle":-22.5,"axis":"y","origin":[13.38896,8,8.27193]},"faces":{"north":{"uv":[11.14286,8.28571,11.42857,8.57143],"texture":"#1"},"east":{"uv":[12.57143,10.57143,13.28571,10.85714],"texture":"#1"},"south":{"uv":[13.14286,7.42857,13.42857,7.71429],"texture":"#1"},"west":{"uv":[12.57143,12.28571,13.28571,12.57143],"texture":"#1"},"up":{"uv":[11.42857,13.28571,11.14286,12.57143],"texture":"#1"},"down":{"uv":[11.71429,12.57143,11.42857,13.28571],"texture":"#1"}}},{"from":[12.38896,13,7.02193],"to":[13.38896,15,9.52193],"rotation":{"angle":-22.5,"axis":"y","origin":[13.38896,8,8.27193]},"faces":{"north":{"uv":[5.14286,13.71429,5.42857,14.28571],"texture":"#1"},"east":{"uv":[10.57143,6.57143,11.28571,7.14286],"texture":"#1"},"south":{"uv":[9.71429,13.71429,10,14.28571],"texture":"#1"},"west":{"uv":[10.57143,7.14286,11.28571,7.71429],"texture":"#1"},"up":{"uv":[12.85714,13.28571,12.57143,12.57143],"texture":"#1"},"down":{"uv":[13.14286,0,12.85714,0.71429],"texture":"#1"}}},{"from":[10.38896,8,7.27193],"to":[12.38896,14,9.27193],"rotation":{"angle":-22.5,"axis":"y","origin":[13.38896,8,8.27193]},"faces":{"north":{"uv":[2.57143,6.57143,3.14286,8.28571],"texture":"#1"},"east":{"uv":[3.14286,6.57143,3.71429,8.28571],"texture":"#1"},"south":{"uv":[3.71429,6.57143,4.28571,8.28571],"texture":"#1"},"west":{"uv":[4.28571,6.57143,4.85714,8.28571],"texture":"#1"},"up":{"uv":[7.71429,6.57143,7.14286,6],"texture":"#1"},"down":{"uv":[9.42857,3.42857,8.85714,4],"texture":"#1"}}},{"from":[15.38896,8,7.27193],"to":[16.38896,14,9.27193],"rotation":{"angle":-22.5,"axis":"y","origin":[13.38896,8,8.27193]},"faces":{"north":{"uv":[2.57143,4.85714,2.85714,6.57143],"texture":"#1"},"east":{"uv":[4.85714,6.57143,5.42857,8.28571],"texture":"#1"},"south":{"uv":[8.28571,9.42857,8.57143,11.14286],"texture":"#1"},"west":{"uv":[5.42857,6.57143,6,8.28571],"texture":"#1"},"up":{"uv":[14,11.42857,13.71429,10.85714],"texture":"#1"},"down":{"uv":[14,11.42857,13.71429,12],"texture":"#1"}}},{"from":[12.38896,9,7.27193],"to":[15.38896,13,9.27193],"rotation":{"angle":-22.5,"axis":"y","origin":[13.38896,8,8.27193]},"faces":{"north":{"uv":[6,6.57143,6.85714,7.71429],"texture":"#1"},"east":{"uv":[5.14286,8.28571,5.71429,9.42857],"texture":"#1"},"south":{"uv":[6.85714,3.14286,7.71429,4.28571],"texture":"#1"},"west":{"uv":[7.42857,8.28571,8,9.42857],"texture":"#1"},"up":{"uv":[10.28571,5.71429,9.42857,5.14286],"texture":"#1"},"down":{"uv":[10.57143,7.71429,9.71429,8.28571],"texture":"#1"}}},{"from":[10.38896,7,7.02193],"to":[12.38896,8,9.52193],"rotation":{"angle":-22.5,"axis":"y","origin":[13.38896,8,8.27193]},"faces":{"north":{"uv":[11.71429,13.71429,12.28571,14],"texture":"#1"},"east":{"uv":[0.28571,12.85714,1,13.14286],"texture":"#1"},"south":{"uv":[13.71429,12,14.28571,12.28571],"texture":"#1"},"west":{"uv":[1.71429,12.85714,2.42857,13.14286],"texture":"#1"},"up":{"uv":[7.14286,11.28571,6.57143,10.57143],"texture":"#1"},"down":{"uv":[11.14286,7.71429,10.57143,8.42857],"texture":"#1"}}},{"from":[12.38896,7,7.02193],"to":[13.38896,9,9.52193],"rotation":{"angle":-22.5,"axis":"y","origin":[13.38896,8,8.27193]},"faces":{"north":{"uv":[12.28571,13.71429,12.57143,14.28571],"texture":"#1"},"east":{"uv":[10.57143,8.57143,11.28571,9.14286],"texture":"#1"},"south":{"uv":[13.71429,12.57143,14,13.14286],"texture":"#1"},"west":{"uv":[10.57143,9.14286,11.28571,9.71429],"texture":"#1"},"up":{"uv":[3.14286,13.57143,2.85714,12.85714],"texture":"#1"},"down":{"uv":[3.42857,12.85714,3.14286,13.57143],"texture":"#1"}}},{"from":[14.38896,7,7.02193],"to":[15.38896,9,9.52193],"rotation":{"angle":-22.5,"axis":"y","origin":[13.38896,8,8.27193]},"faces":{"north":{"uv":[13.14286,13.71429,13.42857,14.28571],"texture":"#1"},"east":{"uv":[9.71429,10.57143,10.42857,11.14286],"texture":"#1"},"south":{"uv":[13.71429,13.14286,14,13.71429],"texture":"#1"},"west":{"uv":[10.57143,9.71429,11.28571,10.28571],"texture":"#1"},"up":{"uv":[13.14286,4.14286,12.85714,3.42857],"texture":"#1"},"down":{"uv":[13.14286,4.28571,12.85714,5],"texture":"#1"}}},{"from":[14.38896,13,7.02193],"to":[15.38896,15,9.52193],"rotation":{"angle":-22.5,"axis":"y","origin":[13.38896,8,8.27193]},"faces":{"north":{"uv":[13.42857,13.71429,13.71429,14.28571],"texture":"#1"},"east":{"uv":[10.57143,10.28571,11.28571,10.85714],"texture":"#1"},"south":{"uv":[13.71429,13.71429,14,14.28571],"texture":"#1"},"west":{"uv":[0.57143,10.85714,1.28571,11.42857],"texture":"#1"},"up":{"uv":[5.14286,13.57143,4.85714,12.85714],"texture":"#1"},"down":{"uv":[5.42857,12.85714,5.14286,13.57143],"texture":"#1"}}},{"from":[16.38896,7,7.02193],"to":[17.38896,15,9.52193],"rotation":{"angle":-22.5,"axis":"y","origin":[13.38896,8,8.27193]},"faces":{"north":{"uv":[0.57143,8.28571,0.85714,10.57143],"texture":"#1"},"east":{"uv":[2.85714,4.28571,3.57143,6.57143],"texture":"#1"},"south":{"uv":[5.71429,8.28571,6,10.57143],"texture":"#1"},"west":{"uv":[3.71429,4.28571,4.42857,6.57143],"texture":"#1"},"up":{"uv":[13.14286,6.71429,12.85714,6],"texture":"#1"},"down":{"uv":[13.14286,6.85714,12.85714,7.57143],"texture":"#1"}}},{"from":[0.61104,9,7.27193],"to":[3.61104,13,9.27193],"rotation":{"angle":22.5,"axis":"y","origin":[2.61104,8,8.27193]},"faces":{"north":{"uv":[6.85714,6.57143,7.71429,7.71429],"texture":"#1"},"east":{"uv":[8,8.28571,8.57143,9.42857],"texture":"#1"},"south":{"uv":[0,7.14286,0.85714,8.28571],"texture":"#1"},"west":{"uv":[8.57143,6.85714,9.14286,8],"texture":"#1"},"up":{"uv":[10.57143,8.85714,9.71429,8.28571],"texture":"#1"},"down":{"uv":[9.71429,9.71429,8.85714,10.28571],"texture":"#1"}}},{"from":[-0.38896,8,7.27193],"to":[0.61104,14,9.27193],"rotation":{"angle":22.5,"axis":"y","origin":[2.61104,8,8.27193]},"faces":{"north":{"uv":[7.14286,9.71429,7.42857,11.42857],"texture":"#1"},"east":{"uv":[0.85714,7.14286,1.42857,8.85714],"texture":"#1"},"south":{"uv":[9.71429,8.85714,10,10.57143],"texture":"#1"},"west":{"uv":[1.42857,7.14286,2,8.85714],"texture":"#1"},"up":{"uv":[0.28571,14.57143,0,14],"texture":"#1"},"down":{"uv":[14.28571,0,14,0.57143],"texture":"#1"}}},{"from":[1.61104,13,7.02193],"to":[2.61104,14,9.52193],"rotation":{"angle":22.5,"axis":"y","origin":[2.61104,8,8.27193]},"faces":{"north":{"uv":[8,13.14286,8.28571,13.42857],"texture":"#1"},"east":{"uv":[12.85714,2,13.57143,2.28571],"texture":"#1"},"south":{"uv":[13.42857,1.71429,13.71429,2],"texture":"#1"},"west":{"uv":[7.42857,12.85714,8.14286,13.14286],"texture":"#1"},"up":{"uv":[13.14286,9,12.85714,8.28571],"texture":"#1"},"down":{"uv":[8.85714,12.85714,8.57143,13.57143],"texture":"#1"}}},{"from":[0.61104,13,7.02193],"to":[1.61104,15,9.52193],"rotation":{"angle":22.5,"axis":"y","origin":[2.61104,8,8.27193]},"faces":{"north":{"uv":[0.28571,14,0.57143,14.57143],"texture":"#1"},"east":{"uv":[1.42857,10.85714,2.14286,11.42857],"texture":"#1"},"south":{"uv":[0.57143,14,0.85714,14.57143],"texture":"#1"},"west":{"uv":[2.28571,10.85714,3,11.42857],"texture":"#1"},"up":{"uv":[9.14286,13.57143,8.85714,12.85714],"texture":"#1"},"down":{"uv":[9.42857,12.85714,9.14286,13.57143],"texture":"#1"}}},{"from":[-0.38896,14,7.02193],"to":[0.61104,15,9.52193],"rotation":{"angle":22.5,"axis":"y","origin":[2.61104,8,8.27193]},"faces":{"north":{"uv":[2.57143,13.42857,2.85714,13.71429],"texture":"#1"},"east":{"uv":[12.85714,9.14286,13.57143,9.42857],"texture":"#1"},"south":{"uv":[4.57143,13.42857,4.85714,13.71429],"texture":"#1"},"west":{"uv":[12.85714,10.28571,13.57143,10.57143],"texture":"#1"},"up":{"uv":[9.71429,13.57143,9.42857,12.85714],"texture":"#1"},"down":{"uv":[10,12.85714,9.71429,13.57143],"texture":"#1"}}},{"from":[-1.38896,7,7.02193],"to":[-0.38896,15,9.52193],"rotation":{"angle":22.5,"axis":"y","origin":[2.61104,8,8.27193]},"faces":{"north":{"uv":[8.57143,8,8.85714,10.28571],"texture":"#1"},"east":{"uv":[4.57143,4.28571,5.28571,6.57143],"texture":"#1"},"south":{"uv":[8.85714,0,9.14286,2.28571],"texture":"#1"},"west":{"uv":[0.57143,4.85714,1.28571,7.14286],"texture":"#1"},"up":{"uv":[12,13.57143,11.71429,12.85714],"texture":"#1"},"down":{"uv":[13.14286,12.57143,12.85714,13.28571],"texture":"#1"}}},{"from":[-0.38896,7,7.02193],"to":[0.61104,8,9.52193],"rotation":{"angle":22.5,"axis":"y","origin":[2.61104,8,8.27193]},"faces":{"north":{"uv":[14.57143,2.57143,14.85714,2.85714],"texture":"#1"},"east":{"uv":[12.85714,10.85714,13.57143,11.14286],"texture":"#1"},"south":{"uv":[3.14286,14.57143,3.42857,14.85714],"texture":"#1"},"west":{"uv":[12.85714,11.14286,13.57143,11.42857],"texture":"#1"},"up":{"uv":[13.42857,0.71429,13.14286,0],"texture":"#1"},"down":{"uv":[0.57143,13.14286,0.28571,13.85714],"texture":"#1"}}},{"from":[0.61104,7,7.02193],"to":[1.61104,9,9.52193],"rotation":{"angle":22.5,"axis":"y","origin":[2.61104,8,8.27193]},"faces":{"north":{"uv":[14,0.57143,14.28571,1.14286],"texture":"#1"},"east":{"uv":[3.14286,10.85714,3.85714,11.42857],"texture":"#1"},"south":{"uv":[0.85714,14,1.14286,14.57143],"texture":"#1"},"west":{"uv":[10.85714,3.42857,11.57143,4],"texture":"#1"},"up":{"uv":[0.85714,13.85714,0.57143,13.14286],"texture":"#1"},"down":{"uv":[1.14286,13.14286,0.85714,13.85714],"texture":"#1"}}},{"from":[1.61104,8,7.02193],"to":[2.61104,9,9.52193],"rotation":{"angle":22.5,"axis":"y","origin":[2.61104,8,8.27193]},"faces":{"north":{"uv":[3.42857,14.57143,3.71429,14.85714],"texture":"#1"},"east":{"uv":[12.85714,12,13.57143,12.28571],"texture":"#1"},"south":{"uv":[14.57143,3.42857,14.85714,3.71429],"texture":"#1"},"west":{"uv":[1.42857,13.14286,2.14286,13.42857],"texture":"#1"},"up":{"uv":[2.57143,13.85714,2.28571,13.14286],"texture":"#1"},"down":{"uv":[13.42857,2.28571,13.14286,3],"texture":"#1"}}},{"from":[2.61104,13,7.02193],"to":[3.61104,15,9.52193],"rotation":{"angle":22.5,"axis":"y","origin":[2.61104,8,8.27193]},"faces":{"north":{"uv":[1.14286,14,1.42857,14.57143],"texture":"#1"},"east":{"uv":[10.85714,4,11.57143,4.57143],"texture":"#1"},"south":{"uv":[14,1.14286,14.28571,1.71429],"texture":"#1"},"west":{"uv":[10.85714,4.57143,11.57143,5.14286],"texture":"#1"},"up":{"uv":[13.42857,3.85714,13.14286,3.14286],"texture":"#1"},"down":{"uv":[13.42857,4,13.14286,4.71429],"texture":"#1"}}},{"from":[3.61104,14,7.02193],"to":[5.61104,15,9.52193],"rotation":{"angle":22.5,"axis":"y","origin":[2.61104,8,8.27193]},"faces":{"north":{"uv":[1.42857,14,2,14.28571],"texture":"#1"},"east":{"uv":[13.14286,4.85714,13.85714,5.14286],"texture":"#1"},"south":{"uv":[2,14,2.57143,14.28571],"texture":"#1"},"west":{"uv":[13.14286,5.42857,13.85714,5.71429],"texture":"#1"},"up":{"uv":[6.28571,11.57143,5.71429,10.85714],"texture":"#1"},"down":{"uv":[11.14286,10.85714,10.57143,11.57143],"texture":"#1"}}},{"from":[2.61104,7,7.02193],"to":[3.61104,9,9.52193],"rotation":{"angle":22.5,"axis":"y","origin":[2.61104,8,8.27193]},"faces":{"north":{"uv":[14,2.28571,14.28571,2.85714],"texture":"#1"},"east":{"uv":[11.14286,0,11.85714,0.57143],"texture":"#1"},"south":{"uv":[14,2.85714,14.28571,3.42857],"texture":"#1"},"west":{"uv":[11.14286,0.57143,11.85714,1.14286],"texture":"#1"},"up":{"uv":[4.57143,13.85714,4.28571,13.14286],"texture":"#1"},"down":{"uv":[5.71429,13.14286,5.42857,13.85714],"texture":"#1"}}},{"from":[3.61104,7,7.02193],"to":[5.61104,8,9.52193],"rotation":{"angle":22.5,"axis":"y","origin":[2.61104,8,8.27193]},"faces":{"north":{"uv":[3.42857,14,4,14.28571],"texture":"#1"},"east":{"uv":[13.14286,5.71429,13.85714,6],"texture":"#1"},"south":{"uv":[14,3.42857,14.57143,3.71429],"texture":"#1"},"west":{"uv":[13.14286,6,13.85714,6.28571],"texture":"#1"},"up":{"uv":[0.57143,11.85714,0,11.14286],"texture":"#1"},"down":{"uv":[5.42857,11.14286,4.85714,11.85714],"texture":"#1"}}},{"from":[3.61104,8,7.27193],"to":[5.61104,14,9.27193],"rotation":{"angle":22.5,"axis":"y","origin":[2.61104,8,8.27193]},"faces":{"north":{"uv":[2,7.14286,2.57143,8.85714],"texture":"#1"},"east":{"uv":[7.14286,4.28571,7.71429,6],"texture":"#1"},"south":{"uv":[7.71429,2.28571,8.28571,4],"texture":"#1"},"west":{"uv":[7.71429,4,8.28571,5.71429],"texture":"#1"},"up":{"uv":[9.71429,2.28571,9.14286,1.71429],"texture":"#1"},"down":{"uv":[12,8.28571,11.42857,8.85714],"texture":"#1"}}},{"from":[5.5,9.5,10.7],"to":[10.5,11.5,11.7],"rotation":{"angle":0,"axis":"y","origin":[8,8,8]},"faces":{"north":{"uv":[8.28571,2.28571,9.71429,2.85714],"texture":"#1"},"east":{"uv":[14,3.71429,14.28571,4.28571],"texture":"#1"},"south":{"uv":[2.57143,8.28571,4,8.85714],"texture":"#1"},"west":{"uv":[4,14,4.28571,14.57143],"texture":"#1"},"up":{"uv":[7.71429,2.57143,6.28571,2.28571],"texture":"#1"},"down":{"uv":[12.57143,1.14286,11.14286,1.42857],"texture":"#1"}}},{"from":[5.5,9.5,6.7],"to":[6.5,11.5,10.7],"rotation":{"angle":0,"axis":"y","origin":[8,8,8]},"faces":{"north":{"uv":[4.28571,14,4.57143,14.57143],"texture":"#1"},"east":{"uv":[0.85714,8.85714,2,9.42857],"texture":"#1"},"south":{"uv":[14,4.28571,14.28571,4.85714],"texture":"#1"},"west":{"uv":[2,8.85714,3.14286,9.42857],"texture":"#1"},"up":{"uv":[11.71429,10,11.42857,8.85714],"texture":"#1"},"down":{"uv":[11.42857,11.42857,11.14286,12.57143],"texture":"#1"}}},{"from":[9.5,9.5,6.7],"to":[10.5,11.5,10.7],"rotation":{"angle":0,"axis":"y","origin":[8,8,8]},"faces":{"north":{"uv":[14,4.85714,14.28571,5.42857],"texture":"#1"},"east":{"uv":[8.85714,2.85714,10,3.42857],"texture":"#1"},"south":{"uv":[5.42857,14,5.71429,14.57143],"texture":"#1"},"west":{"uv":[3.14286,8.85714,4.28571,9.42857],"texture":"#1"},"up":{"uv":[11.71429,12.57143,11.42857,11.42857],"texture":"#1"},"down":{"uv":[12,3.42857,11.71429,4.57143],"texture":"#1"}}},{"from":[7.25,7.14894,5.1875],"to":[8.75,8.27394,6.8125],"rotation":{"angle":0,"axis":"y","origin":[8,11,6]},"faces":{"north":{"uv":[9.14286,14,9.57143,14.28571],"texture":"#1"},"east":{"uv":[14,9.42857,14.42857,9.71429],"texture":"#1"},"south":{"uv":[14,9.71429,14.42857,10],"texture":"#1"},"west":{"uv":[10,14,10.42857,14.28571],"texture":"#1"},"up":{"uv":[6.71429,13.57143,6.28571,13.14286],"texture":"#1"},"down":{"uv":[13.57143,6.28571,13.14286,6.71429],"texture":"#1"}}},{"from":[7.21917,7.15508,5.2875],"to":[8.71917,8.28008,6.7125],"rotation":{"angle":22.5,"axis":"z","origin":[8,11,6]},"faces":{"north":{"uv":[14,10,14.42857,10.28571],"texture":"#1"},"east":{"uv":[10.57143,14,11,14.28571],"texture":"#1"},"south":{"uv":[14,10.57143,14.42857,10.85714],"texture":"#1"},"west":{"uv":[14,10.85714,14.42857,11.14286],"texture":"#1"},"up":{"uv":[13.57143,7.28571,13.14286,6.85714],"texture":"#1"},"down":{"uv":[7.85714,13.14286,7.42857,13.57143],"texture":"#1"}}},{"from":[7.19304,7.17254,5.1875],"to":[8.69304,8.29754,6.8125],"rotation":{"angle":45,"axis":"z","origin":[8,11,6]},"faces":{"north":{"uv":[11.14286,14,11.57143,14.28571],"texture":"#1"},"east":{"uv":[14,11.14286,14.42857,11.42857],"texture":"#1"},"south":{"uv":[14,11.42857,14.42857,11.71429],"texture":"#1"},"west":{"uv":[11.71429,14,12.14286,14.28571],"texture":"#1"},"up":{"uv":[13.57143,8.71429,13.14286,8.28571],"texture":"#1"},"down":{"uv":[13.57143,11.42857,13.14286,11.85714],"texture":"#1"}}},{"from":[10.67633,10.17558,5.2875],"to":[11.80133,11.67558,6.7125],"rotation":{"angle":-22.5,"axis":"z","origin":[8,11,6]},"faces":{"north":{"uv":[14,12.28571,14.28571,12.71429],"texture":"#1"},"east":{"uv":[12,13.14286,12.42857,13.57143],"texture":"#1"},"south":{"uv":[12.57143,14,12.85714,14.42857],"texture":"#1"},"west":{"uv":[13.14286,12.57143,13.57143,13],"texture":"#1"},"up":{"uv":[13.14286,14.42857,12.85714,14],"texture":"#1"},"down":{"uv":[14.28571,12.85714,14,13.28571],"texture":"#1"}}},{"from":[10.6455,10.16945,5.1875],"to":[11.7705,11.66945,6.8125],"rotation":{"angle":0,"axis":"y","origin":[8,11,6]},"faces":{"north":{"uv":[14,13.42857,14.28571,13.85714],"texture":"#1"},"east":{"uv":[13.14286,13.14286,13.57143,13.57143],"texture":"#1"},"south":{"uv":[14,14,14.28571,14.42857],"texture":"#1"},"west":{"uv":[13.42857,0,13.85714,0.42857],"texture":"#1"},"up":{"uv":[14.57143,0.42857,14.28571,0],"texture":"#1"},"down":{"uv":[14.57143,0.57143,14.28571,1],"texture":"#1"}}},{"from":[10.61468,10.17558,5.2875],"to":[11.73968,11.67558,6.7125],"rotation":{"angle":22.5,"axis":"z","origin":[8,11,6]},"faces":{"north":{"uv":[14.28571,1.14286,14.57143,1.57143],"texture":"#1"},"east":{"uv":[13.42857,0.57143,13.85714,1],"texture":"#1"},"south":{"uv":[1.42857,14.28571,1.71429,14.71429],"texture":"#1"},"west":{"uv":[1.14286,13.42857,1.57143,13.85714],"texture":"#1"},"up":{"uv":[2,14.71429,1.71429,14.28571],"texture":"#1"},"down":{"uv":[14.57143,1.71429,14.28571,2.14286],"texture":"#1"}}},{"from":[10.58855,10.19304,5.1875],"to":[11.71355,11.69304,6.8125],"rotation":{"angle":45,"axis":"z","origin":[8,11,6]},"faces":{"north":{"uv":[2,14.28571,2.28571,14.71429],"texture":"#1"},"east":{"uv":[13.42857,1.14286,13.85714,1.57143],"texture":"#1"},"south":{"uv":[2.28571,14.28571,2.57143,14.71429],"texture":"#1"},"west":{"uv":[1.71429,13.42857,2.14286,13.85714],"texture":"#1"},"up":{"uv":[14.57143,2.71429,14.28571,2.28571],"texture":"#1"},"down":{"uv":[2.85714,14.28571,2.57143,14.71429],"texture":"#1"}}},{"from":[7.28083,13.57108,5.2875],"to":[8.78083,14.69608,6.7125],"rotation":{"angle":-22.5,"axis":"z","origin":[8,11,6]},"faces":{"north":{"uv":[14,11.71429,14.42857,12],"texture":"#1"},"east":{"uv":[2.85714,14.28571,3.28571,14.57143],"texture":"#1"},"south":{"uv":[14.28571,2.85714,14.71429,3.14286],"texture":"#1"},"west":{"uv":[14.28571,3.14286,14.71429,3.42857],"texture":"#1"},"up":{"uv":[13.85714,2.71429,13.42857,2.28571],"texture":"#1"},"down":{"uv":[13.85714,2.85714,13.42857,3.28571],"texture":"#1"}}},{"from":[7.28083,7.15508,5.2875],"to":[8.78083,8.28008,6.7125],"rotation":{"angle":-22.5,"axis":"z","origin":[8,11,6]},"faces":{"north":{"uv":[3.42857,14.28571,3.85714,14.57143],"texture":"#1"},"east":{"uv":[14.28571,3.71429,14.71429,4],"texture":"#1"},"south":{"uv":[14.28571,4,14.71429,4.28571],"texture":"#1"},"west":{"uv":[14.28571,4.28571,14.71429,4.57143],"texture":"#1"},"up":{"uv":[3.85714,13.85714,3.42857,13.42857],"texture":"#1"},"down":{"uv":[13.85714,3.42857,13.42857,3.85714],"texture":"#1"}}},{"from":[7.30696,7.17254,5.1875],"to":[8.80696,8.29754,6.8125],"rotation":{"angle":-45,"axis":"z","origin":[8,11,6]},"faces":{"north":{"uv":[4.57143,14.28571,5,14.57143],"texture":"#1"},"east":{"uv":[14.28571,4.57143,14.71429,4.85714],"texture":"#1"},"south":{"uv":[14.28571,4.85714,14.71429,5.14286],"texture":"#1"},"west":{"uv":[14.28571,5.14286,14.71429,5.42857],"texture":"#1"},"up":{"uv":[13.85714,4.42857,13.42857,4],"texture":"#1"},"down":{"uv":[6.14286,13.42857,5.71429,13.85714],"texture":"#1"}}},{"from":[4.19867,10.17558,5.2875],"to":[5.32367,11.67558,6.7125],"rotation":{"angle":22.5,"axis":"z","origin":[8,11,6]},"faces":{"north":{"uv":[5.14286,14.28571,5.42857,14.71429],"texture":"#1"},"east":{"uv":[6.85714,13.42857,7.28571,13.85714],"texture":"#1"},"south":{"uv":[14.28571,5.42857,14.57143,5.85714],"texture":"#1"},"west":{"uv":[13.42857,7.42857,13.85714,7.85714],"texture":"#1"},"up":{"uv":[6.57143,14.71429,6.28571,14.28571],"texture":"#1"},"down":{"uv":[14.57143,6.28571,14.28571,6.71429],"texture":"#1"}}},{"from":[4.2295,10.16945,5.1875],"to":[5.3545,11.66945,6.8125],"rotation":{"angle":0,"axis":"y","origin":[8,11,6]},"faces":{"north":{"uv":[6.57143,14.28571,6.85714,14.71429],"texture":"#1"},"east":{"uv":[8,13.42857,8.42857,13.85714],"texture":"#1"},"south":{"uv":[14.28571,6.85714,14.57143,7.28571],"texture":"#1"},"west":{"uv":[13.42857,9.42857,13.85714,9.85714],"texture":"#1"},"up":{"uv":[7.42857,14.71429,7.14286,14.28571],"texture":"#1"},"down":{"uv":[7.71429,14.28571,7.42857,14.71429],"texture":"#1"}}},{"from":[4.26032,10.17558,5.2875],"to":[5.38532,11.67558,6.7125],"rotation":{"angle":-22.5,"axis":"z","origin":[8,11,6]},"faces":{"north":{"uv":[7.71429,14.28571,8,14.71429],"texture":"#1"},"east":{"uv":[10,13.42857,10.42857,13.85714],"texture":"#1"},"south":{"uv":[14.28571,7.71429,14.57143,8.14286],"texture":"#1"},"west":{"uv":[10.57143,13.42857,11,13.85714],"texture":"#1"},"up":{"uv":[8.28571,14.71429,8,14.28571],"texture":"#1"},"down":{"uv":[14.57143,8.28571,14.28571,8.71429],"texture":"#1"}}},{"from":[4.28645,10.19304,5.1875],"to":[5.41145,11.69304,6.8125],"rotation":{"angle":-45,"axis":"z","origin":[8,11,6]},"faces":{"north":{"uv":[14.28571,8.85714,14.57143,9.28571],"texture":"#1"},"east":{"uv":[11.14286,13.42857,11.57143,13.85714],"texture":"#1"},"south":{"uv":[9.14286,14.28571,9.42857,14.71429],"texture":"#1"},"west":{"uv":[12.57143,13.42857,13,13.85714],"texture":"#1"},"up":{"uv":[9.71429,14.71429,9.42857,14.28571],"texture":"#1"},"down":{"uv":[10,14.28571,9.71429,14.71429],"texture":"#1"}}},{"from":[7.21917,13.57108,5.2875],"to":[8.71917,14.69608,6.7125],"rotation":{"angle":22.5,"axis":"z","origin":[8,11,6]},"faces":{"north":{"uv":[10,14.28571,10.42857,14.57143],"texture":"#1"},"east":{"uv":[14.28571,10.28571,14.71429,10.57143],"texture":"#1"},"south":{"uv":[10.57143,14.28571,11,14.57143],"texture":"#1"},"west":{"uv":[11.14286,14.28571,11.57143,14.57143],"texture":"#1"},"up":{"uv":[14.14286,2.14286,13.71429,1.71429],"texture":"#1"},"down":{"uv":[3,13.71429,2.57143,14.14286],"texture":"#1"}}},{"from":[4.92464,7.92464,5],"to":[6.42464,9.42464,7],"rotation":{"angle":45,"axis":"z","origin":[8,11,6]},"faces":{"north":{"uv":[4.57143,13.71429,5,14.14286],"texture":"#1"},"east":{"uv":[11.71429,5.42857,12.28571,5.85714],"texture":"#1"},"south":{"uv":[6.28571,13.71429,6.71429,14.14286],"texture":"#1"},"west":{"uv":[11.71429,11.42857,12.28571,11.85714],"texture":"#1"},"up":{"uv":[0.42857,12.57143,0,12],"texture":"#1"},"down":{"uv":[12.42857,0,12,0.57143],"texture":"#1"}}},{"from":[4.42464,7.42464,5.1],"to":[6.92464,9.92464,6.9],"rotation":{"angle":45,"axis":"z","origin":[8,11,6]},"faces":{"north":{"uv":[9.42857,4.28571,10.14286,5],"texture":"#1"},"east":{"uv":[11.14286,5.14286,11.71429,5.85714],"texture":"#1"},"south":{"uv":[7.42857,9.42857,8.14286,10.14286],"texture":"#1"},"west":{"uv":[7.42857,11.14286,8,11.85714],"texture":"#1"},"up":{"uv":[11.85714,6.57143,11.14286,6],"texture":"#1"},"down":{"uv":[11.85714,7.71429,11.14286,8.28571],"texture":"#1"}}},{"from":[4.92464,12.57536,5],"to":[6.42464,14.07536,7],"rotation":{"angle":-45,"axis":"z","origin":[8,11,6]},"faces":{"north":{"uv":[13.71429,6.28571,14.14286,6.71429],"texture":"#1"},"east":{"uv":[12,0.57143,12.57143,1],"texture":"#1"},"south":{"uv":[13.71429,6.85714,14.14286,7.28571],"texture":"#1"},"west":{"uv":[12,1.42857,12.57143,1.85714],"texture":"#1"},"up":{"uv":[2.14286,12.57143,1.71429,12],"texture":"#1"},"down":{"uv":[2.71429,12,2.28571,12.57143],"texture":"#1"}}},{"from":[4.42464,12.07536,5.1],"to":[6.92464,14.57536,6.9],"rotation":{"angle":-45,"axis":"z","origin":[8,11,6]},"faces":{"north":{"uv":[9.71429,1.71429,10.42857,2.42857],"texture":"#1"},"east":{"uv":[8,11.14286,8.57143,11.85714],"texture":"#1"},"south":{"uv":[4.28571,9.71429,5,10.42857],"texture":"#1"},"west":{"uv":[8.57143,11.14286,9.14286,11.85714],"texture":"#1"},"up":{"uv":[9.85714,11.71429,9.14286,11.14286],"texture":"#1"},"down":{"uv":[11.85714,10.85714,11.14286,11.42857],"texture":"#1"}}},{"from":[12.69286,9.43122,5.25],"to":[13.69286,12.43122,6.75],"rotation":{"angle":0,"axis":"y","origin":[8,10.75,6]},"faces":{"north":{"uv":[2.85714,12,3.14286,12.85714],"texture":"#1"},"east":{"uv":[10,11.14286,10.42857,12],"texture":"#1"},"south":{"uv":[3.14286,12,3.42857,12.85714],"texture":"#1"},"west":{"uv":[0.57143,11.42857,1,12.28571],"texture":"#1"},"up":{"uv":[12,14.71429,11.71429,14.28571],"texture":"#1"},"down":{"uv":[12.28571,14.28571,12,14.71429],"texture":"#1"}}},{"from":[11.19286,9.93122,5.5],"to":[12.69286,11.93122,6.5],"rotation":{"angle":0,"axis":"y","origin":[8,10.75,6]},"faces":{"north":{"uv":[12,3.42857,12.42857,4],"texture":"#1"},"east":{"uv":[14,5.42857,14.28571,6],"texture":"#1"},"south":{"uv":[12,4,12.42857,4.57143],"texture":"#1"},"west":{"uv":[5.71429,14,6,14.57143],"texture":"#1"},"up":{"uv":[14.71429,12.28571,14.28571,12],"texture":"#1"},"down":{"uv":[14.71429,12.28571,14.28571,12.57143],"texture":"#1"}}},{"from":[12.80714,9.47855,5.25],"to":[13.80714,12.47855,6.75],"rotation":{"angle":45,"axis":"z","origin":[8,10.75,6]},"faces":{"north":{"uv":[12,4.57143,12.28571,5.42857],"texture":"#1"},"east":{"uv":[1.14286,11.42857,1.57143,12.28571],"texture":"#1"},"south":{"uv":[4.85714,12,5.14286,12.85714],"texture":"#1"},"west":{"uv":[11.42857,1.42857,11.85714,2.28571],"texture":"#1"},"up":{"uv":[12.57143,14.71429,12.28571,14.28571],"texture":"#1"},"down":{"uv":[14.57143,12.57143,14.28571,13],"texture":"#1"}}},{"from":[11.30714,9.97855,5.5],"to":[12.80714,11.97855,6.5],"rotation":{"angle":45,"axis":"z","origin":[8,10.75,6]},"faces":{"north":{"uv":[12,6,12.42857,6.57143],"texture":"#1"},"east":{"uv":[6,14,6.28571,14.57143],"texture":"#1"},"south":{"uv":[12,6.57143,12.42857,7.14286],"texture":"#1"},"west":{"uv":[6.85714,14,7.14286,14.57143],"texture":"#1"},"up":{"uv":[13.57143,14.57143,13.14286,14.28571],"texture":"#1"},"down":{"uv":[14.71429,13.14286,14.28571,13.42857],"texture":"#1"}}},{"from":[6.82858,6.25,5.5],"to":[8.82858,7.75,6.5],"rotation":{"angle":45,"axis":"z","origin":[8,11,6]},"faces":{"north":{"uv":[12,7.14286,12.57143,7.57143],"texture":"#1"},"east":{"uv":[14.28571,13.42857,14.57143,13.85714],"texture":"#1"},"south":{"uv":[7.42857,12,8,12.42857],"texture":"#1"},"west":{"uv":[13.71429,14.28571,14,14.71429],"texture":"#1"},"up":{"uv":[14.57143,6.28571,14,6],"texture":"#1"},"down":{"uv":[7.71429,14,7.14286,14.28571],"texture":"#1"}}},{"from":[6.32858,5.25,5.25],"to":[9.32858,6.25,6.75],"rotation":{"angle":45,"axis":"z","origin":[8,11,6]},"faces":{"north":{"uv":[5.71429,3.14286,6.57143,3.42857],"texture":"#1"},"east":{"uv":[14.28571,14,14.71429,14.28571],"texture":"#1"},"south":{"uv":[11.71429,10.57143,12.57143,10.85714],"texture":"#1"},"west":{"uv":[14.28571,14.28571,14.71429,14.57143],"texture":"#1"},"up":{"uv":[2.57143,11.85714,1.71429,11.42857],"texture":"#1"},"down":{"uv":[12.28571,2.28571,11.42857,2.71429],"texture":"#1"}}},{"from":[7.17142,6.25,5.5],"to":[9.17142,7.75,6.5],"rotation":{"angle":-45,"axis":"z","origin":[8,11,6]},"faces":{"north":{"uv":[12,7.71429,12.57143,8.14286],"texture":"#1"},"east":{"uv":[0,14.57143,0.28571,15],"texture":"#1"},"south":{"uv":[8,12,8.57143,12.42857],"texture":"#1"},"west":{"uv":[14.57143,0,14.85714,0.42857],"texture":"#1"},"up":{"uv":[14.57143,7.71429,14,7.42857],"texture":"#1"},"down":{"uv":[8.28571,14,7.71429,14.28571],"texture":"#1"}}},{"from":[6.67142,5.25,5.25],"to":[9.67142,6.25,6.75],"rotation":{"angle":-45,"axis":"z","origin":[8,11,6]},"faces":{"north":{"uv":[12,2,12.85714,2.28571],"texture":"#1"},"east":{"uv":[0.28571,14.57143,0.71429,14.85714],"texture":"#1"},"south":{"uv":[12,8.28571,12.85714,8.57143],"texture":"#1"},"west":{"uv":[14.57143,0.57143,15,0.85714],"texture":"#1"},"up":{"uv":[3.42857,11.85714,2.57143,11.42857],"texture":"#1"},"down":{"uv":[12.28571,2.85714,11.42857,3.28571],"texture":"#1"}}},{"from":[2.30714,9.43122,5.25],"to":[3.30714,12.43122,6.75],"rotation":{"angle":0,"axis":"y","origin":[8,10.75,6]},"faces":{"north":{"uv":[5.14286,12,5.42857,12.85714],"texture":"#1"},"east":{"uv":[3.42857,11.42857,3.85714,12.28571],"texture":"#1"},"south":{"uv":[8.57143,12,8.85714,12.85714],"texture":"#1"},"west":{"uv":[4,11.42857,4.42857,12.28571],"texture":"#1"},"up":{"uv":[1.14286,15,0.85714,14.57143],"texture":"#1"},"down":{"uv":[14.85714,0.85714,14.57143,1.28571],"texture":"#1"}}},{"from":[3.30714,9.93122,5.5],"to":[4.80714,11.93122,6.5],"rotation":{"angle":0,"axis":"y","origin":[8,10.75,6]},"faces":{"north":{"uv":[12,8.57143,12.42857,9.14286],"texture":"#1"},"east":{"uv":[14,7.71429,14.28571,8.28571],"texture":"#1"},"south":{"uv":[12,9.14286,12.42857,9.71429],"texture":"#1"},"west":{"uv":[8.28571,14,8.57143,14.57143],"texture":"#1"},"up":{"uv":[15,1.71429,14.57143,1.42857],"texture":"#1"},"down":{"uv":[15,1.71429,14.57143,2],"texture":"#1"}}},{"from":[3.19286,9.97855,5.5],"to":[4.69286,11.97855,6.5],"rotation":{"angle":-45,"axis":"z","origin":[8,10.75,6]},"faces":{"north":{"uv":[12,9.71429,12.42857,10.28571],"texture":"#1"},"east":{"uv":[8.57143,14,8.85714,14.57143],"texture":"#1"},"south":{"uv":[10,12,10.42857,12.57143],"texture":"#1"},"west":{"uv":[8.85714,14,9.14286,14.57143],"texture":"#1"},"up":{"uv":[15,2.28571,14.57143,2],"texture":"#1"},"down":{"uv":[15,2.28571,14.57143,2.57143],"texture":"#1"}}},{"from":[2.19286,9.47855,5.25],"to":[3.19286,12.47855,6.75],"rotation":{"angle":-45,"axis":"z","origin":[8,10.75,6]},"faces":{"north":{"uv":[8.85714,12,9.14286,12.85714],"texture":"#1"},"east":{"uv":[6.28571,11.42857,6.71429,12.28571],"texture":"#1"},"south":{"uv":[11.71429,12,12,12.85714],"texture":"#1"},"west":{"uv":[11.42857,6.57143,11.85714,7.42857],"texture":"#1"},"up":{"uv":[1.42857,15,1.14286,14.57143],"texture":"#1"},"down":{"uv":[3.14286,14.57143,2.85714,15],"texture":"#1"}}}],"gui_light":"front","display":{"thirdperson_righthand":{"rotation":[180,-90,180],"translation":[4,-5,1.75],"scale":[0.75,0.75,0.75]},"thirdperson_lefthand":{"rotation":[180,-90,180],"translation":[4,-5,1.75],"scale":[0.75,0.75,0.75]},"firstperson_righthand":{"rotation":[0,-1,0],"translation":[11.75,-5.75,-6.5],"scale":[0.92383,0.92383,0.92383]},"firstperson_lefthand":{"rotation":[0,-1,0],"translation":[11.75,-5.75,-6.5],"scale":[0.92383,0.92383,0.92383]},"ground":{"rotation":[90,0,0],"scale":[0.75,0.75,0.75]},"gui":{"rotation":[0,180,0],"translation":[0,-1,0],"scale":[0.5,0.5,0.5]},"head":{"rotation":[-180,0,-24.5],"translation":[-2.5,-10.5,5.25],"scale":[1.5,1.5,1.5]},"fixed":{"translation":[0.5,-2.25,-3.5],"scale":[1.79688,1.79688,1.79688]}}}