{"credit":"MadewithBlockbench","texture_size":[48,48],"textures":{"1":"dark_crusader_set:sword","particle":"dark_crusader_set:sword"},"elements":[{"from":[7,-7.47532,17.47532],"to":[9,-5.47532,18.47532],"rotation":{"angle":45,"axis":"x","origin":[8,5,8]},"faces":{"north":{"uv":[6.66667,5,7.33333,5.66667],"texture":"#1"},"east":{"uv":[2.66667,10.66667,3,11.33333],"texture":"#1"},"south":{"uv":[8.66667,5,9.33333,5.66667],"texture":"#1"},"west":{"uv":[11.33333,10,11.66667,10.66667],"texture":"#1"},"up":{"uv":[6.66667,5.66667,6,5.33333],"texture":"#1"},"down":{"uv":[9.33333,7,8.66667,7.33333],"texture":"#1"}}},{"from":[7,-7.47532,18.47532],"to":[9,-6.47532,20.47532],"rotation":{"angle":45,"axis":"x","origin":[8,5,8]},"faces":{"north":{"uv":[9.33333,5.33333,10,5.66667],"texture":"#1"},"east":{"uv":[11.33333,10.66667,12,11],"texture":"#1"},"south":{"uv":[11.33333,11,12,11.33333],"texture":"#1"},"west":{"uv":[11.33333,11.33333,12,11.66667],"texture":"#1"},"up":{"uv":[9.66667,2.66667,9,2],"texture":"#1"},"down":{"uv":[9.66667,9,9,9.66667],"texture":"#1"}}},{"from":[7,-6.47532,19.47532],"to":[9,-4.47532,20.47532],"rotation":{"angle":45,"axis":"x","origin":[8,5,8]},"faces":{"north":{"uv":[9.33333,2.66667,10,3.33333],"texture":"#1"},"east":{"uv":[11.66667,0.66667,12,1.33333],"texture":"#1"},"south":{"uv":[9.33333,3.33333,10,4],"texture":"#1"},"west":{"uv":[11.66667,1.33333,12,2],"texture":"#1"},"up":{"uv":[6,12,5.33333,11.66667],"texture":"#1"},"down":{"uv":[6.66667,11.66667,6,12],"texture":"#1"}}},{"from":[7,-6.47532,-2.47532],"to":[9,-4.47532,-1.47532],"rotation":{"angle":-45,"axis":"x","origin":[8,5,8]},"faces":{"north":{"uv":[9.33333,4,10,4.66667],"texture":"#1"},"east":{"uv":[11.66667,10,12,10.66667],"texture":"#1"},"south":{"uv":[9.33333,4.66667,10,5.33333],"texture":"#1"},"west":{"uv":[10.66667,11.66667,11,12.33333],"texture":"#1"},"up":{"uv":[11.66667,12,11,11.66667],"texture":"#1"},"down":{"uv":[12.33333,11.66667,11.66667,12],"texture":"#1"}}},{"from":[7.25,-11.02145,5.5],"to":[8.75,-10.02145,6.5],"rotation":{"angle":0,"axis":"y","origin":[8,5,8]},"faces":{"north":{"uv":[5.66667,12,6.16667,12.33333],"texture":"#1"},"east":{"uv":[7,9.66667,7.33333,10],"texture":"#1"},"south":{"uv":[12,6,12.5,6.33333],"texture":"#1"},"west":{"uv":[4.66667,11,5,11.33333],"texture":"#1"},"up":{"uv":[6.83333,12.33333,6.33333,12],"texture":"#1"},"down":{"uv":[12.5,6.33333,12,6.66667],"texture":"#1"}}},{"from":[7.25,-11.52145,4.5],"to":[8.75,-9.52145,5.5],"rotation":{"angle":0,"axis":"y","origin":[8,5,8]},"faces":{"north":{"uv":[9.66667,1.33333,10.16667,2],"texture":"#1"},"east":{"uv":[12,0,12.33333,0.66667],"texture":"#1"},"south":{"uv":[2,9.66667,2.5,10.33333],"texture":"#1"},"west":{"uv":[12,0.66667,12.33333,1.33333],"texture":"#1"},"up":{"uv":[12.5,7,12,6.66667],"texture":"#1"},"down":{"uv":[7.5,12,7,12.33333],"texture":"#1"}}},{"from":[7.25,-11.02145,9.5],"to":[8.75,-10.02145,10.5],"rotation":{"angle":0,"axis":"y","origin":[8,5,8]},"faces":{"north":{"uv":[12,7,12.5,7.33333],"texture":"#1"},"east":{"uv":[0.66667,13,1,13.33333],"texture":"#1"},"south":{"uv":[12,7.33333,12.5,7.66667],"texture":"#1"},"west":{"uv":[13,0.66667,13.33333,1],"texture":"#1"},"up":{"uv":[8.16667,12.33333,7.66667,12],"texture":"#1"},"down":{"uv":[12.5,7.66667,12,8],"texture":"#1"}}},{"from":[7.25,-11.52145,10.5],"to":[8.75,-9.52145,11.5],"rotation":{"angle":0,"axis":"y","origin":[8,5,8]},"faces":{"north":{"uv":[9.66667,2,10.16667,2.66667],"texture":"#1"},"east":{"uv":[1.33333,12,1.66667,12.66667],"texture":"#1"},"south":{"uv":[2.66667,9.66667,3.16667,10.33333],"texture":"#1"},"west":{"uv":[12,1.33333,12.33333,2],"texture":"#1"},"up":{"uv":[12.5,8.33333,12,8],"texture":"#1"},"down":{"uv":[8.83333,12,8.33333,12.33333],"texture":"#1"}}},{"from":[7.25,-13.02145,7.5],"to":[8.75,-12.02145,8.5],"rotation":{"angle":0,"axis":"y","origin":[8,-10.52145,8]},"faces":{"north":{"uv":[12,8.33333,12.5,8.66667],"texture":"#1"},"east":{"uv":[1,13,1.33333,13.33333],"texture":"#1"},"south":{"uv":[12,8.66667,12.5,9],"texture":"#1"},"west":{"uv":[13,1,13.33333,1.33333],"texture":"#1"},"up":{"uv":[9.5,12.33333,9,12],"texture":"#1"},"down":{"uv":[12.5,9,12,9.33333],"texture":"#1"}}},{"from":[7.25,-14.02145,7],"to":[8.75,-13.02145,9],"rotation":{"angle":0,"axis":"y","origin":[8,-10.52145,8]},"faces":{"north":{"uv":[12,9.33333,12.5,9.66667],"texture":"#1"},"east":{"uv":[1.66667,12,2.33333,12.33333],"texture":"#1"},"south":{"uv":[9.66667,12,10.16667,12.33333],"texture":"#1"},"west":{"uv":[12,2,12.66667,2.33333],"texture":"#1"},"up":{"uv":[5.5,10.33333,5,9.66667],"texture":"#1"},"down":{"uv":[6.16667,9.66667,5.66667,10.33333],"texture":"#1"}}},{"from":[7.25,-9.52145,7.25],"to":[8.75,-7.52145,8.75],"rotation":{"angle":0,"axis":"y","origin":[8,5,8]},"faces":{"north":{"uv":[6.33333,9.66667,6.83333,10.33333],"texture":"#1"},"east":{"uv":[9.66667,8,10.16667,8.66667],"texture":"#1"},"south":{"uv":[9.66667,8.66667,10.16667,9.33333],"texture":"#1"},"west":{"uv":[9,9.66667,9.5,10.33333],"texture":"#1"},"up":{"uv":[1.83333,11.16667,1.33333,10.66667],"texture":"#1"},"down":{"uv":[2.5,10.66667,2,11.16667],"texture":"#1"}}},{"from":[7.25,-2.02145,7.25],"to":[8.75,-0.52145,8.75],"rotation":{"angle":0,"axis":"y","origin":[8,5,8]},"faces":{"north":{"uv":[10.66667,2.66667,11.16667,3.16667],"texture":"#1"},"east":{"uv":[3.33333,10.66667,3.83333,11.16667],"texture":"#1"},"south":{"uv":[10.66667,3.33333,11.16667,3.83333],"texture":"#1"},"west":{"uv":[4,10.66667,4.5,11.16667],"texture":"#1"},"up":{"uv":[11.16667,4.5,10.66667,4],"texture":"#1"},"down":{"uv":[11.16667,4.66667,10.66667,5.16667],"texture":"#1"}}},{"from":[7.25,7.97855,7],"to":[8.75,13.97855,9],"rotation":{"angle":0,"axis":"y","origin":[8,5,8]},"faces":{"north":{"uv":[6,1.33333,6.5,3.33333],"texture":"#1"},"east":{"uv":[2,5.66667,2.66667,7.66667],"texture":"#1"},"south":{"uv":[6,3.33333,6.5,5.33333],"texture":"#1"},"west":{"uv":[2.66667,5.66667,3.33333,7.66667],"texture":"#1"},"up":{"uv":[10.16667,10,9.66667,9.33333],"texture":"#1"},"down":{"uv":[0.5,10,0,10.66667],"texture":"#1"}}},{"from":[7.15,8.87855,6.9],"to":[8.85,13.07855,9.1],"rotation":{"angle":0,"axis":"y","origin":[8,5,8]},"faces":{"north":{"uv":[7.33333,5,7.83333,6.33333],"texture":"#1"},"east":{"uv":[6.66667,1.33333,7.33333,2.66667],"texture":"#1"},"south":{"uv":[6.66667,7.33333,7.16667,8.66667],"texture":"#1"},"west":{"uv":[6.66667,2.66667,7.33333,4],"texture":"#1"},"up":{"uv":[1.16667,10.66667,0.66667,10],"texture":"#1"},"down":{"uv":[1.83333,10,1.33333,10.66667],"texture":"#1"}}},{"from":[7.25,13.97855,6.5],"to":[8.75,15.97855,9.5],"rotation":{"angle":0,"axis":"y","origin":[8,5,8]},"faces":{"north":{"uv":[10,2.66667,10.5,3.33333],"texture":"#1"},"east":{"uv":[7.33333,3.33333,8.33333,4],"texture":"#1"},"south":{"uv":[3.33333,10,3.83333,10.66667],"texture":"#1"},"west":{"uv":[7.33333,7.33333,8.33333,8],"texture":"#1"},"up":{"uv":[9.16667,7,8.66667,6],"texture":"#1"},"down":{"uv":[6.83333,8.66667,6.33333,9.66667],"texture":"#1"}}},{"from":[7.6,15.97855,6.75],"to":[8.4,26.02145,9.25],"rotation":{"angle":0,"axis":"y","origin":[8,5,8]},"faces":{"north":{"uv":[3.33333,5.66667,3.66667,9],"texture":"#1"},"east":{"uv":[0,5.66667,0.83333,9],"texture":"#1"},"south":{"uv":[3.66667,5.66667,4,9],"texture":"#1"},"west":{"uv":[1,5.66667,1.83333,9],"texture":"#1"},"up":{"uv":[9.33333,11.16667,9,10.33333],"texture":"#1"},"down":{"uv":[9.66667,10.33333,9.33333,11.16667],"texture":"#1"}}},{"from":[7.5,15.97855,6.65],"to":[8.5,19.02145,9.35],"rotation":{"angle":0,"axis":"y","origin":[8,5,8]},"faces":{"north":{"uv":[7.66667,4,8,5],"texture":"#1"},"east":{"uv":[6.66667,4,7.5,5],"texture":"#1"},"south":{"uv":[7.66667,6.33333,8,7.33333],"texture":"#1"},"west":{"uv":[6.66667,6.33333,7.5,7.33333],"texture":"#1"},"up":{"uv":[10.66667,10.16667,10.33333,9.33333],"texture":"#1"},"down":{"uv":[10.66667,10.33333,10.33333,11.16667],"texture":"#1"}}},{"from":[7.65,19.92678,19.75],"to":[8.35,21.67678,21.5],"rotation":{"angle":-45,"axis":"x","origin":[7.95,8.17678,8]},"faces":{"north":{"uv":[13,1.33333,13.16667,2],"texture":"#1"},"east":{"uv":[9.33333,6,10,6.66667],"texture":"#1"},"south":{"uv":[1.66667,13,1.83333,13.66667],"texture":"#1"},"west":{"uv":[9.33333,6.66667,10,7.33333],"texture":"#1"},"up":{"uv":[2.16667,13.66667,2,13],"texture":"#1"},"down":{"uv":[2.5,13,2.33333,13.66667],"texture":"#1"}}},{"from":[7.75,25.17381,6.03492],"to":[8.25,27.17381,7.28492],"rotation":{"angle":-22.5,"axis":"x","origin":[7.9,26.17381,5.28492]},"faces":{"north":{"uv":[13,2.33333,13.16667,3],"texture":"#1"},"east":{"uv":[10,3.33333,10.5,4],"texture":"#1"},"south":{"uv":[2.66667,13,2.83333,13.66667],"texture":"#1"},"west":{"uv":[4,10,4.5,10.66667],"texture":"#1"},"up":{"uv":[13.16667,5.83333,13,5.33333],"texture":"#1"},"down":{"uv":[5.83333,13,5.66667,13.5],"texture":"#1"}}},{"from":[7.75,25.17381,8.71508],"to":[8.25,27.17381,9.96508],"rotation":{"angle":22.5,"axis":"x","origin":[7.9,26.17381,10.71508]},"faces":{"north":{"uv":[3,13,3.16667,13.66667],"texture":"#1"},"east":{"uv":[10,4,10.5,4.66667],"texture":"#1"},"south":{"uv":[3.33333,13,3.5,13.66667],"texture":"#1"},"west":{"uv":[10,4.66667,10.5,5.33333],"texture":"#1"},"up":{"uv":[6.16667,13.5,6,13],"texture":"#1"},"down":{"uv":[6.5,13,6.33333,13.5],"texture":"#1"}}},{"from":[7.675,25.8,6.75],"to":[8.325,27.8,9.25],"rotation":{"angle":0,"axis":"y","origin":[8,7.8,8]},"faces":{"north":{"uv":[3.66667,13,3.83333,13.66667],"texture":"#1"},"east":{"uv":[8.33333,2.66667,9.16667,3.33333],"texture":"#1"},"south":{"uv":[4,13,4.16667,13.66667],"texture":"#1"},"west":{"uv":[8.33333,3.33333,9.16667,4],"texture":"#1"},"up":{"uv":[0.16667,13.83333,0,13],"texture":"#1"},"down":{"uv":[0.5,13,0.33333,13.83333],"texture":"#1"}}},{"from":[7.5,11.96898,10.81863],"to":[8.5,13.96898,15.81863],"rotation":{"angle":-22.5,"axis":"x","origin":[8,5,8]},"faces":{"north":{"uv":[2.33333,12,2.66667,12.66667],"texture":"#1"},"east":{"uv":[4,5.66667,5.66667,6.33333],"texture":"#1"},"south":{"uv":[12,2.33333,12.33333,3],"texture":"#1"},"west":{"uv":[5.66667,5.66667,7.33333,6.33333],"texture":"#1"},"up":{"uv":[4.33333,10,4,8.33333],"texture":"#1"},"down":{"uv":[8.66667,4,8.33333,5.66667],"texture":"#1"}}},{"from":[7.6,7.97855,10.5],"to":[8.4,13.97855,11.5],"rotation":{"angle":0,"axis":"y","origin":[8,5,8]},"faces":{"north":{"uv":[2,7.66667,2.33333,9.66667],"texture":"#1"},"east":{"uv":[2.33333,7.66667,2.66667,9.66667],"texture":"#1"},"south":{"uv":[2.66667,7.66667,3,9.66667],"texture":"#1"},"west":{"uv":[3,7.66667,3.33333,9.66667],"texture":"#1"},"up":{"uv":[4.66667,13.33333,4.33333,13],"texture":"#1"},"down":{"uv":[5,13,4.66667,13.33333],"texture":"#1"}}},{"from":[7.6,7.97855,4.5],"to":[8.4,13.97855,5.5],"rotation":{"angle":0,"axis":"y","origin":[8,5,8]},"faces":{"north":{"uv":[8,4,8.33333,6],"texture":"#1"},"east":{"uv":[7.33333,8,7.66667,10],"texture":"#1"},"south":{"uv":[7.66667,8,8,10],"texture":"#1"},"west":{"uv":[8,8,8.33333,10],"texture":"#1"},"up":{"uv":[13.33333,5,13,4.66667],"texture":"#1"},"down":{"uv":[5.33333,13,5,13.33333],"texture":"#1"}}},{"from":[7.5,11.96898,0.18137],"to":[8.5,13.96898,5.18137],"rotation":{"angle":22.5,"axis":"x","origin":[8,5,8]},"faces":{"north":{"uv":[2.66667,12,3,12.66667],"texture":"#1"},"east":{"uv":[6,0,7.66667,0.66667],"texture":"#1"},"south":{"uv":[3,12,3.33333,12.66667],"texture":"#1"},"west":{"uv":[6,0.66667,7.66667,1.33333],"texture":"#1"},"up":{"uv":[4.66667,10,4.33333,8.33333],"texture":"#1"},"down":{"uv":[5,8.33333,4.66667,10],"texture":"#1"}}},{"from":[7.7,9.47855,5.5],"to":[8.3,10.47855,10.5],"rotation":{"angle":0,"axis":"y","origin":[8,5,8]},"faces":{"north":{"uv":[8,13,8.16667,13.33333],"texture":"#1"},"east":{"uv":[5,8.33333,6.66667,8.66667],"texture":"#1"},"south":{"uv":[13,9.33333,13.16667,9.66667],"texture":"#1"},"west":{"uv":[8.33333,5.66667,10,6],"texture":"#1"},"up":{"uv":[0.16667,12.33333,0,10.66667],"texture":"#1"},"down":{"uv":[0.5,10.66667,0.33333,12.33333],"texture":"#1"}}},{"from":[7.7,11.47855,5.5],"to":[8.3,12.47855,10.5],"rotation":{"angle":0,"axis":"y","origin":[8,5,8]},"faces":{"north":{"uv":[9.66667,13,9.83333,13.33333],"texture":"#1"},"east":{"uv":[8.33333,7.33333,10,7.66667],"texture":"#1"},"south":{"uv":[10,13,10.16667,13.33333],"texture":"#1"},"west":{"uv":[8.33333,7.66667,10,8],"texture":"#1"},"up":{"uv":[0.83333,12.33333,0.66667,10.66667],"texture":"#1"},"down":{"uv":[1.16667,10.66667,1,12.33333],"texture":"#1"}}},{"from":[7.1,5.60616,8.60616],"to":[8.9,8.10616,11.10616],"rotation":{"angle":-45,"axis":"x","origin":[8,5,8]},"faces":{"north":{"uv":[8.33333,8,9,8.83333],"texture":"#1"},"east":{"uv":[7.33333,1.33333,8.16667,2.16667],"texture":"#1"},"south":{"uv":[8.66667,4,9.33333,4.83333],"texture":"#1"},"west":{"uv":[7.33333,2.33333,8.16667,3.16667],"texture":"#1"},"up":{"uv":[5.66667,9.5,5,8.66667],"texture":"#1"},"down":{"uv":[6.33333,8.66667,5.66667,9.5],"texture":"#1"}}},{"from":[7,6.10616,9.10616],"to":[9,7.60616,10.60616],"rotation":{"angle":-45,"axis":"x","origin":[8,5,8]},"faces":{"north":{"uv":[10,5.33333,10.66667,5.83333],"texture":"#1"},"east":{"uv":[10.66667,5.33333,11.16667,5.83333],"texture":"#1"},"south":{"uv":[10,6,10.66667,6.5],"texture":"#1"},"west":{"uv":[10.66667,6,11.16667,6.5],"texture":"#1"},"up":{"uv":[10.66667,7.16667,10,6.66667],"texture":"#1"},"down":{"uv":[7.66667,10,7,10.5],"texture":"#1"}}},{"from":[7,-0.52145,7],"to":[9,0.47855,9],"rotation":{"angle":0,"axis":"y","origin":[8,5,8]},"faces":{"north":{"uv":[12,3,12.66667,3.33333],"texture":"#1"},"east":{"uv":[3.33333,12,4,12.33333],"texture":"#1"},"south":{"uv":[12,3.33333,12.66667,3.66667],"texture":"#1"},"west":{"uv":[12,3.66667,12.66667,4],"texture":"#1"},"up":{"uv":[10.33333,0.66667,9.66667,0],"texture":"#1"},"down":{"uv":[10.33333,0.66667,9.66667,1.33333],"texture":"#1"}}},{"from":[7.25,2.72855,2.25],"to":[8.75,5.72855,3.25],"rotation":{"angle":0,"axis":"y","origin":[8,5,8]},"faces":{"north":{"uv":[0,9,0.5,10],"texture":"#1"},"east":{"uv":[7,8.66667,7.33333,9.66667],"texture":"#1"},"south":{"uv":[9,0,9.5,1],"texture":"#1"},"west":{"uv":[4.66667,10,5,11],"texture":"#1"},"up":{"uv":[12.5,10,12,9.66667],"texture":"#1"},"down":{"uv":[12.5,10,12,10.33333],"texture":"#1"}}},{"from":[7.5,3.22855,3.25],"to":[8.5,5.22855,4.75],"rotation":{"angle":0,"axis":"y","origin":[8,5,8]},"faces":{"north":{"uv":[4,12,4.33333,12.66667],"texture":"#1"},"east":{"uv":[10,7.33333,10.5,8],"texture":"#1"},"south":{"uv":[12,4,12.33333,4.66667],"texture":"#1"},"west":{"uv":[7.66667,10,8.16667,10.66667],"texture":"#1"},"up":{"uv":[10.66667,12.5,10.33333,12],"texture":"#1"},"down":{"uv":[12.33333,10.33333,12,10.83333],"texture":"#1"}}},{"from":[7.5,7.25,7.22855],"to":[8.5,8.75,9.22855],"rotation":{"angle":-45,"axis":"x","origin":[8,4,8]},"faces":{"north":{"uv":[11,12,11.33333,12.5],"texture":"#1"},"east":{"uv":[8.33333,10,9,10.5],"texture":"#1"},"south":{"uv":[12,11,12.33333,11.5],"texture":"#1"},"west":{"uv":[9.66667,10,10.33333,10.5],"texture":"#1"},"up":{"uv":[4.66667,12.66667,4.33333,12],"texture":"#1"},"down":{"uv":[5,12,4.66667,12.66667],"texture":"#1"}}},{"from":[7.25,8.75,6.72855],"to":[8.75,9.75,9.72855],"rotation":{"angle":-45,"axis":"x","origin":[8,4,8]},"faces":{"north":{"uv":[11.33333,12,11.83333,12.33333],"texture":"#1"},"east":{"uv":[10.33333,0,11.33333,0.33333],"texture":"#1"},"south":{"uv":[12,12,12.5,12.33333],"texture":"#1"},"west":{"uv":[10.33333,0.33333,11.33333,0.66667],"texture":"#1"},"up":{"uv":[1.16667,10,0.66667,9],"texture":"#1"},"down":{"uv":[9.5,1,9,2],"texture":"#1"}}},{"from":[7.5,7.25,6.77145],"to":[8.5,8.75,8.77145],"rotation":{"angle":45,"axis":"x","origin":[8,4,8]},"faces":{"north":{"uv":[0,12.33333,0.33333,12.83333],"texture":"#1"},"east":{"uv":[10.33333,0.66667,11,1.16667],"texture":"#1"},"south":{"uv":[12.33333,0,12.66667,0.5],"texture":"#1"},"west":{"uv":[10.33333,1.33333,11,1.83333],"texture":"#1"},"up":{"uv":[12.33333,5.33333,12,4.66667],"texture":"#1"},"down":{"uv":[5.33333,12,5,12.66667],"texture":"#1"}}},{"from":[7.25,8.75,6.27145],"to":[8.75,9.75,9.27145],"rotation":{"angle":45,"axis":"x","origin":[8,4,8]},"faces":{"north":{"uv":[0.33333,12.33333,0.83333,12.66667],"texture":"#1"},"east":{"uv":[2,10.33333,3,10.66667],"texture":"#1"},"south":{"uv":[12.33333,0.66667,12.83333,1],"texture":"#1"},"west":{"uv":[10.33333,2,11.33333,2.33333],"texture":"#1"},"up":{"uv":[1.83333,10,1.33333,9],"texture":"#1"},"down":{"uv":[3.83333,9,3.33333,10],"texture":"#1"}}},{"from":[7.25,2.72855,12.75],"to":[8.75,5.72855,13.75],"rotation":{"angle":0,"axis":"y","origin":[8,5,8]},"faces":{"north":{"uv":[9,8,9.5,9],"texture":"#1"},"east":{"uv":[3,10.33333,3.33333,11.33333],"texture":"#1"},"south":{"uv":[8.33333,9,8.83333,10],"texture":"#1"},"west":{"uv":[5,10.33333,5.33333,11.33333],"texture":"#1"},"up":{"uv":[12.83333,1.33333,12.33333,1],"texture":"#1"},"down":{"uv":[12.83333,1.33333,12.33333,1.66667],"texture":"#1"}}},{"from":[7.5,3.22855,11.25],"to":[8.5,5.22855,12.75],"rotation":{"angle":0,"axis":"y","origin":[8,5,8]},"faces":{"north":{"uv":[5.33333,12,5.66667,12.66667],"texture":"#1"},"east":{"uv":[5.33333,10.33333,5.83333,11],"texture":"#1"},"south":{"uv":[12,5.33333,12.33333,6],"texture":"#1"},"west":{"uv":[6,10.33333,6.5,11],"texture":"#1"},"up":{"uv":[1.33333,12.83333,1,12.33333],"texture":"#1"},"down":{"uv":[2,12.33333,1.66667,12.83333],"texture":"#1"}}},{"from":[7.35,-0.27145,6],"to":[8.65,1.22855,10],"rotation":{"angle":0,"axis":"y","origin":[8,5,8]},"faces":{"north":{"uv":[10.66667,6.66667,11.16667,7.16667],"texture":"#1"},"east":{"uv":[7.66667,0,9,0.5],"texture":"#1"},"south":{"uv":[7,10.66667,7.5,11.16667],"texture":"#1"},"west":{"uv":[7.66667,0.66667,9,1.16667],"texture":"#1"},"up":{"uv":[8.5,7.33333,8,6],"texture":"#1"},"down":{"uv":[8.83333,1.33333,8.33333,2.66667],"texture":"#1"}}},{"from":[7.6,-1.02145,6.5],"to":[8.4,-0.27145,9.5],"rotation":{"angle":0,"axis":"y","origin":[8,5,8]},"faces":{"north":{"uv":[13,5,13.33333,5.33333],"texture":"#1"},"east":{"uv":[10.33333,2.33333,11.33333,2.66667],"texture":"#1"},"south":{"uv":[5.33333,13,5.66667,13.33333],"texture":"#1"},"west":{"uv":[10.33333,8,11.33333,8.33333],"texture":"#1"},"up":{"uv":[7,11.33333,6.66667,10.33333],"texture":"#1"},"down":{"uv":[10.66667,8.33333,10.33333,9.33333],"texture":"#1"}}},{"from":[7.1875,0.48539,7.25],"to":[8.8125,1.61039,8.75],"rotation":{"angle":0,"axis":"y","origin":[8,5,8]},"faces":{"north":{"uv":[12.33333,1.66667,12.83333,2],"texture":"#1"},"east":{"uv":[12.33333,2.33333,12.83333,2.66667],"texture":"#1"},"south":{"uv":[12.33333,2.66667,12.83333,3],"texture":"#1"},"west":{"uv":[3.33333,12.33333,3.83333,12.66667],"texture":"#1"},"up":{"uv":[11.16667,7.83333,10.66667,7.33333],"texture":"#1"},"down":{"uv":[8.16667,10.66667,7.66667,11.16667],"texture":"#1"}}},{"from":[7.2875,3.56253,3.94474],"to":[8.7125,5.06253,5.06974],"rotation":{"angle":-22.5,"axis":"x","origin":[8,5,8]},"faces":{"north":{"uv":[8.33333,10.66667,8.83333,11.16667],"texture":"#1"},"east":{"uv":[2,12.33333,2.33333,12.83333],"texture":"#1"},"south":{"uv":[10.66667,8.33333,11.16667,8.83333],"texture":"#1"},"west":{"uv":[12.33333,4,12.66667,4.5],"texture":"#1"},"up":{"uv":[12.83333,5,12.33333,4.66667],"texture":"#1"},"down":{"uv":[12.83333,5,12.33333,5.33333],"texture":"#1"}}},{"from":[7.1875,0.70333,7.77616],"to":[8.8125,1.82833,9.27616],"rotation":{"angle":45,"axis":"x","origin":[8,5,8]},"faces":{"north":{"uv":[12.33333,5.33333,12.83333,5.66667],"texture":"#1"},"east":{"uv":[5.66667,12.33333,6.16667,12.66667],"texture":"#1"},"south":{"uv":[12.33333,5.66667,12.83333,6],"texture":"#1"},"west":{"uv":[6.33333,12.33333,6.83333,12.66667],"texture":"#1"},"up":{"uv":[11.16667,9.5,10.66667,9],"texture":"#1"},"down":{"uv":[10.16667,10.66667,9.66667,11.16667],"texture":"#1"}}},{"from":[7.2875,3.56253,4.51425],"to":[8.7125,5.06253,5.63925],"rotation":{"angle":22.5,"axis":"x","origin":[8,5,8]},"faces":{"north":{"uv":[10.66667,9.66667,11.16667,10.16667],"texture":"#1"},"east":{"uv":[7,12.33333,7.33333,12.83333],"texture":"#1"},"south":{"uv":[10.66667,10.33333,11.16667,10.83333],"texture":"#1"},"west":{"uv":[7.33333,12.33333,7.66667,12.83333],"texture":"#1"},"up":{"uv":[8.16667,12.66667,7.66667,12.33333],"texture":"#1"},"down":{"uv":[8.83333,12.33333,8.33333,12.66667],"texture":"#1"}}},{"from":[7.1875,3.50589,4.2295],"to":[8.8125,5.00589,5.3545],"rotation":{"angle":0,"axis":"y","origin":[8,5,8]},"faces":{"north":{"uv":[11,0.66667,11.5,1.16667],"texture":"#1"},"east":{"uv":[9,12.33333,9.33333,12.83333],"texture":"#1"},"south":{"uv":[11,1.33333,11.5,1.83333],"texture":"#1"},"west":{"uv":[9.33333,12.33333,9.66667,12.83333],"texture":"#1"},"up":{"uv":[10.16667,12.66667,9.66667,12.33333],"texture":"#1"},"down":{"uv":[12.83333,10.33333,12.33333,10.66667],"texture":"#1"}}},{"from":[7.1875,3.72384,4.75566],"to":[8.8125,5.22384,5.88066],"rotation":{"angle":45,"axis":"x","origin":[8,5,8]},"faces":{"north":{"uv":[5.33333,11,5.83333,11.5],"texture":"#1"},"east":{"uv":[10.66667,12.33333,11,12.83333],"texture":"#1"},"south":{"uv":[6,11,6.5,11.5],"texture":"#1"},"west":{"uv":[12.33333,10.66667,12.66667,11.16667],"texture":"#1"},"up":{"uv":[11.83333,12.66667,11.33333,12.33333],"texture":"#1"},"down":{"uv":[12.83333,11.33333,12.33333,11.66667],"texture":"#1"}}},{"from":[7.1875,6.9014,7.25],"to":[8.8125,8.0264,8.75],"rotation":{"angle":0,"axis":"y","origin":[8,5,8]},"faces":{"north":{"uv":[12.33333,11.66667,12.83333,12],"texture":"#1"},"east":{"uv":[12,12.33333,12.5,12.66667],"texture":"#1"},"south":{"uv":[12.66667,0,13.16667,0.33333],"texture":"#1"},"west":{"uv":[0.33333,12.66667,0.83333,13],"texture":"#1"},"up":{"uv":[11.16667,11.5,10.66667,11],"texture":"#1"},"down":{"uv":[11.83333,0,11.33333,0.5],"texture":"#1"}}},{"from":[7.2875,6.95804,6.96524],"to":[8.7125,8.08304,8.46524],"rotation":{"angle":-22.5,"axis":"x","origin":[8,5,8]},"faces":{"north":{"uv":[12.66667,0.33333,13.16667,0.66667],"texture":"#1"},"east":{"uv":[12.66667,2,13.16667,2.33333],"texture":"#1"},"south":{"uv":[2.33333,12.66667,2.83333,13],"texture":"#1"},"west":{"uv":[3,12.66667,3.5,13],"texture":"#1"},"up":{"uv":[1.83333,11.83333,1.33333,11.33333],"texture":"#1"},"down":{"uv":[2.5,11.33333,2,11.83333],"texture":"#1"}}},{"from":[7.2875,0.54203,7.53476],"to":[8.7125,1.66703,9.03476],"rotation":{"angle":22.5,"axis":"x","origin":[8,5,8]},"faces":{"north":{"uv":[12.66667,3,13.16667,3.33333],"texture":"#1"},"east":{"uv":[12.66667,3.33333,13.16667,3.66667],"texture":"#1"},"south":{"uv":[3.66667,12.66667,4.16667,13],"texture":"#1"},"west":{"uv":[12.66667,3.66667,13.16667,4],"texture":"#1"},"up":{"uv":[11.83333,2.5,11.33333,2],"texture":"#1"},"down":{"uv":[3.16667,11.33333,2.66667,11.83333],"texture":"#1"}}},{"from":[7.2875,0.54203,6.96524],"to":[8.7125,1.66703,8.46524],"rotation":{"angle":-22.5,"axis":"x","origin":[8,5,8]},"faces":{"north":{"uv":[12.66667,4,13.16667,4.33333],"texture":"#1"},"east":{"uv":[4.33333,12.66667,4.83333,13],"texture":"#1"},"south":{"uv":[12.66667,4.33333,13.16667,4.66667],"texture":"#1"},"west":{"uv":[5,12.66667,5.5,13],"texture":"#1"},"up":{"uv":[11.83333,3.16667,11.33333,2.66667],"texture":"#1"},"down":{"uv":[3.83333,11.33333,3.33333,11.83333],"texture":"#1"}}},{"from":[7.1875,0.70333,6.72384],"to":[8.8125,1.82833,8.22384],"rotation":{"angle":-45,"axis":"x","origin":[8,5,8]},"faces":{"north":{"uv":[5.66667,12.66667,6.16667,13],"texture":"#1"},"east":{"uv":[12.66667,6,13.16667,6.33333],"texture":"#1"},"south":{"uv":[6.33333,12.66667,6.83333,13],"texture":"#1"},"west":{"uv":[12.66667,6.33333,13.16667,6.66667],"texture":"#1"},"up":{"uv":[11.83333,3.83333,11.33333,3.33333],"texture":"#1"},"down":{"uv":[4.5,11.33333,4,11.83333],"texture":"#1"}}},{"from":[7.2875,3.56253,10.93026],"to":[8.7125,5.06253,12.05526],"rotation":{"angle":22.5,"axis":"x","origin":[8,5,8]},"faces":{"north":{"uv":[11.33333,4,11.83333,4.5],"texture":"#1"},"east":{"uv":[1.33333,12.66667,1.66667,13.16667],"texture":"#1"},"south":{"uv":[4.66667,11.33333,5.16667,11.83333],"texture":"#1"},"west":{"uv":[12.66667,6.66667,13,7.16667],"texture":"#1"},"up":{"uv":[13.16667,7.66667,12.66667,7.33333],"texture":"#1"},"down":{"uv":[8.16667,12.66667,7.66667,13],"texture":"#1"}}},{"from":[7.1875,3.50589,10.6455],"to":[8.8125,5.00589,11.7705],"rotation":{"angle":0,"axis":"y","origin":[8,5,8]},"faces":{"north":{"uv":[11.33333,4.66667,11.83333,5.16667],"texture":"#1"},"east":{"uv":[12.66667,7.66667,13,8.16667],"texture":"#1"},"south":{"uv":[11.33333,5.33333,11.83333,5.83333],"texture":"#1"},"west":{"uv":[8.33333,12.66667,8.66667,13.16667],"texture":"#1"},"up":{"uv":[13.16667,8.66667,12.66667,8.33333],"texture":"#1"},"down":{"uv":[13.16667,8.66667,12.66667,9],"texture":"#1"}}},{"from":[7.2875,3.56253,10.36075],"to":[8.7125,5.06253,11.48575],"rotation":{"angle":-22.5,"axis":"x","origin":[8,5,8]},"faces":{"north":{"uv":[11.33333,6,11.83333,6.5],"texture":"#1"},"east":{"uv":[8.66667,12.66667,9,13.16667],"texture":"#1"},"south":{"uv":[6.66667,11.33333,7.16667,11.83333],"texture":"#1"},"west":{"uv":[12.66667,9,13,9.5],"texture":"#1"},"up":{"uv":[10.16667,13,9.66667,12.66667],"texture":"#1"},"down":{"uv":[13.16667,9.66667,12.66667,10],"texture":"#1"}}},{"from":[7.1875,3.72384,10.11934],"to":[8.8125,5.22384,11.24434],"rotation":{"angle":-45,"axis":"x","origin":[8,5,8]},"faces":{"north":{"uv":[11.33333,6.66667,11.83333,7.16667],"texture":"#1"},"east":{"uv":[10.33333,12.66667,10.66667,13.16667],"texture":"#1"},"south":{"uv":[7.33333,11.33333,7.83333,11.83333],"texture":"#1"},"west":{"uv":[12.66667,10.66667,13,11.16667],"texture":"#1"},"up":{"uv":[13.16667,10.33333,12.66667,10],"texture":"#1"},"down":{"uv":[11.5,12.66667,11,13],"texture":"#1"}}},{"from":[7.2875,6.95804,7.53476],"to":[8.7125,8.08304,9.03476],"rotation":{"angle":22.5,"axis":"x","origin":[8,5,8]},"faces":{"north":{"uv":[11.66667,12.66667,12.16667,13],"texture":"#1"},"east":{"uv":[12.66667,12,13.16667,12.33333],"texture":"#1"},"south":{"uv":[12.33333,12.66667,12.83333,13],"texture":"#1"},"west":{"uv":[12.66667,12.33333,13.16667,12.66667],"texture":"#1"},"up":{"uv":[11.83333,7.83333,11.33333,7.33333],"texture":"#1"},"down":{"uv":[8.5,11.33333,8,11.83333],"texture":"#1"}}},{"from":[7.15,-8.27145,7.15],"to":[8.85,-7.77145,8.85],"rotation":{"angle":0,"axis":"y","origin":[8,5,8]},"faces":{"north":{"uv":[6.66667,13,7.16667,13.16667],"texture":"#1"},"east":{"uv":[13,6.66667,13.5,6.83333],"texture":"#1"},"south":{"uv":[13,7,13.5,7.16667],"texture":"#1"},"west":{"uv":[7.33333,13,7.83333,13.16667],"texture":"#1"},"up":{"uv":[11.83333,8.5,11.33333,8],"texture":"#1"},"down":{"uv":[9.16667,11.33333,8.66667,11.83333],"texture":"#1"}}},{"from":[7.15,-1.77145,7.15],"to":[8.85,-1.27145,8.85],"rotation":{"angle":0,"axis":"y","origin":[8,5,8]},"faces":{"north":{"uv":[13,7.66667,13.5,7.83333],"texture":"#1"},"east":{"uv":[13,8,13.5,8.16667],"texture":"#1"},"south":{"uv":[9,13,9.5,13.16667],"texture":"#1"},"west":{"uv":[13,9,13.5,9.16667],"texture":"#1"},"up":{"uv":[11.83333,9.16667,11.33333,8.66667],"texture":"#1"},"down":{"uv":[9.83333,11.33333,9.33333,11.83333],"texture":"#1"}}},{"from":[7.35,-7.52145,7.35],"to":[8.65,-1.52145,8.65],"rotation":{"angle":0,"axis":"y","origin":[8,5,8]},"faces":{"north":{"uv":[4,6.33333,4.5,8.33333],"texture":"#1"},"east":{"uv":[4.66667,6.33333,5.16667,8.33333],"texture":"#1"},"south":{"uv":[5.33333,6.33333,5.83333,8.33333],"texture":"#1"},"west":{"uv":[6,6.33333,6.5,8.33333],"texture":"#1"},"up":{"uv":[11.83333,9.83333,11.33333,9.33333],"texture":"#1"},"down":{"uv":[10.5,11.33333,10,11.83333],"texture":"#1"}}},{"from":[8,14.75,3.5],"to":[8,31.25,12.5],"rotation":{"angle":0,"axis":"y","origin":[8,8,8]},"faces":{"north":{"uv":[0,0,0,5.5],"texture":"#1"},"east":{"uv":[0,0,3,5.5],"texture":"#1"},"south":{"uv":[0,0,0,5.5],"texture":"#1"},"west":{"uv":[3,0,6,5.5],"texture":"#1"},"up":{"uv":[0,3,0,0],"texture":"#1"},"down":{"uv":[0,0,0,3],"texture":"#1"}}}],"gui_light":"front","display":{"thirdperson_righthand":{"translation":[0,7.25,1.25],"scale":[0.75,0.75,0.75]},"thirdperson_lefthand":{"translation":[0,7.25,1.25],"scale":[0.75,0.75,0.75]},"firstperson_righthand":{"rotation":[-10,9,6.37],"translation":[12,-2,-10.25],"scale":[0.98984,0.98984,0.98984]},"firstperson_lefthand":{"rotation":[-10,9,6.37],"translation":[12,-2,-10.25],"scale":[0.98984,0.98984,0.98984]},"ground":{"rotation":[0,0,90],"translation":[1,2.25,0],"scale":[0.55,0.55,0.55]},"gui":{"rotation":[-90,45,90],"translation":[0.5,-0.5,0],"scale":[0.41211,0.41211,0.41211]},"head":{"scale":[0,0,0]},"fixed":{"rotation":[-90,90,90],"translation":[0.25,-3.5,-2],"scale":[1.255,1.255,1.255]}}}