{"credit":"Made with Blockbench","texture_size":[32,32],"textures":{"1":"easterset/animations/animations_1","3":"easterset/axe"},"elements":[{"from":[7.3,-1.99289,7.3],"to":[8.7,-0.59289,8.7],"rotation":{"angle":-45,"axis":"x","origin":[8,-1.29289,8]},"faces":{"north":{"uv":[8.5,5.5,9.25,6.25],"texture":"#3"},"east":{"uv":[2.5,9,3.25,9.75],"texture":"#3"},"south":{"uv":[3.5,9,4.25,9.75],"texture":"#3"},"west":{"uv":[9,4,9.75,4.75],"texture":"#3"},"up":{"uv":[5.25,9.75,4.5,9],"texture":"#3"},"down":{"uv":[9.75,6.5,9,7.25],"texture":"#3"}}},{"from":[7.5,-1.04289,7.5],"to":[8.5,-0.04289,8.5],"rotation":{"angle":0,"axis":"y","origin":[7.5,-1.04289,7.5]},"faces":{"north":{"uv":[5.5,4.5,6,5],"texture":"#3"},"east":{"uv":[4,6,4.5,6.5],"texture":"#3"},"south":{"uv":[7,1,7.5,1.5],"texture":"#3"},"west":{"uv":[9,5,9.5,5.5],"texture":"#3"}}},{"from":[7.5,2.70711,7.5],"to":[8.5,4.95711,8.5],"rotation":{"angle":0,"axis":"y","origin":[8,2.70711,8]},"faces":{"north":{"uv":[8.5,4,9,5.25],"texture":"#3"},"east":{"uv":[6,8.5,6.5,9.75],"texture":"#3"},"south":{"uv":[6.5,8.5,7,9.75],"texture":"#3"},"west":{"uv":[7,8.5,7.5,9.75],"texture":"#3"},"down":{"uv":[6,9,5.5,9.5],"texture":"#3"}}},{"from":[7.6,0.45711,7.6],"to":[8.4,2.70711,8.4],"rotation":{"angle":0,"axis":"y","origin":[8,2.70711,8]},"faces":{"north":{"uv":[7.5,8.5,8,9.75],"texture":"#3"},"east":{"uv":[8,8.5,8.5,9.75],"texture":"#3"},"south":{"uv":[8.5,8.5,9,9.75],"texture":"#3"},"west":{"uv":[2,9,2.5,10.25],"texture":"#3"}}},{"from":[7.35,4.95711,7.35],"to":[8.65,5.45711,8.65],"rotation":{"angle":0,"axis":"y","origin":[8,2.70711,8]},"faces":{"north":{"uv":[7.5,11,8.25,11.25],"texture":"#3"},"east":{"uv":[11,7.5,11.75,7.75],"texture":"#3"},"south":{"uv":[11,8,11.75,8.25],"texture":"#3"},"west":{"uv":[11,8.5,11.75,8.75],"texture":"#3"},"up":{"uv":[9.75,8.25,9,7.5],"texture":"#3"},"down":{"uv":[9.75,8.5,9,9.25],"texture":"#3"}}},{"from":[7.35,-0.04289,7.35],"to":[8.65,0.45711,8.65],"rotation":{"angle":0,"axis":"y","origin":[8,0.20711,8]},"faces":{"north":{"uv":[11,9,11.75,9.25],"texture":"#3"},"east":{"uv":[11,9.5,11.75,9.75],"texture":"#3"},"south":{"uv":[10,11,10.75,11.25],"texture":"#3"},"west":{"uv":[11,10,11.75,10.25],"texture":"#3"},"up":{"uv":[0.75,10.25,0,9.5],"texture":"#3"},"down":{"uv":[10.25,0,9.5,0.75],"texture":"#3"}}},{"from":[7.25,11.05,8],"to":[8.75,13.05,10],"rotation":{"angle":-45,"axis":"x","origin":[7.5,11.05,8]},"faces":{"north":{"uv":[6,7.5,6.75,8.5],"texture":"#3"},"east":{"uv":[7,6.5,8,7.5],"texture":"#3"},"south":{"uv":[7,7.5,7.75,8.5],"texture":"#3"},"west":{"uv":[0,7.5,1,8.5],"texture":"#3"},"up":{"uv":[2.75,9,2,8],"texture":"#3"},"down":{"uv":[3.75,8,3,9],"texture":"#3"}}},{"from":[7,11.3,8.25],"to":[9,12.8,9.75],"rotation":{"angle":-45,"axis":"x","origin":[7.5,11.05,8]},"faces":{"north":{"uv":[4,8,5,8.75],"texture":"#3"},"east":{"uv":[1,9.5,1.75,10.25],"texture":"#3"},"south":{"uv":[5,8,6,8.75],"texture":"#3"},"west":{"uv":[9.5,1,10.25,1.75],"texture":"#3"},"up":{"uv":[9,7.25,8,6.5],"texture":"#3"},"down":{"uv":[9,7.5,8,8.25],"texture":"#3"}}},{"from":[7.5,13.01924,6.18413],"to":[8.5,14.01924,7.68413],"rotation":{"angle":22.5,"axis":"x","origin":[8,14.33032,5.38461]},"faces":{"north":{"uv":[5.5,9.5,6,10],"texture":"#3"},"east":{"uv":[7.5,4,8.25,4.5],"texture":"#3"},"west":{"uv":[10.5,0,11.25,0.5],"texture":"#3"},"up":{"uv":[0.5,6.75,0,6],"texture":"#3"},"down":{"uv":[4,7,3.5,7.75],"texture":"#3"}}},{"from":[7.585,13.46,5.3775],"to":[8.415,14.29,6.6225],"rotation":{"angle":45,"axis":"x","origin":[8,14.33032,5.38461]},"faces":{"north":{"uv":[9.5,6,10,6.5],"texture":"#3"},"east":{"uv":[10.5,5,11,5.5],"texture":"#3"},"west":{"uv":[10.5,5.5,11,6],"texture":"#3"},"up":{"uv":[2,11.5,1.5,11],"texture":"#3"},"down":{"uv":[3,11,2.5,11.5],"texture":"#3"}}},{"from":[7.67215,14.00956,4.63996],"to":[8.32785,14.99311,5.29566],"rotation":{"angle":-22.5,"axis":"x","origin":[8,14.33032,5.38461]},"faces":{"north":{"uv":[11,10.5,11.25,11],"texture":"#3"},"east":{"uv":[11,11,11.25,11.5],"texture":"#3"},"south":{"uv":[0,11.5,0.25,12],"texture":"#3"},"west":{"uv":[11.5,0,11.75,0.5],"texture":"#3"},"up":{"uv":[0.25,12.25,0,12],"texture":"#3"}}},{"from":[7.72133,14.63516,4.46412],"to":[8.27867,15.47118,5.02147],"rotation":{"angle":0,"axis":"x","origin":[8,14.33032,5.38461]},"faces":{"north":{"uv":[0.5,11.5,0.75,12],"texture":"#3"},"east":{"uv":[11.5,0.5,11.75,1],"texture":"#3"},"south":{"uv":[11.5,1,11.75,1.5],"texture":"#3"},"west":{"uv":[1.5,11.5,1.75,12],"texture":"#3"},"up":{"uv":[12.25,0.25,12,0],"texture":"#3"}}},{"from":[7.77985,14.99466,4.12803],"to":[8.22015,15.65511,4.56833],"rotation":{"angle":22.5,"axis":"x","origin":[8,14.33032,5.38461]},"faces":{"north":{"uv":[0.5,12,0.75,12.25],"texture":"#3"},"east":{"uv":[12,0.5,12.25,0.75],"texture":"#3"},"south":{"uv":[12,1,12.25,1.25],"texture":"#3"},"west":{"uv":[1.5,12,1.75,12.25],"texture":"#3"},"up":{"uv":[12.25,1.75,12,1.5],"texture":"#3"}}},{"from":[7.5,13.01924,8.31587],"to":[8.5,14.01924,9.81587],"rotation":{"angle":-22.5,"axis":"x","origin":[8,14.33032,10.61539]},"faces":{"east":{"uv":[8.25,4,7.5,4.5],"texture":"#3"},"south":{"uv":[6,9.5,5.5,10],"texture":"#3"},"west":{"uv":[11.25,0,10.5,0.5],"texture":"#3"},"up":{"uv":[0.5,6,0,6.75],"texture":"#3"},"down":{"uv":[4,7.75,3.5,7],"texture":"#3"}}},{"from":[7.585,13.46,9.3775],"to":[8.415,14.29,10.6225],"rotation":{"angle":-45,"axis":"x","origin":[8,14.33032,10.61539]},"faces":{"east":{"uv":[11,5,10.5,5.5],"texture":"#3"},"south":{"uv":[10,6,9.5,6.5],"texture":"#3"},"west":{"uv":[11,5.5,10.5,6],"texture":"#3"},"up":{"uv":[2,11,1.5,11.5],"texture":"#3"},"down":{"uv":[3,11.5,2.5,11],"texture":"#3"}}},{"from":[7.67215,14.00956,10.70434],"to":[8.32785,14.99311,11.36004],"rotation":{"angle":22.5,"axis":"x","origin":[8,14.33032,10.61539]},"faces":{"north":{"uv":[0.25,11.5,0,12],"texture":"#3"},"east":{"uv":[11.25,11,11,11.5],"texture":"#3"},"south":{"uv":[11.25,10.5,11,11],"texture":"#3"},"west":{"uv":[11.75,0,11.5,0.5],"texture":"#3"},"up":{"uv":[0.25,12,0,12.25],"texture":"#3"}}},{"from":[7.77985,14.99466,11.43167],"to":[8.22015,15.65511,11.87197],"rotation":{"angle":-22.5,"axis":"x","origin":[8,14.33032,10.61539]},"faces":{"north":{"uv":[12.25,1,12,1.25],"texture":"#3"},"east":{"uv":[12.25,0.5,12,0.75],"texture":"#3"},"south":{"uv":[0.75,12,0.5,12.25],"texture":"#3"},"west":{"uv":[1.75,12,1.5,12.25],"texture":"#3"},"up":{"uv":[12.25,1.5,12,1.75],"texture":"#3"}}},{"from":[7.72133,14.63516,10.97853],"to":[8.27867,15.47118,11.53588],"rotation":{"angle":0,"axis":"x","origin":[8,14.33032,10.61539]},"faces":{"north":{"uv":[11.75,1,11.5,1.5],"texture":"#3"},"east":{"uv":[11.75,0.5,11.5,1],"texture":"#3"},"south":{"uv":[0.75,11.5,0.5,12],"texture":"#3"},"west":{"uv":[1.75,11.5,1.5,12],"texture":"#3"},"up":{"uv":[12.25,0,12,0.25],"texture":"#3"}}},{"from":[7.5,15.65,7.5],"to":[8.5,16.15,8.5],"rotation":{"angle":0,"axis":"y","origin":[7.5,15.65,7.5]},"faces":{"north":{"uv":[11.5,1.5,12,1.75],"texture":"#3"},"east":{"uv":[11.5,2,12,2.25],"texture":"#3"},"south":{"uv":[2.5,11.5,3,11.75],"texture":"#3"},"west":{"uv":[11.5,2.5,12,2.75],"texture":"#3"}}},{"from":[7.5,18.15,7.5],"to":[8.5,18.65,8.5],"rotation":{"angle":0,"axis":"y","origin":[7.5,18.15,7.5]},"faces":{"north":{"uv":[3,11.5,3.5,11.75],"texture":"#3"},"east":{"uv":[11.5,3,12,3.25],"texture":"#3"},"south":{"uv":[3.5,11.5,4,11.75],"texture":"#3"},"west":{"uv":[11.5,3.5,12,3.75],"texture":"#3"},"up":{"uv":[11.5,3,11,2.5],"texture":"#3"}}},{"from":[7.25,16.15,7.25],"to":[8.75,18.15,8.75],"rotation":{"angle":0,"axis":"y","origin":[7.5,16.65,7.5]},"faces":{"north":{"uv":[0,8.5,0.75,9.5],"texture":"#3"},"east":{"uv":[8.5,0,9.25,1],"texture":"#3"},"south":{"uv":[1,8.5,1.75,9.5],"texture":"#3"},"west":{"uv":[8.5,1,9.25,2],"texture":"#3"},"up":{"uv":[10.25,2.75,9.5,2],"texture":"#3"},"down":{"uv":[10.25,3,9.5,3.75],"texture":"#3"}}},{"from":[7.57,17.335,5.97],"to":[8.43,17.765,6.83],"rotation":{"angle":-22.5,"axis":"x","origin":[8,16.725,6.4]},"faces":{"north":{"uv":[5,11.5,5.5,11.75],"texture":"#3"},"east":{"uv":[11.5,5,12,5.25],"texture":"#3"},"south":{"uv":[5.5,11.5,6,11.75],"texture":"#3"},"west":{"uv":[11.5,5.5,12,5.75],"texture":"#3"},"up":{"uv":[3.5,11.5,3,11],"texture":"#3"}}},{"from":[7.355,15.865,5.755],"to":[8.645,17.335,7.045],"rotation":{"angle":-22.5,"axis":"x","origin":[8,16.725,6.4]},"faces":{"north":{"uv":[9.5,5,10.25,5.75],"texture":"#3"},"east":{"uv":[9,9.5,9.75,10.25],"texture":"#3"},"south":{"uv":[2.5,10,3.25,10.75],"texture":"#3"},"west":{"uv":[3.5,10,4.25,10.75],"texture":"#3"},"up":{"uv":[10.75,4.75,10,4],"texture":"#3"},"down":{"uv":[5.25,10,4.5,10.75],"texture":"#3"}}},{"from":[7.57,15.435,5.97],"to":[8.43,15.865,6.83],"rotation":{"angle":-22.5,"axis":"x","origin":[8,16.725,6.4]},"faces":{"north":{"uv":[4,11.5,4.5,11.75],"texture":"#3"},"east":{"uv":[11.5,4,12,4.25],"texture":"#3"},"south":{"uv":[4.5,11.5,5,11.75],"texture":"#3"},"west":{"uv":[11.5,4.5,12,4.75],"texture":"#3"}}},{"from":[7.57,17.335,9.17],"to":[8.43,17.765,10.03],"rotation":{"angle":22.5,"axis":"x","origin":[8,16.725,9.6]},"faces":{"north":{"uv":[8,11.5,8.5,11.75],"texture":"#3"},"east":{"uv":[8.5,11.5,9,11.75],"texture":"#3"},"south":{"uv":[10,11.5,10.5,11.75],"texture":"#3"},"west":{"uv":[10.5,11.5,11,11.75],"texture":"#3"},"up":{"uv":[11.5,3.5,11,3],"texture":"#3"}}},{"from":[7.355,15.865,8.955],"to":[8.645,17.335,10.245],"rotation":{"angle":22.5,"axis":"x","origin":[8,16.725,9.6]},"faces":{"north":{"uv":[5.5,10,6.25,10.75],"texture":"#3"},"east":{"uv":[10,6,10.75,6.75],"texture":"#3"},"south":{"uv":[6.5,10,7.25,10.75],"texture":"#3"},"west":{"uv":[10,7,10.75,7.75],"texture":"#3"},"up":{"uv":[8.25,10.75,7.5,10],"texture":"#3"},"down":{"uv":[10.75,8,10,8.75],"texture":"#3"}}},{"from":[7.57,15.435,9.17],"to":[8.43,15.865,10.03],"rotation":{"angle":22.5,"axis":"x","origin":[8,16.725,9.6]},"faces":{"north":{"uv":[11.5,6,12,6.25],"texture":"#3"},"east":{"uv":[11.5,6.5,12,6.75],"texture":"#3"},"south":{"uv":[11.5,7,12,7.25],"texture":"#3"},"west":{"uv":[7.5,11.5,8,11.75],"texture":"#3"}}},{"from":[7.985,16.00779,3.84857],"to":[8.005,17.00779,5.34857],"rotation":{"angle":45,"axis":"x","origin":[7.995,16.50779,4.59857]},"faces":{"east":{"uv":[10.5,0.5,11.25,1],"texture":"#3"},"west":{"uv":[1,10.5,1.75,11],"texture":"#3"}}},{"from":[7.985,16.00779,10.65143],"to":[8.005,17.00779,12.15143],"rotation":{"angle":-45,"axis":"x","origin":[7.995,16.50779,11.40143]},"faces":{"east":{"uv":[11.25,0.5,10.5,1],"texture":"#3"},"west":{"uv":[1.75,10.5,1,11],"texture":"#3"}}},{"from":[6.25,13.2,6.25],"to":[9.75,14.2,9.75],"rotation":{"angle":0,"axis":"y","origin":[6.5,13.2,6.5]},"faces":{"north":{"uv":[7.5,2,9.25,2.5],"texture":"#3"},"east":{"uv":[7.5,2.5,9.25,3],"texture":"#3"},"south":{"uv":[7.5,3,9.25,3.5],"texture":"#3"},"west":{"uv":[7.5,3.5,9.25,4],"texture":"#3"},"down":{"uv":[14.25,4.5,12.5,6.25],"texture":"#3"}}},{"from":[6,14.2,6],"to":[10,15.7,10],"rotation":{"angle":0,"axis":"y","origin":[6.5,14.2,6.5]},"faces":{"north":{"uv":[5.5,1.5,7.5,2.25],"texture":"#3"},"east":{"uv":[5.5,2.5,7.5,3.25],"texture":"#3"},"south":{"uv":[5.5,3.5,7.5,4.25],"texture":"#3"},"west":{"uv":[2,6,4,6.75],"texture":"#3"},"up":{"uv":[14.5,2,12.5,0],"texture":"#3"},"down":{"uv":[14.5,2.25,12.5,4.25],"texture":"#3"}}},{"from":[6.21185,15.62365,6.5],"to":[6.24185,17.12365,9.5],"rotation":{"angle":22.5,"axis":"z","origin":[6.22685,16.39865,8]},"faces":{"east":{"uv":[7,0,8.5,0.75],"texture":"#3"},"west":{"uv":[2,7,3.5,7.75],"texture":"#3"}}},{"from":[9.75815,15.62365,6.5],"to":[9.78815,17.12365,9.5],"rotation":{"angle":-22.5,"axis":"z","origin":[9.77315,16.39865,8]},"faces":{"east":{"uv":[7,4.5,8.5,5.25],"texture":"#3"},"west":{"uv":[7,5.5,8.5,6.25],"texture":"#3"}}},{"from":[7.4,12.95239,4.43933],"to":[7.4,14.45239,5.93933],"rotation":{"angle":-45,"axis":"x","origin":[7.4,13.70239,5.18933]},"faces":{"west":{"uv":[10,9,10.75,9.75],"texture":"#3"}}},{"from":[7.4,12.95239,10.06067],"to":[7.4,14.45239,11.56067],"rotation":{"angle":45,"axis":"x","origin":[7.4,13.70239,10.81067]},"faces":{"west":{"uv":[12.75,7.5,12,8.25],"texture":"#3"}}},{"from":[7.5,14.7566,4.11968],"to":[7.5,15.7566,5.11968],"rotation":{"angle":22.5,"axis":"x","origin":[7.5,15.2566,4.61968]},"faces":{"west":{"uv":[3.5,11,4,11.5],"texture":"#3"}}},{"from":[7.5,14.7566,10.88032],"to":[7.5,15.7566,11.88032],"rotation":{"angle":-22.5,"axis":"x","origin":[7.5,15.2566,11.38032]},"faces":{"west":{"uv":[2.5,12,2,12.5],"texture":"#3"}}},{"from":[8.5,14.7566,10.88032],"to":[8.5,15.7566,11.88032],"rotation":{"angle":-22.5,"axis":"x","origin":[8.5,15.2566,11.38032]},"faces":{"east":{"uv":[2,12,2.5,12.5],"texture":"#3"}}},{"from":[8.6,12.95239,10.06067],"to":[8.6,14.45239,11.56067],"rotation":{"angle":45,"axis":"x","origin":[8.6,13.70239,10.81067]},"faces":{"east":{"uv":[12,7.5,12.75,8.25],"texture":"#3"}}},{"from":[8.5,14.7566,4.11968],"to":[8.5,15.7566,5.11968],"rotation":{"angle":22.5,"axis":"x","origin":[8.5,15.2566,4.61968]},"faces":{"east":{"uv":[4,11,3.5,11.5],"texture":"#3"}}},{"from":[8.6,12.95239,4.43933],"to":[8.6,14.45239,5.93933],"rotation":{"angle":-45,"axis":"x","origin":[8.6,13.70239,5.18933]},"faces":{"east":{"uv":[10.75,9,10,9.75],"texture":"#3"}}},{"from":[7.5,5.45711,7.5],"to":[8.5,5.95711,8.5],"rotation":{"angle":0,"axis":"y","origin":[8,5.95711,8]},"faces":{"north":{"uv":[11.5,10.5,12,10.75],"texture":"#3"},"east":{"uv":[11,11.5,11.5,11.75],"texture":"#3"},"south":{"uv":[11.5,11,12,11.25],"texture":"#3"},"west":{"uv":[11.5,11.5,12,11.75],"texture":"#3"},"up":{"uv":[11.5,4,11,3.5],"texture":"#3"},"down":{"uv":[4.5,11,4,11.5],"texture":"#3"}}},{"from":[7.5,10.95711,7.5],"to":[8.5,11.95711,8.5],"rotation":{"angle":0,"axis":"y","origin":[8,11.45711,8]},"faces":{"north":{"uv":[11,4,11.5,4.5],"texture":"#3"},"east":{"uv":[4.5,11,5,11.5],"texture":"#3"},"south":{"uv":[11,4.5,11.5,5],"texture":"#3"},"west":{"uv":[5,11,5.5,11.5],"texture":"#3"},"up":{"uv":[11.5,5.5,11,5],"texture":"#3"},"down":{"uv":[6,11,5.5,11.5],"texture":"#3"}}},{"from":[7.35,5.95711,7.35],"to":[8.65,10.95711,8.65],"rotation":{"angle":0,"axis":"y","origin":[8,12.20711,8]},"faces":{"north":{"uv":[4.5,0,5.25,2.5],"texture":"#3"},"east":{"uv":[4.5,2.5,5.25,5],"texture":"#3"},"south":{"uv":[3.5,0,4.25,2.5],"texture":"#3"},"west":{"uv":[3.5,2.75,4.25,5.25],"texture":"#3"},"up":{"uv":[10.75,10.75,10,10],"texture":"#3"},"down":{"uv":[0.75,10.5,0,11.25],"texture":"#3"}}},{"from":[7.4,10.7,0.375],"to":[8.6,17.3,3.875],"rotation":{"angle":-22.5,"axis":"x","origin":[7.42,14,2.125]},"faces":{"east":{"uv":[7,0,0,13],"texture":"#1"},"west":{"uv":[0,0,7,13],"texture":"#1"}}},{"from":[7.75,12.23223,2.75],"to":[8.25,14.73223,5.25],"rotation":{"angle":-45,"axis":"x","origin":[7.75,12.23223,2.75]},"faces":{"north":{"uv":[8.5,10,8.75,11.25],"texture":"#3"},"east":{"uv":[4.5,5,5.75,6.25],"texture":"#3"},"south":{"uv":[10.5,1,10.75,2.25],"texture":"#3"},"west":{"uv":[5.5,0,6.75,1.25],"texture":"#3"},"up":{"uv":[2.25,11.75,2,10.5],"texture":"#3"},"down":{"uv":[10.75,2.5,10.5,3.75],"texture":"#3"}}},{"from":[7.7535,13,0.5],"to":[8.2465,15,2.5],"rotation":{"angle":0,"axis":"y","origin":[7.7535,12.5,0.5]},"faces":{"north":{"uv":[11,5.5,11.25,6.5],"texture":"#3"},"east":{"uv":[1,7.5,2,8.5],"texture":"#3"},"west":{"uv":[7.5,1,8.5,2],"texture":"#3"},"up":{"uv":[6.25,12,6,11],"texture":"#3"},"down":{"uv":[6.75,11,6.5,12],"texture":"#3"}}},{"from":[7.7585,15.03806,0.30866],"to":[8.2415,17.53806,2.15866],"rotation":{"angle":22.5,"axis":"x","origin":[7.7585,14.53806,0.30866]},"faces":{"north":{"uv":[9,10.5,9.25,11.75],"texture":"#3"},"east":{"uv":[6,4.5,7,5.75],"texture":"#3"},"south":{"uv":[9.5,10.5,9.75,11.75],"texture":"#3"},"west":{"uv":[6,6,7,7.25],"texture":"#3"},"up":{"uv":[11.25,7.5,11,6.5],"texture":"#3"}}},{"from":[7.7585,10.46194,0.30866],"to":[8.2415,12.96194,2.15866],"rotation":{"angle":-22.5,"axis":"x","origin":[7.7585,13.46194,0.30866]},"faces":{"north":{"uv":[1,11,1.25,12.25],"texture":"#3"},"east":{"uv":[4,6.5,5,7.75],"texture":"#3"},"south":{"uv":[11,1,11.25,2.25],"texture":"#3"},"west":{"uv":[5,6.5,6,7.75],"texture":"#3"},"down":{"uv":[7.25,11,7,12],"texture":"#3"}}},{"from":[7.99,9,-1.5],"to":[8.01,19,3.25],"rotation":{"angle":0,"axis":"y","origin":[7.99,10,-0.75]},"faces":{"east":{"uv":[2.5,0,0,5],"texture":"#3"},"west":{"uv":[0,0,2.5,5],"texture":"#3"}}},{"from":[7.4,10.7,12.125],"to":[8.6,17.3,15.625],"rotation":{"angle":22.5,"axis":"x","origin":[7.42,14,13.875]},"faces":{"east":{"uv":[0,0,7,13],"texture":"#1"},"west":{"uv":[7,0,0,13],"texture":"#1"}}},{"from":[7.75,12.23223,10.75],"to":[8.25,14.73223,13.25],"rotation":{"angle":45,"axis":"x","origin":[7.75,12.23223,13.25]},"faces":{"north":{"uv":[10.75,1,10.5,2.25],"texture":"#3"},"east":{"uv":[5.75,5,4.5,6.25],"texture":"#3"},"south":{"uv":[8.75,10,8.5,11.25],"texture":"#3"},"west":{"uv":[6.75,0,5.5,1.25],"texture":"#3"},"up":{"uv":[2.25,10.5,2,11.75],"texture":"#3"},"down":{"uv":[10.75,3.75,10.5,2.5],"texture":"#3"}}},{"from":[7.7535,13,13.5],"to":[8.2465,15,15.5],"rotation":{"angle":0,"axis":"y","origin":[7.7535,12.5,15.5]},"faces":{"east":{"uv":[2,7.5,1,8.5],"texture":"#3"},"south":{"uv":[11.25,5.5,11,6.5],"texture":"#3"},"west":{"uv":[8.5,1,7.5,2],"texture":"#3"},"up":{"uv":[6.25,11,6,12],"texture":"#3"},"down":{"uv":[6.75,12,6.5,11],"texture":"#3"}}},{"from":[7.7585,15.03806,13.84134],"to":[8.2415,17.53806,15.69134],"rotation":{"angle":-22.5,"axis":"x","origin":[7.7585,14.53806,15.69134]},"faces":{"north":{"uv":[9.75,10.5,9.5,11.75],"texture":"#3"},"east":{"uv":[7,4.5,6,5.75],"texture":"#3"},"south":{"uv":[9.25,10.5,9,11.75],"texture":"#3"},"west":{"uv":[7,6,6,7.25],"texture":"#3"},"up":{"uv":[11.25,6.5,11,7.5],"texture":"#3"}}},{"from":[7.7585,10.46194,13.84134],"to":[8.2415,12.96194,15.69134],"rotation":{"angle":22.5,"axis":"x","origin":[7.7585,13.46194,15.69134]},"faces":{"north":{"uv":[11.25,1,11,2.25],"texture":"#3"},"east":{"uv":[5,6.5,4,7.75],"texture":"#3"},"south":{"uv":[1.25,11,1,12.25],"texture":"#3"},"west":{"uv":[6,6.5,5,7.75],"texture":"#3"},"down":{"uv":[7.25,12,7,11],"texture":"#3"}}},{"from":[7.99,9,12.75],"to":[8.01,19,17.5],"rotation":{"angle":0,"axis":"y","origin":[7.99,10,16.75]},"faces":{"east":{"uv":[0,0,2.5,5],"texture":"#3"},"west":{"uv":[2.5,0,0,5],"texture":"#3"}}},{"from":[7.985,11.74221,4.59857],"to":[8.005,12.74221,6.09857],"rotation":{"angle":-22.5,"axis":"x","origin":[7.995,12.24221,5.34857]},"faces":{"east":{"uv":[1.75,11,1,10.5],"texture":"#3"},"west":{"uv":[1,11,1.75,10.5],"texture":"#3"}}},{"from":[7.985,11.74221,9.90143],"to":[8.005,12.74221,11.40143],"rotation":{"angle":22.5,"axis":"x","origin":[7.995,12.24221,10.65143]},"faces":{"east":{"uv":[1,11,1.75,10.5],"texture":"#3"},"west":{"uv":[1.75,11,1,10.5],"texture":"#3"}}}],"gui_light":"front","display":{"thirdperson_righthand":{"translation":[0,3.25,1]},"thirdperson_lefthand":{"translation":[0,3.25,1]},"firstperson_righthand":{"rotation":[-10,0,0],"translation":[1.75,2,-1.5]},"firstperson_lefthand":{"rotation":[-10,0,0],"translation":[1.75,2,-1.5]},"ground":{"rotation":[-45,0,0],"translation":[0,5,0],"scale":[0.7,0.7,0.7]},"gui":{"rotation":[-90,45,90],"translation":[1.75,-1.75,0],"scale":[0.7,0.7,0.7]},"head":{"rotation":[0,-90,0]},"fixed":{"rotation":[0,-90,0],"translation":[0,0,-2.75],"scale":[2,2,2]}}}