{"credit":"Made with Blockbench","texture_size":[32,32],"textures":{"1":"easterset/animations/animations_1","3":"easterset/hoe"},"elements":[{"from":[7.3,-1.99289,7.3],"to":[8.7,-0.59289,8.7],"rotation":{"angle":-45,"axis":"x","origin":[8,-1.29289,8]},"faces":{"north":{"uv":[9.5,5,10.25,5.75],"texture":"#3"},"east":{"uv":[9.5,7,10.25,7.75],"texture":"#3"},"south":{"uv":[7.5,9.5,8.25,10.25],"texture":"#3"},"west":{"uv":[9.5,8,10.25,8.75],"texture":"#3"},"up":{"uv":[9.25,10.25,8.5,9.5],"texture":"#3"},"down":{"uv":[10.25,9,9.5,9.75],"texture":"#3"}}},{"from":[7.5,-1.04289,7.5],"to":[8.5,-0.04289,8.5],"rotation":{"angle":0,"axis":"y","origin":[7.5,-1.04289,7.5]},"faces":{"north":{"uv":[1.5,8,2,8.5],"texture":"#3"},"east":{"uv":[4.5,8.5,5,9],"texture":"#3"},"south":{"uv":[8.5,6,9,6.5],"texture":"#3"},"west":{"uv":[1,10.5,1.5,11],"texture":"#3"}}},{"from":[7.5,2.70711,7.5],"to":[8.5,4.95711,8.5],"rotation":{"angle":0,"axis":"y","origin":[8,2.70711,8]},"faces":{"north":{"uv":[1,9,1.5,10.25],"texture":"#3"},"east":{"uv":[9,7,9.5,8.25],"texture":"#3"},"south":{"uv":[1.5,9.5,2,10.75],"texture":"#3"},"west":{"uv":[2,9.5,2.5,10.75],"texture":"#3"},"down":{"uv":[12,11.5,11.5,12],"texture":"#3"}}},{"from":[7.6,0.45711,7.6],"to":[8.4,2.70711,8.4],"rotation":{"angle":0,"axis":"y","origin":[8,2.70711,8]},"faces":{"north":{"uv":[2.5,9.5,3,10.75],"texture":"#3"},"east":{"uv":[3,9.5,3.5,10.75],"texture":"#3"},"south":{"uv":[3.5,9.5,4,10.75],"texture":"#3"},"west":{"uv":[4,9.5,4.5,10.75],"texture":"#3"}}},{"from":[7.35,4.95711,7.35],"to":[8.65,5.45711,8.65],"rotation":{"angle":0,"axis":"y","origin":[8,2.70711,8]},"faces":{"north":{"uv":[12,12,12.75,12.25],"texture":"#3"},"east":{"uv":[0,12.5,0.75,12.75],"texture":"#3"},"south":{"uv":[12.5,0,13.25,0.25],"texture":"#3"},"west":{"uv":[12.5,0.5,13.25,0.75],"texture":"#3"},"up":{"uv":[0.75,10.75,0,10],"texture":"#3"},"down":{"uv":[10.75,0,10,0.75],"texture":"#3"}}},{"from":[7.35,-0.04289,7.35],"to":[8.65,0.45711,8.65],"rotation":{"angle":0,"axis":"y","origin":[8,0.20711,8]},"faces":{"north":{"uv":[1,12.5,1.75,12.75],"texture":"#3"},"east":{"uv":[12.5,1,13.25,1.25],"texture":"#3"},"south":{"uv":[12.5,1.5,13.25,1.75],"texture":"#3"},"west":{"uv":[2,12.5,2.75,12.75],"texture":"#3"},"up":{"uv":[10.75,1.75,10,1],"texture":"#3"},"down":{"uv":[10.75,2,10,2.75],"texture":"#3"}}},{"from":[7.25,11.05,8],"to":[8.75,13.05,10],"rotation":{"angle":-45,"axis":"x","origin":[7.5,11.05,8]},"faces":{"north":{"uv":[3.5,8.5,4.25,9.5],"texture":"#3"},"east":{"uv":[1.5,8.5,2.5,9.5],"texture":"#3"},"south":{"uv":[8.5,5,9.25,6],"texture":"#3"},"west":{"uv":[2.5,8.5,3.5,9.5],"texture":"#3"},"up":{"uv":[8.25,9.5,7.5,8.5],"texture":"#3"},"down":{"uv":[9.25,8.5,8.5,9.5],"texture":"#3"}}},{"from":[7,11.3,8.25],"to":[9,12.8,9.75],"rotation":{"angle":-45,"axis":"x","origin":[7.5,11.05,8]},"faces":{"north":{"uv":[0,9,1,9.75],"texture":"#3"},"east":{"uv":[4.5,10,5.25,10.75],"texture":"#3"},"south":{"uv":[9,0,10,0.75],"texture":"#3"},"west":{"uv":[5.5,10,6.25,10.75],"texture":"#3"},"up":{"uv":[10,1.75,9,1],"texture":"#3"},"down":{"uv":[10,2,9,2.75],"texture":"#3"}}},{"from":[7.5,13.01924,6.18413],"to":[8.5,14.01924,7.68413],"rotation":{"angle":22.5,"axis":"x","origin":[8,14.33032,5.38461]},"faces":{"north":{"uv":[0,12,0.5,12.5],"texture":"#3"},"east":{"uv":[5,11,5.75,11.5],"texture":"#3"},"west":{"uv":[6,11,6.75,11.5],"texture":"#3"},"up":{"uv":[5.5,2.75,5,2],"texture":"#3"},"down":{"uv":[11.5,6,11,6.75],"texture":"#3"}}},{"from":[7.585,13.46,5.3775],"to":[8.415,14.29,6.6225],"rotation":{"angle":45,"axis":"x","origin":[8,14.33032,5.38461]},"faces":{"north":{"uv":[12,0,12.5,0.5],"texture":"#3"},"east":{"uv":[0.5,12,1,12.5],"texture":"#3"},"west":{"uv":[12,0.5,12.5,1],"texture":"#3"},"up":{"uv":[1.5,12.5,1,12],"texture":"#3"},"down":{"uv":[12.5,1,12,1.5],"texture":"#3"}}},{"from":[7.67215,14.00956,4.63996],"to":[8.32785,14.99311,5.29566],"rotation":{"angle":-22.5,"axis":"x","origin":[8,14.33032,5.38461]},"faces":{"north":{"uv":[12.5,2,12.75,2.5],"texture":"#3"},"east":{"uv":[12.5,2.5,12.75,3],"texture":"#3"},"south":{"uv":[3,12.5,3.25,13],"texture":"#3"},"west":{"uv":[12.5,3,12.75,3.5],"texture":"#3"},"up":{"uv":[5.25,13.25,5,13],"texture":"#3"}}},{"from":[7.72133,14.63516,4.46412],"to":[8.27867,15.47118,5.02147],"rotation":{"angle":0,"axis":"y","origin":[8,14.33032,5.38461]},"faces":{"north":{"uv":[3.5,12.5,3.75,13],"texture":"#3"},"east":{"uv":[12.5,3.5,12.75,4],"texture":"#3"},"south":{"uv":[4,12.5,4.25,13],"texture":"#3"},"west":{"uv":[12.5,4,12.75,4.5],"texture":"#3"},"up":{"uv":[13.25,5.25,13,5],"texture":"#3"}}},{"from":[7.77985,14.99466,4.12803],"to":[8.22015,15.65511,4.56833],"rotation":{"angle":22.5,"axis":"x","origin":[8,14.33032,5.38461]},"faces":{"north":{"uv":[5.5,13,5.75,13.25],"texture":"#3"},"east":{"uv":[13,5.5,13.25,5.75],"texture":"#3"},"south":{"uv":[6,13,6.25,13.25],"texture":"#3"},"west":{"uv":[13,6,13.25,6.25],"texture":"#3"},"up":{"uv":[6.75,13.25,6.5,13],"texture":"#3"}}},{"from":[7.5,13.01924,8.31587],"to":[8.5,14.01924,9.81587],"rotation":{"angle":-22.5,"axis":"x","origin":[8,14.33032,10.61539]},"faces":{"east":{"uv":[11.5,4.5,12.25,5],"texture":"#3"},"south":{"uv":[12,9.5,12.5,10],"texture":"#3"},"west":{"uv":[5,11.5,5.75,12],"texture":"#3"},"up":{"uv":[12,5.75,11.5,5],"texture":"#3"},"down":{"uv":[6.5,11.5,6,12.25],"texture":"#3"}}},{"from":[7.585,13.46,9.3775],"to":[8.415,14.29,10.6225],"rotation":{"angle":-45,"axis":"x","origin":[8,14.33032,10.61539]},"faces":{"east":{"uv":[12,7,12.5,7.5],"texture":"#3"},"south":{"uv":[12,7.5,12.5,8],"texture":"#3"},"west":{"uv":[12,8,12.5,8.5],"texture":"#3"},"up":{"uv":[12.5,9,12,8.5],"texture":"#3"},"down":{"uv":[12.5,9,12,9.5],"texture":"#3"}}},{"from":[7.67215,14.00956,10.70434],"to":[8.32785,14.99311,11.36004],"rotation":{"angle":22.5,"axis":"x","origin":[8,14.33032,10.61539]},"faces":{"north":{"uv":[4,13,4.25,13.5],"texture":"#3"},"east":{"uv":[13,4,13.25,4.5],"texture":"#3"},"south":{"uv":[4.5,13,4.75,13.5],"texture":"#3"},"west":{"uv":[13,4.5,13.25,5],"texture":"#3"},"up":{"uv":[13.25,8.25,13,8],"texture":"#3"}}},{"from":[7.77985,14.99466,11.43167],"to":[8.22015,15.65511,11.87197],"rotation":{"angle":-22.5,"axis":"x","origin":[8,14.33032,10.61539]},"faces":{"north":{"uv":[7,13,7.25,13.25],"texture":"#3"},"east":{"uv":[13,7,13.25,7.25],"texture":"#3"},"south":{"uv":[7.5,13,7.75,13.25],"texture":"#3"},"west":{"uv":[13,7.5,13.25,7.75],"texture":"#3"},"up":{"uv":[8.25,13.25,8,13],"texture":"#3"}}},{"from":[7.72133,14.63516,10.97853],"to":[8.27867,15.47118,11.53588],"rotation":{"angle":0,"axis":"y","origin":[8,14.33032,10.61539]},"faces":{"north":{"uv":[3,13,3.25,13.5],"texture":"#3"},"east":{"uv":[13,3,13.25,3.5],"texture":"#3"},"south":{"uv":[3.5,13,3.75,13.5],"texture":"#3"},"west":{"uv":[13,3.5,13.25,4],"texture":"#3"},"up":{"uv":[13.25,6.75,13,6.5],"texture":"#3"}}},{"from":[7.5,15.65,7.5],"to":[8.5,16.15,8.5],"rotation":{"angle":0,"axis":"y","origin":[7.5,15.65,7.5]},"faces":{"north":{"uv":[12.5,4.5,13,4.75],"texture":"#3"},"east":{"uv":[12.5,5,13,5.25],"texture":"#3"},"south":{"uv":[5.5,12.5,6,12.75],"texture":"#3"},"west":{"uv":[12.5,5.5,13,5.75],"texture":"#3"}}},{"from":[7.5,18.15,7.5],"to":[8.5,18.65,8.5],"rotation":{"angle":0,"axis":"y","origin":[7.5,18.15,7.5]},"faces":{"north":{"uv":[6,12.5,6.5,12.75],"texture":"#3"},"east":{"uv":[12.5,6,13,6.25],"texture":"#3"},"south":{"uv":[12.5,6.5,13,6.75],"texture":"#3"},"west":{"uv":[7,12.5,7.5,12.75],"texture":"#3"},"up":{"uv":[2,12.5,1.5,12],"texture":"#3"}}},{"from":[7.25,16.15,7.25],"to":[8.75,18.15,8.75],"rotation":{"angle":0,"axis":"y","origin":[7.5,16.65,7.5]},"faces":{"north":{"uv":[4.5,9,5.25,10],"texture":"#3"},"east":{"uv":[5.5,9,6.25,10],"texture":"#3"},"south":{"uv":[9,6,9.75,7],"texture":"#3"},"west":{"uv":[6.5,9,7.25,10],"texture":"#3"},"up":{"uv":[10.75,6.75,10,6],"texture":"#3"},"down":{"uv":[7.25,10,6.5,10.75],"texture":"#3"}}},{"from":[7.57,17.335,5.97],"to":[8.43,17.765,6.83],"rotation":{"angle":-22.5,"axis":"x","origin":[8,16.725,6.4]},"faces":{"north":{"uv":[12.5,9,13,9.25],"texture":"#3"},"east":{"uv":[12.5,9.5,13,9.75],"texture":"#3"},"south":{"uv":[12.5,10,13,10.25],"texture":"#3"},"west":{"uv":[12.5,10.5,13,10.75],"texture":"#3"},"up":{"uv":[12.5,2,12,1.5],"texture":"#3"}}},{"from":[7.355,15.865,5.755],"to":[8.645,17.335,7.045],"rotation":{"angle":-22.5,"axis":"x","origin":[8,16.725,6.4]},"faces":{"north":{"uv":[9.5,10,10.25,10.75],"texture":"#3"},"east":{"uv":[10.5,3,11.25,3.75],"texture":"#3"},"south":{"uv":[10.5,4,11.25,4.75],"texture":"#3"},"west":{"uv":[10.5,5,11.25,5.75],"texture":"#3"},"up":{"uv":[11.25,7.75,10.5,7],"texture":"#3"},"down":{"uv":[8.25,10.5,7.5,11.25],"texture":"#3"}}},{"from":[7.57,15.435,5.97],"to":[8.43,15.865,6.83],"rotation":{"angle":-22.5,"axis":"x","origin":[8,16.725,6.4]},"faces":{"north":{"uv":[12.5,7,13,7.25],"texture":"#3"},"east":{"uv":[12.5,7.5,13,7.75],"texture":"#3"},"south":{"uv":[12.5,8,13,8.25],"texture":"#3"},"west":{"uv":[12.5,8.5,13,8.75],"texture":"#3"}}},{"from":[7.57,17.335,9.17],"to":[8.43,17.765,10.03],"rotation":{"angle":22.5,"axis":"x","origin":[8,16.725,9.6]},"faces":{"north":{"uv":[0,13,0.5,13.25],"texture":"#3"},"east":{"uv":[0.5,13,1,13.25],"texture":"#3"},"south":{"uv":[1,13,1.5,13.25],"texture":"#3"},"west":{"uv":[1.5,13,2,13.25],"texture":"#3"},"up":{"uv":[2.5,12.5,2,12],"texture":"#3"}}},{"from":[7.355,15.865,8.955],"to":[8.645,17.335,10.245],"rotation":{"angle":22.5,"axis":"x","origin":[8,16.725,9.6]},"faces":{"north":{"uv":[10.5,8,11.25,8.75],"texture":"#3"},"east":{"uv":[8.5,10.5,9.25,11.25],"texture":"#3"},"south":{"uv":[10.5,9,11.25,9.75],"texture":"#3"},"west":{"uv":[10.5,10,11.25,10.75],"texture":"#3"},"up":{"uv":[0.75,11.75,0,11],"texture":"#3"},"down":{"uv":[11.75,0,11,0.75],"texture":"#3"}}},{"from":[7.57,15.435,9.17],"to":[8.43,15.865,10.03],"rotation":{"angle":22.5,"axis":"x","origin":[8,16.725,9.6]},"faces":{"north":{"uv":[12.5,11,13,11.25],"texture":"#3"},"east":{"uv":[12.5,11.5,13,11.75],"texture":"#3"},"south":{"uv":[12,12.5,12.5,12.75],"texture":"#3"},"west":{"uv":[12.5,12.5,13,12.75],"texture":"#3"}}},{"from":[7.985,16.00779,3.84857],"to":[8.005,17.00779,5.34857],"rotation":{"angle":45,"axis":"x","origin":[7.995,16.50779,4.59857]},"faces":{"east":{"uv":[9.5,11,10.25,11.5],"texture":"#3"},"west":{"uv":[10.5,11,11.25,11.5],"texture":"#3"}}},{"from":[7.985,16.00779,10.65143],"to":[8.005,17.00779,12.15143],"rotation":{"angle":-45,"axis":"x","origin":[7.995,16.50779,11.40143]},"faces":{"east":{"uv":[11.5,6,12.25,6.5],"texture":"#3"},"west":{"uv":[11.5,6.5,12.25,7],"texture":"#3"}}},{"from":[7.985,11.74221,4.59857],"to":[8.005,12.74221,6.09857],"rotation":{"angle":-22.5,"axis":"x","origin":[7.995,12.24221,5.34857]},"faces":{"east":{"uv":[9.5,11.5,10.25,11],"texture":"#3"},"west":{"uv":[10.5,11.5,11.25,11],"texture":"#3"}}},{"from":[7.985,11.74221,9.90143],"to":[8.005,12.74221,11.40143],"rotation":{"angle":22.5,"axis":"x","origin":[7.995,12.24221,10.65143]},"faces":{"east":{"uv":[10.25,11.5,9.5,11],"texture":"#3"},"west":{"uv":[11.25,11.5,10.5,11],"texture":"#3"}}},{"from":[6.25,13.2,6.25],"to":[9.75,14.2,9.75],"rotation":{"angle":0,"axis":"y","origin":[6.5,13.2,6.5]},"faces":{"north":{"uv":[8.5,3,10.25,3.5],"texture":"#3"},"east":{"uv":[8.5,3.5,10.25,4],"texture":"#3"},"south":{"uv":[8.5,4,10.25,4.5],"texture":"#3"},"west":{"uv":[8.5,4.5,10.25,5],"texture":"#3"},"down":{"uv":[6.75,0,5,1.75],"texture":"#3"}}},{"from":[6,14.2,6],"to":[10,15.7,10],"rotation":{"angle":0,"axis":"y","origin":[6.5,14.2,6.5]},"faces":{"north":{"uv":[0,7,2,7.75],"texture":"#3"},"east":{"uv":[7,0,9,0.75],"texture":"#3"},"south":{"uv":[7,1,9,1.75],"texture":"#3"},"west":{"uv":[7,2,9,2.75],"texture":"#3"},"up":{"uv":[5.5,5,3.5,3],"texture":"#3"},"down":{"uv":[2,5,0,7],"texture":"#3"}}},{"from":[6.21185,15.62365,6.5],"to":[6.24185,17.12365,9.5],"rotation":{"angle":22.5,"axis":"z","origin":[6.22685,16.39865,8]},"faces":{"east":{"uv":[7.5,6.5,9,7.25],"texture":"#3"},"west":{"uv":[7.5,7.5,9,8.25],"texture":"#3"}}},{"from":[9.75815,15.62365,6.5],"to":[9.78815,17.12365,9.5],"rotation":{"angle":-22.5,"axis":"z","origin":[9.77315,16.39865,8]},"faces":{"east":{"uv":[0,8,1.5,8.75],"texture":"#3"},"west":{"uv":[6,8,7.5,8.75],"texture":"#3"}}},{"from":[7.4,12.95239,4.43933],"to":[7.4,14.45239,5.93933],"rotation":{"angle":-45,"axis":"x","origin":[7.4,13.70239,5.18933]},"faces":{"west":{"uv":[1,11,1.75,11.75],"texture":"#3"}}},{"from":[7.4,12.95239,10.06067],"to":[7.4,14.45239,11.56067],"rotation":{"angle":45,"axis":"x","origin":[7.4,13.70239,10.81067]},"faces":{"west":{"uv":[11,2,11.75,2.75],"texture":"#3"}}},{"from":[7.5,14.7566,4.11968],"to":[7.5,15.7566,5.11968],"rotation":{"angle":22.5,"axis":"x","origin":[7.5,15.2566,4.61968]},"faces":{"west":{"uv":[12,2,12.5,2.5],"texture":"#3"}}},{"from":[7.5,14.7566,10.88032],"to":[7.5,15.7566,11.88032],"rotation":{"angle":-22.5,"axis":"x","origin":[7.5,15.2566,11.38032]},"faces":{"west":{"uv":[12,10,12.5,10.5],"texture":"#3"}}},{"from":[8.5,14.7566,10.88032],"to":[8.5,15.7566,11.88032],"rotation":{"angle":-22.5,"axis":"x","origin":[8.5,15.2566,11.38032]},"faces":{"east":{"uv":[12,10.5,12.5,11],"texture":"#3"}}},{"from":[8.6,12.95239,10.06067],"to":[8.6,14.45239,11.56067],"rotation":{"angle":45,"axis":"x","origin":[8.6,13.70239,10.81067]},"faces":{"east":{"uv":[4,11,4.75,11.75],"texture":"#3"}}},{"from":[8.5,14.7566,4.11968],"to":[8.5,15.7566,5.11968],"rotation":{"angle":22.5,"axis":"x","origin":[8.5,15.2566,4.61968]},"faces":{"east":{"uv":[5.5,12,6,12.5],"texture":"#3"}}},{"from":[8.6,12.95239,4.43933],"to":[8.6,14.45239,5.93933],"rotation":{"angle":-45,"axis":"x","origin":[8.6,13.70239,5.18933]},"faces":{"east":{"uv":[3,11,3.75,11.75],"texture":"#3"}}},{"from":[7.5,5.45711,7.5],"to":[8.5,5.95711,8.5],"rotation":{"angle":0,"axis":"y","origin":[8,5.95711,8]},"faces":{"north":{"uv":[2,13,2.5,13.25],"texture":"#3"},"east":{"uv":[13,2,13.5,2.25],"texture":"#3"},"south":{"uv":[2.5,13,3,13.25],"texture":"#3"},"west":{"uv":[13,2.5,13.5,2.75],"texture":"#3"},"up":{"uv":[3,12.5,2.5,12],"texture":"#3"},"down":{"uv":[12.5,2.5,12,3],"texture":"#3"}}},{"from":[7.5,10.95711,7.5],"to":[8.5,11.95711,8.5],"rotation":{"angle":0,"axis":"y","origin":[8,11.45711,8]},"faces":{"north":{"uv":[3,12,3.5,12.5],"texture":"#3"},"east":{"uv":[12,3,12.5,3.5],"texture":"#3"},"south":{"uv":[3.5,12,4,12.5],"texture":"#3"},"west":{"uv":[12,3.5,12.5,4],"texture":"#3"},"up":{"uv":[4.5,12.5,4,12],"texture":"#3"},"down":{"uv":[12.5,4,12,4.5],"texture":"#3"}}},{"from":[7.35,5.95711,7.35],"to":[8.65,10.95711,8.65],"rotation":{"angle":0,"axis":"y","origin":[8,12.20711,8]},"faces":{"north":{"uv":[2,5,2.75,7.5],"texture":"#3"},"east":{"uv":[3,5,3.75,7.5],"texture":"#3"},"south":{"uv":[4,5,4.75,7.5],"texture":"#3"},"west":{"uv":[5,5,5.75,7.5],"texture":"#3"},"up":{"uv":[11.75,1.75,11,1],"texture":"#3"},"down":{"uv":[2.75,11,2,11.75],"texture":"#3"}}},{"from":[7.75,15.53032,-0.65903],"to":[8.25,18.03032,1.84097],"rotation":{"angle":45,"axis":"x","origin":[8,14.3358,0.29298]},"faces":{"north":{"uv":[7.5,11.5,7.75,12.75],"texture":"#3"},"east":{"uv":[5.5,2,6.75,3.25],"texture":"#3"},"south":{"uv":[8,11.5,8.25,12.75],"texture":"#3"},"west":{"uv":[5.5,3.5,6.75,4.75],"texture":"#3"},"up":{"uv":[8.75,12.75,8.5,11.5],"texture":"#3"},"down":{"uv":[11.75,8.5,11.5,9.75],"texture":"#3"}}},{"from":[7.7535,14.62917,0.34196],"to":[8.2465,16.62917,3.34196],"rotation":{"angle":-22.5,"axis":"x","origin":[8,14.3358,0.29298]},"faces":{"north":{"uv":[4.5,12,4.75,13],"texture":"#3"},"east":{"uv":[7,3,8.5,4],"texture":"#3"},"south":{"uv":[5,12,5.25,13],"texture":"#3"},"west":{"uv":[7,4,8.5,5],"texture":"#3"},"up":{"uv":[7.25,12.5,7,11],"texture":"#3"},"down":{"uv":[11.75,3,11.5,4.5],"texture":"#3"}}},{"from":[7.75,13.61878,12.47307],"to":[8.25,16.11878,14.97307],"rotation":{"angle":45,"axis":"x","origin":[8,15.30725,14.93422]},"faces":{"north":{"uv":[10,11.5,10.25,12.75],"texture":"#3"},"east":{"uv":[6,5,7.25,6.25],"texture":"#3"},"south":{"uv":[11.5,10,11.75,11.25],"texture":"#3"},"west":{"uv":[6,6.5,7.25,7.75],"texture":"#3"},"up":{"uv":[10.75,12.75,10.5,11.5],"texture":"#3"},"down":{"uv":[11.25,11.5,11,12.75],"texture":"#3"}}},{"from":[7.7535,14.99885,12.97098],"to":[8.2465,16.99885,15.97098],"rotation":{"angle":22.5,"axis":"x","origin":[8,15.30725,14.93422]},"faces":{"north":{"uv":[12,11,12.25,12],"texture":"#3"},"east":{"uv":[2,7.5,3.5,8.5],"texture":"#3"},"south":{"uv":[11.5,12,11.75,13],"texture":"#3"},"west":{"uv":[3.5,7.5,5,8.5],"texture":"#3"},"up":{"uv":[6.75,13,6.5,11.5],"texture":"#3"},"down":{"uv":[11.75,7,11.5,8.5],"texture":"#3"}}},{"from":[7.7585,12.75868,-1.80708],"to":[8.2415,15.25868,0.04292],"rotation":{"angle":45,"axis":"x","origin":[8,14.3358,0.29298]},"faces":{"north":{"uv":[9,11.5,9.25,12.75],"texture":"#3"},"east":{"uv":[5,7.5,6,8.75],"texture":"#3"},"south":{"uv":[9.5,11.5,9.75,12.75],"texture":"#3"},"west":{"uv":[7.5,5,8.5,6.25],"texture":"#3"},"down":{"uv":[12.25,5,12,6],"texture":"#3"}}},{"from":[7.99,10.37917,-6.15804],"to":[8.01,15.62917,3.34196],"rotation":{"angle":-22.5,"axis":"x","origin":[8,14.3358,0.29298]},"faces":{"east":{"uv":[4.75,0,0,2.75],"texture":"#3"},"west":{"uv":[0,0,4.75,2.75],"texture":"#3"}}},{"from":[7.99,13.49885,12.97098],"to":[8.01,16.99885,19.47098],"rotation":{"angle":22.5,"axis":"x","origin":[8,15.30725,14.93422]},"faces":{"east":{"uv":[3.25,3,0,4.75],"texture":"#3"},"west":{"uv":[0,3,3.25,4.75],"texture":"#3"}}},{"from":[7.4,13.11992,-2.88271],"to":[8.6,16.61992,3.71729],"rotation":{"angle":-22.5,"axis":"x","origin":[8,14.3358,0.29298]},"faces":{"east":{"uv":[7,0,0,13],"rotation":90,"texture":"#1"},"west":{"uv":[0,0,7,13],"rotation":270,"texture":"#1"}}},{"from":[7.4,13.11992,12.28271],"to":[8.6,16.61992,18.88271],"rotation":{"angle":22.5,"axis":"x","origin":[8,14.3358,15.70702]},"faces":{"east":{"uv":[7,13,0,0],"rotation":90,"texture":"#1"},"west":{"uv":[0,13,7,0],"rotation":270,"texture":"#1"}}}],"gui_light":"front","display":{"thirdperson_righthand":{"translation":[0,3.25,1]},"thirdperson_lefthand":{"translation":[0,3.25,1]},"firstperson_righthand":{"rotation":[-10,0,0],"translation":[1.75,2,-1.5]},"firstperson_lefthand":{"rotation":[-10,0,0],"translation":[1.75,2,-1.5]},"ground":{"rotation":[-45,0,0],"translation":[0,5,0],"scale":[0.7,0.7,0.7]},"gui":{"rotation":[-90,45,90],"translation":[1.75,-1.75,0],"scale":[0.7,0.7,0.7]},"head":{"rotation":[0,-90,0]},"fixed":{"rotation":[0,-90,0],"translation":[0,0,-2.75],"scale":[2,2,2]}}}