{"credit":"Made with Blockbench","texture_size":[8,8],"textures":{"1":"easterset/animations/animations_1","2":"easterset/sword","particle":"easterset/sword"},"elements":[{"from":[7.3,-1.99289,7.3],"to":[8.7,-0.59289,8.7],"rotation":{"angle":-45,"axis":"x","origin":[8,-1.29289,8]},"faces":{"north":{"uv":[12,0,13,1],"texture":"#2"},"east":{"uv":[12,1.33333,13,2.33333],"texture":"#2"},"south":{"uv":[12,2.66667,13,3.66667],"texture":"#2"},"west":{"uv":[12,4,13,5],"texture":"#2"},"up":{"uv":[6.33333,13,5.33333,12],"texture":"#2"},"down":{"uv":[13,5.33333,12,6.33333],"texture":"#2"}}},{"from":[7.5,-1.04289,7.5],"to":[8.5,-0.04289,8.5],"rotation":{"angle":0,"axis":"y","origin":[7.5,-1.04289,7.5]},"faces":{"north":{"uv":[5.33333,10,6,10.66667],"texture":"#2"},"east":{"uv":[8.66667,10,9.33333,10.66667],"texture":"#2"},"south":{"uv":[11.33333,2,12,2.66667],"texture":"#2"},"west":{"uv":[13.33333,10,14,10.66667],"texture":"#2"}}},{"from":[7.5,2.70711,7.5],"to":[8.5,4.95711,8.5],"rotation":{"angle":0,"axis":"x","origin":[8,2.70711,8]},"faces":{"north":{"uv":[0,11.33333,0.66667,13],"texture":"#2"},"east":{"uv":[11.33333,0,12,1.66667],"texture":"#2"},"south":{"uv":[0.66667,11.33333,1.33333,13],"texture":"#2"},"west":{"uv":[1.33333,11.33333,2,13],"texture":"#2"},"down":{"uv":[11.33333,13.33333,10.66667,14],"texture":"#2"}}},{"from":[7.6,0.45711,7.6],"to":[8.4,2.70711,8.4],"rotation":{"angle":0,"axis":"x","origin":[8,2.70711,8]},"faces":{"north":{"uv":[2,11.33333,2.66667,13],"texture":"#2"},"east":{"uv":[2.66667,11.33333,3.33333,13],"texture":"#2"},"south":{"uv":[4,11.33333,4.66667,13],"texture":"#2"},"west":{"uv":[4.66667,11.33333,5.33333,13],"texture":"#2"}}},{"from":[7.35,4.95711,7.35],"to":[8.65,5.45711,8.65],"rotation":{"angle":0,"axis":"x","origin":[8,2.70711,8]},"faces":{"north":{"uv":[11.33333,14,12.33333,14.33333],"texture":"#2"},"east":{"uv":[14,11.33333,15,11.66667],"texture":"#2"},"south":{"uv":[14,12,15,12.33333],"texture":"#2"},"west":{"uv":[12.66667,14,13.66667,14.33333],"texture":"#2"},"up":{"uv":[7.66667,13,6.66667,12],"texture":"#2"},"down":{"uv":[13,6.66667,12,7.66667],"texture":"#2"}}},{"from":[7.35,-0.04289,7.35],"to":[8.65,0.45711,8.65],"rotation":{"angle":0,"axis":"y","origin":[8,0.20711,8]},"faces":{"north":{"uv":[14,12.66667,15,13],"texture":"#2"},"east":{"uv":[14,13.33333,15,13.66667],"texture":"#2"},"south":{"uv":[14,14,15,14.33333],"texture":"#2"},"west":{"uv":[0,14.66667,1,15],"texture":"#2"},"up":{"uv":[9,13,8,12],"texture":"#2"},"down":{"uv":[13,8,12,9],"texture":"#2"}}},{"from":[7.25,5.05,8],"to":[8.75,7.05,10],"rotation":{"angle":-45,"axis":"x","origin":[7.5,5.05,8]},"faces":{"north":{"uv":[7.33333,9.33333,8.33333,10.66667],"texture":"#2"},"east":{"uv":[9.33333,2.66667,10.66667,4],"texture":"#2"},"south":{"uv":[9.33333,9.33333,10.33333,10.66667],"texture":"#2"},"west":{"uv":[9.33333,4,10.66667,5.33333],"texture":"#2"},"up":{"uv":[5,11.33333,4,10],"texture":"#2"},"down":{"uv":[11.66667,2.66667,10.66667,4],"texture":"#2"}}},{"from":[7,5.3,8.25],"to":[9,6.8,9.75],"rotation":{"angle":-45,"axis":"x","origin":[7.5,5.05,8]},"faces":{"north":{"uv":[10.66667,4,12,5],"texture":"#2"},"east":{"uv":[9.33333,12,10.33333,13],"texture":"#2"},"south":{"uv":[5.33333,10.66667,6.66667,11.66667],"texture":"#2"},"west":{"uv":[12,9.33333,13,10.33333],"texture":"#2"},"up":{"uv":[12,6.33333,10.66667,5.33333],"texture":"#2"},"down":{"uv":[8,10.66667,6.66667,11.66667],"texture":"#2"}}},{"from":[7.5,6,6.25],"to":[8.5,7,7.75],"rotation":{"angle":-22.5,"axis":"x","origin":[7.5,6,6.25]},"faces":{"north":{"uv":[13.33333,10.66667,14,11.33333],"texture":"#2"},"east":{"uv":[8,13.33333,9,14],"texture":"#2"},"west":{"uv":[13.33333,8,14.33333,8.66667],"texture":"#2"},"up":{"uv":[3.33333,14.33333,2.66667,13.33333],"texture":"#2"},"down":{"uv":[14,8.66667,13.33333,9.66667],"texture":"#2"}}},{"from":[7.585,6.035,5.0025],"to":[8.415,6.865,6.2475],"rotation":{"angle":0,"axis":"x","origin":[7.585,6.035,4.5875]},"faces":{"north":{"uv":[11.33333,13.33333,12,14],"texture":"#2"},"east":{"uv":[13.33333,11.33333,14,12],"texture":"#2"},"west":{"uv":[12,13.33333,12.66667,14],"texture":"#2"},"up":{"uv":[14,12.66667,13.33333,12],"texture":"#2"},"down":{"uv":[13.33333,13.33333,12.66667,14],"texture":"#2"}}},{"from":[7.67215,6.64239,4.15635],"to":[8.32785,7.29809,5.1399],"rotation":{"angle":22.5,"axis":"x","origin":[7.67215,6.66739,3.7035]},"faces":{"north":{"uv":[15.33333,0.66667,15.66667,1],"texture":"#2"},"east":{"uv":[1.33333,14.66667,2,15],"texture":"#2"},"west":{"uv":[14.66667,1.33333,15.33333,1.66667],"texture":"#2"},"up":{"uv":[2.33333,15.33333,2,14.66667],"texture":"#2"},"down":{"uv":[15,2,14.66667,2.66667],"texture":"#2"}}},{"from":[7.72133,6.49444,3.52722],"to":[8.27867,7.05179,4.36324],"rotation":{"angle":0,"axis":"x","origin":[7.72133,6.54069,4.2048]},"faces":{"north":{"uv":[1.33333,15.33333,1.66667,15.66667],"texture":"#2"},"east":{"uv":[2.66667,14.66667,3.33333,15],"texture":"#2"},"west":{"uv":[14.66667,2.66667,15.33333,3],"texture":"#2"},"up":{"uv":[15,4,14.66667,3.33333],"texture":"#2"},"down":{"uv":[4,14.66667,3.66667,15.33333],"texture":"#2"}}},{"from":[7.77985,6.43921,3.01745],"to":[8.22015,6.87951,3.6779],"rotation":{"angle":-22.5,"axis":"x","origin":[8,6.63436,3.24767]},"faces":{"north":{"uv":[15.33333,1.33333,15.66667,1.66667],"texture":"#2"},"east":{"uv":[2,15.33333,2.33333,15.66667],"texture":"#2"},"west":{"uv":[15.33333,2,15.66667,2.33333],"texture":"#2"},"up":{"uv":[3,15.66667,2.66667,15.33333],"texture":"#2"},"down":{"uv":[15.66667,2.66667,15.33333,3],"texture":"#2"}}},{"from":[7.75,12.87843,8],"to":[8.25,14.87843,10],"rotation":{"angle":-45,"axis":"x","origin":[7.75,12.87843,8]},"faces":{"north":{"uv":[13.33333,12.66667,13.66667,14],"texture":"#2"},"east":{"uv":[9.33333,5.33333,10.66667,6.66667],"texture":"#2"},"south":{"uv":[8,14,8.33333,15.33333],"texture":"#2"},"west":{"uv":[6,9.33333,7.33333,10.66667],"texture":"#2"},"up":{"uv":[9,15.33333,8.66667,14],"texture":"#2"},"down":{"uv":[14.33333,8.66667,14,10],"texture":"#2"}}},{"from":[7.75,24.54311,8],"to":[8.25,25.60311,9.06],"rotation":{"angle":-45,"axis":"x","origin":[7.75,24.54311,8]},"faces":{"north":{"uv":[14.66667,4,15,4.66667],"texture":"#2"},"east":{"uv":[9.33333,14,10,14.66667],"texture":"#2"},"south":{"uv":[4,14.66667,4.33333,15.33333],"texture":"#2"},"west":{"uv":[10,14,10.66667,14.66667],"texture":"#2"},"up":{"uv":[15,5.33333,14.66667,4.66667],"texture":"#2"},"down":{"uv":[4.66667,14.66667,4.33333,15.33333],"texture":"#2"}}},{"from":[7.7535,14.29264,7.25],"to":[8.2465,25.29264,8.75],"rotation":{"angle":0,"axis":"x","origin":[8.0035,11.29264,8.25]},"faces":{"north":{"uv":[8.66667,2.66667,9,10],"texture":"#2"},"east":{"uv":[3.66667,0,4.66667,7.33333],"texture":"#2"},"south":{"uv":[15.66667,3.33333,16,10.66667],"texture":"#2"},"west":{"uv":[4.66667,0,5.66667,7.33333],"texture":"#2"},"up":{"uv":[15,1,14.66667,0],"texture":"#2"}}},{"from":[7.99,13.29264,5.5],"to":[8.01,29.79264,10.5],"rotation":{"angle":0,"axis":"y","origin":[7.99,9.79264,6.25]},"faces":{"east":{"uv":[3.33333,0,0,11],"texture":"#2"},"west":{"uv":[0,0,3.33333,11],"texture":"#2"}}},{"from":[7.5,9.65,7.5],"to":[8.5,10.15,8.5],"rotation":{"angle":0,"axis":"y","origin":[7.5,9.65,7.5]},"faces":{"north":{"uv":[14.66667,5.33333,15.33333,5.66667],"texture":"#2"},"east":{"uv":[6,14.66667,6.66667,15],"texture":"#2"},"south":{"uv":[14.66667,6,15.33333,6.33333],"texture":"#2"},"west":{"uv":[6.66667,14.66667,7.33333,15],"texture":"#2"}}},{"from":[7.5,12.15,7.5],"to":[8.5,12.65,8.5],"rotation":{"angle":0,"axis":"y","origin":[7.5,12.15,7.5]},"faces":{"north":{"uv":[14.66667,6.66667,15.33333,7],"texture":"#2"},"east":{"uv":[7.33333,14.66667,8,15],"texture":"#2"},"south":{"uv":[14.66667,7.33333,15.33333,7.66667],"texture":"#2"},"west":{"uv":[14.66667,8,15.33333,8.33333],"texture":"#2"},"up":{"uv":[14.66667,10.66667,14,10],"texture":"#2"}}},{"from":[7.25,10.15,7.25],"to":[8.75,12.15,8.75],"rotation":{"angle":0,"axis":"y","origin":[7.5,10.65,7.5]},"faces":{"north":{"uv":[8,10.66667,9,12],"texture":"#2"},"east":{"uv":[9.33333,10.66667,10.33333,12],"texture":"#2"},"south":{"uv":[10.66667,9.33333,11.66667,10.66667],"texture":"#2"},"west":{"uv":[10.66667,10.66667,11.66667,12],"texture":"#2"},"up":{"uv":[11.66667,13,10.66667,12],"texture":"#2"},"down":{"uv":[13,10.66667,12,11.66667],"texture":"#2"}}},{"from":[7.57,11.335,5.97],"to":[8.43,11.765,6.83],"rotation":{"angle":-22.5,"axis":"x","origin":[8,10.725,6.4]},"faces":{"north":{"uv":[14.66667,10,15.33333,10.33333],"texture":"#2"},"east":{"uv":[10.66667,14.66667,11.33333,15],"texture":"#2"},"south":{"uv":[14.66667,10.66667,15.33333,11],"texture":"#2"},"west":{"uv":[11.33333,14.66667,12,15],"texture":"#2"},"up":{"uv":[11.33333,14.66667,10.66667,14],"texture":"#2"}}},{"from":[7.355,9.865,5.755],"to":[8.645,11.335,7.045],"rotation":{"angle":-22.5,"axis":"x","origin":[8,10.725,6.4]},"faces":{"north":{"uv":[12,12,13,13],"texture":"#2"},"east":{"uv":[0,13.33333,1,14.33333],"texture":"#2"},"south":{"uv":[13.33333,0,14.33333,1],"texture":"#2"},"west":{"uv":[1.33333,13.33333,2.33333,14.33333],"texture":"#2"},"up":{"uv":[14.33333,2.33333,13.33333,1.33333],"texture":"#2"},"down":{"uv":[14.33333,2.66667,13.33333,3.66667],"texture":"#2"}}},{"from":[7.57,9.435,5.97],"to":[8.43,9.865,6.83],"rotation":{"angle":-22.5,"axis":"x","origin":[8,10.725,6.4]},"faces":{"north":{"uv":[14.66667,8.66667,15.33333,9],"texture":"#2"},"east":{"uv":[9.33333,14.66667,10,15],"texture":"#2"},"south":{"uv":[14.66667,9.33333,15.33333,9.66667],"texture":"#2"},"west":{"uv":[10,14.66667,10.66667,15],"texture":"#2"}}},{"from":[7.57,11.335,9.17],"to":[8.43,11.765,10.03],"rotation":{"angle":22.5,"axis":"x","origin":[8,10.725,9.6]},"faces":{"north":{"uv":[14.66667,14.66667,15.33333,15],"texture":"#2"},"east":{"uv":[0,15.33333,0.66667,15.66667],"texture":"#2"},"south":{"uv":[15.33333,0,16,0.33333],"texture":"#2"},"west":{"uv":[0.66667,15.33333,1.33333,15.66667],"texture":"#2"},"up":{"uv":[14.66667,11.33333,14,10.66667],"texture":"#2"}}},{"from":[7.355,9.865,8.955],"to":[8.645,11.335,10.245],"rotation":{"angle":22.5,"axis":"x","origin":[8,10.725,9.6]},"faces":{"north":{"uv":[4,13.33333,5,14.33333],"texture":"#2"},"east":{"uv":[13.33333,4,14.33333,5],"texture":"#2"},"south":{"uv":[5.33333,13.33333,6.33333,14.33333],"texture":"#2"},"west":{"uv":[13.33333,5.33333,14.33333,6.33333],"texture":"#2"},"up":{"uv":[7.66667,14.33333,6.66667,13.33333],"texture":"#2"},"down":{"uv":[14.33333,6.66667,13.33333,7.66667],"texture":"#2"}}},{"from":[7.57,9.435,9.17],"to":[8.43,9.865,10.03],"rotation":{"angle":22.5,"axis":"x","origin":[8,10.725,9.6]},"faces":{"north":{"uv":[12,14.66667,12.66667,15],"texture":"#2"},"east":{"uv":[12.66667,14.66667,13.33333,15],"texture":"#2"},"south":{"uv":[13.33333,14.66667,14,15],"texture":"#2"},"west":{"uv":[14,14.66667,14.66667,15],"texture":"#2"}}},{"from":[7.985,7.35719,2.20221],"to":[8.005,8.35719,3.70221],"rotation":{"angle":22.5,"axis":"x","origin":[7.985,7.35719,2.20221]},"faces":{"east":{"uv":[10.33333,13.33333,9.33333,14],"texture":"#2"},"west":{"uv":[9.33333,13.33333,10.33333,14],"texture":"#2"}}},{"from":[7.985,4.74281,3.70221],"to":[8.005,5.74281,5.20221],"rotation":{"angle":-22.5,"axis":"x","origin":[7.985,5.74281,3.70221]},"faces":{"east":{"uv":[10.33333,14,9.33333,13.33333],"texture":"#2"},"west":{"uv":[9.33333,14,10.33333,13.33333],"texture":"#2"}}},{"from":[7.985,9.10719,4.95221],"to":[8.005,10.10719,6.45221],"rotation":{"angle":45,"axis":"x","origin":[7.985,9.10719,2.95221]},"faces":{"east":{"uv":[10.33333,13.33333,9.33333,14],"texture":"#2"},"west":{"uv":[9.33333,13.33333,10.33333,14],"texture":"#2"}}},{"from":[7.5,6,8.25],"to":[8.5,7,9.75],"rotation":{"angle":22.5,"axis":"x","origin":[7.5,6,9.75]},"faces":{"east":{"uv":[9,13.33333,8,14],"texture":"#2"},"south":{"uv":[14,10.66667,13.33333,11.33333],"texture":"#2"},"west":{"uv":[14.33333,8,13.33333,8.66667],"texture":"#2"},"up":{"uv":[3.33333,13.33333,2.66667,14.33333],"texture":"#2"},"down":{"uv":[14,9.66667,13.33333,8.66667],"texture":"#2"}}},{"from":[7.585,6.035,9.7525],"to":[8.415,6.865,10.9975],"rotation":{"angle":0,"axis":"x","origin":[7.585,6.035,11.4125]},"faces":{"east":{"uv":[14,11.33333,13.33333,12],"texture":"#2"},"south":{"uv":[12,13.33333,11.33333,14],"texture":"#2"},"west":{"uv":[12.66667,13.33333,12,14],"texture":"#2"},"up":{"uv":[14,12,13.33333,12.66667],"texture":"#2"},"down":{"uv":[13.33333,14,12.66667,13.33333],"texture":"#2"}}},{"from":[7.67215,6.64239,10.8601],"to":[8.32785,7.29809,11.84365],"rotation":{"angle":-22.5,"axis":"x","origin":[7.67215,6.66739,12.2965]},"faces":{"east":{"uv":[2,14.66667,1.33333,15],"texture":"#2"},"south":{"uv":[15.66667,0.66667,15.33333,1],"texture":"#2"},"west":{"uv":[15.33333,1.33333,14.66667,1.66667],"texture":"#2"},"up":{"uv":[2.33333,14.66667,2,15.33333],"texture":"#2"},"down":{"uv":[15,2.66667,14.66667,2],"texture":"#2"}}},{"from":[7.72133,6.49444,11.63676],"to":[8.27867,7.05179,12.47278],"rotation":{"angle":0,"axis":"x","origin":[7.72133,6.54069,11.7952]},"faces":{"east":{"uv":[3.33333,14.66667,2.66667,15],"texture":"#2"},"south":{"uv":[1.66667,15.33333,1.33333,15.66667],"texture":"#2"},"west":{"uv":[15.33333,2.66667,14.66667,3],"texture":"#2"},"up":{"uv":[15,3.33333,14.66667,4],"texture":"#2"},"down":{"uv":[4,15.33333,3.66667,14.66667],"texture":"#2"}}},{"from":[7.77985,6.43921,12.3221],"to":[8.22015,6.87951,12.98255],"rotation":{"angle":22.5,"axis":"x","origin":[8,6.63436,12.75233]},"faces":{"east":{"uv":[2.33333,15.33333,2,15.66667],"texture":"#2"},"south":{"uv":[15.66667,1.33333,15.33333,1.66667],"texture":"#2"},"west":{"uv":[15.66667,2,15.33333,2.33333],"texture":"#2"},"up":{"uv":[3,15.33333,2.66667,15.66667],"texture":"#2"},"down":{"uv":[15.66667,3,15.33333,2.66667],"texture":"#2"}}},{"from":[7.985,7.35719,12.29779],"to":[8.005,8.35719,13.79779],"rotation":{"angle":-22.5,"axis":"x","origin":[7.985,7.35719,13.79779]},"faces":{"east":{"uv":[9.33333,13.33333,10.33333,14],"texture":"#2"},"west":{"uv":[10.33333,13.33333,9.33333,14],"texture":"#2"}}},{"from":[7.985,9.10719,9.54779],"to":[8.005,10.10719,11.04779],"rotation":{"angle":-45,"axis":"x","origin":[7.985,9.10719,13.04779]},"faces":{"east":{"uv":[9.33333,13.33333,10.33333,14],"texture":"#2"},"west":{"uv":[10.33333,13.33333,9.33333,14],"texture":"#2"}}},{"from":[7.985,4.74281,10.79779],"to":[8.005,5.74281,12.29779],"rotation":{"angle":22.5,"axis":"x","origin":[7.985,5.74281,12.29779]},"faces":{"east":{"uv":[9.33333,14,10.33333,13.33333],"texture":"#2"},"west":{"uv":[10.33333,14,9.33333,13.33333],"texture":"#2"}}},{"from":[7.98,8.95,1.5],"to":[8.02,15.55,5],"rotation":{"angle":-22.5,"axis":"x","origin":[8,12.25,3.25]},"faces":{"east":{"uv":[7,0,0,13],"texture":"#1"},"west":{"uv":[0,0,7,13],"texture":"#1"}}},{"from":[7.98,8.95,11],"to":[8.02,15.55,14.5],"rotation":{"angle":22.5,"axis":"x","origin":[8,12.25,12.75]},"faces":{"east":{"uv":[0,0,7,13],"texture":"#1"},"west":{"uv":[7,0,0,13],"texture":"#1"}}},{"from":[6.25,7.2,6.25],"to":[9.75,8.2,9.75],"rotation":{"angle":0,"axis":"y","origin":[6.5,7.2,6.5]},"faces":{"north":{"uv":[9.33333,6.66667,11.66667,7.33333],"texture":"#2"},"east":{"uv":[9.33333,7.33333,11.66667,8],"texture":"#2"},"south":{"uv":[9.33333,8,11.66667,8.66667],"texture":"#2"},"west":{"uv":[9.33333,8.66667,11.66667,9.33333],"texture":"#2"},"down":{"uv":[8.33333,5.33333,6,7.66667],"texture":"#2"}}},{"from":[6,8.2,6],"to":[10,9.7,10],"rotation":{"angle":0,"axis":"y","origin":[6.5,8.2,6.5]},"faces":{"north":{"uv":[5.33333,15,8,16],"texture":"#2"},"east":{"uv":[6,8,8.66667,9],"texture":"#2"},"south":{"uv":[8.66667,0,11.33333,1],"texture":"#2"},"west":{"uv":[8.66667,1.33333,11.33333,2.33333],"texture":"#2"},"up":{"uv":[8.66667,2.66667,6,0],"texture":"#2"},"down":{"uv":[8.66667,2.66667,6,5.33333],"texture":"#2"}}},{"from":[6.21185,9.62365,6.5],"to":[6.24185,11.12365,9.5],"rotation":{"angle":22.5,"axis":"z","origin":[6.22685,10.39865,8]},"faces":{"east":{"uv":[6,8.66667,4,9.66667],"texture":"#2"},"west":{"uv":[4,8.66667,6,9.66667],"texture":"#2"}}},{"from":[9.75815,9.62365,6.5],"to":[9.78815,11.12365,9.5],"rotation":{"angle":-22.5,"axis":"z","origin":[9.77315,10.39865,8]},"faces":{"east":{"uv":[6,8.66667,4,9.66667],"texture":"#2"},"west":{"uv":[4,8.66667,6,9.66667],"texture":"#2"}}},{"from":[7.4,5.75,4.74232],"to":[7.4,7.25,6.24232],"rotation":{"angle":22.5,"axis":"x","origin":[7.4,6.5,5.49232]},"faces":{"west":{"uv":[9.33333,15,10.33333,16],"texture":"#2"}}},{"from":[7.4,5.75,9.75768],"to":[7.4,7.25,11.25768],"rotation":{"angle":-22.5,"axis":"x","origin":[7.4,6.5,10.50768]},"faces":{"west":{"uv":[10.66667,15,11.66667,16],"texture":"#2"}}},{"from":[7.5,5.99672,3.4712],"to":[7.5,6.99672,4.4712],"rotation":{"angle":-22.5,"axis":"x","origin":[7.5,5.99672,3.4712]},"faces":{"west":{"uv":[12,15.33333,12.66667,16],"texture":"#2"}}},{"from":[7.5,6.3794,11.5309],"to":[7.5,7.3794,12.5309],"rotation":{"angle":22.5,"axis":"x","origin":[7.5,6.3794,11.5309]},"faces":{"west":{"uv":[13,15.33333,13.66667,16],"texture":"#2"}}},{"from":[8.5,6.3794,11.5309],"to":[8.5,7.3794,12.5309],"rotation":{"angle":22.5,"axis":"x","origin":[8.5,6.3794,11.5309]},"faces":{"east":{"uv":[13.66667,15.33333,13,16],"texture":"#2"}}},{"from":[8.5,5.99672,3.4712],"to":[8.5,6.99672,4.4712],"rotation":{"angle":-22.5,"axis":"x","origin":[8.5,5.99672,3.4712]},"faces":{"east":{"uv":[12.66667,15.33333,12,16],"texture":"#2"}}},{"from":[8.6,5.75,4.74232],"to":[8.6,7.25,6.24232],"rotation":{"angle":22.5,"axis":"x","origin":[8.6,6.5,5.49232]},"faces":{"east":{"uv":[10.33333,15,9.33333,16],"texture":"#2"}}},{"from":[8.6,5.75,9.75768],"to":[8.6,7.25,11.25768],"rotation":{"angle":-22.5,"axis":"x","origin":[8.6,6.5,10.50768]},"faces":{"east":{"uv":[11.66667,15,10.66667,16],"texture":"#2"}}}],"gui_light":"front","display":{"thirdperson_righthand":{"translation":[0,3.25,1]},"thirdperson_lefthand":{"translation":[0,3.25,1]},"firstperson_righthand":{"rotation":[-10,0,0],"translation":[1.75,2,-1.5]},"firstperson_lefthand":{"rotation":[-10,0,0],"translation":[1.75,2,-1.5]},"ground":{"rotation":[-45,0,0],"translation":[0,5,0],"scale":[0.7,0.7,0.7]},"gui":{"rotation":[-90,45,90],"translation":[2.75,-2.75,0],"scale":[0.7,0.7,0.7]},"head":{"rotation":[0,-90,0]},"fixed":{"rotation":[0,-90,0],"translation":[0,0,-2.75],"scale":[2,2,2]}}}